{
  "currentPredictionRaw": [],
  "currentPrediction": [
    {
      "name": "MarkovBayesian Model",
      "predictions": [
        [
          4,
          36,
          5,
          39,
          38,
          9,
          11
        ]
      ]
    },
    {
      "name": "PoissonMonteCarlo Model",
      "predictions": [
        [
          1,
          3,
          13,
          15,
          23,
          33,
          40
        ]
      ]
    }
  ],
  "realResult": [
    10,
    11,
    22,
    33,
    36,
    37,
    5
  ],
  "newPrediction": [
    {
      "name": "MarkovBayesian Model",
      "predictions": [
        [
          3,
          35,
          5,
          37,
          7,
          39,
          9
        ]
      ]
    },
    {
      "name": "PoissonMonteCarlo Model",
      "predictions": [
        [
          1,
          3,
          15,
          19,
          23,
          33,
          40
        ]
      ]
    }
  ],
  "newPredictionRaw": [],
  "matchingNumbers": {
    "model": "MarkovBayesian Model",
    "prediction": [
      4,
      36,
      5,
      39,
      38,
      9,
      11
    ],
    "matching_numbers": [
      11,
      36,
      5
    ],
    "match_count": 3
  },
  "labels": [
    1,
    2,
    3,
    4,
    5,
    6,
    7,
    8,
    9,
    10,
    11,
    12,
    13,
    14,
    15,
    16,
    17,
    18,
    19,
    20,
    21,
    22,
    23,
    24,
    25,
    26,
    27,
    28,
    29,
    30,
    31,
    32,
    33,
    34,
    35,
    36,
    37,
    38,
    39,
    40,
    41,
    42,
    43,
    44,
    45,
    46,
    47,
    48,
    49,
    50
  ],
  "numberFrequency": {
    "5": 0.04851752021563342,
    "11": 0.017070979335130278,
    "15": 0.02425876010781671,
    "21": 0.027852650494159928,
    "24": 0.028751123090745734,
    "39": 0.020664869721473494,
    "3": 0.05660377358490566,
    "12": 0.017070979335130278,
    "13": 0.022461814914645103,
    "17": 0.016172506738544475,
    "22": 0.02336028751123091,
    "1": 0.053009883198562445,
    "23": 0.03234501347708895,
    "26": 0.018867924528301886,
    "29": 0.015274034141958671,
    "4": 0.0440251572327044,
    "2": 0.04582210242587601,
    "16": 0.025157232704402517,
    "33": 0.02336028751123091,
    "35": 0.017070979335130278,
    "40": 0.022461814914645103,
    "8": 0.022461814914645103,
    "9": 0.020664869721473494,
    "27": 0.02425876010781671,
    "18": 0.022461814914645103,
    "28": 0.0215633423180593,
    "30": 0.025157232704402517,
    "32": 0.017969451931716084,
    "10": 0.019766397124887692,
    "38": 0.02336028751123091,
    "14": 0.0215633423180593,
    "36": 0.015274034141958671,
    "37": 0.025157232704402517,
    "6": 0.016172506738544475,
    "25": 0.020664869721473494,
    "19": 0.02605570530098832,
    "31": 0.017969451931716084,
    "7": 0.022461814914645103,
    "34": 0.019766397124887692,
    "20": 0.017070979335130278
  }
}