{"currentPredictionRaw": [], "currentPrediction": [{"name": "MarkovBayesian Model", "predictions": [[1, 2, 3, 4, 5, 36, 15]]}, {"name": "MarkovBayesianEnhanched Model", "predictions": [[1, 2, 3, 4, 5, 15, 26]]}, {"name": "PoissonMarkov Model", "predictions": [[3, 33, 1, 7, 21, 23, 40, 8, 15, 19, 28, 32]]}], "realResult": [2, 17, 18, 21, 25, 35, 2], "newPrediction": [{"name": "Markov Model", "predictions": [[1, 8, 16, 19, 23, 25, 34]]}, {"name": "PoissonMonteCarlo Model", "predictions": [[1, 3, 11, 21, 30, 31, 40]]}], "newPredictionRaw": [], "matchingNumbers": {"model": "MarkovBayesian Model", "prediction": [1, 2, 3, 4, 5, 36, 15], "matching_numbers": [2], "match_count": 1}, "labels": [], "numberFrequency": {"5": 0.04820333041191937, "11": 0.017528483786152498, "15": 0.026292725679228746, "21": 0.028045574057843997, "24": 0.028921998247151623, "39": 0.020157756354075372, "3": 0.05521472392638037, "12": 0.016652059596844872, "13": 0.021910604732690624, "17": 0.016652059596844872, "22": 0.022787028921998246, "1": 0.05258545135845749, "23": 0.03155127081507449, "26": 0.021034180543382998, "29": 0.014899211218229623, "4": 0.04382120946538125, "2": 0.04820333041191937, "16": 0.024539877300613498, "33": 0.022787028921998246, "35": 0.018404907975460124, "40": 0.021910604732690624, "8": 0.022787028921998246, "9": 0.020157756354075372, "27": 0.02366345311130587, "18": 0.022787028921998246, "28": 0.021034180543382998, "30": 0.024539877300613498, "32": 0.019281332164767746, "10": 0.019281332164767746, "38": 0.02366345311130587, "14": 0.021034180543382998, "36": 0.015775635407537247, "37": 0.025416301489921123, "6": 0.015775635407537247, "25": 0.021034180543382998, "19": 0.025416301489921123, "31": 0.018404907975460124, "7": 0.021910604732690624, "34": 0.019281332164767746, "20": 0.016652059596844872}}