{"currentPredictionRaw": [], "currentPrediction": [{"name": "MarkovBayesian Model", "predictions": [[1, 2, 3, 35, 5, 6, 7]]}, {"name": "PoissonMonteCarlo Model", "predictions": [[1, 3, 8, 21, 23, 30, 40]]}], "realResult": [11, 15, 24, 26, 32, 37, 2], "newPrediction": [{"name": "MarkovBayesian Model", "predictions": [[32, 33, 2, 5, 37, 39, 8]]}, {"name": "PoissonMonteCarlo Model", "predictions": [[1, 3, 8, 15, 23, 38, 39]]}], "newPredictionRaw": [], "matchingNumbers": {"model": "MarkovBayesian Model", "prediction": [1, 2, 3, 35, 5, 6, 7], "matching_numbers": [2], "match_count": 1}, "labels": [], "numberFrequency": {"5": 0.048214285714285716, "11": 0.017857142857142856, "15": 0.025, "21": 0.027678571428571427, "24": 0.029464285714285714, "39": 0.020535714285714286, "3": 0.05625, "12": 0.016964285714285713, "13": 0.022321428571428572, "17": 0.01607142857142857, "22": 0.023214285714285715, "1": 0.05267857142857143, "23": 0.03214285714285714, "26": 0.019642857142857142, "29": 0.015178571428571428, "4": 0.04375, "2": 0.04642857142857143, "16": 0.025, "33": 0.023214285714285715, "35": 0.016964285714285713, "40": 0.022321428571428572, "8": 0.022321428571428572, "9": 0.020535714285714286, "27": 0.024107142857142858, "18": 0.022321428571428572, "28": 0.02142857142857143, "30": 0.025, "32": 0.01875, "10": 0.019642857142857142, "38": 0.023214285714285715, "14": 0.02142857142857143, "36": 0.015178571428571428, "37": 0.025892857142857145, "6": 0.01607142857142857, "25": 0.020535714285714286, "19": 0.025892857142857145, "31": 0.017857142857142856, "7": 0.022321428571428572, "34": 0.019642857142857142, "20": 0.016964285714285713}}