{
  "currentPredictionRaw": [],
  "currentPrediction": [
    {
      "name": "HybridStatisticalModel",
      "predictions": [
        [
          5,
          13,
          36,
          39,
          3,
          4,
          7
        ]
      ]
    }
  ],
  "realResult": [
    3,
    7,
    11,
    19,
    37,
    39,
    28
  ],
  "newPrediction": [
    {
      "name": "HybridStatisticalModel",
      "predictions": [
        [
          23,
          7,
          10,
          30,
          34,
          1,
          3
        ]
      ]
    }
  ],
  "newPredictionRaw": [],
  "matchingNumbers": {
    "model": "HybridStatisticalModel",
    "prediction": [
      5,
      13,
      36,
      39,
      3,
      4,
      7
    ],
    "matching_numbers": [
      3,
      7,
      39
    ],
    "match_count": 3
  },
  "labels": [
    1,
    2,
    3,
    4,
    5,
    6,
    7,
    8,
    9,
    10,
    11,
    12,
    13,
    14,
    15,
    16,
    17,
    18,
    19,
    20,
    21,
    22,
    23,
    24,
    25,
    26,
    27,
    28,
    29,
    30,
    31,
    32,
    33,
    34,
    35,
    36,
    37,
    38,
    39,
    40,
    41,
    42,
    43,
    44,
    45
  ],
  "numberFrequency": {
    "23": 0.14285714285714285,
    "7": 0.14285714285714285,
    "10": 0.14285714285714285,
    "30": 0.14285714285714285,
    "34": 0.14285714285714285,
    "1": 0.14285714285714285,
    "3": 0.14285714285714285
  }
}