{"currentPredictionRaw": [], "currentPrediction": [], "realResult": [1, 8, 16, 19, 28, 42, 24], "newPrediction": [[1, 16, 17, 19, 27, 30, 6], [35, 22, 34, 20, 26, 31, 37], [5, 19, 23, 29, 33, 42, 26], [32, 4, 5, 42, 27, 29, 30], [1, 12, 16, 28, 35, 42, 9]], "newPredictionRaw": [[1.0, 4.878257242602047e-10, 1.796048165049651e-18, 1.6385626189219238e-09, 0.0, 0.0, 0.0, 2.1325412051121708e-27, 0.0, 0.0, 0.0, 0.0, 0.0, 0.0, 0.0, 0.0, 1.9926767721512636e-17, 0.0, 0.0, 5.488837880093136e-38, 0.0, 0.0, 0.0, 0.0, 0.0, 0.0, 0.0, 0.0, 0.0, 0.0, 0.0, 0.0, 0.0, 5.829881712880172e-15, 4.6740762371655364e-09, 0.0, 0.0, 6.516343471356422e-15, 0.0, 1.307265755393533e-28, 4.51285432123726e-33, 0.0, 0.0, 0.0, 0.0], [2.5958179701942775e-21, 1.6365141571553702e-19, 8.745861666988302e-15, 2.883296446684494e-16, 1.8257267225818552e-11, 1.0885776724478546e-09, 9.398625974710306e-12, 1.905225748867055e-17, 4.609572954450414e-07, 9.031201102516206e-07, 5.423776427981863e-10, 1.9451357729849406e-05, 1.0058384680711185e-10, 1.7644539163086392e-09, 3.774437345782644e-06, 0.9955938458442688, 5.196923186928659e-12, 1.7877580926056735e-12, 7.333777034546074e-07, 6.331658016899694e-14, 0.001587214064784348, 0.0027905283495783806, 1.3314193260535127e-14, 4.244905760231177e-09, 9.232823003912927e-07, 1.3245560204211415e-09, 7.791691558622915e-08, 1.3614680216544883e-10, 4.7444354375923305e-18, 3.10364412697882e-16, 2.5720216853265506e-15, 6.205174685192105e-08, 6.998633352850447e-07, 9.878749901437445e-11, 2.5779952581321194e-14, 2.7082768028208193e-08, 1.2590992355399067e-06, 5.422261973104009e-19, 1.0234504216333207e-11, 5.6941849739198006e-24, 2.805193796586987e-23, 9.173072515333827e-22, 3.0461189721085495e-19, 6.262766397373734e-17, 1.0715679645695309e-13], [0.0, 0.0, 1.959104369430608e-34, 1.773780254621382e-11, 0.0, 0.0, 0.0, 0.0, 0.0, 0.0, 0.0, 0.0, 7.526042888067193e-35, 8.254510507955487e-23, 0.0, 0.0, 0.9977864027023315, 8.047292832102926e-10, 0.0, 1.212827049680091e-25, 0.0, 0.0, 0.0, 0.0, 0.0, 0.0, 0.0, 0.0, 0.0, 0.0, 0.0, 0.0, 3.5910747361934047e-20, 0.0022136119659990072, 4.159261579748085e-33, 5.185688479221107e-27, 0.0, 2.499292736557777e-16, 0.0, 0.0, 0.0, 0.0, 0.0, 0.0, 0.0], [0.0, 0.0, 0.0, 0.0, 0.0, 0.0, 0.0, 1.9373430052376746e-28, 7.275875498137603e-19, 7.207924141100505e-17, 2.715362101834984e-10, 5.346973086517437e-09, 4.67327343489643e-10, 0.0, 6.435736170352573e-38, 2.3515208624758088e-07, 1.243530878269894e-08, 0.0013113560853525996, 0.9913709163665771, 0.003887406550347805, 1.3361562878344557e-06, 0.001605164841748774, 3.330024700431977e-09, 4.2387141547806095e-06, 0.0003979864704888314, 3.3488562617423057e-11, 1.2118017700402106e-08, 7.812277734442485e-12, 3.405173827218162e-16, 4.196798114227822e-17, 0.0008158143027685583, 0.0006041849846951663, 7.952892815410451e-07, 4.916237230645493e-07, 4.231523551695426e-12, 1.9312485397500408e-35, 0.0, 0.0, 0.0, 0.0, 0.0, 0.0, 0.0, 0.0, 0.0], [0.0, 0.0, 0.0, 8.134333450910528e-31, 1.5155232095532578e-25, 4.616402405320836e-22, 4.712861540020875e-22, 0.0, 0.0, 1.6818252203060986e-24, 0.0, 3.208935517016776e-19, 4.658804798901767e-38, 8.520201407067385e-28, 0.00040172829176299274, 4.358522346592508e-05, 0.0, 0.0, 6.688635135125923e-26, 0.0, 8.477061055600643e-05, 0.0011172452941536903, 2.457442757692963e-17, 1.7464315971620358e-20, 0.0007573817274533212, 0.007708929479122162, 0.9894191026687622, 3.630411811172962e-05, 1.2600347309198666e-28, 2.3453006412782303e-18, 2.725628872886498e-37, 1.761505438041544e-13, 2.8054605499020877e-24, 3.2514966805584385e-26, 0.0, 1.9823387447104324e-06, 0.00042888819007202983, 0.0, 2.2176919990759737e-26, 0.0, 5.282213537140524e-33, 0.0, 1.3201938285665569e-19, 1.5598195103493686e-16, 3.3958042123160575e-21], [0.0, 0.0, 0.0, 0.0, 0.0, 0.0, 0.0, 0.0, 0.0, 0.0, 0.0, 0.0, 0.0, 0.0, 0.0, 0.0, 5.336059274625526e-31, 0.0, 0.0, 0.0, 0.0, 0.0, 0.0, 0.0, 0.0, 0.0, 0.0, 0.0, 5.102079315140588e-26, 0.9999312162399292, 4.496234140560773e-08, 0.0, 0.0, 6.883859168738127e-05, 0.0, 0.0, 0.0, 1.370716625547988e-16, 0.0, 0.0, 1.8728433165879996e-35, 0.0, 0.0, 0.0, 0.0], [5.470310870947515e-10, 3.664520020763007e-09, 5.950787453912199e-07, 2.3456707062829985e-11, 0.006826396565884352, 0.8020018935203552, 0.003420623019337654, 1.8691803001778286e-14, 9.95503569356515e-07, 0.013868018984794617, 5.994883167659282e-08, 0.0006678694044239819, 2.6830214494566462e-08, 5.4298169516187045e-08, 0.0005548352492041886, 0.00018292989989276975, 3.2576171640170533e-18, 1.6352913515654696e-19, 1.4713330380444756e-12, 2.89093420232689e-20, 7.316452683880925e-05, 1.7235332450127316e-07, 6.457555410538385e-12, 4.9697437276563505e-08, 2.7753519482587308e-09, 1.339960260804407e-12, 7.320831441059994e-12, 1.018112342072693e-14, 8.279344354122824e-22, 1.4590162368790025e-17, 3.0721418156855264e-19, 1.5233286637314492e-12, 3.3416100109207036e-08, 6.116124723646796e-14, 7.78472841744815e-11, 9.908426000038162e-05, 0.13103178143501282, 7.851356419391955e-14, 0.04092997685074806, 1.6109038609339946e-14, 5.944353980536854e-15, 3.163463414834755e-13, 6.57751700328113e-11, 1.924606785053129e-08, 0.00034139095805585384]], "matchingNumbers": [], "labels": [1, 2, 3, 4, 5, 6, 7, 8, 9, 10, 11, 12, 13, 14, 15, 16, 17, 18, 19, 20, 21, 22, 23, 24, 25, 26, 27, 28, 29, 30, 31, 32, 33, 34, 35, 36, 37, 38, 39, 40, 41, 42, 43, 44, 45], "numberFrequency": {"8": 0.022355507088331516, "9": 0.022900763358778626, "18": 0.02317339149400218, "22": 0.024173027989821884, "32": 0.020765176299527444, "41": 0.023536895674300253, "26": 0.023400581606688477, "1": 0.023582333696837515, "4": 0.022582697201017812, "5": 0.023627771719374774, "29": 0.023037077426390405, "44": 0.010268993093420574, "16": 0.02544529262086514, "34": 0.02267357324609233, "35": 0.023127953471464922, "40": 0.022355507088331516, "30": 0.021673936750272627, "2": 0.02335514358415122, "3": 0.023400581606688477, "10": 0.02194656488549618, "13": 0.022446383133406033, "28": 0.023809523809523808, "37": 0.02153762268266085, "17": 0.02267357324609233, "24": 0.023991275899672846, "33": 0.02371864776444929, "38": 0.02485459832788077, "19": 0.024627408215194473, "15": 0.020901490367139224, "25": 0.024082151944747363, "36": 0.023127953471464922, "7": 0.023536895674300253, "14": 0.023264267539076698, "20": 0.022946201381315885, "45": 0.009587422755361686, "23": 0.02276444929116685, "27": 0.02330970556161396, "21": 0.02321882951653944, "12": 0.02535441657579062, "39": 0.021992002908033444, "43": 0.010950563431479461, "11": 0.022264631043257, "31": 0.02140130861504907, "6": 0.022537259178480554, "42": 0.02371864776444929}}