{
  "currentPredictionRaw": [],
  "currentPrediction": [
    {
      "name": "HybridStatisticalModel",
      "predictions": [
        [
          1,
          10,
          15,
          23,
          27,
          34,
          3
        ]
      ]
    }
  ],
  "realResult": [
    14,
    18,
    24,
    26,
    35,
    42,
    6
  ],
  "newPrediction": [
    {
      "name": "HybridStatisticalModel",
      "predictions": [
        [
          3,
          23,
          34,
          39,
          41,
          6,
          7
        ]
      ]
    }
  ],
  "newPredictionRaw": [],
  "matchingNumbers": {
    "model": null,
    "prediction": null,
    "matching_numbers": [],
    "match_count": 0
  },
  "labels": [
    1,
    2,
    3,
    4,
    5,
    6,
    7,
    8,
    9,
    10,
    11,
    12,
    13,
    14,
    15,
    16,
    17,
    18,
    19,
    20,
    21,
    22,
    23,
    24,
    25,
    26,
    27,
    28,
    29,
    30,
    31,
    32,
    33,
    34,
    35,
    36,
    37,
    38,
    39,
    40,
    41,
    42,
    43,
    44,
    45
  ],
  "numberFrequency": {
    "3": 0.14285714285714285,
    "23": 0.14285714285714285,
    "34": 0.14285714285714285,
    "39": 0.14285714285714285,
    "41": 0.14285714285714285,
    "6": 0.14285714285714285,
    "7": 0.14285714285714285
  }
}