{"currentPredictionRaw": [], "currentPrediction": [], "realResult": [], "newPrediction": [[18, 21, 37, 41, 44, 45], [15, 27, 38, 39, 43, 34], [19, 25, 45, 43, 38, 33], [32, 20, 44, 44, 41, 39], [20, 17, 43, 38, 37, 35], [27, 18, 35, 42, 39, 7], [14, 22, 9, 2, 21, 38], [35, 19, 39, 3, 6, 40], [21, 38, 32, 1, 27, 37], [25, 43, 34, 40, 35, 36]], "newPredictionRaw": [[0.0, 0.0, 0.0, 0.0, 0.0, 0.0, 0.0, 0.0, 0.0, 0.0, 0.0, 0.0, 0.0, 1.1230611966291693e-23, 1.2950167197281481e-12, 0.0, 2.506795775868666e-32, 1.0, 1.1580313429373785e-14, 9.690321614385213e-19, 1.3226292295791192e-29, 0.0, 0.0, 0.0, 2.3781092371090065e-31, 0.0, 7.507631472494501e-20, 0.0, 0.0, 0.0, 0.0, 9.757033505794488e-15, 0.0, 0.0, 2.1466427197202283e-29, 0.0, 0.0, 0.0, 0.0, 0.0, 0.0, 0.0, 0.0, 0.0, 0.0], [0.0, 0.0, 0.0, 0.0, 0.0, 0.0, 0.0, 0.0, 0.0, 0.0, 0.0, 0.0, 3.472781672116626e-35, 0.0, 2.1069232525879435e-16, 0.0, 1.2164972531536478e-06, 4.001863018743279e-08, 5.188390828081424e-10, 1.212925144500332e-05, 0.999822199344635, 1.5464461933234475e-09, 0.0, 5.291960462995106e-30, 2.2321153664961457e-05, 6.95363192224496e-22, 0.0001421948691131547, 7.45311494303569e-34, 5.4160339004258115e-36, 0.0, 0.0, 2.1697713861412556e-22, 8.391421420133301e-23, 0.0, 1.4437217438132575e-28, 0.0, 0.0, 5.485164059071401e-11, 0.0, 0.0, 0.0, 0.0, 5.683379317839542e-16, 4.774258517066975e-28, 0.0], [1.3390455332205818e-19, 1.6845462802450584e-09, 3.440545348620816e-10, 7.882183377502487e-19, 1.6007524550332164e-07, 6.350924230957844e-10, 2.10032505276736e-10, 4.705622114187236e-09, 1.2912589227198623e-05, 1.1861370819734023e-14, 1.6746051869631629e-06, 2.1250354809154715e-09, 4.983963890481391e-07, 3.2579589515080443e-06, 5.454195495718578e-16, 6.385889129624955e-19, 1.581291347863001e-11, 9.56129175833098e-10, 2.1195279906183195e-11, 1.4206027847130098e-11, 3.2242394518156026e-12, 1.4474682992193947e-17, 7.264029971245337e-29, 7.060628219154834e-22, 1.0965251466153389e-13, 4.830591636289619e-20, 1.589840259441644e-08, 2.510329196331441e-25, 2.613797595130594e-17, 1.2316395733152907e-12, 3.024427769560134e-06, 8.547423931304365e-06, 7.806307600333184e-09, 4.310475105739897e-06, 1.621549017727375e-05, 1.0866735955517015e-08, 0.9974143505096436, 0.0022752019576728344, 1.1009767149516847e-05, 1.0539982753243748e-07, 1.0488618862325438e-08, 1.5949212174280769e-16, 3.126070441794582e-05, 3.8330650568241253e-05, 0.00017907014989759773], [1.5934665142935955e-08, 1.9671451809699647e-06, 3.799978287588601e-08, 4.171799556740123e-14, 1.2414378249266063e-16, 1.1078373461648194e-11, 8.939367529634673e-14, 1.7916867591956462e-29, 1.4763261492495321e-16, 0.0, 0.0, 1.7888723593013144e-22, 3.1246611929871373e-20, 1.3817272573487938e-37, 0.0, 0.0, 2.770717698151715e-26, 4.713494896938507e-32, 2.299422890348579e-28, 6.924519336928978e-26, 4.585445310366647e-25, 7.097713132372669e-26, 1.3785688893180582e-21, 1.8816537394121466e-26, 8.846320087515448e-28, 2.7500376260090556e-33, 2.1444891829898274e-23, 4.514920898920856e-26, 6.966046320973732e-23, 1.3152192442107447e-28, 0.0, 1.3845536701273297e-32, 7.295056795094053e-25, 6.837589946661534e-24, 8.747659544359879e-21, 7.786887647292403e-22, 2.580405947483538e-19, 3.6224842006049585e-06, 0.0024201208725571632, 2.0763170349713533e-10, 0.9970064759254456, 3.4124466310458956e-06, 0.0004747815546579659, 8.956270903581753e-05, 9.627873614040522e-18], [8.692034556222529e-18, 8.913517439337187e-14, 2.2335270839866223e-13, 5.7135503258516186e-24, 4.4274753308037873e-10, 8.672020435085415e-09, 1.3602322394968732e-18, 2.736162262474001e-13, 4.112708784642649e-10, 1.6231675824621906e-17, 1.8397108380967253e-13, 6.488230241455489e-21, 1.2333720711410479e-09, 3.506443746470467e-11, 1.0584970179625363e-19, 1.2129808005194114e-26, 3.2393090987348216e-10, 5.8444733427864826e-12, 2.837077794914933e-10, 1.193900867058062e-09, 3.910137635898536e-08, 3.126631711782707e-13, 7.556522646717778e-26, 2.0929710438525588e-22, 7.914146768484009e-13, 8.848143485263679e-23, 5.599557706403857e-09, 2.4788043424065464e-25, 1.0525469630598351e-17, 1.1679658959141926e-15, 1.4930192363460035e-15, 5.78778192039664e-10, 2.8258872428492052e-14, 8.568122475622122e-14, 1.767600288360427e-09, 3.107391188979236e-14, 5.312937787493865e-07, 0.0008958977996371686, 4.5565283102178e-08, 4.591259664121772e-11, 6.209600087458966e-07, 9.985004489898586e-11, 0.018428221344947815, 0.9806748032569885, 1.8053960934474433e-15], [0.0, 1.2794986424535804e-12, 1.418619182628339e-13, 6.213501507973374e-33, 2.0224790318327023e-30, 0.0, 2.4354036213480867e-05, 1.410635097972993e-32, 1.7284371850445623e-11, 0.0, 4.056516523198848e-27, 2.5175139750643893e-12, 9.120050507544063e-26, 1.9857831945100345e-15, 7.990381523741228e-34, 1.9626326051926844e-23, 3.8135030575392374e-37, 1.891085546281714e-15, 2.3182753082027504e-26, 1.336207884299931e-27, 1.1263319797262652e-30, 1.4386378529679762e-33, 3.455720071860099e-35, 5.156124299016796e-27, 4.0497920100347197e-19, 9.994555280231752e-24, 6.577520104099344e-13, 1.8913355587244163e-25, 3.01295310340969e-17, 5.3090063405593704e-14, 7.654281939176166e-13, 1.213944855749105e-08, 0.0006175967282615602, 0.008970237337052822, 7.920208008727059e-05, 1.966108129636268e-06, 2.693963551791967e-06, 1.2535163477878086e-05, 0.000495457905344665, 1.1474557140900288e-05, 2.7518425906036814e-12, 2.3017235565341735e-21, 1.1852769200154656e-15, 1.0759255687124213e-17, 0.9897845387458801]], "matchingNumbers": [], "labels": [1, 2, 3, 4, 5, 6, 7, 8, 9, 10, 11, 12, 13, 14, 15, 16, 17, 18, 19, 20, 21, 22, 23, 24, 25, 26, 27, 28, 29, 30, 31, 32, 33, 34, 35, 36, 37, 38, 39, 40, 41, 42, 43, 44, 45]}