{
  "currentPredictionRaw": [],
  "currentPrediction": [
    {
      "name": "HybridStatisticalModel",
      "predictions": [
        [
          20,
          2,
          22,
          42,
          1,
          3,
          9
        ]
      ]
    }
  ],
  "realResult": [
    2,
    7,
    8,
    10,
    25,
    45,
    40
  ],
  "newPrediction": [
    {
      "name": "HybridStatisticalModel",
      "predictions": [
        [
          1,
          2,
          20,
          23,
          38,
          42,
          3
        ]
      ]
    }
  ],
  "newPredictionRaw": [],
  "matchingNumbers": {
    "model": "HybridStatisticalModel",
    "prediction": [
      20,
      2,
      22,
      42,
      1,
      3,
      9
    ],
    "matching_numbers": [
      2
    ],
    "match_count": 1
  },
  "labels": [
    1,
    2,
    3,
    4,
    5,
    6,
    7,
    8,
    9,
    10,
    11,
    12,
    13,
    14,
    15,
    16,
    17,
    18,
    19,
    20,
    21,
    22,
    23,
    24,
    25,
    26,
    27,
    28,
    29,
    30,
    31,
    32,
    33,
    34,
    35,
    36,
    37,
    38,
    39,
    40,
    41,
    42,
    43,
    44,
    45
  ],
  "numberFrequency": {
    "1": 0.14285714285714285,
    "2": 0.14285714285714285,
    "20": 0.14285714285714285,
    "23": 0.14285714285714285,
    "38": 0.14285714285714285,
    "42": 0.14285714285714285,
    "3": 0.14285714285714285
  }
}