{"currentPredictionRaw": [], "currentPrediction": [], "realResult": [], "newPrediction": [[6, 18, 27, 28, 33, 44], [9, 9, 28, 27, 12, 45], [37, 13, 26, 45, 10, 36], [8, 17, 29, 29, 31, 27], [2, 23, 45, 21, 35, 43], [19, 19, 44, 19, 17, 42], [4, 22, 5, 18, 34, 38], [41, 20, 3, 17, 36, 40], [3, 21, 10, 16, 38, 31], [13, 24, 22, 15, 5, 3]], "newPredictionRaw": [[0.0, 5.348986770008224e-13, 8.343705373622449e-26, 5.766587276812629e-19, 0.0, 0.9999996423721313, 0.0, 7.280417588240162e-13, 3.852088639177964e-07, 0.0, 0.0, 0.0, 4.877186256859543e-36, 0.0, 0.0, 0.0, 0.0, 0.0, 1.9118728952424724e-13, 0.0, 0.0, 0.0, 0.0, 0.0, 0.0, 0.0, 0.0, 0.0, 0.0, 0.0, 0.0, 0.0, 0.0, 0.0, 0.0, 0.0, 1.4194837796507875e-12, 6.812208231050938e-37, 0.0, 0.0, 1.6720521951146385e-25, 0.0, 0.0, 0.0, 0.0], [0.0, 0.0, 0.0, 0.0, 0.0, 9.0127275117789e-22, 0.0, 7.312833637889218e-29, 0.0013150983722880483, 0.0, 0.0, 0.0, 9.508387302048504e-05, 1.427268481452425e-20, 0.0, 0.0, 5.0862972784671e-06, 0.9985843896865845, 6.351895365241944e-08, 1.4257838833187098e-11, 2.2901147124498866e-12, 3.621004190934585e-11, 2.209300333788633e-07, 2.409040846632239e-16, 0.0, 0.0, 0.0, 0.0, 0.0, 0.0, 0.0, 0.0, 0.0, 0.0, 0.0, 0.0, 3.110841228087625e-24, 0.0, 0.0, 0.0, 0.0, 0.0, 0.0, 0.0, 0.0], [4.618666018217643e-13, 1.2329098078781438e-18, 5.72283305189103e-08, 5.187443644804517e-16, 5.922350254650155e-08, 2.072395203794341e-20, 6.4073728525186165e-31, 0.0, 9.356772532206351e-30, 2.5555310756431027e-08, 7.3112310535269e-30, 1.6553355251219885e-21, 3.759518930045627e-33, 2.4426230039510614e-28, 2.2657317793111867e-25, 2.30122680388018e-18, 4.382220243826689e-15, 9.00286011141026e-21, 4.00588069660035e-11, 7.454342109962083e-25, 1.4491375827827512e-16, 1.6304692707080903e-08, 4.251645702169071e-09, 4.1945851236846465e-09, 8.570179566014247e-10, 3.4884733395301737e-06, 0.9996122717857361, 0.00038249912904575467, 9.039057431436959e-07, 5.713534645401808e-10, 1.0153848748067104e-15, 1.709156712906222e-16, 6.181128937728807e-21, 1.6164924441347923e-33, 5.473859310120444e-28, 1.6815294816285853e-12, 1.13631008397792e-22, 1.0979222004068928e-15, 0.0, 7.780352315577411e-17, 1.1131700375371115e-18, 1.4721844576737197e-10, 7.635324594801318e-10, 2.398275285031559e-07, 4.841221539209073e-07], [0.0, 0.0, 0.0, 0.0, 0.0, 0.0, 0.0, 0.0, 0.0, 0.0, 0.0, 0.0, 0.0, 0.0, 0.0, 0.0, 0.0, 0.0, 0.0, 0.0, 0.0, 0.0, 0.0, 0.0, 0.0, 0.0, 8.119693251096294e-10, 1.0, 2.2795849778755182e-38, 0.0, 0.0, 0.0, 0.0, 0.0, 0.0, 0.0, 0.0, 0.0, 0.0, 0.0, 0.0, 0.0, 0.0, 0.0, 2.4560464949221974e-28], [0.0, 0.0, 2.2424264662373242e-38, 0.0, 4.886166483007883e-25, 0.0, 0.0, 0.0, 0.0, 1.1291341998429113e-15, 0.0, 1.1956038861171692e-06, 0.0, 0.0, 3.5033195319138527e-29, 0.0, 2.919084515665262e-20, 0.0, 0.0, 0.0, 0.0, 0.0, 0.0, 0.0, 0.0, 0.0, 0.0, 5.040271747017945e-32, 0.0, 0.0, 1.096398433629716e-18, 2.825685464397757e-25, 0.9999988079071045, 7.120526617014883e-21, 1.8650995740737467e-19, 2.151565580854022e-23, 0.0, 1.951004677120591e-24, 0.0, 0.0, 0.0, 0.0, 0.0, 0.0, 1.6668306769236215e-30], [7.987100702809677e-24, 6.811621805071484e-29, 9.681973105191144e-13, 2.6109128854623766e-20, 1.8441561622951224e-18, 2.066158588826772e-28, 0.0, 0.0, 1.1133373472038016e-37, 7.739820630998436e-18, 0.0, 0.0, 0.0, 0.0, 9.164493638242461e-38, 0.0, 5.929056376928165e-25, 2.7449485803565597e-31, 8.27825482558574e-17, 0.0, 0.0, 4.2220277409535476e-24, 2.3259600393587535e-22, 2.7601927529321115e-25, 2.697579286576548e-18, 5.436792780300764e-14, 0.00029908400028944016, 2.910720982964618e-18, 1.2254752402196707e-14, 4.966229386277679e-14, 1.1114472536766229e-10, 3.792216466566501e-17, 9.516054326366534e-15, 6.91784483411371e-26, 5.4976895358589075e-22, 0.0010693040676414967, 3.770531957827696e-19, 8.617833486823656e-07, 1.5499329283863248e-28, 9.283578350505195e-09, 1.241078216427105e-17, 2.4513838070561178e-05, 8.903035632101819e-05, 0.951742947101593, 0.04677430912852287]], "matchingNumbers": [], "labels": [1, 2, 3, 4, 5, 6, 7, 8, 9, 10, 11, 12, 13, 14, 15, 16, 17, 18, 19, 20, 21, 22, 23, 24, 25, 26, 27, 28, 29, 30, 31, 32, 33, 34, 35, 36, 37, 38, 39, 40, 41, 42, 43, 44, 45]}