{
  "currentPredictionRaw": [],
  "currentPrediction": [
    {
      "name": "MarkovBayesian Model",
      "predictions": [
        [
          1,
          33,
          4,
          36,
          38,
          7,
          12
        ]
      ]
    },
    {
      "name": "PoissonMonteCarlo Model",
      "predictions": [
        [
          1,
          6,
          21,
          29,
          34,
          36,
          42
        ]
      ]
    }
  ],
  "realResult": [
    3,
    7,
    19,
    21,
    35,
    41,
    32
  ],
  "newPrediction": [
    {
      "name": "MarkovBayesian Model",
      "predictions": [
        [
          32,
          35,
          3,
          39,
          7,
          9,
          41
        ]
      ]
    },
    {
      "name": "PoissonMonteCarlo Model",
      "predictions": [
        [
          1,
          8,
          11,
          16,
          28,
          35,
          42
        ]
      ]
    }
  ],
  "newPredictionRaw": [],
  "matchingNumbers": {
    "model": "MarkovBayesian Model",
    "prediction": [
      1,
      33,
      4,
      36,
      38,
      7,
      12
    ],
    "matching_numbers": [
      7
    ],
    "match_count": 1
  },
  "labels": [],
  "numberFrequency": {
    "4": 0.022629941847360592,
    "5": 0.023486453590587385,
    "8": 0.022359464454762657,
    "14": 0.02326105576342244,
    "27": 0.02335121489428842,
    "40": 0.022224225758463688,
    "23": 0.022765180543659558,
    "16": 0.025379795338772933,
    "17": 0.02281026010909255,
    "20": 0.022900419239958527,
    "34": 0.022629941847360592,
    "35": 0.023170896632556462,
    "9": 0.02285533967452554,
    "19": 0.024613442726412117,
    "28": 0.02375693098318532,
    "33": 0.023666771852319343,
    "39": 0.021908668800432764,
    "3": 0.02339629445972141,
    "24": 0.02402740837578326,
    "32": 0.020781679664608033,
    "15": 0.02100707749177298,
    "29": 0.02321597619798945,
    "41": 0.023486453590587385,
    "2": 0.023170896632556462,
    "12": 0.025289636207906956,
    "37": 0.02145787314610287,
    "42": 0.02375693098318532,
    "7": 0.023531533156020377,
    "1": 0.023576612721453366,
    "25": 0.024207726637515213,
    "26": 0.023441374025154397,
    "30": 0.021683270973267818,
    "31": 0.021412793580669883,
    "6": 0.022449623585628634,
    "18": 0.02326105576342244,
    "21": 0.02326105576342244,
    "22": 0.024117567506649236,
    "10": 0.021953748365865753,
    "38": 0.024748681422711086,
    "13": 0.022449623585628634,
    "11": 0.02231438488932967,
    "36": 0.023170896632556462,
    "44": 0.010278140918721543,
    "43": 0.011044493531082361,
    "45": 0.009737186133525673
  }
}