{
  "currentPredictionRaw": [],
  "currentPrediction": [
    {
      "name": "HybridStatisticalModel",
      "predictions": [
        [
          8,
          17,
          22,
          23,
          34,
          1,
          3
        ]
      ]
    }
  ],
  "realResult": [
    13,
    24,
    28,
    33,
    38,
    45,
    17
  ],
  "newPrediction": [
    {
      "name": "HybridStatisticalModel",
      "predictions": [
        [
          23,
          30,
          34,
          38,
          1,
          3,
          6
        ]
      ]
    }
  ],
  "newPredictionRaw": [],
  "matchingNumbers": {
    "model": "HybridStatisticalModel",
    "prediction": [
      8,
      17,
      22,
      23,
      34,
      1,
      3
    ],
    "matching_numbers": [
      17
    ],
    "match_count": 1
  },
  "labels": [
    1,
    2,
    3,
    4,
    5,
    6,
    7,
    8,
    9,
    10,
    11,
    12,
    13,
    14,
    15,
    16,
    17,
    18,
    19,
    20,
    21,
    22,
    23,
    24,
    25,
    26,
    27,
    28,
    29,
    30,
    31,
    32,
    33,
    34,
    35,
    36,
    37,
    38,
    39,
    40,
    41,
    42,
    43,
    44,
    45
  ],
  "numberFrequency": {
    "23": 0.14285714285714285,
    "30": 0.14285714285714285,
    "34": 0.14285714285714285,
    "38": 0.14285714285714285,
    "1": 0.14285714285714285,
    "3": 0.14285714285714285,
    "6": 0.14285714285714285
  }
}