{
  "currentPredictionRaw": [],
  "currentPrediction": [
    {
      "name": "HybridStatisticalModel",
      "predictions": [
        [
          20,
          33,
          40,
          42,
          1,
          2,
          3
        ]
      ]
    }
  ],
  "realResult": [
    8,
    18,
    29,
    34,
    37,
    41,
    11
  ],
  "newPrediction": [
    {
      "name": "HybridStatisticalModel",
      "predictions": [
        [
          42,
          20,
          22,
          40,
          1,
          2,
          9
        ]
      ]
    }
  ],
  "newPredictionRaw": [],
  "matchingNumbers": {
    "model": null,
    "prediction": null,
    "matching_numbers": [],
    "match_count": 0
  },
  "labels": [
    1,
    2,
    3,
    4,
    5,
    6,
    7,
    8,
    9,
    10,
    11,
    12,
    13,
    14,
    15,
    16,
    17,
    18,
    19,
    20,
    21,
    22,
    23,
    24,
    25,
    26,
    27,
    28,
    29,
    30,
    31,
    32,
    33,
    34,
    35,
    36,
    37,
    38,
    39,
    40,
    41,
    42,
    43,
    44,
    45
  ],
  "numberFrequency": {
    "42": 0.14285714285714285,
    "20": 0.14285714285714285,
    "22": 0.14285714285714285,
    "40": 0.14285714285714285,
    "1": 0.14285714285714285,
    "2": 0.14285714285714285,
    "9": 0.14285714285714285
  }
}