{
  "currentPredictionRaw": [],
  "currentPrediction": [
    {
      "name": "HybridStatisticalModel",
      "predictions": [
        [
          42,
          20,
          22,
          40,
          1,
          2,
          9
        ]
      ]
    }
  ],
  "realResult": [
    16,
    18,
    21,
    26,
    33,
    41,
    42
  ],
  "newPrediction": [
    {
      "name": "HybridStatisticalModel",
      "predictions": [
        [
          2,
          16,
          19,
          33,
          41,
          1,
          5
        ]
      ]
    }
  ],
  "newPredictionRaw": [],
  "matchingNumbers": {
    "model": "HybridStatisticalModel",
    "prediction": [
      42,
      20,
      22,
      40,
      1,
      2,
      9
    ],
    "matching_numbers": [
      42
    ],
    "match_count": 1
  },
  "labels": [],
  "numberFrequency": {
    "2": 0.14285714285714285,
    "16": 0.14285714285714285,
    "19": 0.14285714285714285,
    "33": 0.14285714285714285,
    "41": 0.14285714285714285,
    "1": 0.14285714285714285,
    "5": 0.14285714285714285
  }
}