{"currentPredictionRaw": [], "currentPrediction": [], "realResult": [], "newPrediction": [[37, 41, 44, 18, 21, 0], [35, 40, 45, 19, 23, 0], [36, 41, 44, 20, 24, 0], [39, 40, 45, 14, 19, 0], [13, 21, 38, 0, 0, 0], [34, 43, 20, 13, 0, 0], [1, 2, 39, 40, 42, 11], [1, 2, 3, 40, 42, 23], [33, 5, 9, 45, 28, 0], [3, 5, 43, 44, 16, 27]], "newPredictionRaw": [[4.223603502937678e-26, 4.069445475041178e-11, 3.5357035431869385e-26, 3.0972419392892003e-18, 1.1624759859858008e-30, 8.972785181689518e-15, 3.3721845739877915e-18, 1.5093965164024782e-23, 1.7561884533279226e-06, 5.743520182208851e-20, 2.4018493149924325e-06, 8.891899438978612e-10, 4.183159035164863e-06, 0.00011076015653088689, 9.552514161625947e-12, 1.041143491420371e-06, 5.959156252235391e-22, 0.9930750131607056, 0.006288787815719843, 0.0005074571818113327, 5.5711316235829145e-06, 2.1754237070049053e-14, 2.187234031225671e-06, 5.370633857637586e-07, 1.6215707887567987e-07, 1.5018830623603208e-09, 6.073766911640632e-08, 6.495983120993613e-20, 1.857480553038249e-17, 2.0498552508185774e-11, 9.031802301551135e-18, 1.0929026892351626e-24, 4.0056137859168774e-22, 2.650819407094514e-25, 1.9230871657861362e-23, 7.272463136989323e-28, 2.3937715123186712e-20, 2.833318771973737e-36, 1.1766896767385625e-24, 1.0339657200406947e-25, 3.2590789333757086e-13, 2.661359525560592e-23, 7.055225258139212e-35, 4.566135936004664e-21, 7.158921045251841e-21], [0.0, 0.0, 0.0, 0.0, 0.0, 0.0, 0.0, 0.0, 0.0, 0.0, 0.0, 0.0, 2.0844552735281047e-17, 0.0, 0.0, 0.0, 0.0, 0.0, 6.979857772489162e-13, 4.503901959590926e-37, 1.0, 0.0, 4.721232294002675e-09, 2.0813218769982766e-12, 0.0, 0.0, 0.0, 0.0, 0.0, 0.0, 0.0, 0.0, 0.0, 0.0, 0.0, 0.0, 0.0, 0.0, 0.0, 0.0, 0.0, 0.0, 0.0, 0.0, 0.0], [1.0207325668000325e-27, 3.6850044367761603e-37, 8.329512504911235e-36, 0.0, 1.045211077519044e-13, 4.6758196635257256e-29, 6.734751867298883e-09, 3.682063140498529e-17, 8.162600798663622e-31, 3.7645137007658036e-11, 3.2411273907009366e-32, 2.194668185492958e-35, 2.2606174954550257e-25, 1.8057609017771004e-34, 9.581886507885636e-18, 1.4337232985751612e-23, 8.9557343308606e-24, 9.086498451206531e-32, 2.8621115505120573e-29, 1.4882892659146997e-25, 9.840914837064735e-22, 6.783158293876155e-17, 1.2840329818539477e-18, 4.463430586435879e-16, 2.2767895944516333e-20, 4.9121616613275774e-20, 2.9955302741278487e-24, 1.3483769656374989e-09, 7.902659849754433e-15, 6.2599738726021315e-09, 2.6128133944619547e-12, 9.207574147573894e-10, 5.804794227515231e-07, 4.091444225196028e-06, 0.004630290903151035, 0.00042379353544674814, 0.9945330619812012, 0.00014410629228223115, 0.00025985355023294687, 2.3511684048571624e-06, 5.805948034625849e-14, 1.5905160353213432e-06, 3.132897461455286e-07, 6.512162364913365e-09, 4.088029026405593e-09], [0.0, 2.7833634189089704e-35, 1.3318053625214573e-26, 0.0, 6.984747465778104e-31, 0.0, 0.0, 0.0, 0.0, 0.0, 0.0, 0.0, 0.0, 0.0, 0.0, 0.0, 0.0, 0.0, 0.0, 0.0, 0.0, 0.0, 0.0, 0.0, 0.0, 3.204644479983962e-36, 0.0, 1.0795844501850241e-30, 0.0, 4.611452284866963e-35, 0.0, 0.0, 0.0, 0.0, 0.0, 0.0, 0.0, 9.05060209855377e-15, 4.0718150856224765e-34, 6.191326340498904e-10, 1.0, 1.047442706027152e-24, 3.1123324355225913e-22, 9.105578097079459e-11, 2.1198246283327116e-11], [3.16513082410097e-09, 4.788708540814923e-09, 1.0490512972194388e-11, 1.7009526577842448e-20, 1.3710734804439628e-11, 4.5289997880476607e-13, 0.0, 0.0, 0.0, 0.0, 0.0, 2.6977065875914894e-25, 0.0, 0.0, 0.0, 0.0, 0.0, 0.0, 0.0, 0.0, 0.0, 0.0, 0.0, 1.8140243515568926e-32, 1.4204172661424363e-22, 1.2169247814303175e-12, 7.242447960797982e-12, 4.0265552936173676e-13, 2.8728937889859565e-21, 7.18409431617859e-21, 0.0, 0.0, 0.0, 0.0, 0.0, 5.055476105230259e-34, 0.0, 9.511041571386158e-05, 1.8714711136876954e-18, 0.0018287654966115952, 0.004682447295635939, 5.328532753923199e-13, 1.5344546682172222e-06, 0.5263071656227112, 0.46708500385284424], [3.7196052904420185e-09, 3.6888649912469873e-09, 5.5519529945646795e-12, 2.2608579666068913e-20, 3.053009234310622e-11, 6.315553548880137e-13, 0.0, 0.0, 0.0, 0.0, 0.0, 3.261059030584398e-25, 0.0, 0.0, 0.0, 0.0, 0.0, 0.0, 0.0, 0.0, 0.0, 0.0, 0.0, 1.1530095683481557e-32, 1.575095724042979e-22, 1.6713411253935218e-12, 1.1423352715145274e-11, 5.935075564691972e-13, 3.983077405628132e-21, 5.8809064001214564e-21, 0.0, 0.0, 0.0, 0.0, 0.0, 4.613639462002336e-34, 0.0, 0.00010967586422339082, 1.9844691552412674e-18, 0.001659414148889482, 0.002788066165521741, 3.5344231881506705e-13, 1.8289048284714227e-06, 0.5249148607254028, 0.47052615880966187]], "matchingNumbers": []}