{"currentPredictionRaw": [], "currentPrediction": [{"name": "MarkovBayesian Model", "predictions": [[1, 3, 5, 38, 6, 8, 13]]}, {"name": "PoissonMonteCarlo Model", "predictions": [[1, 2, 9, 17, 24, 38, 50]]}], "realResult": [10, 29, 43, 46, 49, 7, 12], "newPrediction": [{"name": "MarkovBayesian Model", "predictions": [[34, 2, 5, 6, 7, 9, 10]]}, {"name": "MarkovBayesianEnhanched Model", "predictions": [[2, 4, 5, 8, 9, 13, 20, 37, 38, 39, 40, 47, 48]]}, {"name": "PoissonMarkov Model", "predictions": [[2, 26, 1, 9, 17, 35, 50, 4, 6, 15, 24, 31]]}], "newPredictionRaw": [], "matchingNumbers": {"model": null, "prediction": null, "matching_numbers": [], "match_count": 0}, "labels": [], "numberFrequency": {"17": 0.015347647469188435, "24": 0.014262460274397334, "26": 0.014805053871792885, "27": 0.015037593984962405, "49": 0.014495000387566855, "3": 0.04286489419424851, "5": 0.03929927912564917, "14": 0.014572513758623363, "18": 0.012712192853267188, "20": 0.015270134098131927, "23": 0.016277807921866522, "32": 0.013332299821719247, "10": 0.0352685838307108, "22": 0.011394465545306565, "40": 0.012789706224323696, "42": 0.015812727695527478, "35": 0.014960080613905899, "44": 0.016045267808697, "2": 0.04162468025734439, "11": 0.03356328966746764, "29": 0.015657700953414466, "43": 0.013099759708549725, "1": 0.0385241454150841, "4": 0.037361444849236494, "9": 0.04007441283621425, "50": 0.015812727695527478, "6": 0.039376792496705684, "8": 0.040694519804666304, "16": 0.014184946903340826, "31": 0.013487326563832261, "28": 0.013642353305945275, "7": 0.04022943957832726, "30": 0.01433997364545384, "45": 0.01465002712967987, "15": 0.014960080613905899, "19": 0.015890241066583984, "41": 0.012712192853267188, "21": 0.015890241066583984, "47": 0.013177273079606233, "25": 0.015037593984962405, "38": 0.014727540500736377, "37": 0.015270134098131927, "36": 0.013409813192775753, "33": 0.012557166111154174, "48": 0.013952406790171304, "34": 0.01433997364545384, "39": 0.014029920161227812, "13": 0.014262460274397334, "12": 0.026277032788155956, "46": 0.012634679482210682}}