{"currentPredictionRaw": [], "currentPrediction": [{"name": "MarkovBayesian Model", "predictions": [[34, 2, 5, 6, 7, 9, 10]]}, {"name": "MarkovBayesianEnhanched Model", "predictions": [[2, 4, 5, 8, 9, 13, 20, 37, 38, 39, 40, 47, 48]]}, {"name": "PoissonMarkov Model", "predictions": [[2, 26, 1, 9, 17, 35, 50, 4, 6, 15, 24, 31]]}], "realResult": [12, 30, 38, 40, 41, 4, 12], "newPrediction": [{"name": "PoissonMonteCarlo Model", "predictions": [[1, 2, 11, 15, 27, 38, 50]]}], "newPredictionRaw": [], "matchingNumbers": {"model": "MarkovBayesianEnhanched Model", "prediction": [2, 4, 5, 8, 9, 13, 20, 37, 38, 39, 40, 47, 48], "matching_numbers": [40, 4, 38], "match_count": 3}, "labels": [], "numberFrequency": {"17": 0.015339324449953517, "24": 0.014254725751471955, "26": 0.014797025100712737, "27": 0.015029439107530214, "49": 0.014487139758289433, "3": 0.042841648590021694, "5": 0.0392779671521537, "14": 0.01456461109389526, "18": 0.012705299039355439, "20": 0.015261853114347692, "23": 0.016268980477223426, "32": 0.013325069724202046, "10": 0.03524945770065076, "22": 0.0113882863340564, "40": 0.012860241710567091, "42": 0.01580415246358847, "35": 0.014951967771924387, "44": 0.01603656647040595, "2": 0.04160210722032848, "11": 0.03354508831732259, "29": 0.01564920979237682, "43": 0.013092655717384568, "1": 0.03850325379609545, "4": 0.037418655097613884, "9": 0.04005268050821196, "50": 0.01580415246358847, "6": 0.03935543848775953, "8": 0.04067245119305857, "16": 0.01417725441586613, "31": 0.013480012395413696, "28": 0.013634955066625348, "7": 0.04020762317942361, "30": 0.014409668422683607, "45": 0.014642082429501085, "15": 0.014951967771924387, "19": 0.0158816237991943, "41": 0.012782770374961264, "21": 0.0158816237991943, "47": 0.013170127052990394, "25": 0.015029439107530214, "38": 0.014797025100712737, "37": 0.015261853114347692, "36": 0.013402541059807871, "33": 0.012550356368143787, "48": 0.013944840409048653, "34": 0.01433219708707778, "39": 0.014022311744654478, "13": 0.014254725751471955, "12": 0.026417725441586614, "46": 0.012627827703749612}}