{"currentPredictionRaw": [], "currentPrediction": [{"name": "MarkovBayesian Model", "predictions": [[37, 6, 8, 9, 44, 12, 14]]}, {"name": "PoissonMonteCarlo Model", "predictions": [[1, 3, 9, 20, 29, 38, 50]]}], "realResult": [1, 8, 13, 29, 47, 5, 6], "newPrediction": [{"name": "MarkovBayesian Model", "predictions": [[1, 3, 5, 38, 6, 8, 13]]}, {"name": "PoissonMonteCarlo Model", "predictions": [[1, 2, 9, 17, 24, 38, 50]]}], "newPredictionRaw": [], "matchingNumbers": {"model": "MarkovBayesian Model", "prediction": [37, 6, 8, 9, 44, 12, 14], "matching_numbers": [8, 6], "match_count": 2}, "labels": [], "numberFrequency": {"17": 0.015355979525360632, "24": 0.01427020319528463, "26": 0.01481309136032263, "27": 0.015045757716767489, "49": 0.0144253140995812, "3": 0.04288816503800217, "5": 0.03932061423918101, "14": 0.014580425003877772, "18": 0.012719094152318908, "20": 0.015278424073212346, "23": 0.016286644951140065, "32": 0.013339537769505196, "10": 0.03521017527532185, "22": 0.011400651465798045, "40": 0.012796649604467194, "42": 0.01582131223825035, "35": 0.014968202264619203, "44": 0.016053978594695206, "2": 0.0416472778036296, "11": 0.03358151078020785, "29": 0.015588645881805491, "43": 0.013029315960912053, "1": 0.03854505971769816, "4": 0.03738172793547386, "9": 0.040096168760663874, "50": 0.01582131223825035, "6": 0.0393981696913293, "8": 0.04071661237785016, "16": 0.014192647743136343, "31": 0.013494648673801768, "28": 0.013649759578098341, "7": 0.04017372421281216, "30": 0.014347758647432915, "45": 0.014657980456026058, "15": 0.014968202264619203, "19": 0.015898867690398635, "41": 0.012719094152318908, "21": 0.015898867690398635, "47": 0.013184426865208624, "25": 0.015045757716767489, "38": 0.014735535908174344, "37": 0.015278424073212346, "36": 0.013417093221653482, "33": 0.012563983248022336, "48": 0.013959981386691484, "34": 0.014347758647432915, "39": 0.01403753683883977, "13": 0.01427020319528463, "12": 0.026213742826120677, "46": 0.012563983248022336}}