{"markovSoftMaxTemperature": 0.6082671034673446, "markovMinOccurences": 9, "markovAlpha": 1.4411530611083827, "markovBayesianSoftMaxTemperature": 0.7336865403154523, "markovBayesianMinOccurences": 3, "markovBayesianAlpha": 0.5484589141947233}