{"markovSoftMaxTemperature": 1.1687225698825723, "markovMinOccurences": 18, "markovAlpha": 0.49668063535101165, "markovBayesianSoftMaxTemperature": 0.9666878692960436, "markovBayesianMinOccurences": 8, "markovBayesianAlpha": 1.4654322925209478}