Datum	NVDA	AAPL	MSFT	ASML
2016-10-04	-0.002223003138	0.004256835091	-0.003139720005	0.0002753683068
2016-10-05	-0.0009961035599	0.0004423800116	0.006963816443	-0.001377600438
2016-10-06	-0.01315924928	0.007402871562	0.001733403103	-0.0006435302451
2016-10-07	-0.007333028359	0.001491555442	0.001038601444	-0.0219421224
2016-10-10	0.003762658603	0.01729650699	0.004143652338	0.005717782836
2016-10-11	-0.01459178621	0.002151926804	-0.01475337009	-0.04082588897
2016-10-12	0.004586610334	0.008902643973	-0.00139982525	-0.001266501217
2016-10-13	-0.01639082406	-0.003072723483	-0.003332459455	-0.02158038126
2016-10-14	0.009745478519	0.005541124957	0.008745901471	0.007245329695
2016-10-17	-0.005774916508	-0.0006803299863	-0.003489187071	0.0003954914032
2016-10-18	0.01512613545	-0.0006807931503	0.007660204588	0.0114994633
2016-10-19	-0.002103935133	-0.002983931623	-0.002257141335	0.01705302443
2016-10-20	0.01877793544	-0.0005124263499	-0.004878908441	-0.004911648532
2016-10-21	-0.002838726846	-0.003937349947	0.04123413665	0.01608921893
2016-10-24	0.04583870572	0.008964841257	0.02221208509	0.0001899876514
2016-10-25	0.01632803844	0.005086912199	-0.0001639478649	-0.007053694292
2016-10-26	0.003999116638	-0.02275158007	-0.005920096225	-0.006622222963
2016-10-27	-0.0207232283	-0.009649312058	-0.008779978542	0.001924002518
2016-10-28	-0.001699235753	-0.006660848465	-0.003834296604	0.01346018126
2016-10-31	0.008467451099	-0.00158408904	0.0008347942717	0.001516013176
2016-11-01	-0.03007101884	-0.01822029696	-0.002004678252	-0.0165151002
2016-11-02	-0.00423766344	0.0008965394181	-0.006206511578	0.001298607787
2016-11-03	-0.01170288371	-0.0158977244	-0.003708702835	-0.02181763371
2016-11-04	-0.005784798612	-0.009054801885	-0.008480376468	0.006951611683
2016-11-07	0.05331292063	0.01432179554	0.02871010588	0.02181132596
2016-11-08	-0.001516556024	0.005869886362	0.0008271983266	0.0005726283798
2016-11-09	-0.01700721265	-0.001622060372	-0.004973485053	-0.01093640985
2016-11-10	-0.03177451985	-0.02826364565	-0.0247341624	-0.02213968618
2016-11-11	0.2608694517	0.005919913691	0.005436642681	-0.01140602497
2016-11-14	-0.05049670747	-0.0254053077	-0.01536653081	-0.0105290519
2016-11-15	0.03000908228	0.013156848	0.01282178434	0.0082321517
2016-11-16	0.06124959881	0.02653310879	0.0131625255	0.006775633734
2016-11-17	0.008259839161	-0.0003637355683	0.01646059279	0.01830219345
2016-11-18	0.01042259317	0.0009999546308	-0.004793793791	0.01959995159
2016-11-21	-0.004078571716	0.01505957493	0.008415196925	0.004769181111
2016-11-22	0.007201368513	0.0006263141618	0.004263000389	0.002186208751
2016-11-23	0.003411080782	-0.005111431117	-0.01185003992	-0.002091056745
2016-11-25	0.001998597395	0.005021981678	0.002150004963	-0.009176130148
2016-11-28	-0.0005524040338	-0.001969914677	0.00132078606	-0.004909284539
2016-11-29	-0.009137552903	-0.0009864144637	0.007888290698	0.001542763781
2016-11-30	-0.01134537545	-0.008469282086	-0.01367965296	-0.006379298649
2016-12-01	-0.05072261584	-0.00936327917	-0.01774699181	-0.03092014734
2016-12-02	0.009222517268	0.003737640524	0.0008442381253	-0.002102418555
2016-12-05	0.03802334583	-0.007214313743	0.01623874304	0.03098422498
2016-12-06	0.01632231064	0.007669169334	-0.00449364158	-0.002042504236
2016-12-07	0.01778673656	0.009774718065	0.02341023493	0.008145104664
2016-12-08	-0.01684491535	0.00976929123	-0.005883331237	-0.004258208312
2016-12-09	-0.01791737085	0.0161900294	0.01561261181	-0.004373822398
2016-12-12	-0.02456410854	-0.005720587658	0.003222171307	0.002335085708
2016-12-13	0.01748180212	0.0165437709	0.01294464739	0.01676824487
2016-12-14	0.05629764287	0	-0.004774798185	-0.009699024513
2016-12-15	0.02316104433	0.005454322859	-0.001596679247	0.01341916044
2016-12-16	0.01707520243	0.001294275171	-0.004484312447	0.01145466209
2016-12-19	0.01207672416	0.005760731292	0.02096646053	0.03677768273
2016-12-20	0.034238659	0.00265422477	-0.00125825748	-0.004637847626
2016-12-21	0.006255825979	0.0009401308329	0	0.003094287143
2016-12-22	0.01202208483	-0.006599552558	0.0001573687941	-0.0006362768928
2016-12-23	0.02460334713	0.001975860786	-0.004889985294	0.00679627463
2016-12-27	0.06642688099	0.006330759445	0.0006323111181	0.007019467267
2016-12-28	-0.07124810366	-0.00427314555	-0.004593339826	-0.006568020372
2016-12-29	0.01975739894	-0.0002569703213	-0.001429819927	0.003424352269
2016-12-30	-0.04301856848	-0.007826313867	-0.01215625974	0.009312388214
2017-01-03	-0.04530551748	0.002845197419	0.007055834276	-0.01572006322
2017-01-04	0.02306259074	-0.001119869178	-0.004484312447	-0.004810101392
2017-01-05	-0.02573250477	0.005072443494	0	0.01193720089
2017-01-06	0.01327885163	0.01108658806	0.008630387594	-0.00107933092
2017-01-09	0.03974284795	0.009117834378	-0.003187761705	0.01225363036
2017-01-10	-0.007560199189	0.001007979926	-0.0003193357843	0.001421338074
2017-01-11	-0.01239903992	0.005358800398	0.009061344887	0.007340943062
2017-01-12	-0.0164912654	-0.004184106523	-0.009221051028	0.01130351575
2017-01-13	-7.734251135e-05	-0.001762558684	0.001436437882	0.004607301582
2017-01-17	-0.02268557861	0.008032171697	-0.00271500606	0.005276600626
2017-01-18	0.01803404685	-8.333680575e-05	-0.0004798848369	0.05912639528
2017-01-19	0.02122013967	-0.00175167914	-0.003205130949	-0.009067578364
2017-01-20	-0.01097672276	0.001835015946	0.007037776969	0.001557952019
2017-01-23	0.0103298799	0.0006664445432	0.003500401347	0.000982720577
2017-01-24	0.02109067744	-0.0009164757984	0.00885521283	0.003105592558
2017-01-25	0.004276609779	0.01579524259	0.002515724597	0.001875026025
2017-01-26	0.01710827033	0.0004921663622	0.009222417847	-0.01352978697
2017-01-27	0.0191135798	8.200418226e-05	0.02322288138	0.00526967049
2017-01-30	-0.0157631269	-0.002627475032	-0.009930568203	-0.0004928536325
2017-01-31	-0.007664271094	-0.002304717458	-0.00739716734	-0.002550287261
2017-02-01	0.04277941074	0.05919360737	-0.01668914974	-0.0007416258426
2017-02-02	0.01255772049	-0.001710199422	-0.006469450572	0.01171904418
2017-02-03	-0.008808789094	0.004270027062	0.008041036626	0.00219735592
2017-02-06	0.02531081373	0.009330368031	-0.0006283380665	-0.006361137092
2017-02-07	0.01539506984	0.009472227266	-0.003305267824	0.008391429745
2017-02-08	-0.004374460169	0.003869944504	-0.001419894535	0.006711163252
2017-02-09	-0.01899696266	0.002873782512	0.01130310307	0.003459236787
2017-02-10	-0.0240011521	-0.002268088974	-0.0009370608213	0.002646671152
2017-02-13	-0.04721597699	0.008816605093	0.01118718939	0.01312929144
2017-02-14	0.003683923857	0.01289571	-0.002320366112	-0.001978240012
2017-02-15	0.002020388234	0.003622522721	-0.0006196746906	0.007968169649
2017-02-16	-0.01616667658	-0.001216886516	-0.0001549786907	7.857619931e-05
2017-02-17	-0.000186494098	0.002765388097	0.001548707139	-0.003069056117
2017-02-21	0.0351479148	0.007194803814	-0.002013787374	0.005580240047
2017-02-22	-0.002776928052	0.002994779639	-0.002017850898	-0.02991234071
2017-02-23	-0.09732738092	-0.004239152672	0.004031638272	-0.0004038609158
2017-02-24	0.009626314754	0.000951718656	0	-0.01014989835
2017-02-27	0.02867997923	0.001973756992	-0.006053569127	0.003015118611
2017-02-28	-0.02848287664	0.0004380841192	-0.003899856748	-0.009894189223
2017-03-01	0.01284579425	0.02023336602	0.01489323215	0.01452138423
2017-03-02	-0.03758767885	-0.00595517455	-0.01442444552	-0.01550798301
2017-03-03	-0.005753895691	0.005883636116	0.003742402621	0.01153151196
2017-03-06	-0.007751028077	-0.003152768447	0.0003112356079	-0.01128477099
2017-03-07	0.01087520646	0.001290970559	0.002020673727	-0.01341190731
2017-03-08	-0.001824633046	-0.00373402703	0.009119778796	0.006397230308
2017-03-09	-0.0002029426694	-0.002304812314	-0.004008639349	0.004132237285
2017-03-10	0.005868680205	0.003311499679	0.003084993963	0.03045920748
2017-03-13	0.02718954188	0.0004311274048	-0.003394017451	-0.006501086342
2017-03-14	-0.00070715804	-0.001509759804	-0.00464684851	-0.001611733768
2017-03-15	0.007556365849	0.01052076263	0.005264800021	0.01663639105
2017-03-16	0.01221158398	0.001636137658	-0.001700286367	0.0009513994216
2017-03-17	0.02149882688	-0.004987896902	0.003551853012	0.01346000092
2017-03-20	0.03140569912	0.01044600012	0.0009244992954	0.002888708727
2017-03-21	-0.03287753635	-0.0115180797	-0.01115080471	-0.01531904736
2017-03-22	0.02018911103	0.01123527427	0.01268974008	0.020373687
2017-03-23	-0.009109393549	-0.003541832703	-0.002463434656	0.002324321183
2017-03-24	0.003542070406	-0.001988919536	0.001694263016	0.02310207538
2017-03-27	0.007231493938	0.001705030251	0.001845018974	0.003472487825
2017-03-28	-0.005186541468	0.0205149811	0.002914335984	0.008180465147
2017-03-29	-0.003273934246	0.002222840593	0.002753137254	-0.006599199052
2017-03-30	0.01900952324	-0.001319215605	0.003659098457	-0.002108910927
2017-03-31	-0.004287055647	-0.001877673628	0.002280156038	0.001280940536
2017-04-03	-0.005080264203	0.0002783964383	-0.004718066739	-0.004679607
2017-04-04	-0.07270364689	0.007418483081	0.002742232066	0.004227697675
2017-04-05	-0.007449788453	-0.005194097345	-0.0025896884	-0.0129660231
2017-04-06	0.007251316685	-0.002502782174	0.0025896884	-0.0003816648266
2017-04-07	-0.004256764528	-0.002229966081	-0.0007609771313	0.001525786076
2017-04-10	-0.02584644947	-0.001186695194	-0.002286412093	-0.009728522858
2017-04-11	0.003552981909	-0.01081471215	-0.0007633005485	-0.0007700601027
2017-04-12	-0.008268907895	0.001199590872	-0.003825266695	-0.006181922168
2017-04-13	-0.01892172635	-0.00530317665	-0.004301742691	-0.004895304853
2017-04-17	0.03845995778	0.005514719859	0.008127009386	0.01384667259
2017-04-18	0.00060446094	-0.004451832247	-0.00137541093	0.003680703488
2017-04-19	0.003900051181	-0.003689517453	-0.005366876334	-0.02920142256
2017-04-20	0.0157264115	0.0124330508	0.007047677402	0.02459842249
2017-04-21	0.004139160339	-0.001194197747	0.01364691384	-0.0001537988314
2017-04-24	0.01243223331	0.009583508695	0.0168748871	0.02603661441
2017-04-25	0.01721822866	0.006176929103	0.005758598416	0.005827435243
2017-04-26	-0.006897900506	-0.005898493907	-0.001325967045	-0.01334852966
2017-04-27	0.01545389908	0.0007652972858	0.006465856472	0.003692404632
2017-04-28	-0.01276572542	-0.0009741164144	0.002779201672	-0.00830820489
2017-05-01	0.02218731386	0.02019156907	0.01378131625	0.007631029438
2017-05-02	-0.03008031855	0.006324615594	-0.001586043156	0.01590475938
2017-05-03	0.007432687829	-0.003055303324	-0.003179652917	-0.006093049018
2017-05-04	-0.003882753556	-0.003610481118	-0.003916170064	0.006611471544
2017-05-05	0.0001155468255	0.01644762788	0.002757421383	0.005758598416
2017-05-08	-0.01053089604	0.0268254652	-0.0008699435085	-0.01910057697
2017-05-09	0.001633351845	0.006384386507	0.001449485686	0.01260129265
2017-05-10	0.1640545674	-0.004751839698	0.003903149155	-0.008632290544
2017-05-11	0.04204144658	0.004492048828	-0.01233956283	0.002686969821
2017-05-12	0.01094384959	0.01386895315	-0.001169248891	0.00949562031
2017-05-15	0.04897929397	-0.002565748681	0.0007309407533	0.002212553451
2017-05-16	0.01844226891	-0.001478291878	0.01421962439	0.0111356462
2017-05-17	-0.06876735279	-0.03415221355	-0.02819969167	-0.03295740207
2017-05-18	0.04104996728	0.01512628332	0.00340262182	0.008920264539
2017-05-19	0.02176455061	0.003403144646	-0.000295420977	0.006323249635
2017-05-22	0.02109936402	0.006057663859	0.01116509321	-0.004757312176
2017-05-23	-0.01353977456	-0.001234608169	0.003354484295	-0.002237804902
2017-05-24	0.01114670467	-0.002995378941	0.001309567302	-0.00314136384
2017-05-25	-0.002225209351	0.003450411939	0.01228427905	0.01043306281
2017-05-26	0.02556369125	-0.001691167308	0.004871767767	-0.005128406944
2017-05-30	0.02115093217	0.0003905233062	0.006411648381	-0.005904131347
2017-05-31	-0.003595832713	-0.00593938371	-0.008128387	-0.01070093105
2017-06-01	5.54185486e-05	0.002745638124	0.003715882509	0.01369472118
2017-06-02	-0.005000010417	0.01471043602	0.02340442371	0.006629200099
2017-06-05	0.0299831822	-0.009826182883	0.007220247973	-0.01149867071
2017-06-06	-0.004550510304	0.003372465743	0.003314920163	-0.004063516766
2017-06-07	0.01200850968	0.005938949739	-0.001794217582	0.01027727436
2017-06-08	0.07004739397	-0.002448770395	-0.006096734972	0.007583679469
2017-06-09	-0.06683367936	-0.03954852996	-0.02291517996	-0.03758365671
2017-06-12	0.002483544465	-0.02418596153	-0.007708817618	-0.007332825879
2017-06-13	0.009476730998	0.00801346708	0.01239067337	0.02183911171
2017-06-14	0.002111375817	-0.009802991957	-0.005393143926	-0.01358384746
2017-06-15	0.004288182518	-0.006011419036	-0.005279315964	-0.01994401263
2017-06-16	-0.00494750871	-0.01409850265	0.00142959281	0.0159406198
2017-06-19	0.03690455694	0.02820602079	0.01235197077	0.01394231256
2017-06-20	-0.001450326578	-0.009129975896	-0.0136385123	-0.02277547088
2017-06-21	0.01503673724	0.005913108538	0.00513626468	0.01498560409
2017-06-22	-0.006921662147	-0.001646655604	-0.0001423183664	-0.003148399606
2017-06-23	-0.02908559823	0.004453434787	0.01343061116	0.03491626511
2017-06-26	-0.01098107667	-0.003149608903	-0.009595106774	-0.006407890192
2017-06-27	-0.03730866668	-0.01443644482	-0.01889279037	-0.01059562796
2017-06-28	0.03467625493	0.01450502016	0.008488648915	0.0195996699
2017-06-29	-0.03399426622	-0.01485295517	-0.01894626056	-0.0407479177
2017-06-30	-0.01455869692	0.002363574267	0.006403747688	0.005463443239
2017-07-03	-0.03683507185	-0.003617143621	-0.01108691152	-0.004923465596
2017-07-05	0.02634862609	0.004103069145	0.0132606679	0.01386198724
2017-07-06	0.00298745214	-0.009483370703	-0.007410131982	-0.001979444879
2017-07-07	0.02260294682	0.01010778533	0.01289592602	0.01264641443
2017-07-10	0.04620405106	0.006084930959	0.007458439624	0.01434466136
2017-07-11	0.01408382993	0.00323480099	0.0001428877619	0.007464099983
2017-07-12	0.04166536473	0.001441961317	0.01643794983	0.00894237433
2017-07-13	-0.01166071268	0.01383279867	0.008676236906	-0.001387418529
2017-07-14	0.02656338997	0.008557715378	0.01397463074	0.02218539522
2017-07-17	-0.004252688637	0.003482923816	0.007801312405	0.002141787068
2017-07-18	0.01034496161	0.003470835149	-0.0006818956964	0.02137873782
2017-07-19	-0.005195444539	0.006243793117	0.007610800532	0.05023514312
2017-07-20	0.01443200034	-0.004512882626	0.004862246208	0.02095658891
2017-07-21	0.003575689149	-0.0004657197117	-0.005810434562	0.003050860826
2017-07-24	-0.01165600837	0.01203877485	-0.002578195335	-0.003571084534
2017-07-25	-0.004826497134	0.004264678576	0.007984344467	-0.006591207339
2017-07-26	0.01147295304	0.004702817289	-0.001888829488	0.01171659566
2017-07-27	-0.03355938029	-0.01907827091	-0.01209171719	-0.008382932413
2017-07-28	0.01626371197	-0.007065283006	-0.001641587236	-0.004644021821
2017-07-31	-0.01150197444	-0.005163811226	-0.004665851747	-0.01452842037
2017-08-01	0.01211009161	0.008835990282	-0.001651982755	0.003917017456
2017-08-02	-0.0006081171664	0.04616855586	-0.004418676065	0.0006623832792
2017-08-03	0.01262136245	-0.01004133665	-0.0015234405	0.007586038557
2017-08-04	0.004387286325	0.005257096349	0.007318958308	0.005047370684
2017-08-07	0.03025322019	0.01535563167	-0.003859944136	0.009630475265
2017-08-08	-0.01195410093	0.007965171153	0.005372283738	-0.008388929054
2017-08-09	0.01058384002	0.006103276092	-0.004405900009	0.002804136305
2017-08-10	-0.04377695418	-0.0362894615	-0.01473476756	-0.02225679546
2017-08-11	-0.0547689094	0.01381096121	0.0151486463	0.00670274932
2017-08-14	0.07674253769	0.01493740943	0.01492258508	0.009348323511
2017-08-15	-0.008468057042	0.01088827058	-0.005040539246	-0.0009833809427
2017-08-16	-0.0110077828	-0.004030388342	0.005855535217	0.007905179507
2017-08-17	-0.02253450895	-0.01938519346	-0.01711784352	-0.01984818049
2017-08-18	0.0001733896441	-0.002283106015	0.001242321921	0.0106303203
2017-08-21	-0.01464542225	-0.001842967062	-0.004701336093	-0.004410077906
2017-08-22	0.02113823017	0.01621537785	0.0139015383	0.01817281022
2017-08-23	0.01978429212	0.001250938367	-0.006032373653	-0.006303429261
2017-08-24	-0.003673808937	-0.004447932157	-0.0004126263727	0.0003258921326
2017-08-25	-0.008389004955	0.003697556934	0.001786819251	0.005005373339
2017-08-28	0.007056333722	0.0100209347	0.0001373154825	-0.0006486346469
2017-08-29	-0.001650125347	0.008878534185	0.003016179967	0.006660871136
2017-08-30	0.005932579904	0.002697236969	0.01305608101	-0.002193832342
2017-08-31	0.02244066477	0.003971289777	0.0102165158	0.009642656355
2017-09-01	0.006001783241	0.0003048315829	-0.0111627815	0.006186441491
2017-09-05	-0.02704313778	-0.01208121891	-0.004473067438	-0.01582909785
2017-09-06	-0.0006270348692	-0.001049415202	-0.00285695045	0.01072964773
2017-09-07	0.004645182065	-0.004022656042	0.01272522925	0.02760621519
2017-09-08	-0.01751349764	-0.01644352284	-0.004854378465	-0.007112139281
2017-09-11	0.03193653806	0.01793069624	0.01048819618	0.0189773137
2017-09-12	0.003614760649	-0.003970721187	-0.001070663914	-0.008823677401
2017-09-13	0.004470806073	-0.007550502315	0.007071882165	-0.007964698939
2017-09-14	-0.005721499427	-0.008618302644	-0.005867465826	0.008460392611
2017-09-15	0.06131609739	0.01005791733	0.007196193101	0.006052390017
2017-09-18	0.04047726068	-0.007596960097	-0.001993753568	0.0278099282
2017-09-19	-0.001088290318	0.0003780718382	0.00371846378	0.007754751341
2017-09-20	-0.008081761514	-0.01690002103	-0.00664984496	-0.01859235516
2017-09-21	-0.02771590392	-0.01732092679	-0.009788881383	0.00350495887
2017-09-22	-0.009784378702	-0.00982712311	0.002691429427	0.001145510028
2017-09-25	-0.04572224934	-0.008861319722	-0.01557558406	-0.02408873374
2017-09-26	0.005598335125	0.01705728076	0	0.005232874317
2017-09-27	0.02169821561	0.007092459051	0.008021251627	0.02474353038
2017-09-28	-0.0002959489168	-0.006178680513	0.0002707825633	0.02104217755
2017-09-29	0.0174470926	0.005465205535	0.008358096648	0.004155819731
2017-10-02	0.001274554917	-0.002013445294	0.001609658295	-0.002924833907
2017-10-03	0.002076055795	0.004346563657	-0.004702097734	-0.001406964706
2017-10-04	0.008305621807	-0.006494372742	0.00577376562	0.004273385693
2017-10-05	-0.0005309147343	0.01236782042	0.01699231115	-0.01571961368
2017-10-06	0.002916549053	-0.000579355644	0.0003948147712	0.005444444742
2017-10-09	0.02229780836	0.00347110974	0.003808527816	0.004122745695
2017-10-10	0.01893623584	0.0003849361695	0	0.006094006906
2017-10-11	0.01057208061	0.004160671709	0.001702573917	0.009997758236
2017-10-12	0.0004817107106	-0.003519440523	0.009118208284	0.004098011565
2017-10-13	0.01846410566	0.006326101803	0.004786245474	0.01537568515
2017-10-16	0.01701847843	0.01824142479	0.002062653819	0.001643572021
2017-10-17	-0.0009098169874	0.003683475368	-0.0007729966888	-0.001416711766
2017-10-18	-0.0008701547603	-0.004434320104	0.0002577319602	-0.02649047366
2017-10-19	0.001112853572	-0.02394489521	0.003858029477	0.02467414895
2017-10-20	-0.004560433544	0.001729494714	0.01148557802	-0.004555297707
2017-10-23	-0.001423053706	-0.0005121311168	0.0002537427063	0.01613440418
2017-10-24	0.0104225583	0.005937387762	0.0003804933777	0.00201963603
2017-10-25	-0.02559144606	-0.004401780575	-0.002920822446	-0.006014802135
2017-10-26	0.01043795049	0.006373101681	0.001651947768	0.002590237385
2017-10-27	0.03103239314	0.03520303587	0.06214707834	0.006222865211
2017-10-30	0.009760984573	0.02225885633	0.0009540847474	-0.005604453385
2017-10-31	0.01447479565	0.01381961474	-0.008499482543	0.01572464652
2017-11-01	0.001874342355	-0.01280046055	0	0.003589676642
2017-11-02	-0.006099646157	0.00728361429	0.01040492554	0.004674833208
2017-11-03	0.0132554494	0.02577870943	0.001070218308	0.01270360295
2017-11-06	0.004513298922	0.01009381317	0.003914363577	0.001840325283
2017-11-07	0.01138359413	0.003208620182	-0.002370511955	-0.007599645739
2017-11-08	-0.01363769736	0.008147032671	0.003435411778	-0.01101290478
2017-11-09	-0.01852977163	-0.002044758181	-0.005573687717	-0.01947102012
2017-11-10	0.05135660818	-0.006903464872	-0.002619672848	0.008892427379
2017-11-13	-0.01636337389	-0.004015608884	0.0007151370984	-0.004184690163
2017-11-14	0.007253810988	-0.01523298402	0.00142874176	0.008296492367
2017-11-15	-0.01980449489	-0.01327791084	-0.01281224495	-0.01356615363
2017-11-16	0.007742121064	0.0118762052	0.002647732922	0.02157437028
2017-11-17	-0.001191568377	-0.005567779951	-0.009661910912	-0.008063669011
2017-11-20	0.01278693617	-0.0009996178764	0.001576426689	0.006632423583
2017-11-21	0.009169342512	0.01841973272	0.01431603397	0.02093289844
2017-11-22	-0.00519742042	0.01045686058	-0.007312866013	-0.0128676749
2017-11-24	0.009391305721	5.715428802e-05	0.001803210202	0.01824779225
2017-11-27	-0.01308299802	-0.005042123786	0.007299739229	-0.008892780046
2017-11-28	-0.01613773453	-0.005876269934	0.01197051331	-0.002330561202
2017-11-29	-0.07023704847	-0.02096121118	-0.01830986831	-0.06646125397
2017-11-30	0.02161582102	0.01388707754	0.009909937229	0.01770364665
2017-12-01	-0.01522148307	-0.004666091872	0.001068693327	-0.01776163951
2017-12-04	-0.05736078154	-0.007334637546	-0.03847093497	-0.01814188333
2017-12-05	0.005769246771	-0.0009427292709	0.006270383857	0.006885823046
2017-12-06	0.008063704171	-0.003720659836	0.01447978088	0.0009965707071
2017-12-07	0.01433197341	0.001832530883	-0.003509412448	0.008750493358
2017-12-08	-0.002607672202	0.0002952552503	0.02004267512	-0.001104169806
2017-12-11	0.01640841471	0.01929658752	0.01263373554	0.0181503643
2017-12-12	-0.01981906635	-0.005633490521	0.004098126454	-0.01710427831
2017-12-13	-0.02472143296	0.003314245555	-0.002691161748	0.006946080255
2017-12-14	0.001567146076	-0.0002902841903	-0.007762918307	-0.008399273175
2017-12-15	0.02691998171	0.01011014129	0.02518496175	0.01093412878
2017-12-18	0.03256077713	0.01398464527	-0.005426325155	0.01467884825
2017-12-19	-0.00907592801	-0.0107135741	-0.006387571802	0.003735148655
2017-12-20	0.003502060019	-0.001089168614	-0.003618329013	-0.01056227877
2017-12-21	-0.004644917287	0.003778342026	-0.0002338907741	-0.003602989228
2017-12-22	-0.003149608903	0	0.0001169522251	0.003888385503
2017-12-26	0.01104128229	-0.0256973455	-0.001287227373	-0.0122306368
2017-12-27	-0.001378583521	0.0001758654048	0.003623404116	0.005473467414
2017-12-28	0.001175969804	0.002809648301	0.0001166656946	0.0009189065659
2017-12-29	-0.01995461453	-0.01087254694	-0.002102067807	-0.002183783409
2018-01-02	0.02979459391	0.01774622694	0.00478162903	0.02224526376
2018-01-03	0.06373810859	-0.0001741705134	0.004643072764	0.007567088601
2018-01-04	0.005257438224	0.004634197021	0.008762883238	0.009282227666
2018-01-05	0.008429111521	0.01132098405	0.01232189007	0.01166065685
2018-01-08	0.03018061715	-0.003721200802	0.001020003488	0.005235899608
2018-01-09	-0.0002703067999	-0.0001147183665	-0.0006798867117	-0.005399964031
2018-01-10	0.007809383973	-0.0002294762215	-0.004544429543	-0.01171791705
2018-01-11	0.001786671906	0.005664116754	0.002956227281	-0.01202486237
2018-01-12	-0.004921049612	0.01027338263	0.01710982757	0.01290986713
2018-01-16	-0.01294557362	-0.005095119718	-0.01404912122	0.03000905919
2018-01-17	0.02071867508	0.01638135086	0.0200578185	0.06642133815
2018-01-18	-0.001246771913	0.0008929568625	-0.0004438526482	0.02076886894
2018-01-19	0.02495773604	-0.004472779457	-0.001110494284	0.01056554536
2018-01-22	0.01542074542	-0.008214753898	0.0177307657	9.73093953e-05
2018-01-23	0.02210839095	0.000225963169	0.003160593335	-0.0005353188925
2018-01-24	-0.01311129519	-0.01605682735	-0.0008708905406	-0.01560078737
2018-01-25	0.002338231127	-0.01801224385	0.005538976963	-0.00704577689
2018-01-26	0.02910454678	0.0023349494	0.01856376073	0.02789005833
2018-01-29	0.01436220075	-0.02091571813	-0.001489520437	-0.01213080912
2018-01-30	-0.01688045116	-0.005911700255	-0.01264347712	-0.01875132245
2018-01-31	0.01260968153	0.002751197908	0.02418227026	0.01354220949
2018-02-01	-0.02179810759	0.00208824395	-0.007925227723	-0.007616635071
2018-02-02	-0.029452363	-0.04435965485	-0.02666251253	-0.03460028474
2018-02-05	-0.08869456422	-0.02530183239	-0.04205759449	-0.0413960744
2018-02-06	0.05410170089	0.04094212278	0.03714250623	0.0390290876
2018-02-07	0.01417339629	-0.02163955847	-0.01901239981	-0.03651457433
2018-02-08	-0.05055745918	-0.02790228359	-0.05269802427	-0.03950929339
2018-02-09	0.06479133949	0.008088373792	0.0366112833	0.02073952818
2018-02-12	-0.01759616983	0.03948871047	0.01071579821	0.01443229288
2018-02-13	0.01997183588	0.009967977352	0.007823017098	-0.00592068041
2018-02-14	0.03708034941	0.01826947802	0.01085041646	0.03239966864
2018-02-15	0.02082383821	0.03302685883	0.02016746829	0.01843465626
2018-02-16	-0.01084972098	-0.003242432347	-0.007148302939	-0.01379403475
2018-02-20	0.02126185751	-0.003369353716	0.007795621982	0.01697010422
2018-02-21	-0.03085496871	-0.004549173832	-0.01335452234	-0.005693344951
2018-02-22	0.002646466859	0.008324407007	0.00261980283	-0.005777679214
2018-02-23	0.0154894468	0.01724180643	0.025083397	0.01809795365
2018-02-26	0.002631409484	0.01957915112	0.01435532357	0.0202189657
2018-02-27	-0.002111075808	-0.003246029266	-0.01286801851	-0.01707383045
2018-02-28	-0.01663768248	-0.00151468431	-0.004575206151	-0.01043717949
2018-03-01	-0.04128697864	-0.01767150653	-0.009859687633	-0.01786683901
2018-03-02	0.01846657931	0.006890491657	0.00215169529	0.00850848194
2018-03-05	-0.003761186326	0.003455800397	0.006320659534	0.0243939428
2018-03-06	0.02724252422	-0.0008486803531	-0.003423195469	0.02238434397
2018-03-07	-0.001322314242	-0.009326197822	0.005769863213	0.01570136686
2018-03-08	-0.002732807796	0.01085330425	0.006054508909	-0.00501132243
2018-03-09	0.01706885259	0.01703504155	0.02209861096	0.02118651743
2018-03-12	0.0178880615	0.009621307285	0.002379598661	0.008984871834
2018-03-13	-0.008233675745	-0.009676870558	-0.02469002915	-0.0156446957
2018-03-14	0.004141393203	-0.008537760073	-0.005949236712	0.01673260347
2018-03-15	0.002409252691	0.001176174209	0.003510081783	0.01366314656
2018-03-16	0.004561650101	-0.003532680939	0.004449631242	-0.001773629403
2018-03-19	-0.03858214353	-0.0153971116	-0.01824147866	-0.006138582103
2018-03-20	0.03498257159	-0.0003423289815	0.002580369134	-0.0007053015456
2018-03-21	-0.004095239995	-0.0229152043	-0.007003961609	0.00530107028
2018-03-22	-0.02735829626	-0.01423051181	-0.02951879439	-0.04307034434
2018-03-23	-0.03740769415	-0.02342897543	-0.02949866372	-0.02778575603
2018-03-26	0.04821523131	0.04637945878	0.07297666685	0.04103291095
2018-03-27	-0.08072465917	-0.0259754864	-0.0470482401	-0.03512403047
2018-03-28	-0.0186546522	-0.0111105617	-0.0008945544597	-0.0291799235
2018-03-29	0.04522300819	0.007778415333	0.02081332743	0.02050492865
2018-04-02	-0.04657923483	-0.006577790864	-0.03059363135	-0.02814209875
2018-04-03	0.01926565622	0.01020691107	0.01335373039	0.03251407485
2018-04-04	0.003932758528	0.01894174279	0.02878687021	-0.00588399696
2018-04-05	-0.02171570075	0.006910395956	0.0005413892179	0.002116189634
2018-04-06	-0.03272778963	-0.02591152646	-0.023548539	-0.02059516998
2018-04-09	0.005399581153	0.009869181544	0.005966868532	0.01983990195
2018-04-10	0.05640711606	0.01864312662	0.02297950285	0.03474909113
2018-04-11	-0.00736320683	-0.004686288191	-0.01104265849	0
2018-04-12	0.03628555351	0.009810223522	0.01855100654	0.003351225847
2018-04-13	-0.01330206269	0.00338235195	-0.005357347004	-0.002864844514
2018-04-16	-3.455783254e-05	0.006218819072	0.01164232109	0.005092772011
2018-04-17	0.02579071465	0.01367021232	0.0199754329	0.02861425552
2018-04-18	-0.004929195146	-0.002246687083	0.003843960891	-0.03045436063
2018-04-19	-0.03151017441	-0.02874941329	-0.003427684478	-0.05591611394
2018-04-20	-0.001433090652	-0.04183523916	-0.01161647723	-0.01071843715
2018-04-23	-0.02135337611	-0.002900654681	0.003677440446	-0.008846391667
2018-04-24	-0.01204292437	-0.01401692765	-0.02366534806	0.014168439
2018-04-25	-0.02073796513	0.004347966065	-0.008736505981	-0.0123928889
2018-04-26	0.03874839775	0.003476991333	0.02090444349	0.02075770302
2018-04-27	0.004925245588	-0.01163729676	0.01641450996	-0.02028823169
2018-04-30	-0.006347088892	0.01795029576	-0.02429611429	-0.01735972053
2018-05-01	0.009910708498	0.02297026463	0.01570157444	0.01574172389
2018-05-02	-0.003651989275	0.04322714241	-0.01580850915	-0.005762496956
2018-05-03	0.02908954002	0.001810672141	0.005970803537	0.0125820658
2018-05-04	0.02571044824	0.03848334704	0.01152049945	0.01421751657
2018-05-07	0.03945236295	0.007208898668	0.01107755084	-0.003227544491
2018-05-08	0.006892709825	0.00479513863	-0.004270172609	-0.00519615317
2018-05-09	0.02125806078	0.007016445057	0.01172516675	0.0208266422
2018-05-10	0.01687149449	0.01420267647	0.009956458949	0.01563863259
2018-05-11	-0.02176262967	-0.007659229794	-0.002147130317	-0.01135381192
2018-05-14	0.003247749436	-0.002335829485	0.003371995225	0.01567132935
2018-05-15	-0.0391329977	-0.009130045535	-0.007269036358	-0.01000331829
2018-05-16	0.001822739169	0.009289480074	-0.001748342092	0.01464736597
2018-05-17	0.006902725294	-0.00634381209	-0.01003473997	-0.002467552947
2018-05-18	-0.007179177278	-0.003643186457	0.001869741897	-0.02521898887
2018-05-21	-0.006936255318	0.007059985467	0.01278631567	0.02586113861
2018-05-22	-0.006325235694	-0.002508072501	-0.001025115415	0.0001481298608
2018-05-23	0.01974607238	0.006391159377	0.0118272178	-0.01162053102
2018-05-24	0.0006138537282	-0.001115508336	-0.003553844427	0.003141912167
2018-05-25	0.006390723842	0.002282802998	0.0005084659692	0.00134351773
2018-05-29	-0.002763764333	-0.003612413618	-0.003564703067	-0.02773053918
2018-05-30	0.01754486932	-0.002131061009	0.009545157767	0.007639456558
2018-05-31	-0.003167165503	-0.003365657476	-0.001112290928	-0.002285715281
2018-06-01	0.0212949288	0.01787324501	0.01953676325	0.0276339642
2018-06-04	0.02768554844	0.008323130206	0.00869312992	0.008668296988
2018-06-05	0.0008303077899	0.007685554785	0.005101551337	0.02613642144
2018-06-06	0.0003017592588	0.003459943032	0.002931407219	0.02028774097
2018-06-07	-0.008529514719	-0.002684288211	-0.01583354119	-0.02873146797
2018-06-08	-0.00236109634	-0.009139122703	0.007407075493	-0.0005301077207
2018-06-11	-0.006349227679	-0.002454757977	-0.0057233233	0.01155029495
2018-06-12	0.007492389789	0.005475750951	0.002569679216	-0.002480917303
2018-06-13	-0.000685740436	-0.008251130419	-0.004550858665	0.02084738339
2018-06-14	0.01704895899	0.0005242464078	0.005636045967	0.009961910891
2018-06-15	-0.006208538993	-0.01032566334	-0.01280096865	-0.004968550538
2018-06-18	-0.0006335415182	-0.0005296890849	0.007264074929	-0.01746851332
2018-06-19	-0.01873398479	-0.01629178998	0	-0.02358238119
2018-06-20	0.008191684212	0.004352622471	0.009964073953	-0.003303539732
2018-06-21	-0.02002284734	-0.005592013712	-0.00719179495	-0.006150261003
2018-06-22	-0.02426604127	-0.002915926252	-0.00724389176	0.01037490127
2018-06-25	-0.04828022838	-0.01498298208	-0.02032263101	-0.04824517533
2018-06-26	0.01193914978	0.01232967065	0.006988431743	0.006690005186
2018-06-27	-0.02626000779	-0.001465042721	-0.01566505434	-0.02077294181
2018-06-28	0.02157119186	0.007249937074	0.01111292468	-0.001651698528
2018-06-29	-0.01657774067	-0.002104639076	-0.0002027986217	0.02242464034
2018-07-02	0.02229085908	0.01112047776	0.01409750464	-0.01383471534
2018-07-03	-0.02254416259	-0.01756984027	-0.009645407844	-0.01954965033
2018-07-05	0.02455666718	0.008014772677	0.007142528227	0.02333249914
2018-07-06	0.0187900888	0.0137667225	0.01393612043	0.006763138845
2018-07-09	0.007732869233	0.01378967829	0.006797720871	0.00903065946
2018-07-10	0.01592060755	-0.001207571092	0.0026474497	0.001605861739
2018-07-11	-0.02284517385	-0.01306102167	-0.001371876746	-0.02972077695
2018-07-12	0.01483694844	0.01662702262	0.0214394398	0.02921922212
2018-07-13	-0.007639603075	0.001569202121	0.01183107016	-0.0007025996475
2018-07-16	-0.00450233917	-0.00219757309	-0.004944385845	0.004458143482
2018-07-17	0.02187029276	0.002824565117	0.009864444971	0.02106798659
2018-07-18	-0.007867263385	-0.005499555566	-0.007864729978	0.06425096879
2018-07-19	0.001318161435	0.007743054277	-0.006872879288	-0.01218964211
2018-07-20	-0.004549439168	-0.002295733034	0.01775334994	0.020916937
2018-07-23	-0.005900476843	0.0008876126415	0.01587038537	0.00440319375
2018-07-24	-0.002810547016	0.007228132663	-0.002875297626	-0.03259356827
2018-07-25	0.01262542141	0.009385866438	0.02901938265	0.02436157181
2018-07-26	0.01171487529	-0.003136007505	-0.01097765617	-0.01065158595
2018-07-27	-0.01112744781	-0.01677133732	-0.01785597372	-0.01558352271
2018-07-30	-0.03179938682	-0.005618434796	-0.02168590028	0.005610112891
2018-07-31	0.002977556025	0.001998948588	0.006715560826	-0.002333723346
2018-08-01	0.006561778121	0.05724015707	0.001883594454	-0.0004206492081
2018-08-02	0.01668945097	0.02881169724	0.01206467755	0.008889361122
2018-08-03	0.005887986457	0.002888922997	0.004359730481	-0.004830478506
2018-08-06	0.007634409141	0.005179122496	0.000832678033	-0.005649600646
2018-08-07	0.01142905369	-0.00941907103	0.006912151386	-4.682415191e-05
2018-08-08	0.005696871271	0.0006757409273	0.005586862542	-0.002625657923
2018-08-09	-0.007613461263	0.007834130375	0.001642635887	-0.01814484724
2018-08-10	-0.006540880203	-0.006484016857	-0.006127974543	-0.02556668574
2018-08-13	0.005214257823	0.006436141334	-0.007274098646	0.003964859938
2018-08-14	0.0205281268	0.00420429648	0.01239856081	0.004435677863
2018-08-15	-0.009037317134	0.002333389949	-0.01749423126	-0.04206703429
2018-08-16	-0.006350211071	0.01454365044	-0.0001857872741	0.003645573658
2018-08-17	-0.0502634366	0.01977321326	-0.0005575690136	-0.002479570129
2018-08-20	0.01226013002	-0.009791321527	-0.006621614308	0.01068396999
2018-08-21	0.02187013498	-0.001951220131	-0.008362745472	0.005000260431
2018-08-22	0.03681587557	4.650189496e-05	0.0101390279	0.001594817183
2018-08-23	0.01517984063	0.002043945525	0.004659406435	-0.006344469889
2018-08-24	0.01996133506	0.003104369457	0.007779257605	0.01709273454
2018-08-27	0.01342791832	0.008200921337	0.01100928551	0.02726315076
2018-08-28	-0.005524474325	0.008043183842	0.006003838648	-0.009150516555
2018-08-29	0.01487532674	0.01481910195	0.01583621362	0.0006287635331
2018-08-30	-0.002444707709	0.00915164531	-0.0006250837369	-0.00786373646
2018-08-31	0.01027060445	0.01148777711	0.003388624609	-0.0007312614585
2018-09-04	0.01070211143	0.003201827337	-0.005534740071	-0.02753987116
2018-09-05	-0.01878657685	-0.006546164887	-0.02924822475	-0.02209922677
2018-09-06	-0.02068513713	-0.01675706477	0.002301708883	-0.05623632986
2018-09-07	-0.003158399923	-0.008100854381	-0.004885928134	-0.01959988287
2018-09-10	0.01050884913	-0.01351156738	0.01075427434	0.02619236325
2018-09-11	-0.007057151065	0.02496850501	0.01686197145	-0.01246493486
2018-09-12	-0.01700595512	-0.01249679124	0.004216198217	-0.04460794188
2018-09-13	0.01163967621	0.02386812152	0.01068481361	0.0371086594
2018-09-14	0.01859221238	-0.01141600405	0.004065764837	0.0128294376
2018-09-17	-0.009084959027	-0.0269870584	-0.01090871533	-0.006858289456
2018-09-18	-0.01068728151	0.00165092214	0.009496410394	0.01882866856
2018-09-19	0.003535915286	0.0005954971432	-0.01342779501	0.01320502655
2018-09-20	-0.02118014745	0.007573028894	0.01660268083	0.0128240576
2018-09-21	-0.01069238168	-0.01082968842	0.006057166393	-0.0161090028
2018-09-24	0.008511847713	0.01427781125	0.003581884754	0.01600455325
2018-09-25	0.01015526072	0.00632084817	-0.001920391652	-0.00660241342
2018-09-26	-0.005574125452	-0.007998054429	-0.004115051992	-0.007440471253
2018-09-27	0.001796676632	0.02034333802	0.003765493306	-0.0003178471182
2018-09-28	0.04968017651	0.00350573924	-0.0003496809197	-0.003822066443
2018-10-01	0.02924574647	0.006710841962	0.01078365089	0.01089669602
2018-10-02	-0.01000286195	0.00884922759	-0.003986831421	0.0004207868777
2018-10-03	0.0008792558992	0.01209508621	0.0001736714141	0.008639475682
2018-10-04	-0.02629015208	-0.01773728195	-0.02088161503	-0.02293980942
2018-10-05	-0.0343545235	-0.01636191096	-0.005868770179	-0.01977168784
2018-10-08	-0.01527955824	-0.00232111875	-0.01148097641	-0.01154690368
2018-10-09	-0.0008582592921	0.01375842757	0.01263967345	0.006965993668
2018-10-10	-0.0776867695	-0.04743347921	-0.05587021949	-0.06218363913
2018-10-11	-0.04393166039	-0.00886707604	-0.002357713168	-0.0008146639962
2018-10-12	0.04737719355	0.03509614369	0.03397393756	0.01444861291
2018-10-15	-0.04632302267	-0.02161778953	-0.01814296669	-0.005350529118
2018-10-16	0.04344714635	0.02179786426	0.03110955358	0.04715436876
2018-10-17	-0.01134004936	-0.004330768712	-0.002616031441	0.01794283678
2018-10-18	-0.01462130683	-0.02365106468	-0.02016399689	-0.04742900243
2018-10-19	-0.04421420629	0.01511525803	0.001473568143	-0.00386144716
2018-10-22	0.008896824918	0.006091481696	0.008887318563	0.003237811343
2018-10-23	-0.04493548036	0.009382539848	-0.01405433504	-0.01935470404
2018-10-24	-0.1030611216	-0.03490373038	-0.05495156737	-0.08939535652
2018-10-25	0.04139551666	0.02166149678	0.05679999674	0.06652819445
2018-10-26	-0.04702786113	-0.01605170901	-0.01245022121	-0.01688332422
2018-10-29	-0.06603911863	-0.01894862313	-0.02950738247	-0.01723448204
2018-10-30	0.08950440587	0.004981915648	-0.001156180878	0.0323415017
2018-10-31	0.03785562876	0.02573263051	0.02926018566	0.02122624401
2018-11-01	0.03394708452	0.01523562617	-0.008367462913	0.01930650636
2018-11-02	-0.01474282647	-0.06863293267	0.002263297835	-0.004162989674
2018-11-05	-0.01475564162	-0.02879901769	0.01263647647	-0.01224681111
2018-11-06	-0.003367770996	0.01075597502	0.001951401446	0.02609414661
2018-11-07	0.0128611265	0.02987750032	0.0386063967	-5.636184305e-05
2018-11-08	-0.03716624666	-0.006978328672	-0.001877431154	-0.01379097366
2018-11-09	-0.001554666254	-0.019469813	-0.01970061908	0.002910213472
2018-11-12	-0.08168258279	-0.05168720145	-0.02495047188	-0.03774032798
2018-11-13	0.0502713521	-0.01004149224	0.0006547869838	0.01112135974
2018-11-14	-0.01069356275	-0.02865404597	-0.01859333447	0.01070960705
2018-11-15	0.02602853755	0.02437919846	0.02176764393	0.02323290581
2018-11-16	-0.2077093001	0.01101481495	0.009370574667	-0.04512304594
2018-11-19	-0.1278344772	-0.04043883708	-0.0344780757	-0.03247624397
2018-11-20	0.02982044097	-0.04895697029	-0.0282091113	-0.01391134093
2018-11-21	-0.02973751421	-0.001130710206	0.01367075289	0.01586554002
2018-11-23	0.001988182021	-0.02572691809	-0.0003880104812	-0.001526391602
2018-11-26	0.05404399051	0.01343308084	0.03245488628	0.02277424837
2018-11-27	0.004407074086	-0.002178525198	0.006273135126	-0.0001194600408
2018-11-28	0.040438907	0.03773182541	0.03647430799	0.0403894298
2018-11-29	-0.01708753993	-0.007711763926	-0.008404549946	-0.01613544534
2018-11-30	0.0378608276	-0.005417040583	0.006332570465	-0.0009916295618
2018-12-03	0.03963670181	0.03434569837	0.01076340107	0.03616336302
2018-12-04	-0.07907477668	-0.04498559383	-0.03236763224	-0.04619306674
2018-12-06	0.007482501842	-0.01121209207	0.006154996235	-0.01958454214
2018-12-07	-0.06985421898	-0.03630829171	-0.04084489065	-0.04186201015
2018-12-10	0.02837183411	0.006566322508	0.02608311323	0.01171571947
2018-12-11	-0.02445031349	-0.005735757676	0.009251615623	0.0003716551083
2018-12-12	0.004766209392	0.002783290222	0.004502235749	0.02295855224
2018-12-13	-8.05942483e-05	0.01088086018	0.003386265991	-0.006862861347
2018-12-14	-0.0165239288	-0.03252077449	-0.03174575103	-0.01882437476
2018-12-17	-0.01977804549	-0.009349834368	-0.03006161655	-0.002673881517
2018-12-18	0.02313196904	0.01290887899	0.0104419396	0.01225338681
2018-12-19	-0.0590962545	-0.03168848456	-0.00269671742	-0.05499711043
2018-12-20	-0.02491284073	-0.02555848552	-0.02124836277	-0.007828850007
2018-12-21	-0.04177853377	-0.03967225932	-0.03284564811	-0.02809602667
2018-12-24	-0.01941990179	-0.02621470185	-0.04263486213	-0.02344549565
2018-12-26	0.046283916	0.06805256711	0.06607775872	0.05311220327
2018-12-27	-0.01462178108	-0.006510938359	0.006146544582	0.009566959826
2018-12-28	0.01876046261	0.0005121966947	-0.00783850816	0.004523724918
2018-12-31	-0.001137929092	0.009618827546	0.01168561525	0.003411544617
2019-01-02	0.02016974797	0.001140467715	-0.004440285553	0.004360099239
2019-01-03	-0.06233471629	-0.1049243843	-0.03748171975	-0.05672946667
2019-01-04	0.06209977458	0.04180329782	0.04546009253	0.04235927384
2019-01-07	0.05160164406	-0.002228300324	0.001274572456	0.02258967904
2019-01-08	-0.02519622613	0.0188836467	0.007224477385	-0.00738809806
2019-01-09	0.01946154366	0.01683917972	0.01419833578	0.04065065721
2019-01-10	0.01840167558	0.003191041749	-0.006446358976	-0.001904586943
2019-01-11	0.02451323178	-0.009866459208	-0.007751976804	-0.003634911435
2019-01-14	0.01074618056	-0.01515130377	-0.007322463765	-0.02076717083
2019-01-15	-0.003782737135	0.02026003901	0.02859269446	0.003397084294
2019-01-16	-0.006909692988	0.0121426121	0.003517281063	-0.01232204147
2019-01-17	0.01916481334	0.005920223212	0.006997664488	0.001651737876
2019-01-18	0.03377587368	0.006140482387	0.01487190109	0.03222861995
2019-01-22	-0.05339765786	-0.02270186493	-0.01902677015	-0.019864092
2019-01-23	0.003489187071	0.00403620104	0.009699214414	0.01629287954
2019-01-24	0.05567774199	-0.007957774693	-0.004790765821	0.04097002205
2019-01-25	0.01454150256	0.03259967863	0.009092249917	0.0449201575
2019-01-28	-0.1487827264	-0.009297653427	-0.01969439391	-0.0143099845
2019-01-29	-0.04757361901	-0.01041877069	-0.02057567059	0.002637918722
2019-01-30	0.04304202084	0.06610101199	0.03287129509	0.01466768764
2019-01-31	0.04528055289	0.007175405383	-0.01850059882	-0.01226521537
2019-02-01	0.006766526095	0.000480538212	-0.01592620893	0.01912688458
2019-02-04	0.03029751181	0.02800905482	0.02839246924	0.006425141527
2019-02-05	0.0051349368	0.01696477012	0.01389954759	0.01135211682
2019-02-06	0.02014935407	0.0003444119201	-0.01116072546	0.02849814263
2019-02-07	-0.03715226563	-0.01912104145	-0.007193594674	-0.03131030848
2019-02-08	0.005088105377	-0.003105319619	0.00379255219	-0.0001656680568
2019-02-11	-0.0117033445	-0.005767435949	-0.00398255789	-0.01418305707
2019-02-12	0.03172138449	0.008580212489	0.01546179572	0.02363731317
2019-02-13	0.0112614988	-0.004163374237	-0.0007487131843	-0.002629418113
2019-02-14	0.0107478947	0.003636580933	0.0008422629294	0.01101909469
2019-02-15	0.01800787427	-0.002227302955	0.01227237418	0.0002169785742
2019-02-19	-0.004458890119	0.002988137568	-0.0004621285724	-0.01041363716
2019-02-20	0.01213243644	0.006414764241	-0.009474341723	0.00758923683
2019-02-21	-0.01768921552	-0.005654508056	0.02087257157	-0.007205664673
2019-02-22	0.02171762119	0.0111037969	0.01415760102	0.01284651057
2019-02-25	-0.003171010585	0.007258096379	0.005571545685	0.01129408585
2019-02-26	-0.01005746505	0.0005737893203	0.006876562038	-0.008755259365
2019-02-27	-0.01080289023	0.00309278597	-0.001692424579	-0.006712161175
2019-02-28	-0.007440164524	-0.009884569877	-0.001248885087	-0.006812201062
2019-03-01	0.01408419589	0.01045625981	0.004453160191	0.01217472509
2019-03-04	0.002119862364	0.005016828263	-0.002402243248	0.002966801
2019-03-05	-0.001659751418	-0.001821390452	-0.005000903439	-0.006104992083
2019-03-06	-0.02896122974	-0.005770620213	0.0004475274185	-0.0184314332
2019-03-07	-0.0185328159	-0.01164211178	-0.01224468346	-0.02029734006
2019-03-08	0.009203132646	0.002373991445	0.00108646457	0.007408272741
2019-03-11	0.067380668	0.0340557626	0.02077624655	0.01250259389
2019-03-12	0.00852751877	0.01117267952	0.006977285979	0.007810820789
2019-03-13	0.03684659138	0.004412339628	0.007715275865	0.0001095770328
2019-03-14	-0.01831399561	0.01105527897	0.0007857174441	0.004155054909
2019-03-15	0.02535827588	0.01292433834	0.01145348746	0.05063565007
2019-03-18	-0.00510096749	0.01015671317	0.01421987298	-0.01131841526
2019-03-19	0.03925531583	-0.007956256094	0.0006802142937	0.0008913357518
2019-03-20	-0.007494779622	0.008700580654	-0.001105583308	0.001727975296
2019-03-21	0.053258106	0.03616832584	0.02271486575	0.0167059657
2019-03-22	-0.03563900856	-0.02092581666	-0.02672220367	-0.03460081889
2019-03-25	-0.0211804775	-0.0121647673	0.005197915499	-0.007591995405
2019-03-26	0.01763617571	-0.01038541542	0.002122512152	0.005138922502
2019-03-27	-0.00210543075	0.008953851857	-0.009715433501	-0.01739642633
2019-03-28	0.004251572473	0.001325592071	0.001369277065	0.0007603324105
2019-03-29	0.01293696507	0.006496444534	0.00860055542	0.0206857611
2019-04-01	0.01503455248	0.006768304124	0.009115525644	0.02328436731
2019-04-02	0.003942186446	0.01443206278	0.001427312278	0.007040824282
2019-04-03	0.03024825627	0.006831574968	0.006522853032	0.01991995996
2019-04-04	-0.001910422997	0.001738952975	-0.005097575071	0.003231346849
2019-04-05	0.01417715355	0.006671954262	0.004430519264	0.0150589433
2019-04-08	0.004389455649	0.01561351285	0.0003335835241	0.0107174751
2019-04-09	-0.01326886424	-0.00300300526	-0.005434568787	-0.00982408612
2019-04-10	0.01489433869	0.005598335125	0.007600153508	-0.008869900688
2019-04-11	-0.002919405681	-0.008359034582	0.001164144485	-0.009454433009
2019-04-12	-0.008009436033	-0.0004021919515	0.005139268606	0.02450650428
2019-04-15	-0.02835434086	0.001808591299	0.000826446328	-0.01480183981
2019-04-16	0.01883609987	0.0001003814496	-0.002315773097	0.0187384653
2019-04-17	-0.004921448016	0.0192858505	0.008246109232	-0.001277704238
2019-04-18	-0.00528926145	0.003587315575	0.01305395056	0.01246137268
2019-04-22	0.01159117713	0.00328118025	0.003156236181	-0.001944485567
2019-04-23	0.01160521961	0.01432028549	0.01348335034	-0.00107108092
2019-04-24	0.00261887203	-0.001543507928	-0.0034338225	0.0005843681686
2019-04-25	-0.02255702919	-0.009116540688	0.03258078544	0.003887085211
2019-04-26	-0.04831624648	-0.004785399044	0.005713418877	0.004789443373
2019-04-29	0.00693856582	0.001516226355	-0.0009242856701	-0.003820028339
2019-04-30	0.009258194744	-0.01944396038	0.006375564093	0.01160815482
2019-05-01	-0.00292139018	0.04791889269	-0.02104689265	-0.01170505404
2019-05-02	0.01493730683	-0.006528962597	-0.01314513792	-0.002231277604
2019-05-03	-0.0009830801784	0.01235463564	0.02108972367	0.01326567294
2019-05-06	-0.01741781803	-0.01556322016	-0.005835457135	-0.01696307438
2019-05-07	-0.03817326583	-0.02732702743	-0.02073634439	-0.02207747483
2019-05-08	0.004656639503	0.0001971608839	-7.967175242e-05	0.00368049754
2019-05-09	-0.02166821186	-0.01080234477	-7.967810052e-05	-0.01218735428
2019-05-10	-0.008094152954	-0.01779388491	0.01290442639	-0.001257134402
2019-05-13	-0.06340659478	-0.059876854	-0.03018434199	-0.04266025348
2019-05-14	0.02241675456	0.01570629007	0.01112555816	0.03913184617
2019-05-15	-0.01529785445	0.01190803892	0.01028922338	0.0129933852
2019-05-16	0.003827731929	-0.004409455963	0.02282899691	0.007498110954
2019-05-17	-0.02311263389	-0.005698021115	-0.006692631985	-0.004661088421
2019-05-20	-0.0310128525	-0.03176917984	-0.01455057328	-0.05475223605
2019-05-21	0.02156452937	0.01898945319	0.005372958564	0.01702146605
2019-05-22	-0.01861669336	-0.02068404457	0.006049435112	-0.01152421392
2019-05-23	-0.03258835385	-0.01721706804	-0.01173935089	-0.004762536805
2019-05-24	-0.01482562235	-0.003847981772	0.0004753981549	-0.004311031334
2019-05-28	-0.01261785157	-0.004143342994	-0.0006339144428	0.006250184479
2019-05-29	-0.02109556783	-0.004780527087	-0.009717320589	-0.01280481203
2019-05-30	-0.008788685744	0.005173200921	0.00630312854	0.007028698509
2019-05-31	-0.02660297029	-0.01828163092	-0.01643916577	-0.009737072221
2019-06-03	-0.0124797341	-0.01016169722	-0.03154006507	-0.005706225653
2019-06-04	0.06664797057	0.0359306515	0.02732680329	0.0184405395
2019-06-05	-0.0121008934	0.01601447887	0.02144746655	-0.005581018014
2019-06-06	0.0175406167	0.01457498065	0.01569123462	0.01758471102
2019-06-07	0.01189173306	0.02626892663	0.02762308183	0.01982704017
2019-06-10	0.0199508543	0.01269841744	0.009090971701	0.008306368666
2019-06-11	0.01550916161	0.01151307278	-0.003777866223	0.009237940985
2019-06-12	-0.0306605552	-0.003187663368	-0.004628408429	-0.01652763612
2019-06-13	0.01399194191	-0.0002060050479	0.006292428177	0.005623827362
2019-06-14	-0.02471959258	-0.007288925755	0.0009819844427	-0.03031389956
2019-06-17	0.002706511084	0.00594885752	0.003015456488	-0.01247199524
2019-06-18	0.0526988922	0.02324619129	0.01723858964	0.02643509121
2019-06-19	0.001568627773	-0.002926929825	0.003913610312	0.01072697623
2019-06-20	0.006379814621	0.008003465569	0.009243023551	0.02429350549
2019-06-21	-0.0153014167	-0.003415029434	0.0001460280376	0.0030203276
2019-06-24	0.005912900744	-0.001006643934	0.005896286418	0.002616833152
2019-06-25	-0.007759623337	-0.01527367	-0.03208121441	-0.01871446217
2019-06-26	0.0500844838	0.02139849461	0.003740279645	0.0265241239
2019-06-27	0.02463441491	-0.0003003453995	0.001641301473	0.002931264007
2019-06-28	0.006083204492	-0.009153612171	-0.001417328946	0.01424028714
2019-07-01	0.01176769028	0.01817458092	0.01275792412	0.03329699891
2019-07-02	-0.02402064334	0.005837554917	0.006611351489	-0.00256177508
2019-07-03	0.003224816629	0.008252736332	0.006422442161	-0.002755401627
2019-07-05	-0.01562976891	-0.0008809710828	-0.002914179536	-0.01926496145
2019-07-08	-0.01900258793	-0.02082944818	-0.0007298737642	-0.008234045277
2019-07-09	0.000635881544	0.006080864075	-0.003657381006	-0.006849341846
2019-07-10	0.01731765044	0.009840116979	0.01013460608	0.007281878197
2019-07-11	0.03812436945	-0.007309035452	0.003981905714	0.00297462197
2019-07-12	0.007978670146	0.007653413484	0.003606206577	-0.002686368305
2019-07-15	-0.002030554561	0.009351124418	0	-0.006844389759
2019-07-16	-0.00114849034	-0.00346586957	-0.01318955275	-0.008548721189
2019-07-17	0.01563014313	-0.00563934313	-0.005926485245	0.05997017529
2019-07-18	0.002753817658	0.01129568745	0.001100150465	0.04042682296
2019-07-19	-0.01027709713	-0.01504008755	0.001464987077	-0.01345879467
2019-07-22	0.01695354945	0.02259679857	0.0131614334	0.01825644466
2019-07-23	0.02501715574	0.007787377719	0.006193308	0.01078730845
2019-07-24	0.01693424978	-0.0008143517971	0.01021400973	0.01658555692
2019-07-25	-0.02999884083	-0.00793864979	-0.003773455049	-0.01728081615
2019-07-26	0.009711600441	0.003471890844	0.008169689882	0.003471472352
2019-07-29	-0.001440444729	0.009295261215	-0.002195701559	0.0005196830051
2019-07-30	0.003585829553	-0.004301493035	-0.004833330896	-0.01145208571
2019-07-31	-0.03910216653	0.02019887553	-0.02950109105	-0.0245163559
2019-08-01	-0.02278002833	-0.02187668805	0.01305016151	-0.00616771792
2019-08-02	-0.02288912222	-0.0213852252	-0.008437640981	-0.006933300687
2019-08-05	-0.06666998185	-0.05376773122	-0.03485916477	-0.03601907746
2019-08-06	0.01026597391	0.0187534317	0.01858427409	0.01292697501
2019-08-07	0.01005768742	0.01030208081	0.00437086298	0.003762284101
2019-08-08	0.02801418509	0.02181615581	0.02633554834	0.0198753473
2019-08-09	-0.02611849915	-0.01206680979	-0.008532228189	-0.01853179038
2019-08-12	-0.01787841932	-0.00254066443	-0.01404045003	-0.007155499353
2019-08-13	0.02994695333	0.04147620984	0.02048251205	0.02190794411
2019-08-14	-0.03910076033	-0.030217008	-0.03390155168	-0.04899091425
2019-08-15	-0.008673592056	-0.004993953369	-0.002241650793	0.005447000901
2019-08-16	0.07000509439	0.02332067277	0.01816142724	0.01414705054
2019-08-19	0.06795615144	0.01847239764	0.01660998338	0.01325449936
2019-08-20	-0.01717439424	4.753868461e-05	-0.008343357428	-0.004647064453
2019-08-21	0.01981757788	0.01078024624	0.01108506189	0.01084046565
2019-08-22	0.001447279601	-0.0008468596131	-0.007303789203	-0.008188992997
2019-08-23	-0.05415793891	-0.04732272966	-0.03238104201	-0.02236094671
2019-08-26	0.01834824323	0.01882097938	0.01532540038	0.01644363184
2019-08-27	-0.02229594143	-0.01134798492	0.002138722745	0.0003737793811
2019-08-28	-0.003591112769	0.006688008526	-0.001326944537	0.007817265624
2019-08-29	0.03522392056	0.01679008903	0.01870852578	0.01832469931
2019-08-30	0.003061178073	-0.001292639318	-0.001884195064	0.01297633219
2019-09-03	-0.02016469675	-0.01467066173	-0.01328971732	-0.01170291015
2019-09-04	0.02758729352	0.01682413324	0.01161996485	0.03242028667
2019-09-05	0.06303377497	0.01936292653	0.01743057671	0.0423010779
2019-09-06	-0.006071582749	-9.377784037e-05	-0.006806402777	0.006181035131
2019-09-09	0.01029099829	0.004258013592	-0.01142373785	0.01154444045
2019-09-10	0.0147384982	0.01174381636	-0.01052641299	0.001407867727
2019-09-11	0.00626920358	0.03130010902	0.0002939015451	0.0146641637
2019-09-12	-0.0003255526285	-0.002260256289	0.01023251144	0.006462517665
2019-09-13	-0.01273596453	-0.01962423604	-0.001455392485	0.008712894456
2019-09-16	-0.009543026762	0.005243372323	-0.007235551391	-0.01122790471
2019-09-17	0.004738715688	0.003631415702	0.007745179738	0.007647060388
2019-09-18	-0.006026917714	0.009335535814	0.008191122598	0.006788674167
2019-09-19	-0.01703504155	-0.008158159416	0.01824150155	-0.0008009932744
2019-09-20	-0.02430103108	-0.0147259266	-0.01162181987	-0.01534205877
2019-09-23	0.01236160902	0.004536609911	-0.002153780716	0.01088484658
2019-09-24	-0.01328854348	-0.004766278501	-0.01272981171	-0.00844671298
2019-09-25	0.03250334591	0.01527234444	0.01430970432	0.004616140364
2019-09-26	-0.005017278476	-0.005171017601	0.001290785407	0.002058236697
2019-09-27	-0.03197064038	-0.004877947262	-0.01305605158	-0.01761102963
2019-09-30	0.01337085316	0.02326264027	0.009394490252	0.01914186827
2019-10-01	-0.0004137075147	0.002764403401	-0.01419799294	-0.01227208047
2019-10-02	-0.00553251757	-0.02538745298	-0.01781292499	-0.02100225442
2019-10-03	0.04669652256	0.008458825279	0.01203277354	0.01675509649
2019-10-04	0.003611543234	0.02764617936	0.01341127973	0.006892500624
2019-10-07	0.01290763211	0.0002202303618	-0.007266417672	0.005593173095
2019-10-08	-0.03930144032	-0.01178412609	-0.01063098835	-0.02181904739
2019-10-09	0.01946756457	0.01165199369	0.01876583856	0.01716024499
2019-10-10	0.01275639714	0.01338836939	0.006201793874	0.02097473229
2019-10-11	0.01604266109	0.02625070314	0.004160993162	0.0332784037
2019-10-14	0.002899144099	-0.001440434074	-0.000931132109	0.006287882077
2019-10-15	0.05140801343	-0.0023345158	0.01440665202	0.02229957477
2019-10-16	-0.01106047365	-0.004045226832	-0.008262897873	-0.05008613702
2019-10-17	0.0004118361774	0.003875231082	-0.005141032387	-0.002794012403
2019-10-18	-0.01975198316	0.004791291576	-0.0164565244	0.002597506282
2019-10-21	0.02854527579	0.0171940829	0.007395625356	0.02334766634
2019-10-22	-0.002022369312	-0.002289425938	-0.01499300283	-0.0199339572
2019-10-23	-0.002661863237	0.01332966708	0.006359438121	0.009240732487
2019-10-24	0.009021574026	0.001643520791	0.01948254133	0.02797572567
2019-10-25	0.03827073918	0.01224105378	0.005629401691	-0.00370538839
2019-10-28	0.01094990179	0.009967195079	0.02428871331	0.009500542713
2019-10-29	-0.01890164447	-0.0233995321	-0.009476762444	-0.007192514673
2019-10-30	0.0003941663433	-0.0001233172337	0.01238535175	0.003960401216
2019-10-31	-0.009801573445	0.02235774605	-0.008611762369	-0.01394965951
2019-11-01	0.007789698765	0.02798549594	0.002438260987	0.03241172235
2019-11-04	0.03829154876	0.006545647933	0.005758506217	0.009489202838
2019-11-05	-0.004227450406	-0.001437926525	-0.0006228158397	-0.005064416858
2019-11-06	-0.009490920722	0.0004277076878	-0.002772773161	-0.01132213227
2019-11-07	0.003404078561	0.008477415432	0.001387347614	-0.004064212608
2019-11-08	-0.002691532914	0.002733030937	0.01171538449	-0.001345945543
2019-11-11	0.001923262445	0.007887623694	0.001027151116	-0.002134792294
2019-11-12	0.006855112629	-0.0009157509797	0.006548901228	0.003256539346
2019-11-13	-0.004993075561	0.009536002966	0.001630545915	0.00866966045
2019-11-14	0.00583236984	-0.006943550122	0.005078387188	-0.0007041601329
2019-11-15	-0.02703676931	0.01180937267	0.01281767708	0.01924054214
2019-11-18	0.03884543027	0.005029474251	0.002464121656	-0.005470074175
2019-11-19	-0.02040654054	-0.003037179635	0.0003325241942	-0.007045642151
2019-11-20	0.01521123296	-0.01170973567	-0.005133173499	-0.009918293068
2019-11-21	-0.004746543941	-0.004493533837	-0.000936141827	-0.006866979774
2019-11-22	0.003362880424	-0.0008782146081	0.0007356137691	-0.00303797702
2019-11-25	0.04779433086	0.01738186335	0.01090363838	0.01834913867
2019-11-26	-0.01922416418	-0.007839334611	0.00527601303	0.001179462744
2019-11-27	0.005698021115	0.0133428022	0.00190570125	3.683580441e-05
2019-11-29	-0.00689689616	-0.002205237396	-0.006190339162	-0.003172849
2019-12-02	-0.03515921123	-0.01162956973	-0.01216244681	-0.01876185654
2019-12-03	-0.007637140394	-0.01799097436	-0.001606103537	-0.002827896234
2019-12-04	0.008439677984	0.008787638814	0.003610112224	0.01840680476
2019-12-05	-0.003252346467	0.01456446893	0.0005337247441	0.01501131941
2019-12-06	0.01628895529	0.01913202364	0.01206591143	0.02256698587
2019-12-09	0	-0.01409914917	-0.002573324636	-0.009217977432
2019-12-10	0.008504139033	0.005827435243	-0.001520711722	0.005712966691
2019-12-11	0.01558039492	0.008493328757	0.003764492772	0.01750910396
2019-12-12	0.03050448114	0.002545046834	0.01010043348	0.01120302993
2019-12-13	-0.0003570918478	0.01350160464	0.008382932413	0.009183437437
2019-12-16	0.005165392743	0.01697307462	0.006450386811	0.01056867402
2019-12-17	0.01384978163	0.001963339735	-0.005415524808	0.006362621625
2019-12-18	0.005329804405	-0.002392217511	-0.002070796055	-0.009131238914
2019-12-19	0.02558573193	0.001000428839	0.00864298466	-0.001164423571
2019-12-20	0.01647777957	-0.002073428691	0.01085856351	0.006047062379
2019-12-23	-0.002308697114	0.01618663766	0	0.008648079266
2019-12-24	-0.0008378016576	0.0009502525923	-0.0001906032599	-0.004094275434
2019-12-26	0.002394248253	0.01964603923	0.008163310639	0.004769403734
2019-12-27	-0.009746665852	-0.0003795000994	0.001826024498	0.001112966169
2019-12-30	-0.01940417921	0.005917584185	-0.00865587461	-0.006018004504
2019-12-31	0.0127455641	0.007279967897	0.000697770335	0.003554325628
2020-01-02	0.01939422078	0.02255987933	0.01834683279	0.02301486088
2020-01-03	-0.0161356174	-0.009769558114	-0.01252992211	-0.01624590476
2020-01-06	0.004193374536	0.007936682486	0.002581459013	-0.007986159407
2020-01-07	0.01204227621	-0.004714229965	-0.00915959785	0.01080145771
2020-01-08	0.001865454662	0.01595831599	0.01580289127	0.01032172712
2020-01-09	0.01092273996	0.02101836455	0.01241557943	-0.001690785623
2020-01-10	0.00533509699	0.002258211167	-0.004637797015	-0.01740454938
2020-01-13	0.03087087781	0.02113933554	0.01195257899	0.01763678733
2020-01-14	-0.01882842146	-0.0135952796	-0.00706803594	0.003642388133
2020-01-15	-0.006931114565	-0.004294740744	0.006455403439	-0.008197447295
2020-01-16	0.01358958354	0.01244869088	0.01815747471	0.003326904393
2020-01-17	0.001396995884	0.01101009592	0.005581074888	-0.003460211065
2020-01-21	-0.005389981272	-0.00679996324	-0.003597126181	-0.005480930772
2020-01-22	0.008482114823	0.003563155109	-0.004816384988	-0.00723117588
2020-01-23	0.01116707965	0.004804304846	0.006136834132	-0.006536081653
2020-01-24	-0.009456898866	-0.002886095425	-0.0101278898	0.005117354216
2020-01-27	-0.04190716737	-0.02984629919	-0.01686463042	-0.03982529705
2020-01-28	0.03184392692	0.02789661304	0.01940623542	0.02054175213
2020-01-29	-0.009855969812	0.02071628375	0.01547257254	0.02033089539
2020-01-30	0.001107149367	-0.001450147583	0.02781706263	-0.005960865716
2020-01-31	-0.03890637596	-0.04535179893	-0.0148686451	-0.04772747744
2020-02-03	0.01636066059	-0.002750054308	0.02408636217	0.0263719091
2020-02-04	0.02790130608	0.03248042529	0.03238646943	0.03769662703
2020-02-05	0.01457369957	0.008121237826	-0.001222154477	0.02341779872
2020-02-06	0.01379812942	0.01162911692	0.02052172257	0.0104893228
2020-02-07	-0.01048570801	-0.01605638611	0.001414889222	-0.01490621885
2020-02-10	0.04423883481	0.004738311181	0.02582069962	0.01532609516
2020-02-11	0.01853635158	-0.006051550067	-0.02283424504	0.02023435239
2020-02-12	0.01720147811	0.02347010221	0.001462820253	0.004514965441
2020-02-13	-0.006478709255	-0.00714650242	-0.00542860027	-0.000598717502
2020-02-14	0.06785674119	0.000246222032	0.008887502276	-0.002998976283
2020-02-18	0.02312659775	-0.01848022156	0.01009187802	-0.02276749874
2020-02-19	0.05932978206	0.01437888519	0.0002670155686	0.02620767004
2020-02-20	-0.01924987256	-0.01031193136	-0.01538905807	-0.0124276399
2020-02-21	-0.04854529619	-0.02289513442	-0.03212308928	-0.02411855976
2020-02-24	-0.07332772472	-0.04866559119	-0.04407260117	-0.052325819
2020-02-25	-0.04195395325	-0.03445911166	-0.01663951537	-0.02020973495
2020-02-26	0.02114467191	0.0157391364	0.01241737809	0.006060518454
2020-02-27	-0.05788041934	-0.06760261041	-0.07306431229	-0.03226257989
2020-02-28	0.0668813802	-0.000585137524	0.02392443663	-0.001877460204
2020-03-02	0.02327626932	0.08901831209	0.0644189226	0.03821805066
2020-03-03	-0.03888969195	-0.03227457792	-0.04910562569	-0.01115805837
2020-03-04	0.06770026446	0.04534100935	0.03605715023	0.05910477343
2020-03-05	-0.0402346113	-0.03297481714	-0.02541553581	-0.04530663293
2020-03-06	-0.02689414723	-0.01336904524	-0.02867448776	-0.000485807491
2020-03-09	-0.08059415524	-0.08239528656	-0.07017837662	-0.08773421573
2020-03-10	0.06177435559	0.0695462493	0.06614723841	0.05832395682
2020-03-11	-0.057578477	-0.03534793886	-0.04636023294	-0.05745282714
2020-03-12	-0.1305265868	-0.1039777771	-0.09964161947	-0.09272021494
2020-03-13	0.1074110027	0.1131574585	0.1329289532	0.06512246276
2020-03-16	-0.2039794167	-0.1377080757	-0.1594533878	-0.1135886919
2020-03-17	0.1009966289	0.04303085743	0.07912206998	0.03840540409
2020-03-18	-0.06883113866	-0.02478456493	-0.04300763845	-0.1905452596
2020-03-19	0.04884181549	-0.007691562998	0.01631910752	0.08296322608
2020-03-20	-0.03448914162	-0.06559035827	-0.03828218657	0.0096250714
2020-03-23	0.03317354979	-0.02147301481	-0.01002459644	0.07594075974
2020-03-24	0.158330417	0.09560591374	0.08699912021	0.1098069741
2020-03-25	-0.01438990069	-0.005523978303	-0.009618715357	0.007122646333
2020-03-26	0.04622387508	0.05128514838	0.06067266602	0.05142683757
2020-03-27	-0.01769568969	-0.04228374956	-0.04192759554	-0.08815209788
2020-03-30	0.04963242428	0.02813836027	0.06797699159	0.0592125312
2020-03-31	-0.00751343323	-0.002042821374	-0.01585237952	-0.02412940145
2020-04-01	-0.08107510688	-0.05405192826	-0.03615396018	-0.04947645679
2020-04-02	0.04975511885	0.01654903568	0.02049718765	-0.006971758477
2020-04-03	-0.04630531009	-0.01447572261	-0.00925303441	-0.01085619233
2020-04-06	0.09567090059	0.08364005696	0.07173240359	0.1029333052
2020-04-07	-0.03554224113	-0.01164987309	-0.01082867377	0.005370424149
2020-04-08	0.03013270299	0.02527251536	0.009981216088	0.02173643646
2020-04-09	-0.01509736094	0.007190234325	6.055651439e-05	-0.006373921001
2020-04-13	0.02590215455	0.01943746067	0.002238016963	-0.00983834695
2020-04-14	0.05091746224	0.04926928956	0.04829805729	0.05269144093
2020-04-15	-0.01100601066	-0.009169239016	-0.01053311434	-0.02254129251
2020-04-16	0.04817277759	0.007914315018	0.02957913684	0.03447957615
2020-04-17	-0.008108797114	-0.01366155859	0.0087729727	0.01105359439
2020-04-20	-0.01818570861	-0.02097516735	-0.02001989614	-0.01386191159
2020-04-21	-0.06305046776	-0.03139814129	-0.04223679586	-0.03663950793
2020-04-22	0.05989624323	0.02839649356	0.03340089008	0.0481987535
2020-04-23	-0.0074926687	-0.00388293631	-0.01217618105	-0.01906384206
2020-04-24	0.0194427324	0.02846070233	0.01809454808	0.008395892689
2020-04-27	0.02554223961	0.000706539048	-0.002868619294	-0.003226141385
2020-04-28	-0.01944184682	-0.01634215275	-0.0246624493	0.001785960085
2020-04-29	0.02407630452	0.03231726915	0.04389599998	0.04130777315
2020-04-30	-0.02092367358	0.02087672333	0.00998213762	-0.05162087655
2020-05-01	-0.03304303676	-0.01623039042	-0.02623249522	-0.03302560973
2020-05-04	0.0296295261	0.01404966174	0.02416574403	0.01465592539
2020-05-05	0.008396286062	0.01489735027	0.01067863318	0.0180922822
2020-05-06	0.0137002339	0.01026438742	0.009799142546	0.0122362578
2020-05-07	0.02349676017	0.01029179956	0.005790151098	0.02600359539
2020-05-08	0.02471245279	0.02081949211	0.005865119452	0.01592775274
2020-05-11	0.03187069087	0.01561281994	0.01109267742	-3.285205079e-05
2020-05-12	-0.03315151077	-0.01149401243	-0.02291230901	-0.02582420302
2020-05-13	-0.002887856972	-0.01214759874	-0.01523796944	-0.008123796497
2020-05-14	0.03169045433	0.006124551298	0.004329972347	0.02788477865
2020-05-15	0.05573643187	-0.005929543497	0.01446311884	-0.03364514361
2020-05-18	0.03009333286	0.02328786565	0.00950913243	0.04134964636
2020-05-19	0.006299969002	-0.005795271752	-0.006946356688	0.004450706041
2020-05-20	0.01850914982	0.01926147124	0.01099418044	0.06139071485
2020-05-21	-0.02195611496	-0.007483370352	-0.01208392065	-0.02063272237
2020-05-22	0.02821297705	0.006417739962	0.0004360385963	0.001159238792
2020-05-26	-0.03477562566	-0.006796539803	-0.01062790764	0.00156440694
2020-05-27	-0.02234042921	0.004347558987	0.001320931449	-0.004166737963
2020-05-28	-0.004490902317	0.0004400025214	-0.00225764805	0.0045105793
2020-05-29	0.04475909082	-0.0009745517048	0.01014680309	0.0293794611
2020-06-01	-0.007827297368	0.01222291277	-0.002294581426	-0.00847256074
2020-06-02	0.002155222141	0.004618802675	0.01131246088	0.02419009495
2020-06-03	-0.00634280436	0.005489943777	0.002430659905	0.0339812147
2020-06-04	-0.000342153288	-0.008649504067	-0.01325098133	0.01947417171
2020-06-05	0.01735830766	0.02808296874	0.02312866525	0.01157221535
2020-06-08	-0.01297620464	0.005895108506	0.006177461332	-0.02256384034
2020-06-09	0.02700292911	0.03108966905	0.0076158608	0.0002290360455
2020-06-10	0.03484885139	0.02540210921	0.03642032982	-0.004044465893
2020-06-11	-0.06284034392	-0.04920119977	-0.05519398195	-0.04416046321
2020-06-12	0.01536513239	0.00859646616	0.007860792864	0.0301224029
2020-06-15	0.02665528428	0.01229132944	0.006371477432	0.02002721753
2020-06-16	-0.01154472512	0.02615713028	0.02420969982	0.005811485461
2020-06-17	0.01830202142	-0.001392698507	0.003455303714	0.02900295664
2020-06-18	-0.001950797194	0.0003981118178	0.01065147309	-0.009788096835
2020-06-19	0.004686333275	-0.005731001501	-0.005977487336	0.004975342068
2020-06-22	0.0282539552	0.0258273716	0.02739481937	0.009986840894
2020-06-23	-0.008083641272	0.02112016745	0.006658740564	0.006430186467
2020-06-24	-0.02295998747	-0.01780968914	-0.02036343035	-0.01389712295
2020-06-25	0.02718385858	0.01318821708	0.01255729997	0.01365162042
2020-06-26	-0.0359384345	-0.03120773252	-0.02021900627	-0.01315392914
2020-06-29	0.004903305929	0.02278512348	0.01068987052	0.008395661576
2020-06-30	0.03185670879	0.008312965927	0.02522835629	0.00878778648
2020-07-01	0.003384524826	-0.001893238414	0.005830348943	-0.001196269956
2020-07-02	0.008598810707	0	0.007592016221	0.01519987148
2020-07-06	0.02333087857	0.02639862766	0.02129781192	0.03226936817
2020-07-07	0.003307800692	-0.003107672552	-0.01169603976	-0.008964463014
2020-07-08	0.03427291109	0.0230230576	0.02175444393	0.02561028916
2020-07-09	0.02827691415	0.003559747248	0.006976500262	0.006611930606
2020-07-10	-0.002830150115	0.002479092096	-0.003037456481	0.003340168595
2020-07-13	-0.04160041873	-0.004623893085	-0.0313758684	-0.01843334919
2020-07-14	0.03179035458	0.01641296875	0.006162457517	0.02090597497
2020-07-15	-0.01453120311	0.006853825297	-0.001488988964	-0.05543594167
2020-07-16	-0.009085569396	-0.01238126989	-0.02000260884	0.02574256394
2020-07-17	0.006559722189	-0.002022297811	-0.005113088819	-0.004240325808
2020-07-20	0.02986853167	0.02085495621	0.04208302874	0.02036015471
2020-07-21	-0.01749623552	-0.01389782169	-0.01356033625	-0.01976073587
2020-07-22	0.01062256886	0.002805339703	0.0142689698	0.02261758915
2020-07-23	-0.03004805859	-0.04658488215	-0.04446893563	-0.02154995023
2020-07-24	0.006366784446	-0.002480320478	-0.006141065258	-0.04402833696
2020-07-27	0.02202262072	0.02342377336	0.01258809662	0.03763153181
2020-07-28	-0.0199648052	-0.01656402111	-0.009017726864	-0.01429839433
2020-07-29	0.02417795837	0.0189869878	0.01004736585	-0.03169041676
2020-07-30	0.01408975134	0.01202754655	-0.0007843906667	-0.005196959521
2020-07-31	7.536930965e-05	0.09956351886	0.005429080856	-0.02515311615
2020-08-03	0.0365819446	0.02488540226	0.05471652945	0.03579297301
2020-08-04	0.01956164741	0.006655941133	-0.01512254583	0.01009588731
2020-08-05	0.005241055587	0.003618121843	-0.001642306166	-0.004926651728
2020-08-06	0.004305492831	0.03429443303	0.01588703078	0.001951907796
2020-08-07	-0.0120702597	-0.02479961772	-0.01804960038	-0.008595184154
2020-08-10	-0.003085249155	0.01443020036	-0.02010858524	-0.001804561107
2020-08-11	-0.02861880531	-0.03019105725	-0.02366313068	-0.01128369524
2020-08-12	0.0529771294	0.03269396569	0.02816677954	0.0366829153
2020-08-13	0.0002359799515	0.01754277073	-0.002345115818	-0.0001334098218
2020-08-14	0.01051863482	-0.0008916242286	0.0009578544794	-0.009814253016
2020-08-17	0.06470605294	-0.00261420971	0.006584307389	0.01977092454
2020-08-18	-0.006195695855	0.008298261982	0.005737740093	-0.003413920985
2020-08-19	-0.01002496172	0.001253945769	-0.008499778137	-0.006062558454
2020-08-20	0.0002059350488	0.0219469666	0.0230046913	-0.007415274036
2020-08-21	0.0437137816	0.05024857215	-0.007296571194	-0.0001343562323
2020-08-24	0.002897206382	0.0118893209	0.003140308643	0.01565135734
2020-08-25	0.002332129065	-0.008237558175	0.01292560305	0.007485341084
2020-08-26	0.001802296456	0.01350740158	0.0213892346	0.01327701277
2020-08-27	-0.01139324092	-0.01202642386	0.02425687913	-0.02545601543
2020-08-28	0.0403141171	-0.001621183819	0.01023082976	0.008601463663
2020-08-31	0.01709546466	0.03334988353	-0.01487572542	-0.01403857727
2020-09-01	0.03283926572	0.03905974832	0.007685550198	0.03342929665
2020-09-02	0.0373168354	-0.02093607608	0.01908887388	0.02951614211
2020-09-03	-0.0973650551	-0.08344778809	-0.0639487246	-0.05766781902
2020-09-04	-0.03066001917	0.0006615944667	-0.01413532978	-0.02350897691
2020-09-08	-0.05785069493	-0.06966628412	-0.05561385946	-0.05617269074
2020-09-09	0.06515215806	0.0391116158	0.04170189941	0.03401958127
2020-09-10	-0.03222424678	-0.0331905168	-0.02841836707	-0.006616716632
2020-09-11	-0.01203627822	-0.01321585602	-0.006546188496	0.006227070092
2020-09-14	0.05655584195	0.02951545872	0.006740939945	0.02395702953
2020-09-15	0.009179094194	0.001602460336	0.01627308418	0.00625857175
2020-09-16	-0.03736883799	-0.02995787788	-0.01802721414	-0.02148506814
2020-09-17	-0.004083599237	-0.01609240463	-0.01049132086	0.01195976511
2020-09-18	-0.02224585506	-0.0322341196	-0.01249706321	-0.001091286189
2020-09-21	0.02655316974	0.02987498594	0.01067193014	-0.01020640993
2020-09-22	0.009580635474	0.01559362797	0.02380832526	0.0055551115
2020-09-23	-0.04152186008	-0.04285130078	-0.03348269932	-0.01960738528
2020-09-24	0.01832364379	0.01021649083	0.01287847806	0.007245196939
2020-09-25	0.04170013168	0.03682955928	0.02253081853	0.0008880995255
2020-09-28	0.01244380906	0.02358849028	0.007764981737	0.02892729791
2020-09-29	0.01453142002	-0.007596631162	-0.01046325841	0.007892022816
2020-09-30	0.02277692901	0.01496330659	0.01470368213	-0.01272771362
2020-10-01	0.006189004835	0.008426533094	0.01007600946	0.03391870248
2020-10-02	-0.04140518265	-0.03281265609	-0.02995566155	-0.03194378064
2020-10-05	0.04345970148	0.0303264788	0.02011734551	0.03220551963
2020-10-06	0.006866603553	-0.02908852657	-0.02147623919	-0.03190826652
2020-10-07	0.01642606561	0.01682479225	0.01885849895	0.01525682823
2020-10-08	-0.009013574101	-0.0009563139177	0.003567949362	0.01345353255
2020-10-09	-0.005499714966	0.0172462669	0.02453276252	0.02104301682
2020-10-12	0.03310197613	0.06158468864	0.02557262932	0.02550802614
2020-10-13	0.001559306635	-0.02688552975	0.006572751344	0.01519570642
2020-10-14	-0.01078917446	0.0007429114213	-0.009014755	-0.01772998958
2020-10-15	-0.008929235214	-0.003968587267	-0.005448120259	-0.02921441515
2020-10-16	-0.0114105948	-0.0140994285	0	0.0008532975294
2020-10-19	-0.02297486927	-0.02587378377	-0.02507737202	-0.004118056609
2020-10-20	0.01088308775	0.0131056739	0.002005270334	-0.0009087723112
2020-10-21	-0.008884759756	-0.005461230401	0.0006985679641	-0.005104443606
2020-10-22	-0.01218502159	-0.009629512979	0.0004189066598	-0.01977651798
2020-10-23	0.01701628737	-0.006152798994	0.006216386691	0.008116109586
2020-10-26	-0.03360396989	8.692250864e-05	-0.02885424543	-0.02967847339
2020-10-27	0.01926353938	0.01338245744	0.01497677582	-0.00305235568
2020-10-28	-0.05917849401	-0.0474188921	-0.05083680576	-0.009626666777
2020-10-29	0.0309564308	0.03638049095	0.01001481124	0.02180754796
2020-10-30	-0.03834885746	-0.05764821976	-0.01105146443	-0.02636512625
2020-11-02	0.003726890453	-0.0008270919003	-0.0006916996323	0.01101302395
2020-11-03	0.03427639133	0.01523682596	0.02006134409	0.01858260099
2020-11-04	0.05780722977	0.04002486415	0.0471209633	0.02897985759
2020-11-05	0.02616562491	0.03487831097	0.03138903986	0.03889428913
2020-11-06	0.02799430771	-0.002860510111	0.001923894913	0.02001483965
2020-11-09	-0.06608345793	-0.02017003828	-0.02411281468	0.0002215193777
2020-11-10	-0.065233268	-0.003013476817	-0.03437692956	-0.01745262326
2020-11-11	0.0494984191	0.02990114889	0.02591594194	0.04588802853
2020-11-12	0.002887465355	-0.002346042132	-0.005139019157	-0.01283164566
2020-11-13	-0.01194610862	0.000419339965	0.004954287249	0.01650864708
2020-11-16	0.01628393117	0.008682639286	0.003319964317	0.0163577693
2020-11-17	-0.006904874191	-0.007593177623	-0.01283345928	-7.034080121e-05
2020-11-18	0.0004841514967	-0.01145661592	-0.01588603225	-0.006280230923
2020-11-19	0.000856001928	0.005154868389	0.006328238356	-0.001062360665
2020-11-20	-0.0265771577	-0.01101799433	-0.009602495676	0.0005431253454
2020-11-23	0.003980514486	-0.03019391099	-0.001331748116	0.008369233326
2020-11-24	-0.01397080702	0.01152750517	0.01769039223	-0.006765194579
2020-11-25	0.02115951808	0.007439480679	4.675846914e-05	-0.001863757543
2020-11-27	0.00200029505	0.004814728586	0.006338869978	0.03318737083
2020-11-30	0.01051662182	0.02088006599	-0.005404159437	-9.137635643e-05
2020-12-01	-0.0008584812874	0.03036176469	0.009947093265	0.02595498415
2020-12-02	0.01147240116	0.002929212835	-0.003892678348	0.003910073408
2020-12-03	-0.01102440593	-0.001138118975	-0.005260597314	0.004204011059
2020-12-04	0.01204275099	-0.005628303124	0.0005599626838	0.02505336587
2020-12-07	0.003570761862	0.01219527309	-0.0003266067917	0.01143334512
2020-12-08	-0.01905328294	0.005077994227	0.007994465074	-0.002472558011
2020-12-09	-0.03190432236	-0.0211252575	-0.01968226974	-0.03403623315
2020-12-10	0.003204252426	0.01191753555	-0.006061772682	0.01078313713
2020-12-11	0.00314791201	-0.006757607641	0.0129314181	-0.01135739282
2020-12-14	0.02246124364	-0.005159927907	0.004398079424	0.0007950354872
2020-12-15	0.003877121991	0.04887618601	-0.0003268507955	0.03537217262
2020-12-16	-0.008871238121	-0.000547538048	0.02376614478	0.004740503972
2020-12-17	0.007433132577	0.006939328458	0.0006382493948	0.01216249724
2020-12-18	-0.005207934126	-0.01601726005	-0.003789872347	-0.0001257150043
2020-12-21	0.004533109554	0.01235867192	0.01813368516	-0.01048982763
2020-12-22	-0.004058538637	0.02806689173	0.00604664463	0.008266252628
2020-12-23	-0.02046663749	-0.007000485141	-0.01312496367	-0.003281450147
2020-12-24	-0.001192165691	0.007682690966	0.00779687119	0.01768848783
2020-12-28	-0.007245009253	0.03514096414	0.009872542271	-0.005916992754
2020-12-29	0.003350968376	-0.01340423664	-0.003607138021	0.007819588717
2020-12-30	0.01552403623	-0.008563289977	-0.01108057005	0.01211613311
2020-12-31	-0.006931113821	-0.007732481004	0.003332585836	-0.004480230073
2021-01-04	0.004471031771	-0.02502992171	-0.02149545398	0.02486662773
2021-01-05	0.02197061785	0.01228799733	0.0009642095377	0.01066294817
2021-01-06	-0.06076590582	-0.03424114646	-0.02627141676	-0.03041677666
2021-01-07	0.05621989966	0.03355393992	0.02805962879	0.02260974647
2021-01-08	-0.00504869446	0.00859418911	0.006074326183	0.01447306414
2021-01-11	0.02563127566	-0.02352328516	-0.009745907709	-0.001554063006
2021-01-12	-0.01008630163	-0.001396539912	-0.01184047874	0.01170405187
2021-01-13	0.00347934584	0.01609646213	0.006538850483	0.0002529207496
2021-01-14	-0.02480291442	-0.01524278935	-0.01546518619	0.05780339637
2021-01-15	-0.0261567188	-0.01382564495	-0.001738436315	-0.03199452118
2021-01-19	0.0128107822	0.005412414672	0.01766575107	0.04085990849
2021-01-20	0.02580558563	0.03232791331	0.03584938544	-0.0002184041942
2021-01-21	0.03684876731	0.03600240073	0.002804301764	0.0381433948
2021-01-22	-0.01124014735	0.01594583327	0.004346675876	-0.00226278173
2021-01-25	-0.004326574947	0.02730762966	0.01572000405	-0.003236419549
2021-01-26	-0.0160956791	0.001677852743	0.01212503488	-0.03333612166
2021-01-27	-0.03927936634	-0.007713382328	0.002450402103	-0.04540518928
2021-01-28	0.01025855397	-0.03561185912	0.02556144511	0.04215766312
2021-01-29	-0.00470032508	-0.03813879809	-0.02960567899	-0.0241554958
2021-02-01	0.01885150463	0.01638518431	0.0326145826	0.03717299065
2021-02-02	0.02387232773	0.006316670949	-0.0005843559729	-0.001606658046
2021-02-03	-0.001941870047	-0.007808763139	0.01446627371	-0.01931819181
2021-02-04	0.009840195894	0.02543165845	-0.004082395724	0.0228170321
2021-02-05	-0.005378783335	-0.004596032165	0.000784783502	-0.00474623043
2021-02-08	0.06050429274	0.001096210875	0.001114160265	0.02003988948
2021-02-09	-0.01222930797	-0.006595363201	0.00534716641	0.002656044058
2021-02-10	0.03452931092	-0.004568909938	-0.003904729678	0.002454985823
2021-02-11	0.03241985604	-0.001922224457	0.006853980167	0.04251330807
2021-02-12	-0.01916509353	0.001774492148	0.002042985102	0.01089544196
2021-02-16	0.024364395	-0.01623508998	-0.005279432754	0.008575310848
2021-02-17	-0.0280674457	-0.01780147754	0.002049601045	-0.02613693529
2021-02-18	-0.005179093467	-0.008674013318	-0.001680362698	-0.008717556874
2021-02-19	0.006553433748	0.001232760769	-0.01163475456	0.02025764332
2021-02-22	-0.03898411501	-0.03025204317	-0.02717421351	-0.02711394677
2021-02-23	-0.01500494855	-0.001111728853	-0.00530164994	-0.004209365544
2021-02-24	0.02493058835	-0.004060353494	0.005472203814	0.03234903104
2021-02-25	-0.08575189547	-0.03540192705	-0.0239904503	-0.06105222705
2021-02-26	0.03012588123	0.00222910309	0.01469562828	0.01299203621
2021-03-01	0.009232107726	0.05245129098	0.01943298177	0.02861211657
2021-03-02	-0.03196102929	-0.02111501482	-0.0130415391	-0.03560187278
2021-03-03	-0.04590464509	-0.02476054968	-0.02735146554	-0.0353145828
2021-03-04	-0.0345216623	-0.01593823738	-0.003654057644	-0.06282304467
2021-03-05	0.007345453013	0.01068111997	0.02125186346	0.03188580938
2021-03-08	-0.07221654631	-0.04256677608	-0.01834514072	-0.04829791285
2021-03-09	0.07692398201	0.03980394469	0.0277138972	0.07170132123
2021-03-10	-0.004161903833	-0.009167716088	-0.005834422385	-0.03046761515
2021-03-11	0.04125980921	0.0163680599	0.02006243416	0.03947203055
2021-03-12	-0.01063860398	-0.00765467337	-0.005836592444	-0.01251367955
2021-03-15	0.02574689295	0.02416246844	-0.003995245029	0.01762550006
2021-03-16	0.007552164462	0.01266245481	0.01227476683	0.003994278362
2021-03-17	0.003754801164	-0.006471480261	-0.002822540052	0.01837826198
2021-03-18	-0.04749240753	-0.03449320714	-0.02702404917	-0.0371006182
2021-03-19	0.009644830185	-0.004490278624	-0.001604962715	0.01514831886
2021-03-22	0.02616150217	0.02794166493	0.02418953986	0.05087396714
2021-03-23	-0.008797677197	-0.006912563613	0.006714977615	-0.03017341146
2021-03-24	-0.03327703231	-0.02019604562	-0.008963361211	0.03465993778
2021-03-25	-0.008555038018	0.004154900443	-0.01333923156	0.009324157078
2021-03-26	0.02396211533	0.005128216367	0.01766182167	0.06892209273
2021-03-29	0.008453725755	0.001483924427	-0.005257368168	-0.02864819359
2021-03-30	-0.005925633429	-0.01235044088	-0.01451565875	-0.01109753469
2021-03-31	0.03635016395	0.01859173567	0.01676614271	0.02637497488
2021-04-01	0.03413426335	0.006934557669	0.02752620875	0.03147430697
2021-04-05	0.01264077438	0.02330358568	0.02735101916	0.00530687929
2021-04-06	-0.009048860624	0.00245924522	-0.004869910818	-0.01969334194
2021-04-07	0.02013994158	0.01330152231	0.008196767204	-0.002295626566
2021-04-08	0.01219248779	0.01905114538	0.01331630529	0.02103611887
2021-04-09	0.005780564204	0.02001167956	0.01021419212	-0.008727099809
2021-04-12	0.05465915131	-0.01328382544	0.0002344849159	-0.00615143272
2021-04-13	0.03046676877	0.02401590937	0.01003118831	-0.002080108725
2021-04-14	-0.02600569728	-0.01801444798	-0.01128241037	0.002967997036
2021-04-15	0.05478493322	0.01853502955	0.0151821045	0.01743846623
2021-04-16	-0.01402839872	-0.002531081527	0.004767039629	0.005591031664
2021-04-19	-0.03522105553	0.005055772851	-0.007700045745	-0.02442510513
2021-04-20	-0.01247842321	-0.01291303631	-0.001856867071	-0.02112263287
2021-04-21	0.01239379413	0.002925623781	0.008943086356	0.06061127311
2021-04-22	-0.03377921221	-0.01175420405	-0.01317257096	-0.01289765918
2021-04-23	0.02756221173	0.01787773897	0.01535761007	0.03614961143
2021-04-26	0.01383738205	0.002973537725	0.001530514934	-0.0007007865497
2021-04-27	-0.006234668508	-0.002452529935	0.001604523572	0.003528758547
2021-04-28	-0.006849654618	-0.006045471261	-0.0286934288	-0.01116478361
2021-04-29	0.003137093444	-0.0007488954143	-0.008085712698	-0.004307819468
2021-04-30	-0.0207890972	-0.01524903105	-0.001307733647	-0.02194536329
2021-05-03	-0.0115727529	0.008181863825	-0.001269740667	0.009719622325
2021-05-04	-0.03327005063	-0.03602678492	-0.01629176432	-0.03963337106
2021-05-05	0.007441946473	0.001953507165	-0.005341331033	0.02027011363
2021-05-06	0.004451122716	0.01272123888	0.01314005202	0.003825166767
2021-05-07	0.01972431707	0.003616083956	0.01087248608	0.02184428064
2021-05-10	-0.03759285228	-0.0261432457	-0.02113600416	-0.04870969001
2021-05-11	0.002834935278	-0.007437920032	-0.003850757682	0.005405762337
2021-05-12	-0.03904318475	-0.02525467982	-0.02980250655	-0.04670880017
2021-05-13	-0.006797041899	0.0177610223	0.01672134058	0.03463288074
2021-05-14	0.04140578492	0.01965042232	0.02084850952	0.03882928674
2021-05-17	-0.005456127023	-0.009301659372	-0.01204076737	-0.01934422923
2021-05-18	-0.01062416624	-0.01130945472	-0.0086020274	-0.004986046273
2021-05-19	0.003561054416	-0.001282359717	0.0001645413414	-0.002232833061
2021-05-20	0.0381310077	0.02079440007	0.01372570568	0.02812111371
2021-05-21	0.02562605816	-0.01487722304	-0.005329006814	-0.01482957945
2021-05-24	0.04053646436	0.01322634416	0.02262421329	0.03039897602
2021-05-25	0.002290482706	-0.001574803475	0.003741297896	0.02004213596
2021-05-26	0.00333038033	-0.0003940886751	-0.0009141313409	-0.009745529503
2021-05-27	-0.01359518182	-0.0124540538	-0.008706125278	-0.001021895705
2021-05-28	0.04768885941	-0.005362372288	0.001482995923	0.01548637502
2021-06-01	0.001230428652	-0.00265177543	-0.009173638004	-0.005448067689
2021-06-02	0.03110156622	0.006256537614	-0.000404285431	0.003402955977
2021-06-03	0.01134890885	-0.01222863187	-0.006450195788	-0.01223914142
2021-06-04	0.03522989311	0.01884351951	0.02046395682	0.02580951005
2021-06-07	0.002312678424	7.943127213e-05	0.01197002005	-0.001933669886
2021-06-08	-0.009237150866	0.006649802845	-0.00489751759	-0.001834580139
2021-06-09	-0.005669936173	0.003072441067	0.004030351591	0.002728634736
2021-06-10	0.003835178477	-0.008055642994	0.01429071166	0.02510023059
2021-06-11	0.02271283981	0.009784659458	0.00252363615	-0.004166165643
2021-06-14	0.01079686083	0.02428075689	0.007725327154	0.01749241109
2021-06-15	-0.0128634762	-0.006458580039	-0.005904503406	-0.01070089794
2021-06-16	0.001224760538	0.003926253167	-0.003800369099	-0.003897694162
2021-06-17	0.04646054879	0.01252211522	0.01358360008	-0.000314762357
2021-06-18	-0.0009974260801	-0.01014308029	-0.005650275444	-0.04053405464
2021-06-21	-0.01140680366	0.01400540475	0.01225928084	0.01417477052
2021-06-22	0.02463000469	0.01261846396	0.01090630722	0.007552397475
2021-06-23	0.008986964906	-0.002092050972	-0.0008854809965	-0.006084291801
2021-06-24	0.007746466076	-0.002171390917	0.005319911412	0.01939551593
2021-06-25	-0.009127467811	-0.002251239132	-0.006281640335	-0.01272814224
2021-06-28	0.04891276363	0.01246796546	0.01386465047	0.02575089062
2021-06-29	0.002089384392	0.01143459768	0.009923802097	-0.0006108865859
2021-06-30	-0.001214110813	0.004610495195	-0.00184399831	-0.01841545889
2021-07-01	0.01041922169	0.00226087687	0.002580646593	-0.01683067135
2021-07-02	0.01351405122	0.01940687824	0.022030932	0.01204243254
2021-07-06	0.01027069523	0.01461122525	3.601591904e-05	-0.002431904272
2021-07-07	-0.0159096423	0.01779592657	0.008142228307	0.006264327741
2021-07-08	-0.02329116623	-0.00924227419	-0.009006968579	-0.02418979052
2021-07-09	0.007383690884	0.01297053037	0.001872659723	0.02589802957
2021-07-12	0.02279034018	-0.004212567951	-0.002233188984	0.02351502391
2021-07-13	-0.01287966286	0.007858315755	0.01311141835	-0.001965734637
2021-07-14	-0.02037908972	0.02381468765	0.005430455767	0.01418224245
2021-07-15	-0.04511725625	-0.004502241923	-0.005252522989	-0.01769907865
2021-07-16	-0.04338200986	-0.01417597585	-0.0009968315824	-0.02374766612
2021-07-19	0.03350538636	-0.02728323224	-0.013410987	-0.004987541511
2021-07-20	-0.008975290114	0.02564243061	0.008304471359	7.309674357e-05
2021-07-21	0.0419818632	-0.005144926458	0.007419066702	0.05260812292
2021-07-22	0.009434999742	0.009582551081	0.01670405686	0.01229580181
2021-07-23	-0.001838987032	0.01191780086	0.01226114247	0.02465518714
2021-07-26	-0.01359024314	0.002890272555	-0.002142660482	0.007921598043
2021-07-27	-0.004467307829	-0.01501245398	-0.008721541063	-0.01132246091
2021-07-28	0.01524144097	-0.01227093375	-0.001117396582	0.01894494241
2021-07-29	0.008119539054	0.004542021435	0.0009777902721	0.007669302194
2021-07-30	-0.008324656741	0.001509434249	-0.005565195232	0.00134425287
2021-08-02	0.01279030914	-0.002333723346	-0.0003159391317	0.003788105207
2021-08-03	0.003285735295	0.0125650383	0.008042845048	0.01275530791
2021-08-04	0.02290005032	-0.002786179642	-0.00212680728	0.02025453207
2021-08-05	0.01774630425	0.0007482739031	0.0104509397	-0.0009181062504
2021-08-06	-0.01321873746	-0.006275600405	-0.000207261046	-0.01453736875
2021-08-09	-0.003492293459	-0.0003421962186	-0.003911460706	0.006870430852
2021-08-10	-0.01784740769	-0.003359734382	-0.006576567365	0.0007731452821
2021-08-11	-0.01195926957	0.001784121794	0.001778894416	-8.86912342e-05
2021-08-12	0.01040308342	0.02056052071	0.009917551293	-0.01038034144
2021-08-13	0.01411741203	0.001409443503	0.01043499669	0.01005084797
2021-08-16	-0.01185922514	0.01345700142	0.005957971493	-0.002042746109
2021-08-17	-0.02497084678	-0.006173063976	-0.005172894737	-0.01379896696
2021-08-18	-0.02171626719	-0.02583181907	-0.008050607877	-0.005306627646
2021-08-19	0.03903889313	0.002320344998	0.0205624266	0.01166066393
2021-08-20	0.05014099927	0.01010554905	0.02525378329	0.008498544484
2021-08-23	0.05340961604	0.01020485526	0.0009523653862	0.02930576016
2021-08-24	-0.007542720499	-0.0006013430175	-0.006685683671	-0.007432495894
2021-08-25	0.01908888576	-0.008456993823	-0.002017763614	0.002801400052
2021-08-26	-0.006549107665	-0.005542427165	-0.009715597967	0.003792914154
2021-08-27	0.02541296387	0.007158806828	0.002104174053	0.0267435305
2021-08-30	0.002294591069	0.02996379542	0.01282940141	0.007976078303
2021-08-31	-0.01344505866	-0.008460453811	-0.005648519486	-0.00783201722
2021-09-01	0.002498551249	0.004468693774	-0.0001656424446	0.01090023388
2021-09-02	-0.002007271455	0.007447120908	-0.002255465482	0.02243776071
2021-09-03	0.01976235319	0.004221470793	-3.320659483e-05	-0.00369318519
2021-09-07	-0.007955211715	0.01537057175	-0.003192978167	0.004261944092
2021-09-08	-0.01435548308	-0.01013478848	9.993504231e-05	-0.004395969306
2021-09-09	-0.007278314096	-0.006727498043	-0.0099086942	-0.005246902174
2021-09-10	0.01348133731	-0.0336621012	-0.005194291225	0.006272029531
2021-09-13	-0.01460926723	0.003885841684	0.004319223857	0.01429991248
2021-09-14	0.004054607528	-0.009608029031	0.00938376134	0.01913308447
2021-09-15	0.004441162	0.006124871915	0.01663920892	0.00141780152
2021-09-16	-0.004441162	-0.001611712121	0.001311389605	-0.002273956311
2021-09-17	-0.01549575657	-0.01851841965	-0.01768378066	-0.03143645849
2021-09-20	-0.03659767232	-0.0215925344	-0.01874939217	-0.02247549902
2021-09-21	0.006279677852	0.003422149514	0.001697505076	0.01650317318
2021-09-22	0.0321883903	0.01673158501	0.01274074331	0.01164325412
2021-09-23	0.02435795638	0.006696758661	0.003276827756	0.0172429925
2021-09-24	-0.0179974788	0.0006127659766	-0.0007012740098	-0.01253590704
2021-09-27	-0.01925026867	-0.01060600451	-0.01745562585	-0.03933305574
2021-09-28	-0.04538185165	-0.02408916259	-0.0368751641	-0.06829106878
2021-09-29	-0.008831579142	0.006462058028	0.001691570744	-0.03887879487
2021-09-30	0.009652537778	-0.009355394791	-0.007350895413	-0.007101191302
2021-10-01	0.001254281606	0.008094360576	0.02514930627	-0.0044387128
2021-10-04	-0.0499189468	-0.02491345716	-0.02093713432	-0.03969588029
2021-10-05	0.03579009768	0.01405910757	0.01976037857	0.02757106741
2021-10-06	0.01210191922	0.006287329532	0.01495207191	-0.000504991924
2021-10-07	0.01795380362	0.009043491127	0.005918787263	0.01936085135
2021-10-08	-0.01164524209	-0.002725463793	0	-0.02240986347
2021-10-11	-0.006550136601	-0.000630009471	-0.00210497803	-0.01154155606
2021-10-12	-0.001160373384	-0.009144689501	-0.004598805605	0.004367845279
2021-10-13	0.01288169699	-0.004248997257	0.01164323478	0.02636477369
2021-10-14	0.03781638377	0.02002385377	0.02150117885	0.04449381368
2021-10-15	0.005320137296	0.007484442422	0.004810869961	0.01417395786
2021-10-18	0.01633281929	0.01173698226	0.01007367472	-0.001495924519
2021-10-19	0.003055358236	0.0149676019	0.003054330422	0.01603376953
2021-10-20	-0.00842480148	0.003355482646	-0.002663896059	-0.04241197641
2021-10-21	0.02629909355	0.001472852914	0.0108385486	0.02554052644
2021-10-22	0.001497204031	-0.005299002908	-0.005161967844	0.01688393491
2021-10-25	0.01917604301	-0.0003363266436	-0.003337170393	-0.01576718352
2021-10-26	0.06480557949	0.004564378981	0.006405301403	0.003532387019
2021-10-27	-0.01082015112	-0.003152566585	0.04125142731	0.01227225039
2021-10-28	0.0198419208	0.02468441966	0.003644679103	0.01510383751
2021-10-29	0.02478942175	-0.01832243604	0.02216655541	-0.0003812874031
2021-11-01	0.01011799891	-0.005623257554	-0.006807996158	-0.006702363503
2021-11-02	0.02198143188	0.007090805013	0.01135106527	0.005643836725
2021-11-03	0.007434136768	0.009750997629	0.002608188788	0.02192482649
2021-11-04	0.113705925	-0.00350471511	0.007278834118	0.02436285709
2021-11-05	-0.001645593373	0.00211752329	-0.001130111644	-0.004111959325
2021-11-08	0.03474819505	-0.005568090748	0.002763540872	0.0034532985
2021-11-09	-0.004783530379	0.00245643277	-0.003090916955	0.0001411781317
2021-11-10	-0.03986155517	-0.01934917929	-0.01544837622	-0.03861622558
2021-11-11	0.0311141408	-0.0003380776935	0.004915348467	0.01882277417
2021-11-12	0	0.01423511582	0.01282241285	0.02165044033
2021-11-15	-0.01208323896	6.666888899e-05	-0.001932252864	0.005958983887
2021-11-16	0.005910889229	0.006644542719	0.01018393005	0.004460575623
2021-11-17	-0.03168568584	0.01635558151	-0.001149374602	-0.001267434661
2021-11-18	0.07927215485	0.02813649122	0.006319925796	0.02261712208
2021-11-19	0.04052518647	0.01683351099	0.005377142621	-0.02528514182
2021-11-22	-0.03169295606	0.002923160336	-0.009605602893	-0.03734420105
2021-11-23	-0.00659322347	0.002419130913	-0.006346791094	-0.02237377728
2021-11-24	0.02881292145	0.003278184473	0.0006808863627	-0.00632351303
2021-11-26	-0.03649687521	-0.03219101487	-0.02465710081	-0.02571445829
2021-11-29	0.05775429943	0.02163780996	0.02086191731	0.04132006744
2021-11-30	-0.02119621534	0.03108931347	-0.01810546745	-0.02925786962
2021-12-01	-0.03871894164	-0.003211442758	-0.001543887573	0.0156567557
2021-12-02	0.0217437493	-0.006148620716	-0.001789044855	-0.01835144197
2021-12-03	-0.04563105557	-0.01179374849	-0.01986272197	-0.02288523222
2021-12-06	-0.0216046605	0.02127479678	0.009796751182	-0.01980547881
2021-12-07	0.07656145404	0.03483264481	0.02641166366	0.0635390332
2021-12-08	-0.01870784331	0.02252737787	0.00014927824	-0.002596387637
2021-12-09	-0.04288480479	-0.002974490238	-0.005598230377	-0.03972536828
2021-12-10	-0.009623063978	0.02762809551	0.027945694	0.01187572257
2021-12-13	-0.069837655	-0.02089098753	-0.009209086404	-0.02246733277
2021-12-14	0.006230329191	-0.008055575313	-0.03312969593	-0.0132733076
2021-12-15	0.07221314577	0.02811032586	0.01903555268	0.04892965536
2021-12-16	-0.0704502231	-0.04005541725	-0.02956776687	-0.04812138177
2021-12-17	-0.02085930262	-0.006523028371	-0.003391401432	-0.006817891076
2021-12-20	-0.002953892638	-0.008155168551	-0.01208633501	0.004005994377
2021-12-21	0.04776059977	0.01890702292	0.0228069218	0.0392779277
2021-12-22	0.01111597594	0.01520265633	0.01789628226	0.01152911523
2021-12-23	0.008130126083	0.00363719428	0.004461819976	0.0116597808
2021-12-27	0.04308663476	0.02271486575	0.02292093138	0.01242544693
2021-12-28	-0.02033791353	-0.005783899112	-0.003510315145	-0.008241600913
2021-12-29	-0.01064280722	0.0005018540825	0.002049181045	-0.003472852409
2021-12-30	-0.01392943797	-0.006599945653	-0.007720912605	-0.002196980037
2021-12-31	-0.005932522442	-0.003541617666	-0.008880527251	-0.005111640086
2022-01-03	0.02385384888	0.02469673325	-0.004679103117	0.001694245619
2022-01-04	-0.02797644207	-0.01277283683	-0.01729583913	-0.02321437683
2022-01-05	-0.05928547108	-0.02696006724	-0.03914412267	-0.04397177549
2022-01-06	0.02058084187	-0.01683424973	-0.007933275511	0.02313214975
2022-01-07	-0.03359810833	0.0009878839749	0.0005096190708	-0.009241650273
2022-01-10	0.005599590088	0.0001161575097	0.000732122711	-0.03901335468
2022-01-11	0.0151043312	0.01664449402	0.002256655705	0.002732898778
2022-01-12	0.00652145066	0.002566956146	0.01039093439	0.01768514077
2022-01-13	-0.05219787102	-0.01921145017	-0.04324425533	-0.01642421026
2022-01-14	0.01371548305	0.005097618639	0.01756142693	0.01959902963
2022-01-18	-0.03932761516	-0.01907486306	-0.0246402284	-0.04014897752
2022-01-19	-0.03280655204	-0.02124890233	0.002244299434	-0.02321097095
2022-01-20	-0.03726785997	-0.01040101292	-0.005719685638	0.01087338505
2022-01-21	-0.03266008659	-0.01284735644	-0.01864083559	-0.01674330252
2022-01-24	-8.556881877e-05	-0.004876101381	0.001147873185	-0.01057782174
2022-01-25	-0.04587639177	-0.01145003175	-0.02694825042	-0.0581755198
2022-01-26	0.01986937816	-0.0005634332011	0.0280948075	0.007205273024
2022-01-27	-0.03703795745	-0.002947542192	0.01049376824	-0.02888578993
2022-01-28	0.04001963115	0.06745083821	0.02769458367	0.01611438166
2022-01-31	0.06958814086	0.02579030833	0.008785018711	0.04876284617
2022-02-01	0.006188440888	-0.0009731246654	-0.007164325348	0.006300253418
2022-02-02	0.0242193073	0.007019575121	0.01510748414	0.007703421298
2022-02-03	-0.05262446077	-0.01686109797	-0.03973127542	-0.0612791862
2022-02-04	0.01537312477	-0.002954040782	0.01544851949	0.01059498338
2022-02-07	0.016678267	-0.004243575617	-0.0164448663	-0.004267606489
2022-02-08	0.01525031563	0.01829829692	0.01192397408	0.005278109683
2022-02-09	0.06166429334	0.008259566764	0.02159981339	0.04034014248
2022-02-10	-0.0335465217	-0.023881732	-0.02878342091	-0.03513541444
2022-02-11	-0.07537772276	-0.02042564262	-0.02457356418	-0.04457909433
2022-02-14	0.01319083337	0.001422138187	-0.0001355840284	-0.0005254149705
2022-02-15	0.08783863324	0.02288858078	0.01837255904	0.04438874962
2022-02-16	0.0006037052593	-0.001389934781	-0.003233497825	0.01128569016
2022-02-17	-0.07860095018	-0.021498646	-0.02971941614	-0.02043760124
2022-02-18	-0.0359339997	-0.009399795547	-0.009677606377	-0.004005366376
2022-02-22	-0.01071621073	-0.01797286181	-0.0007296100384	-0.01173835387
2022-02-23	-0.04382814735	-0.02620452662	-0.02623436074	-0.01342787471
2022-02-24	0.05901788316	0.01654261571	0.04983113486	0.03897836995
2022-02-25	0.01707587676	0.01288213425	0.009190806375	0.01552948216
2022-02-28	0.009393995991	0.001636512775	0.00496562	-0.0009147965216
2022-03-01	-0.03794697068	-0.01169603976	-0.01293513505	-0.04967501338
2022-03-02	0.03115751964	0.02037916234	0.01760975707	0.03281983177
2022-03-03	-0.02111314709	-0.001983233319	-0.01432645999	-0.03822695957
2022-03-04	-0.03335786245	-0.01857976944	-0.02069109973	-0.05955510723
2022-03-07	-0.07156231648	-0.02400338519	-0.03850889866	-0.03419633939
2022-03-08	0.007558473908	-0.01174478361	-0.01103190942	-0.002266033147
2022-03-09	0.06739884039	0.03439897198	0.04483784623	0.08092291383
2022-03-10	-0.01558973595	-0.02756263696	-0.0101378701	-0.03483212106
2022-03-11	-0.02493538193	-0.02419910582	-0.01951764392	-0.02398253096
2022-03-14	-0.03546307604	-0.02692155383	-0.0130457727	-0.01426876538
2022-03-15	0.07420508083	0.0292454849	0.03801092809	0.03261945579
2022-03-16	0.06419022561	0.02860243284	0.02490069158	0.08652664973
2022-03-17	0.01096190588	0.006433300349	0.002815422222	0.005319120709
2022-03-18	0.06589782863	0.02070314241	0.01749394064	0.03862664965
2022-03-21	0.01056659013	0.008501387126	-0.004236234424	0.004476184672
2022-03-22	-0.007886180043	0.02058720226	0.01624650303	0.008500762013
2022-03-23	-0.0341303882	0.008199910264	-0.01514402234	-0.03453559375
2022-03-24	0.09362775928	0.02242454834	0.01527556667	0.03714565265
2022-03-25	-0.01640379177	0.003727175392	-0.001382079262	-0.004615727768
2022-03-28	0.01885194712	0.005023988644	0.02285330098	0.01080903889
2022-03-29	0.01536733538	0.01895363598	0.0150455634	0.02038575692
2022-03-30	-0.03429150814	-0.006671737247	-0.004926353186	-0.03527667214
2022-03-31	-0.01469758704	-0.0179356644	-0.01784125631	-0.02459291848
2022-04-01	-0.0212608475	-0.001719592307	0.003593806986	-0.0002994774142
2022-04-04	0.02396919011	0.02341708703	0.0177778189	0.01942874188
2022-04-05	-0.05364292858	-0.01912363796	-0.01307041057	-0.05180131741
2022-04-06	-0.06056918777	-0.01862315635	-0.03729256807	-0.02815938588
2022-04-07	-0.008186819355	0.001802483263	0.006224328182	-0.005120404229
2022-04-08	-0.04602836677	-0.0119803905	-0.01470762214	-0.02324914825
2022-04-11	-0.05339219887	-0.02584707966	-0.0402300785	-0.02182650953
2022-04-12	-0.01902362706	0.01145749014	-0.01128123083	-0.006276557434
2022-04-13	0.03198845054	0.01621049519	0.01952035019	0.03109402278
2022-04-14	-0.04349411977	-0.03044710747	-0.02745788853	-0.02460000313
2022-04-18	0.02439655395	-0.00133188057	0.002462747742	0.01281333747
2022-04-19	0.01887234566	0.0140165317	0.01689623455	0.01892542971
2022-04-20	-0.03278681955	-0.001016047662	0.003708502309	0.02679488233
2022-04-21	-0.06237470926	-0.004855396921	-0.01957147647	-0.02221976907
2022-04-22	-0.03365726529	-0.02821551546	-0.02444069461	-0.02015399067
2022-04-25	0.01963682856	0.006714535345	0.02412014183	-0.01290361858
2022-04-26	-0.05760186103	-0.03804262545	-0.03812128924	-0.06792526399
2022-04-27	-0.02005281827	-0.001467913593	0.04698753876	-0.00635456936
2022-04-28	0.07160688342	0.04416569874	0.02238026551	0.05868759569
2022-04-29	-0.06446438241	-0.03729150707	-0.04271124365	-0.04639100564
2022-05-02	0.05179729202	0.001964450427	0.02473479719	0.01290044854
2022-05-03	0.003526258924	0.009576686095	-0.009501175227	-0.0007181832026
2022-05-04	0.03666276001	0.04018974051	0.02868533046	0.03775849977
2022-05-05	-0.07609980102	-0.05732849995	-0.04453170858	-0.0492315075
2022-05-06	-0.009008829819	0.003247893318	-0.009491449316	-0.02362081537
2022-05-09	-0.09691789719	-0.0337524766	-0.03764513415	-0.07212195174
2022-05-10	0.03734693695	0.01598363936	0.01842472731	0.0206758135
2022-05-11	-0.05640647757	-0.05323339071	-0.03377360899	-0.00396297914
2022-05-12	-0.02774145282	-0.02726246473	-0.02015962826	0.002031313578
2022-05-13	0.0904367248	0.03141764254	0.02234491868	0.04850205277
2022-05-16	-0.02528015667	-0.01072964334	0.001454211729	-0.02468577354
2022-05-17	0.05153365012	0.02510478543	0.02013999025	0.0486699855
2022-05-18	-0.07059744013	-0.05807326926	-0.04892509569	-0.06117896592
2022-05-19	0.01092136978	-0.02495006655	-0.003706482694	-0.004363091433
2022-05-20	-0.02543161485	0.001745835898	-0.002293851115	0.01291997875
2022-05-23	0.0121458983	0.03933531688	0.03152966696	0.04004397255
2022-05-24	-0.04502757471	-0.01940301461	-0.003959487749	-0.01485895245
2022-05-25	0.04957397642	0.001139276683	0.01110824614	0.003015050114
2022-05-26	0.05031785562	0.02293452616	0.01279302864	0.02164051422
2022-05-27	0.05238227605	0.03994805592	0.02723023161	0.04077699913
2022-05-31	-0.007416729567	-0.005360506002	-0.005026518994	-0.01222776883
2022-06-01	-0.0190317163	-0.0008738027778	0.00202098215	-0.02215977338
2022-06-02	0.0671279604	0.01667149842	0.00789766445	0.02950747204
2022-06-03	-0.0455288486	-0.03931859507	-0.01674662714	-0.02952521339
2022-06-06	0.003519440523	0.005214062307	-0.004714450887	0.01416339493
2022-06-07	0.007424726514	0.01743303434	0.01385703466	0.009262710955
2022-06-08	-0.01479773635	-0.005056133736	-0.00769928837	-0.01672458049
2022-06-09	-0.03270402642	-0.03661799341	-0.02100226673	-0.04511284386
2022-06-10	-0.06135211377	-0.03939459254	-0.04558709674	-0.03925537388
2022-06-13	-0.08140355623	-0.03903696281	-0.04333843267	-0.05508184602
2022-06-14	0.01200662392	0.006650568648	0.009162878694	-0.004894653082
2022-06-15	0.04270957791	0.01991191482	0.02930184447	0.02842138116
2022-06-16	-0.05766039239	-0.04045901923	-0.02734049869	-0.07642292382
2022-06-17	0.01772544105	0.01146713888	0.01088070497	0.01104631519
2022-06-21	0.04229194636	0.03223552492	0.02429366168	0.04340869577
2022-06-22	-0.012513071	-0.003834530176	-0.00240692996	-0.01806448061
2022-06-23	-0.008286068584	0.02134427934	0.02238418426	0
2022-06-24	0.05404451401	0.02422152492	0.03357957551	0.05949233991
2022-06-27	-0.01512015863	0	-0.01055230506	-0.014111443
2022-06-28	-0.05401452903	-0.03024236209	-0.03226395661	-0.0353184087
2022-06-29	-0.02791705217	0.01293978369	0.01463044249	-0.01187669725
2022-06-30	-0.02495162181	-0.01819220311	-0.01326674393	-0.01819935707
2022-07-01	-0.04286081535	0.01603517035	0.01065055284	-0.056295988
2022-07-05	0.02991371686	0.01875344632	0.01251858701	-0.03951864785
2022-07-06	0.01103221131	0.009561377678	0.01270194373	-0.008173926246
2022-07-07	0.04699457705	0.02371597998	0.008192934102	0.0522837569
2022-07-08	-0.001261989062	0.004703645469	-0.002760886729	0.002320827698
2022-07-11	-0.04427957934	-0.01486787005	-0.0118384606	-0.03114566612
2022-07-12	-0.004630556663	0.006810469003	-0.04184484806	-0.01046314851
2022-07-13	0.005422217874	-0.002539901829	-0.003752053218	0.02840803625
2022-07-14	0.01362347505	0.0202755619	0.005367021565	0.02188358284
2022-07-15	0.02505430723	0.01138506806	0.01033681874	0.04017569248
2022-07-18	0.02127940193	-0.02085932178	-0.009667961873	-0.004530567959
2022-07-19	0.0538612632	0.0263711729	0.02055426793	0.05121303434
2022-07-20	0.04684899336	0.01341948832	0.01050220462	0.03171734499
2022-07-21	0.01355404636	0.01498131071	0.00975136258	0.05272397997
2022-07-22	-0.04134152003	-0.008143788545	-0.01706058135	-0.01488142053
2022-07-25	-0.01718005159	-0.007425776697	-0.005893813167	0.00877729888
2022-07-26	-0.02926572959	-0.008865597389	-0.02713929218	-0.02784385155
2022-07-27	0.07327811811	0.03366185716	0.06471218609	0.04113253256
2022-07-28	0.01084597203	0.003565293138	0.02814090124	0.02625524607
2022-07-29	0.009904084056	0.03226691483	0.01554370342	0.02419181537
2022-08-01	0.01518988883	-0.006172478087	-0.009771889839	0.006437697383
2022-08-02	0.004598704239	-0.00933074697	-0.01154074636	-0.02194623599
2022-08-03	0.01961633226	0.03753430112	0.02745601235	0.03177411348
2022-08-04	0.01689974093	-0.001928059885	0.004168733515	0.007847726915
2022-08-05	-0.01183135987	-0.002778115085	-0.00261225791	-0.01912957104
2022-08-08	-0.06505474262	-0.002907154855	-0.009197018114	-0.0079300626
2022-08-09	-0.0405457068	0.0003032232656	0.007038527511	-0.05682673598
2022-08-10	0.05748676395	0.02585731801	0.02400983287	0.04505982817
2022-08-11	-0.008601845541	-0.004441425002	-0.007428268389	-0.006451292247
2022-08-12	0.04186035837	0.02119930237	0.01689363584	0.02380709256
2022-08-15	0.0171170815	0.006313554523	0.005329883812	-0.001772526313
2022-08-16	-0.008071579788	-0.0009242678724	-0.002593061605	-0.01447091702
2022-08-17	-0.02923839169	0.008746243682	-0.004760038438	-0.01672696389
2022-08-18	0.02360786582	-0.002294236739	-0.003955361225	0.00718771533
2022-08-19	-0.05047218309	-0.01521711893	-0.01395080927	-0.02899277682
2022-08-22	-0.04673613753	-0.02329870347	-0.02979472034	-0.04729932722
2022-08-23	0.008592775361	-0.00203106402	-0.004727629297	0.01086239668
2022-08-24	0.002383514194	0.001792329312	-0.002354092679	-0.0005898077588
2022-08-25	0.03933906996	0.01481245236	0.01103429629	0.0268515353
2022-08-26	-0.09681860211	-0.03842822598	-0.0393512578	-0.05679447039
2022-08-29	-0.02863487495	-0.01378483367	-0.01072537095	-0.01992500212
2022-08-30	-0.02129985542	-0.0154238282	-0.008557416855	-0.01381832845
2022-08-31	-0.02447605988	-0.01069190586	-0.00572040306	-0.006266806544
2022-09-01	-0.07975013973	0.004695738053	-0.004100643836	-0.04172046718
2022-09-02	-0.02102745688	-0.01370452019	-0.01680711832	-0.005826440275
2022-09-06	-0.01342599099	-0.008249063984	-0.01103464889	0.005826440275
2022-09-07	0.0183234826	0.009211311869	0.01893121817	0.01428293877
2022-09-08	0.01992557982	-0.009664400973	0.001664699093	0.01265351509
2022-09-09	0.02798223238	0.01866455747	0.02271695073	0.03710717978
2022-09-12	0.008168396518	0.03778504349	0.008246925918	0.007813704721
2022-09-13	-0.0995175707	-0.06047166282	-0.05654753286	-0.0693494201
2022-09-14	-0.0002284930891	0.009510018301	0.0009123183434	0.01474952993
2022-09-15	-0.01527450352	-0.0191113461	-0.02749369316	-0.02638563666
2022-09-16	0.02059245269	-0.01102066785	-0.002611606806	0.003430167368
2022-09-19	0.0138452174	0.02477353249	-0.000899317397	0.008227166061
2022-09-20	-0.01551352749	0.01554402162	-0.008501601609	-0.01961330515
2022-09-21	0.00643040382	-0.02047589404	-0.01454117853	-0.01535672793
2022-09-22	-0.05423062099	-0.006395636236	0.008459617471	-0.03098600503
2022-09-23	-0.003588949898	-0.01523926975	-0.01277945978	-0.01117228156
2022-09-26	-0.02327942178	0.002257637081	-0.001977407717	-0.01229613508
2022-09-27	0.01501590651	0.006544828836	-0.004389489173	0.005740092141
2022-09-28	0.02568831857	-0.01273226749	0.01951976193	0.01815903166
2022-09-29	-0.04135867536	-0.05036641915	-0.01491972427	-0.0309572367
2022-09-30	-0.006650543828	-0.03049972765	-0.01955844658	-0.02948750645
2022-10-03	0.03026477389	0.03028914961	0.03310833606	0.03856303473
2022-10-04	0.05102551557	0.02530025781	0.03325333964	0.07458936373
2022-10-05	0.003184716068	0.002051282771	0.001284934324	0.00894697749
2022-10-06	-0.005998727127	-0.006647730338	-0.009718014342	-0.01535303876
2022-10-07	-0.08367967647	-0.03740979798	-0.0521915418	-0.06222444241
2022-10-10	-0.03419856555	0.002352858381	-0.02153311964	-0.02889881652
2022-10-11	-0.007223973624	-0.0103078937	-0.01689214494	-0.05438067489
2022-10-12	-0.007450437305	-0.004615614714	0.001507226103	-0.003083134202
2022-10-13	0.03922071315	0.03306027457	0.03691803848	0.01759342656
2022-10-14	-0.06324615705	-0.03277117367	-0.02454747285	-0.06699507983
2022-10-17	0.0572078965	0.02870669716	0.03849517336	0.03394375267
2022-10-18	0.006623373616	0.009365458446	0.004075379041	0.01711344707
2022-10-19	0.006994782454	0.0007649247618	-0.008505672569	0.06084427001
2022-10-20	0.01179638344	-0.003272413712	-0.001396441418	0.03077022934
2022-10-21	0.0220609109	0.02669944601	0.02496627468	0.05551174942
2022-10-24	0.01061250734	0.01469425199	0.02096649948	0.02296935883
2022-10-25	0.05120995097	0.01915297621	0.01369746868	0.02719723829
2022-10-26	-0.02791021093	-0.01982232028	-0.08029540589	-0.003958359977
2022-10-27	0.02147980711	-0.03093906471	-0.01995394429	-0.02019891312
2022-10-28	0.0487323373	0.0728344702	0.0394327168	0.03065859318
2022-10-31	-0.02466189165	-0.01553027202	-0.01598324624	-0.03486209947
2022-11-01	0.003402370146	-0.01769841255	-0.0172065944	0.006246063776
2022-11-02	-0.02421462008	-0.038018648	-0.03600897663	-0.06305589547
2022-11-03	0.01516545582	-0.04333036666	-0.02693843105	-0.01446569654
2022-11-04	0.05331791807	-0.003606726841	0.03278229466	0.06349801819
2022-11-07	0.01019090241	0.003894703805	0.02884943877	0.03073287086
2022-11-08	0.02082904074	0.004166373386	0.004378865866	0.04093866369
2022-11-09	-0.05823055795	-0.03375324973	-0.01923390715	-0.02845970235
2022-11-10	0.1339124176	0.08523649024	0.07905888581	0.1360437613
2022-11-11	0.03597981387	0.01908544966	0.01685444619	0.02752475408
2022-11-14	-0.001961866855	-0.009530913143	-0.02275709062	0.002391143516
2022-11-15	0.02251240367	0.01179954693	0.00173726053	0.03344167185
2022-11-16	-0.04642287361	-0.008366009374	-0.000992350712	-0.03538187272
2022-11-17	-0.01475317226	0.01288789499	-0.0002068637396	0.02115491552
2022-11-18	-0.01724291579	0.003774713929	-0.001905156923	0.006987060966
2022-11-21	-0.005988431617	-0.02191868571	0.003434936231	-0.02193619852
2022-11-22	0.0459975837	0.01455473562	0.01223633564	0.02706497542
2022-11-23	0.02955032719	0.005908730884	0.01035311008	0.01273286872
2022-11-25	-0.01518831234	-0.01978806462	-0.0003635849516	-0.02008949464
2022-11-28	-0.02760557888	-0.02661532945	-0.02342467863	-0.01446612133
2022-11-29	-0.0119495479	-0.02137507359	-0.005932519629	-0.007778658345
2022-11-30	0.07890584897	0.04745011803	0.05979943522	0.0493806825
2022-12-01	0.0124495119	0.001889721828	-0.001765294772	0.005150169661
2022-12-02	-0.01523066106	-0.00337701253	0.001294854117	-0.009121076899
2022-12-05	-0.01588757064	-0.008015258235	-0.01908137542	-0.008155867837
2022-12-06	-0.03822903164	-0.0256973455	-0.02051271148	-0.01296674336
2022-12-07	0.008284845096	-0.01388079359	-0.00306441638	0.01389841528
2022-12-08	0.06304469502	0.01205980976	0.01232298979	0.00917042777
2022-12-09	-0.009833266239	-0.003440893813	-0.00803543141	-0.0152585997
2022-12-12	0.03092671774	0.01625711716	0.02847982334	0.02035360776
2022-12-13	0.03016489557	0.00675957878	0.0173139005	0.02952744679
2022-12-14	-0.02226914607	-0.01565779529	0.001166997448	-0.0199503454
2022-12-15	-0.04170881213	-0.04798746987	-0.03243869354	-0.04911983887
2022-12-16	-0.02273164132	-0.0146860689	-0.01750095305	-0.02071309383
2022-12-19	-0.01931514732	-0.01603751399	-0.01747993552	-0.00999194615
2022-12-20	-0.01045187164	-0.0005289606048	0.005598770457	-0.009631006524
2022-12-21	0.02553382444	0.02353049741	0.01081803117	0.03111812807
2022-12-22	-0.07302238036	-0.02405973796	-0.02586029484	-0.04400354552
2022-12-23	-0.00870851796	-0.002802076884	0.002264531707	-0.008272272004
2022-12-27	-0.07402703572	-0.01397556062	-0.007441855699	-0.02607285627
2022-12-28	-0.006037593366	-0.03116587617	-0.01030783905	-0.01036666532
2022-12-29	0.03960152934	0.02793062455	0.02725491493	0.03662087156
2022-12-30	0.0007529863107	0.002465902459	-0.004949784454	-0.009236131859
2023-01-03	-0.02067203482	-0.03812226333	-0.001001251648	0.005784846009
2023-01-04	0.02986734533	0.01026139537	-0.04472880084	0.03795528777
2023-01-05	-0.03336629921	-0.01066125143	-0.03008578525	-0.009699499535
2023-01-06	0.04079675761	0.0361333685	0.01171643847	0.05259701504
2023-01-09	0.05045843492	0.004080538441	0.009689269477	0.04187338422
2023-01-10	0.01782080963	0.004446496133	0.007588254935	0.01922400441
2023-01-11	0.005766233464	0.02089244109	0.02978998645	0.01766772349
2023-01-12	0.03137560516	-0.0005994754769	0.01155448462	0.01214901934
2023-01-13	0.02322762313	0.01006832535	0.003014194102	0.01086693872
2023-01-17	0.04642317897	0.00871819338	0.004670762067	-0.002276384265
2023-01-18	-0.01853013481	-0.005384486548	-0.01906979831	-0.009004395128
2023-01-19	-0.03585411282	0.0004436557304	-0.01659079402	-0.03437268225
2023-01-20	0.06209369185	0.01903843108	0.03511956813	0.02908499912
2023-01-23	0.07315855745	0.02322851589	0.009776382754	0.04103588857
2023-01-24	0.003744348854	0.0100127758	-0.002228551127	-0.00894481611
2023-01-25	0.003006118155	-0.004711848093	-0.005925636317	0.01704763306
2023-01-26	0.02448684647	0.01469482744	0.03025138073	0.003471437393
2023-01-27	0.0280347984	0.01359157147	0.0006449532632	-0.02443712542
2023-01-30	-0.06088858987	-0.02028242442	-0.02220638441	-0.02592541041
2023-01-31	0.01938095238	0.008980533049	0.02079500849	0.01606258079
2023-02-01	0.06949435805	0.00786970788	0.01973853439	0.02641694042
2023-02-02	0.03592245945	0.03639220158	0.04581839378	0.02621088467
2023-02-03	-0.02845388062	0.02410702356	-0.02390399695	-0.02460575971
2023-02-06	-0.0005214629524	-0.0180914708	-0.006134512172	-0.02631358075
2023-02-07	0.05012375494	0.01906187359	0.04116309769	0.02498843369
2023-02-08	0.001442156273	-0.01781043263	-0.003106929449	-0.02375047345
2023-02-09	0.005927007607	-0.006935527652	-0.01172823852	0.002019715515
2023-02-10	-0.04918196765	0.0009275209357	-0.001974484238	-0.0117837302
2023-02-13	0.02429683082	0.01863204198	0.03076474803	0.01870116158
2023-02-14	0.05287319128	-0.004233844462	0.003127934987	0.0129846872
2023-02-15	-0.009052210058	0.01380762869	-0.01052660739	-0.0009894484264
2023-02-16	-0.03404698242	-0.01048417576	-0.02698340466	-0.03080305645
2023-02-17	-0.02830334123	-0.007575299074	-0.01572474299	-0.006650332947
2023-02-21	-0.03487259624	-0.02704214212	-0.02110782652	-0.03456664215
2023-02-22	0.004781578334	0.002891827564	-0.004601539319	-0.008883701835
2023-02-23	0.1312159068	0.003285176097	0.01287842718	0.02199248901
2023-02-24	-0.01610258435	-0.01816942355	-0.02202513685	-0.031376184
2023-02-27	0.009190651821	0.008213737927	0.003764672635	0.02191281319
2023-02-28	-0.01220127729	-0.00345376702	-0.002962490657	-0.02296449963
2023-03-01	-0.02256488126	-0.01434842873	-0.01270972746	-0.0045105051
2023-03-02	0.02677722362	0.004120601943	0.01946259511	0.01488180347
2023-03-03	0.02440592284	0.0344884993	0.01650906373	0.02094325686
2023-03-06	-0.01416430392	0.01836960399	0.006169966465	-0.02608325243
2023-03-07	-0.01135745098	-0.01460262336	-0.01064547645	-0.01928389621
2023-03-08	0.03762899438	0.008342413805	-0.001772177288	0.01675239217
2023-03-09	-0.03129389914	-0.01502697491	-0.005454343391	-0.02395265394
2023-03-10	-0.0203019839	-0.01397595386	-0.01489317021	-0.005854322454
2023-03-13	4.354357624e-05	0.01317877053	0.02121430377	0.005920464395
2023-03-14	0.0466605297	0.01399085713	0.02669622898	0.02533847644
2023-03-15	0.006833598066	0.002617973876	0.01767334068	-0.02218527978
2023-03-16	0.05277601499	0.01852144643	0.03973641453	0.03859036125
2023-03-17	0.007178277614	-0.005468889294	0.01162657303	0.004951562421
2023-03-20	0.006779686985	0.01536521906	-0.02610451678	0.0197503334
2023-03-21	0.01147827339	0.01187332377	0.005677566944	-0.006519433861
2023-03-22	0.01021521405	-0.009145155345	-0.005457189363	-0.002744641099
2023-03-23	0.02694958005	0.006945349298	0.0195296688	0.03647695
2023-03-24	-0.01526803793	0.008271242092	0.01042590459	-0.02535795976
2023-03-27	-0.00930413765	-0.01236947928	-0.01504651782	-0.005388761705
2023-03-28	-0.004571134308	-0.003988230526	-0.00416961863	-0.006761414181
2023-03-29	0.02150137145	0.01959738618	0.01900226321	0.02989066335
2023-03-30	0.01467828513	0.009841319796	0.01254090405	0.0262928756
2023-03-31	0.01428595725	0.01552313759	0.01485132564	0.005937883498
2023-04-03	0.00674538814	0.007672131148	-0.003718316101	-0.009921097099
2023-04-04	-0.01847827667	-0.003254975749	-0.0001740916771	-0.007909654173
2023-04-05	-0.02105573426	-0.01135444361	-0.009938491659	-0.007174084109
2023-04-06	0.00578658093	0.005480800517	0.02521229493	-0.01026488552
2023-04-10	0.01984831528	-0.0161012386	-0.007607740784	0.006854951166
2023-04-11	-0.01497799609	-0.007620146528	-0.02292924892	-0.002830311937
2023-04-12	-0.02512058152	-0.004362736742	0.002330838744	-0.007775272542
2023-04-13	-0.001208505	0.03353504688	0.02215219741	0.01628737513
2023-04-14	0.01108596311	-0.002116274938	-0.01284784505	0.001186533734
2023-04-17	0.009077443284	0.0001210507204	0.00925320548	-0.04162287553
2023-04-18	0.02432942991	0.007476670343	-0.00149002921	0.006690761643
2023-04-19	0.009496815863	0.006944056637	0.0002773828942	-0.03114867469
2023-04-20	-0.03005586464	-0.005863364889	-0.008145408444	0.01586135371
2023-04-21	0.0005532707664	-0.009829126078	-0.001224054571	0.001419513818
2023-04-24	-0.002843376299	0.001876797887	-0.01406116237	-0.01123758705
2023-04-25	-0.03006813983	-0.009480472101	-0.02279393002	-0.03506854964
2023-04-26	0.02688283398	-6.106310874e-05	0.06993160243	0.005498589821
2023-04-27	0.009966492006	0.02799954111	0.03152543644	0.03253028411
2023-04-28	0.01902740442	0.007512827788	0.007940050537	0.01203710924
2023-05-01	0.04098775252	-0.0005305509011	-0.005548136029	-0.002609941264
2023-05-02	-0.02451103101	-0.006210649011	-0.0004910224823	-0.001812094252
2023-05-03	-0.01456856446	-0.006488311104	-0.003312510203	0.001087650546
2023-05-04	-0.008669948102	-0.009962871989	0.003312510203	0.0004882697236
2023-05-05	0.03976200328	0.04585904898	0.01701174032	0.02376081349
2023-05-08	0.01628920179	-0.0004033768459	-0.00645892767	0.007155418905
2023-05-09	-0.02009700015	-0.01002122674	-0.005360201253	-0.01839748663
2023-05-10	0.01093021185	0.01033817939	0.01714853668	0.02167460387
2023-05-11	-0.01068523819	0.001122932411	-0.007069211021	-0.01063245772
2023-05-12	-0.008362956784	-0.006814533185	-0.003682888443	-0.004130390399
2023-05-15	0.02139959133	-0.002901580494	0.001584658256	0.01255387881
2023-05-16	0.008939990086	0	0.007340663999	-0.005566870173
2023-05-17	0.03249936641	0.003596708832	0.007223478847	0.02790245662
2023-05-18	0.04850925155	0.0135735678	0.01429228148	0.03722537784
2023-05-19	-0.01315515778	0.0006281945325	-0.0005652733875	-0.002777120057
2023-05-22	-0.002818707824	-0.005495777515	0.008881719632	0.006663627599
2023-05-23	-0.01577686934	-0.01527100477	-0.01860401843	-0.02491270723
2023-05-24	-0.00489988894	0.001630751672	-0.004482530435	-0.02174772711
2023-05-25	0.2180878956	0.006669978038	0.03773678771	0.06064667632
2023-05-26	0.0251163659	0.01400631358	0.0211601526	0.03801317543
2023-05-30	0.02947453963	0.01060311014	-0.005059489787	-0.01047687822
2023-05-31	-0.05844244167	-0.0002820476679	-0.008550688847	-0.007345728632
2023-06-01	0.04990468998	0.01589556052	0.01267850622	0.005297660179
2023-06-02	-0.01120155334	0.004764024078	0.008443416729	-0.002921279172
2023-06-05	-0.00397462879	-0.007599958917	0.0016087232	-0.003386670825
2023-06-06	-0.01328641453	-0.002062488537	-0.0067501227	-0.007742440489
2023-06-07	-0.03097621857	-0.007786499862	-0.03135434758	-0.008998967403
2023-06-08	0.02724390384	0.01534671153	0.005796760189	0.01375995309
2023-06-09	0.006728803856	0.00215749814	0.004692900262	-0.005836036928
2023-06-12	0.01819812016	0.01551778911	0.01536529683	0.01979276663
2023-06-13	0.03826363632	-0.002615092746	0.007325820135	0.009676791424
2023-06-14	0.04702183766	0.00348527282	0.009082444103	0.003979754556
2023-06-15	-0.008032734377	0.01113645416	0.03139847099	-0.002055582575
2023-06-16	0.0009139376112	-0.005877136589	-0.0167146107	-0.02301942705
2023-06-20	0.02580490005	0.0004865785515	-0.01258137058	-0.002038425711
2023-06-21	-0.017570369	-0.005691535	-0.01337105432	-0.01836559034
2023-06-22	-0.0004647380123	0.01639027418	0.01826955325	0.01419260018
2023-06-23	-0.01914787365	-0.001712695773	-0.01390208094	-0.02758600701
2023-06-26	-0.03807753495	-0.00758170052	-0.01934902593	0.003361636204
2023-06-27	0.03015693696	0.01494684029	0.01800491964	0.03485886017
2023-06-28	-0.01829120917	0.006307831469	0.003818506474	-0.001228204699
2023-06-29	-0.007200509515	0.001794953496	-0.002384857294	-0.00116058982
2023-06-30	0.03561321449	0.02283966212	0.01625281857	0.001933568726
2023-07-03	0.00262055276	-0.007815168002	-0.007516283746	0.01251875971
2023-07-05	-0.00226602245	-0.005888654031	0.0004732747744	-0.02512636065
2023-07-06	-0.005069899512	0.002505612837	0.009184368819	-0.02312503224
2023-07-07	0.009455664618	-0.005908668397	-0.01193841649	-0.003681820713
2023-07-10	-0.007628486624	-0.01091523927	-0.01611274677	0.01861319084
2023-07-11	0.005320104763	-0.002813986831	0.001926840879	-0.006827701934
2023-07-12	0.03469359732	0.008945408334	0.01412659567	0.02778072995
2023-07-13	0.04618139432	0.004049333713	0.01606247578	0.035080854
2023-07-14	-0.01111049637	0.0007869265679	0.007501125447	0.004359506094
2023-07-17	0.02158247593	0.0171575385	0.001418296256	0.0006231314545
2023-07-18	0.02199013627	-0.001341174244	0.03902823675	0.003360858461
2023-07-19	-0.008818828236	0.00704681053	-0.01234324416	-0.0560300256
2023-07-20	-0.03363276922	-0.01014871034	-0.02339304622	-0.05698749193
2023-07-21	-0.02696397313	-0.006180714095	-0.008977240876	0.02516397958
2023-07-24	0.006815064445	0.004211189254	0.003890377686	-0.01288991893
2023-07-25	0.02363579256	0.004503462848	0.01686603499	0.004111452234
2023-07-26	-0.004981849634	0.004534687767	-0.0383640513	-0.004374460169
2023-07-27	0.009808293011	-0.006602726969	-0.02109309455	0.0342171529
2023-07-28	0.01834913867	0.01341749984	0.02286787539	0.01437118579
2023-07-31	-0.0004492987805	0.003161010076	-0.007266934944	-0.002732127879
2023-08-01	-0.004762118056	-0.004310626358	0.001249516719	-0.01080621271
2023-08-02	-0.04931818107	-0.01558566783	-0.02663449802	-0.03686371262
2023-08-03	0.005541553197	-0.007348567271	-0.00256818045	-0.003005713113
2023-08-04	0.003699763175	-0.04921134403	0.003422777011	-0.004370707079
2023-08-07	0.01634950094	-0.01740427481	0.007083280615	0.02242959297
2023-08-08	-0.01670766714	0.005297656332	-0.01237518841	-0.02046997807
2023-08-09	-0.04839395036	-0.008994725298	-0.01178516756	-0.01017865667
2023-08-10	-0.003908554339	-0.001235399977	0.002170005192	0.007879771202
2023-08-11	-0.03683609048	-0.001011918233	-0.005963306177	-0.02393383826
2023-08-14	0.06853096904	0.009349263341	0.00939468967	0.007181981139
2023-08-15	0.004264885075	-0.01126346278	-0.006750296572	-0.02253082222
2023-08-16	-0.01038601974	-0.004971480778	-0.004546453196	-0.008103946858
2023-08-17	-0.003282297559	-0.0146620991	-0.01104706188	-0.003253849382
2023-08-18	-0.001027209601	0.002812134196	-0.001263104879	0.01691238846
2023-08-21	0.08131568739	0.007707057245	0.01691875684	0.01091182053
2023-08-22	-0.02804739363	0.007873833412	0.001800292258	0.007518606288
2023-08-23	0.03121481228	0.02171147095	0.01398107336	0.01427915742
2023-08-24	0.0009970407809	-0.02651903655	-0.0217329295	-0.0442356298
2023-08-25	-0.02457706258	0.01256389946	0.009363160402	0.004912123087
2023-08-28	0.01759816236	0.008807191822	0.002226759131	0.01218335681
2023-08-29	0.04077160358	0.02157586921	0.01444566685	0.01284601156
2023-08-30	0.009791200936	0.01899080663	0.00115642131	0.003066408799
2023-08-31	0.001845486688	0.001171708698	-0.003137615856	-0.01357823717
2023-09-01	-0.01728973013	0.008427686168	0.002742148515	0.003008203017
2023-09-05	0.0008036515058	0.001265956494	0.0147689974	0.00156853314
2023-09-06	-0.0311083667	-0.03644964835	-0.002010714481	0.003730449573
2023-09-07	-0.01757778211	-0.02968564862	-0.008962174684	-0.04334065324
2023-09-08	-0.01457335759	0.003485695327	0.01312915965	-0.01569186388
2023-09-11	-0.008683250151	0.006600684031	0.01091931529	-0.0002389353054
2023-09-12	-0.006840822697	-0.01720786992	-0.01842640718	-0.01429615767
2023-09-13	0.01361318129	-0.01192562135	0.01284775769	-0.0028320608
2023-09-14	0.00210836175	0.008744162016	0.007825044374	0.007829250211
2023-09-15	-0.03757664294	-0.00416251492	-0.02535566082	-0.04143187119
2023-09-18	0.001502287857	0.01677188161	-0.003518994045	0.001791710055
2023-09-19	-0.01019600539	0.006161794087	-0.001246750249	-0.006647107983
2023-09-20	-0.02987663767	-0.02019472962	-0.0242689993	-0.006572912609
2023-09-21	-0.02935734996	-0.008929141805	-0.003873189287	-0.01324251434
2023-09-22	0.01435390808	0.004932333927	-0.007917847002	0.008518551025
2023-09-25	0.01460088922	0.007353183871	0.001670475528	-0.001653555093
2023-09-26	-0.007393089906	-0.02367654559	-0.01715198953	-0.02316212758
2023-09-27	0.01320252885	-0.008937236391	0.002080233736	0.00317283485
2023-09-28	0.01451689297	0.001524390539	0.002713792512	0.01059585045
2023-09-29	0.009470205207	0.00304182744	0.006704929868	0.01370060171
2023-10-02	0.02906832364	0.01472661123	0.01897947333	-0.01106908914
2023-10-03	-0.02865460662	-0.007800126215	-0.02648181325	-0.02009123949
2023-10-04	0.01196935188	0.007282006403	0.0176016057	0.03489066393
2023-10-05	0.01458399098	0.007172191286	0.00126896612	-0.01564144293
2023-10-06	0.02374904321	0.01464271338	0.02443596888	0.02658228695
2023-10-09	-0.01074322411	0.008415669058	0.0077920891	-0.01007806768
2023-10-10	0.01152959374	-0.003357773595	-0.004345124656	0.01806470466
2023-10-11	0.02177097779	0.007872957274	0.0121973032	0.006686884575
2023-10-12	0.002965303876	0.005048414373	-0.003797587372	0.01728650102
2023-10-13	-0.03212188817	-0.01034607071	-0.01041154361	-0.02796706758
2023-10-16	0.01384966871	-0.0007271303841	0.01487072545	0.006730115553
2023-10-17	-0.04792493494	-0.008823504009	-0.00174514863	0.007967512436
2023-10-18	-0.04045411949	-0.007422340656	-0.005889743229	-0.04259461881
2023-10-19	-0.002253936444	-0.002163393955	0.003658743479	0.007651747867
2023-10-20	-0.01710467152	-0.0148133845	-0.0141341887	-0.0130671563
2023-10-23	0.03765172941	0.0006938822991	0.008079435404	0.01316923878
2023-10-24	0.01588251027	0.002540123754	0.0036675043	0.02180913337
2023-10-25	-0.0441072406	-0.01358353735	0.03021684005	-0.02940866786
2023-10-26	-0.03539739873	-0.02491326814	-0.0382360805	0.008296819364
2023-10-27	0.004305551897	0.007937733779	0.00583854479	0.00305551078
2023-10-30	0.01618923199	0.0122302195	0.02248565775	-0.001900109149
2023-10-31	-0.009299440957	0.002814755861	0.002368897498	0.01672192472
2023-11-01	0.03718616287	0.01856524866	0.02326978041	0.01567450987
2023-11-02	0.0275209316	0.02048202681	0.006480530752	0.03730487584
2023-11-03	0.03387473509	-0.005194523566	0.01277972665	0.01730299096
2023-11-06	0.0164400547	0.01449952344	0.01051706365	-0.00776657418
2023-11-07	0.004449007404	0.01434728945	0.01115678323	-0.001774288984
2023-11-08	0.0133797887	0.005867692523	0.007378475711	0.004672319569
2023-11-09	0.008040760143	-0.002627978518	-0.006934783072	-0.007899220533
2023-11-10	0.02907273026	0.02163800155	0.02459185212	0.04171838575
2023-11-13	0.005879032971	-0.008620743044	-0.008121182681	-0.0101529887
2023-11-14	0.02108426022	0.01418463499	0.009742936151	0.03129555182
2023-11-15	-0.01558726152	0.003036358705	-0.001621753471	0.003827374058
2023-11-16	0.01203657993	0.00900143746	0.0174304531	0.004224104245
2023-11-17	-0.00368503525	-0.0001054296258	-0.01694365084	0.007637422271
2023-11-20	0.02228621829	0.009235517185	0.02031409763	0.0119097322
2023-11-21	-0.009267352804	-0.004239845133	-0.01164554606	-0.01434678238
2023-11-22	-0.02489485953	0.003508316205	0.01273122187	0.0005550605597
2023-11-24	-0.01948409687	-0.007028984038	-0.001112170436	0.009273457058
2023-11-27	0.009706589573	-0.0009479672081	0.003121530496	-0.004059270847
2023-11-28	-0.008765137365	0.003208924608	0.0107447409	-0.018162728
2023-11-29	0.006648558791	-0.005424349082	-0.01011104405	0.01704353371
2023-11-30	-0.02887146062	0.003058106359	0.0001583614868	-0.005614837884
2023-12-01	-0.0001069118513	0.006768304124	-0.01168020499	0.01226795234
2023-12-04	-0.02720297786	-0.009509620618	-0.01444252899	-0.002719673001
2023-12-05	0.02293857907	0.02084442715	0.009114751774	0.006080099606
2023-12-06	-0.02309240325	-0.005703338942	-0.01003623597	-0.003533801934
2023-12-07	0.02373644269	0.0100882927	0.005812790953	0.01087865413
2023-12-08	0.01934131832	0.007385027666	0.008803299022	-0.004612924345
2023-12-11	-0.01867624637	-0.01301157497	-0.007860220475	0.01963565543
2023-12-12	0.02184975134	0.007888875376	0.00826096319	0.01442574639
2023-12-13	0.009003141914	0.01655371796	-2.671118531e-05	0.02023629174
2023-12-14	0.005433556162	0.0007574419025	-0.02280255491	0.02474269942
2023-12-15	0.01110665469	-0.002729480061	0.01303197658	-0.0009955731009
2023-12-18	0.02398894425	-0.00853967473	0.005165606471	-0.01458200311
2023-12-19	-0.009490345204	0.005345836624	0.001635586427	0.003578206376
2023-12-20	-0.03056063445	-0.01077173036	-0.007097948819	-0.020498164
2023-12-21	0.01810535446	-0.0007701984925	0.00784781495	0.03456515641
2023-12-22	-0.003271317577	-0.005563010123	0.002780304416	-0.003634438276
2023-12-26	0.009153148738	-0.002844952132	0.0002135497312	0.01339768326
2023-12-27	0.002796467738	0.000517866402	-0.001576002356	0.001768509215
2023-12-28	0.002122520733	0.002223774609	0.003229468344	-0.008121578534
2023-12-29	0	-0.00543887798	0.00202310669	-0.001227909342
2024-01-02	-0.02772211512	-0.03644267137	-0.01384392382	-0.05429330917
2024-01-03	-0.01251361159	-0.007515783304	-0.0007282830376	-0.01908118922
2024-01-04	0.008978054802	-0.0127814718	-0.007203432454	-0.00438853418
2024-01-05	0.02263858976	-0.004021047033	-0.0005165219161	0.004345881465
2024-01-08	0.06229937233	0.02388726764	0.01869565794	0.02457678222
2024-01-09	0.01683263487	-0.002265984244	0.0029314593	-0.00680686653
2024-01-10	0.02251467324	0.005655362069	0.01840380988	0.002566715039
2024-01-11	0.008646959677	-0.003227718118	0.004847546631	0.001030411142
2024-01-12	-0.002045065169	0.001776534073	0.009934113516	-0.00741753008
2024-01-16	0.03010345055	-0.01239361013	0.004622860533	-0.009466726096
2024-01-17	-0.005852286904	-0.005186875214	-0.00205196676	0.008133850887
2024-01-18	0.01862902937	0.03205143604	0.01123406509	0.0442960938
2024-01-19	0.04089833951	0.01541365112	0.0121131014	0.01770593927
2024-01-22	0.002736163527	0.01208991247	-0.005432745574	0.01161041832
2024-01-23	0.003664448117	0.00663122177	0.006009497474	0.01515817952
2024-01-24	0.0245650988	-0.003490046655	0.009133395161	0.08483894141
2024-01-25	0.00414705544	-0.001698099052	0.005721873853	0.02536855554
2024-01-26	-0.009555874685	-0.009053581073	-0.002324432303	-0.001531526125
2024-01-29	0.02322446808	-0.003592350603	0.01423240395	0.01699110216
2024-01-30	0.004934575125	-0.01943342617	-0.002761791297	-0.01666848063
2024-01-31	-0.02006487215	-0.01954739503	-0.02731603656	0.002060017416
2024-02-01	0.02408710315	0.01325236224	0.01547400348	0.02354172662
2024-02-02	0.04851284471	-0.005419776622	0.01825817591	0.0001347406245
2024-02-05	0.04683050936	0.009798488162	-0.01363763225	0.008808462944
2024-02-06	-0.01612480868	0.00859467331	-0.0003945065021	0.007042165476
2024-02-07	0.02712677721	0.0005809194534	0.02089052714	0.0189812608
2024-02-08	-0.006555054243	-0.005771334157	0.0001448995366	0.0007695768249
2024-02-09	0.03515816286	0.002810405646	0.01543173939	0.02847661632
2024-02-12	0.001593007727	-0.009042614808	-0.01265854833	-0.02170608051
2024-02-13	-0.001662326531	-0.01133841643	-0.02176380359	-0.02825789784
2024-02-14	0.02427050954	-0.004821375032	0.007771456478	0.02311128383
2024-02-15	-0.016949327	-0.001576044455	-0.007180963399	0.00582437956
2024-02-16	-0.0006195317915	-0.00846606362	-0.006168137786	-0.0009683771832
2024-02-20	-0.04450810268	-0.004122357227	-0.003148047466	-0.02107219079
2024-02-21	-0.02892316948	0.004177207349	-0.001515584722	-0.001496330968
2024-02-22	0.1518698871	0.01118122314	0.02327372415	0.04693182996
2024-02-23	0.003546125542	-0.01008485202	-0.003187389406	-0.01973434156
2024-02-26	0.003483022222	-0.007479137371	-0.006846996965	0.01524880146
2024-02-27	-0.004955870036	0.008081629516	-0.0001472356509	-0.006585658225
2024-02-28	-0.01327690834	-0.006647463017	0.0005888125783	-0.001988442174
2024-02-29	0.01848561648	-0.003699924148	0.01441536602	0.01288102498
2024-03-01	0.03925134112	-0.006048685238	0.004486583979	0.04042514376
2024-03-04	0.03531970078	-0.02570893651	-0.001396883732	0.007139368076
2024-03-05	0.008492992096	-0.02885316891	-0.03001803232	-0.02969387609
2024-03-06	0.03133128535	-0.005895548264	-0.001391754083	0.03557809713
2024-03-07	0.04377411525	-0.0007098071989	0.0173814516	0.04237905764
2024-03-08	-0.05707526239	0.01018464636	-0.007162510997	-0.05198749084
2024-03-11	-0.02024281191	0.01176210136	-0.004193705729	-0.03235846957
2024-03-12	0.0691265472	0.002774728643	0.02625181249	0.02220989514
2024-03-13	-0.0112144982	-0.0121966897	-0.00043353646	-0.01588302115
2024-03-14	-0.03292773099	0.01086809291	0.02408722699	-0.009333456397
2024-03-15	-0.001223116482	-0.002198947706	-0.02091231572	-0.02060083696
2024-03-18	0.007016816326	0.006352160875	0.002158947273	0.001201137505
2024-03-19	0.01060436244	0.01349362955	0.009752917911	0.01116610043
2024-03-20	0.01083617434	0.01460209173	0.009023967501	0.0197735831
2024-03-21	0.01169385242	-0.04171556727	0.009688819064	0.0202585291
2024-03-22	0.03073619652	0.005296098513	-0.001468343483	-0.0109908502
2024-03-25	0.007533410168	-0.008335081625	-0.0138095196	-0.001051616063
2024-03-26	-0.02603005738	-0.006694880538	-0.002865568976	-0.007824758034
2024-03-27	-0.02528428942	0.02099080044	-0.0005218959173	0.002786190122
2024-03-28	0.001173826032	-0.01061525673	-0.001686160822	-0.0036410803
2024-04-01	7.746833486e-05	-0.00849174966	0.009109362758	0.02289982008
2024-04-02	-0.01013272302	-0.007023371155	-0.007399473484	-0.02678175642
2024-04-03	-0.005470375044	0.004785970316	-0.002351852276	0.01392949003
2024-04-04	-0.03498975901	-0.004904432675	-0.00613125631	-0.02778301243
2024-04-05	0.02418568492	0.00449173332	0.01811764046	0.02704825104
2024-04-08	-0.009992032477	-0.006685822023	-0.00218795302	0.003220778828
2024-04-09	-0.02062837297	0.007216404202	0.003972409939	0.00721914985
2024-04-10	0.01954898008	-0.01120177664	-0.00710975992	-0.01549582024
2024-04-11	0.04027450383	0.04236092182	0.01097298337	0.01786715146
2024-04-12	-0.02718257764	0.008589603141	-0.01419131167	-0.03105642577
2024-04-15	-0.02508929616	-0.02210604278	-0.01977228881	-0.007325275626
2024-04-16	0.01630796856	-0.0193533681	0.002269929255	0.02288192433
2024-04-17	-0.03943351392	-0.00818073209	-0.006631035164	-0.07358999446
2024-04-18	0.007539779415	-0.005730674709	-0.01855195284	-0.02068379019
2024-04-19	-0.1054116955	-0.01228783079	-0.01282084802	-0.0337336183
2024-04-22	0.04262194843	0.005077994227	0.004599548155	0.01444939929
2024-04-23	0.03588111305	0.00637136254	0.01635102536	0.03329092628
2024-04-24	-0.03388356222	0.01262222045	0.00364914748	-0.01031287535
2024-04-25	0.03641605274	0.005134117677	-0.02480018206	0.01135495784
2024-04-26	0.05992389286	-0.003478879655	0.018079364	0.01807370717
2024-04-29	0.000250723681	0.02450531025	-0.01006724062	-0.01006165733
2024-04-30	-0.01556080755	-0.01843986751	-0.03264647283	-0.04186355078
2024-05-01	-0.03967636196	-0.006065442733	0.01430654159	-0.0227563129
2024-05-02	0.03288266033	0.02179270073	0.007316059777	0.02024304232
2024-05-03	0.03404564639	0.05809551275	0.02192754108	0.0353892374
2024-05-06	0.03704639106	-0.009148492961	0.01677678949	0.0168159911
2024-05-07	-0.01736280166	0.003790067979	-0.01020813842	-0.009533587445
2024-05-08	-0.001569355892	0.00186229993	0.002927259738	0.003572040793
2024-05-09	-0.01858737698	0.009964417749	0.004326380615	0.002268481693
2024-05-10	0.01266357021	-0.008269455753	0.005852070966	0.01816920301
2024-05-13	0.005780010212	0.01749157855	-0.00246240136	-0.01412720447
2024-05-14	0.01053075672	0.006154524257	0.006841092345	-0.002412309399
2024-05-15	0.03521058841	0.01214385864	0.01553077761	0.02417456925
2024-05-16	-0.002867893748	0.0006323111181	-0.004952206029	-0.01925787587
2024-05-17	-0.02012506506	0.0001580153278	-0.001854494112	0.005887759553
2024-05-20	0.02457682482	0.006143202749	0.01213426278	0.0155226485
2024-05-21	0.006373400622	0.006833798994	0.00866130558	-0.01519836624
2024-05-22	-0.004581379903	-0.007566898467	0.003443625721	-0.003182509722
2024-05-23	0.08910589952	-0.02128303109	-0.008209767167	0.01284099128
2024-05-24	0.02539752619	0.01645210382	0.007373219273	0.02324394373
2024-05-28	0.06747578708	5.263573441e-05	0.0003718854636	0.03658387407
2024-05-29	0.008079580166	0.001577785117	-0.002676007135	-0.03484937701
2024-05-30	-0.03839370925	0.005241376851	-0.03437008765	0.008565540935
2024-05-31	-0.007877096873	0.005006007221	0.001108701005	-0.005990248749
2024-06-03	0.04779370428	0.009216177897	-0.003885843301	0.005327585648
2024-06-04	0.01241822584	0.001647871015	0.006147634449	-0.01531113411
2024-06-05	0.05027075987	0.007790516568	0.01890352452	0.09094937143
2024-06-06	-0.01184709754	-0.007121843859	0.001202079034	0.01076444884
2024-06-07	-0.0009095194231	0.01231586715	-0.001579499839	-0.02324915027
2024-06-10	0.007433752988	-0.0193334398	0.009439792072	0.01283994975
2024-06-11	-0.007251782913	0.07013141117	0.01117901364	-0.005486797355
2024-06-12	0.03486599148	0.02817758169	0.01918249585	0.03121586365
2024-06-13	0.03461748277	0.005476131726	0.001178283468	-0.01522486834
2024-06-14	0.01736247677	-0.008201953509	0.002239439945	-0.02384990558
2024-06-17	-0.006847778414	0.01948053028	0.01302014038	0.02362189657
2024-06-18	0.03451723221	-0.01104522088	-0.004537790979	0.008430165591
2024-06-20	-0.03604534987	-0.02174767882	-0.001434913479	-0.01007527035
2024-06-21	-0.03272100733	-0.01049941328	0.009112494378	-0.01354855107
2024-06-24	-0.06917912118	0.003127784471	-0.004702220487	-0.03393814412
2024-06-25	0.06537954406	0.004458193909	0.007300114768	0.02106380491
2024-06-26	0.002455544028	0.01979606225	0.002679630884	-0.006608061537
2024-06-27	-0.01925056452	0.003978009224	0.001524845325	0.01116116858
2024-06-28	-0.003635926924	-0.01638763364	-0.01311421329	-0.005149372097
2024-07-01	0.006133008249	0.02868905371	0.02164567514	0.01046590172
2024-07-02	-0.01320017547	0.01610945094	0.00556763919	0.01383719432
2024-07-03	0.04471755178	0.005794231049	0.003238957236	0.02219691945
2024-07-05	-0.01928358522	0.02138999589	0.01462867964	0.002861285615
2024-07-08	0.01865975488	0.006517549934	-0.002827159733	0.002704625999
2024-07-09	0.02450234298	0.003767802924	-0.01447453386	-0.01630084378
2024-07-10	0.02651400199	0.01862896658	0.01449598181	0.03611457264
2024-07-11	-0.05727614631	-0.0234947296	-0.02508411013	-0.03373055666
2024-07-12	0.01433939782	0.0129664998	-0.00253234377	0.02119496781
2024-07-15	-0.006209271735	0.01660467453	0.000903571372	-0.02013200354
2024-07-16	-0.01632689329	0.001790205499	-0.009828741629	0.004278041255
2024-07-17	-0.06853510082	-0.02562141446	-0.01343745024	-0.1363290805
2024-07-18	0.02593419565	-0.02074854815	-0.007127613924	-0.008517429691
2024-07-19	-0.02644284266	0.000579723087	-0.00743040297	-0.03163735546
2024-07-22	0.04647376217	-0.001561559199	0.01324944102	0.04998236256
2024-07-23	-0.007719536161	0.004677381181	0.004302825999	-0.009017867277
2024-07-24	-0.07045642433	-0.02917578152	-0.03651335517	-0.06655238997
2024-07-25	-0.01739327828	-0.004816191682	-0.02478587877	-0.0116632838
2024-07-26	0.006922899753	0.002158687255	0.01628634858	0.02942497358
2024-07-29	-0.01308721105	0.00128381494	0.003427233402	-0.02028563995
2024-07-30	-0.07304007075	0.002562695893	-0.008968458865	-0.01191377573
2024-07-31	0.1205534909	0.01487960677	-0.01086463312	0.08515164013
2024-08-01	-0.06907222615	-0.0168926004	-0.00296842676	-0.0582341057
2024-08-02	-0.0179236136	0.006845903237	-0.02088254179	-0.08789749814
2024-08-05	-0.06568892935	-0.0493656959	-0.03320199455	0.01349962208
2024-08-06	0.03713176942	-0.009795996703	0.01122363184	0.02724774187
2024-08-07	-0.05258151493	0.01242073275	-0.002957247406	-0.00793163457
2024-08-08	0.0594642493	0.0164964864	0.01063521109	0.04706063916
2024-08-09	-0.002098036245	0.01364239526	0.008235384305	-0.0185361052
2024-08-12	0.03995479283	0.005947870083	0.001943826504	-0.008976312307
2024-08-13	0.06326500831	0.01704690323	0.01754388215	0.01931142546
2024-08-14	0.01656600091	0.002031649269	0.006860305891	0.01153768795
2024-08-15	0.03968313488	0.01343985824	0.009953656037	0.05385657224
2024-08-16	0.01390258409	0.005901030945	-0.006098887279	-0.01038500651
2024-08-19	0.04258637063	-0.0007080586214	0.007285746514	0.01564987308
2024-08-20	-0.02138079502	0.00274093894	0.007727520641	-0.007497359424
2024-08-21	0.009775248905	-0.0004857477298	-0.001554880517	0.01864434498
2024-08-22	-0.03774631423	-0.008294017785	-0.02046064541	-0.03878800086
2024-08-23	0.04449392583	0.0102355946	0.00297955383	-0.0004958759751
2024-08-26	-0.0227504633	0.001497731657	-0.007949167454	-0.02675285348
2024-08-27	0.01444521899	0.003734544443	0.0008460953208	0.007410407306
2024-08-28	-0.02118940292	-0.006776405408	-0.00785992111	-0.001968493501
2024-08-29	-0.06597787086	0.01446505453	0.006118603073	-0.0004730155958
2024-08-30	0.01502391527	-0.003443844813	0.00968378921	0.01804043166
2024-09-03	-0.100096686	-0.02758215448	-0.01863152446	-0.0668874854
2024-09-04	-0.01671296079	-0.008656111034	-0.001319745041	-0.04093831841
2024-09-05	0.009371261535	0.006903892233	-0.001248027178	-0.01976319395
2024-09-06	-0.04171238863	-0.007039740264	-0.01651705883	-0.05531024254
2024-09-09	0.03478611609	0.0004074887431	0.009957725143	-0.003953126716
2024-09-10	0.01519346932	-0.00362795736	0.02068568245	0.002078338078
2024-09-11	0.07834768337	0.01151852291	0.02111778826	0.06287519655
2024-09-12	0.01889486418	0.0004939047762	0.009317276005	3.749273579e-05
2024-09-13	-0.0003357958393	-0.00121274747	0.008372348023	0.02003122905
2024-09-16	-0.01967165351	-0.02816830875	0.001740280972	-0.01645090824
2024-09-17	-0.01024237555	0.002170350186	0.008794157012	0.003294527232
2024-09-18	-0.01939264128	0.01782985882	-0.0100236416	-0.02240402958
2024-09-19	0.03892551621	0.03639515491	0.01812585565	0.04991134888
2024-09-20	-0.01599213113	-0.002931719342	-0.007826485096	-0.04051211853
2024-09-23	0.002238871167	-0.007609951608	-0.00405166419	0.01028293127
2024-09-24	0.0388865256	0.003966160672	-0.01006175318	0.01298318082
2024-09-25	0.02160653658	-0.004407817777	0.006827074631	0.005121995293
2024-09-26	0.004281969782	0.0050673179	-0.001853096359	0.04102046415
2024-09-27	-0.02151321561	0.001186005278	-0.007657165641	-0.01286927878
2024-09-30	0.0003294350219	0.02261430167	0.005312716383	-0.009899829478
2024-10-01	-0.03724637885	-0.0295746822	-0.02258641944	-0.013167622
2024-10-02	0.01568825901	0.002516613174	-0.008498296592	0.01189468495
2024-10-03	0.03310190516	-0.00490662936	-0.001415428403	0.000264327768
2024-10-04	0.01670943345	0.00499481667	-0.001153014781	0.0007085342645
2024-10-07	0.02216683543	-0.02278856225	-0.01579490201	-0.01908859656
2024-10-08	0.0396813505	0.01823677234	0.01254490216	0.008540968515
2024-10-09	-0.00180763776	0.0165605243	0.006609250539	0.02591513519
2024-10-10	0.01615229912	-0.002180645463	-0.003888160425	-0.01420371882
2024-10-11	-7.418122477e-05	-0.006526666327	0.001153624431	0.008025552732
2024-10-14	0.02396860445	0.01634557477	0.006750797668	0.03687602579
2024-10-15	-0.04799378404	0.01096431493	-0.0009547907347	-0.1774656072
2024-10-16	0.03082692102	-0.008891238266	-0.006276522054	-0.06637748493
2024-10-17	0.008875906428	0.00159506856	0.001440853234	0.02468119387
2024-10-18	0.007783838813	0.01220179968	0.003449600968	0.03183165947
2024-10-21	0.04054369493	0.006278123616	0.00148158796	-0.01274576168
2024-10-22	-0.0008353637799	-0.002625229098	0.02063195755	0.009491294309
2024-10-23	-0.02846739999	-0.02186019927	-0.006830130647	-0.01719488616
2024-10-24	0.006072097808	-0.0008237054202	0.0003061236528	0.003085748135
2024-10-25	0.008015648521	0.003636525069	0.00801992855	0.001251309469
2024-10-28	-0.00723253525	0.008562690815	-0.003650236872	-0.004294722692
2024-10-29	0.005181542629	0.001156143748	0.01248647621	0.00911657611
2024-10-30	-0.01365026452	-0.01539586656	0.001341847323	-0.044768979
2024-10-31	-0.04833811866	-0.01837730717	-0.06243683093	-0.01663289057
2024-11-01	0.01969037363	-0.01336858732	0.00984433457	0.003236152697
2024-11-04	0.004789104751	-0.00404567665	-0.00466520148	-0.00530505223
2024-11-05	0.02797689352	0.006465249477	0.007317819757	0.007865759377
2024-11-06	0.03993245598	-0.003272298233	0.02097138085	-0.02246916015
2024-11-07	0.02220879761	0.02114694529	0.01241723125	0.02357725899
2024-11-08	-0.008431468788	-0.002288531938	-0.006816305269	-0.01149506227
2024-11-11	-0.01618390337	-0.01210147972	-0.01077876119	0.002744672735
2024-11-12	0.02064457581	0	0.01193774283	-0.003177945069
2024-11-13	-0.01371558709	0.003961282581	0.005116547951	0.006301274397
2024-11-14	0.003344370588	0.01367648264	0.003966722332	0.02861792083
2024-11-15	-0.03311239688	-0.0142096738	-0.02824784857	-0.05081035739
2024-11-18	-0.012972925	0.0133329422	0.001829650469	0.009970925446
2024-11-19	0.04778733407	0.001139601263	0.004870743239	-0.004625626943
2024-11-20	-0.007647698592	0.003149057886	-0.005520367322	-0.005649005246
2024-11-21	0.005332252175	-0.002098269698	-0.006325773182	0.02063819409
2024-11-22	-0.03271028234	0.00589019788	0.009953448364	0.001070600233
2024-11-25	-0.04267294917	0.01296642621	0.004283379167	0.0170778085
2024-11-26	0.006594879914	0.00936044276	0.02173022986	-0.01843111949
2024-11-27	-0.01160668286	-0.0005532032738	-0.01175129272	-0.002219822879
2024-11-29	0.0212735096	0.01016398027	0.001110520523	0.02377257165
2024-12-02	0.002744873148	0.009477551442	0.01760262669	0.03556680676
2024-12-03	0.01168932956	0.01269094671	0.00051033428	0.009219878817
2024-12-04	0.03420095074	0.001482518906	0.01432181234	0.002586963709
2024-12-05	-0.0005513439147	0.0001234440903	0.01181778219	-0.0117646772
2024-12-06	-0.01822659153	-0.0008232485852	0.002144010571	-0.00354810014
2024-12-09	-0.02581476682	0.01597288805	0.005508169369	-0.003475807102
2024-12-10	-0.02731292901	0.004125218177	-0.006049380342	-0.001770802069
2024-12-11	0.03090850315	-0.005179471782	0.01268620206	0.01290431374
2024-12-12	-0.01424206253	0.005946018125	0.001268710871	-0.001863358927
2024-12-13	-0.0227558698	0.0006853595382	-0.005106887542	0.007655379362
2024-12-16	-0.0169018108	0.01165948661	0.009612249432	0.00527427383
2024-12-17	-0.01227196315	0.009672635471	0.006335212403	0.01757765298
2024-12-18	-0.01141547298	-0.02165458571	-0.03828465533	-0.02158634152
2024-12-19	0.01363710028	0.006990226117	-0.0008234029879	-0.01291152751
2024-12-20	0.03029849668	0.01864097762	-0.000984398509	-0.006469223234
2024-12-23	0.0362324139	0.003060266042	-0.003096865468	0.0215327373
2024-12-24	0.003930120461	0.01141266988	0.009330260464	-0.001846261153
2024-12-26	-0.002070320211	0.003170800383	-0.002780818714	-0.00536373598
2024-12-27	-0.0210883817	-0.01333068069	-0.01745301255	-0.003176049401
2024-12-30	0.003497271324	-0.01335217458	-0.01332791895	-0.02474341336
2024-12-31	-0.0235495466	-0.00708291529	-0.007869311461	-0.004419721713
2025-01-02	0.02949590204	-0.02658622608	-0.00695174688	0.01053472247
2025-01-03	0.0435743309	-0.002011453645	0.01133122953	0.01970688184
2025-01-06	0.03375618221	0.006716382034	0.01057340678	0.0730665383
2025-01-07	-0.06418613281	-0.01145309209	-0.01289095972	-0.01432443289
2025-01-08	-0.0002140945592	0.002020994274	0.005171631377	-0.01811498962
2025-01-10	-0.03043492642	-0.02439908336	-0.01330175746	-0.006702700095
2025-01-13	-0.019915944	-0.01039797167	-0.004209827539	-0.0158211726
2025-01-14	-0.0110948721	-0.004789608883	-0.003650077294	0.01213378281
2025-01-15	0.03343595049	0.01948485713	0.02527510493	-0.01366091025
2025-01-16	-0.01979235137	-0.04123897583	-0.004066336151	0.03248331758
2025-01-17	0.03052433975	0.007507018495	0.01042640155	0.008031318682
2025-01-21	0.02240346447	-0.0324362314	-0.001236108515	0.00878024241
2025-01-22	0.0433551747	0.005330717934	0.04047654396	0.004850602107
2025-01-23	0.001019402718	-0.0007597935515	0.001142332498	-0.02706136911
2025-01-24	-0.03174431603	-0.003942304183	-0.005949926059	-0.01892527857
2025-01-27	-0.1859461235	0.03128569052	-0.02162566351	-0.05921302044
2025-01-28	0.08549725487	0.03589208643	0.02867189691	-0.009901791859
2025-01-29	-0.04187560258	0.004606180415	-0.010949712	0.04198324289
2025-01-30	0.007650530571	-0.007422195725	-0.06380178629	0.03358390728
2025-01-31	-0.03743490393	-0.006714694035	0.0001686645387	0.003142995204
2025-02-03	-0.02881118472	-0.03444231738	-0.01002453975	-0.01122862246
2025-02-04	0.01691426156	0.02079022822	0.003522456241	0.0004854817134
2025-02-05	0.05077482878	-0.001418531413	0.002228521136	0.01516989742
2025-02-06	0.03037589071	0.003221029648	0.00610294859	-0.004670256579
2025-02-07	0.008974220836	-0.02426071033	-0.01470525669	-0.01558494352
2025-02-10	0.02832276178	8.785802149e-05	0.006009969791	0.02225968058
2025-02-11	-0.005781447947	0.02159685913	-0.001893985948	0.01189011109
2025-02-12	-0.01257878221	0.01810524652	-0.005850250695	0.004227551603
2025-02-13	0.03115516778	0.01948222155	0.003660415517	0.02716126165
2025-02-14	0.02597359114	0.01263053427	-0.005152825302	-0.03328973969
2025-02-18	0.003953284574	-0.0005316212528	0.00295818422	-0.009801050532
2025-02-19	-0.001220256405	0.001634855475	0.01244542452	0.0007790359153
2025-02-20	0.006300586462	0.003912782657	0.003273561715	-0.002298558029
2025-02-21	-0.04138421092	-0.001139647647	-0.01921596357	-0.00794437739
2025-02-24	-0.03135763706	0.006292520509	-0.01036686991	-0.001697021118
2025-02-25	-0.02841653195	-0.0002428461582	-0.01521416053	-0.007870995176
2025-02-26	0.03606299832	-0.02741246737	0.00458860176	0.02266669833
2025-02-27	-0.0885914846	-0.01281263602	-0.01817635177	-0.06818226163
2025-02-28	0.03893257023	0.01895118703	0.01129812403	0.0161791442
2025-03-03	-0.09094890669	-0.01587963432	-0.021643662	-0.0130880401
2025-03-04	0.01677935477	-0.008861565289	0.0003088405635	0.01187446485
2025-03-05	0.01123077517	-0.0008056480602	0.03143503136	0.04355751139
2025-03-06	-0.05908595111	-0.00174071838	-0.01035213717	-0.03425354985
2025-03-07	0.01899188141	0.01576761166	-0.00906105921	0.02402227383
2025-03-10	-0.05199878486	-0.04969407364	-0.03400588826	-0.06942511448
2025-03-11	0.01650171866	-0.02962386502	0.0007625458883	0.01033999834
2025-03-12	0.06220267638	-0.01763327402	0.007384939025	0.01888717003
2025-03-13	-0.001383365256	-0.03422262438	-0.01181054094	-0.01256132571
2025-03-14	0.05134953091	0.01800743415	0.02551843733	0.02756121891
2025-03-17	-0.01774507591	0.002386021858	0.0003602398207	0.02261352445
2025-03-18	-0.03490310026	-0.006140308495	-0.01341606717	0.001067440434
2025-03-19	0.01794424624	0.01191797809	0.01114954377	0.005184115511
2025-03-20	0.008557561226	-0.005310489026	-0.002530143606	-0.001157273593
2025-03-21	-0.007027078825	0.01928963296	0.01136112978	-0.02460338681
2025-03-24	0.03103423329	0.0112074066	0.004640852861	0.01609386149
2025-03-25	-0.005947972926	0.013589122	0.005277592682	-0.001512464367
2025-03-26	-0.05913430857	-0.00997133666	-0.01322093309	-0.0292935431
2025-03-27	-0.020694375	0.01041816419	0.001563000767	-0.02167101186
2025-03-28	-0.01592073429	-0.02693994274	-0.03062445254	-0.02351394951
2025-03-31	-0.01183228663	0.01922655412	-0.009042875767	-0.01787350996
2025-04-01	0.01619950311	0.004760630567	0.01795238161	0.007082896142
2025-04-02	0.002448203608	0.003131433175	-0.0001308335407	0.002499346532
2025-04-03	-0.08128117274	-0.09701335792	-0.02391375128	-0.07089942123
2025-04-04	-0.07642287556	-0.0756803025	-0.03621379412	-0.0287624505
2025-04-07	0.03470001697	-0.03742595565	-0.005517639747	0.01685005357
2025-04-08	-0.01381892672	-0.05110188296	-0.009264264345	-0.03380412852
2025-04-09	0.1716206847	0.1426174109	0.09652477664	0.1435296167
2025-04-10	-0.06094720511	-0.0433186128	-0.02368477215	-0.05643286224
2025-04-11	0.03075757331	0.03979216078	0.01844687279	0.02922019837
2025-04-14	-0.001985201879	0.02181432747	-0.001648932432	0.006052132241
2025-04-15	0.01336882322	-0.001878120455	-0.005377886116	0.0151769467
2025-04-16	-0.07119162004	-0.0397115826	-0.03729272561	-0.07321433616
2025-04-17	-0.02913110159	0.01385325669	-0.01035998392	0.008203388513
2025-04-21	-0.04617755871	-0.01958333974	-0.02382833884	-0.02446261842
2025-04-22	0.02022540854	0.03349765981	0.02121467005	0.02216367695
2025-04-23	0.0379013619	0.0240403327	0.02042677032	0.02975533208
2025-04-24	0.03557800888	0.01825849206	0.03390155168	0.02553815515
2025-04-25	0.04213279529	0.004357722687	0.01167952698	0.003357320849
2025-04-28	-0.02075254233	0.004100906992	-0.001762430055	-0.006681357862
2025-04-29	0.002663606626	0.005078923935	0.007335743543	-0.009933831792
2025-04-30	-0.0009176838306	0.006089089168	0.003091349225	0.002953104778
2025-05-01	0.02439698386	0.003851397368	0.07348612655	-0.002037759171
2025-05-02	0.02556417133	-0.03807754533	0.02295959941	0.03479957646
2025-05-05	-0.005956569819	-0.03196393233	0.002042573434	-0.01014793704
2025-05-06	-0.002463055432	-0.001912431383	-0.006578668434	-0.004943714913
2025-05-07	0.03053142612	-0.01145012003	9.230840244e-05	0.02955923057
2025-05-08	0.002644714249	0.006298593485	0.01106124735	0.01084914292
2025-05-09	-0.006153339645	0.005252272061	0.001277226767	-0.002573821989
2025-05-12	0.0530063569	0.059922155	0.02371759504	0.06042719396
2025-05-13	0.05481148852	0.01010109599	-0.0002671415866	0.0180970529
2025-05-14	0.04079428691	-0.002821805005	0.008425023229	0.006537036999
2025-05-15	-0.003775405158	-0.004153104275	0.0004193936512	-0.01381572061
2025-05-16	0.004218634832	-0.0008989615235	0.002512674895	-0.01362154806
2025-05-19	0.001254751613	-0.01180853641	0.01007521062	0.001375874331
2025-05-20	-0.008816504599	-0.00923883003	-0.00152665126	-0.0004940282765
2025-05-21	-0.01938598542	-0.02332909322	-0.01229784698	-0.01559997449
2025-05-22	0.007784493076	-0.003618791903	0.005047231988	0.004777154571
2025-05-23	-0.0116614982	-0.03071113457	-0.01034217651	-0.0111459961
2025-05-27	0.03156302337	0.02498359943	0.02307786282	0.0326361152
2025-05-28	-0.005105260617	0.001048348947	-0.007254538651	-0.01367679138
2025-05-29	0.03197352654	-0.002347829337	0.002881972214	0.000743183336
2025-05-30	-0.02960262819	0.004491025512	0.00365599293	-0.01387642857
2025-06-02	0.01651353074	0.004223084155	0.003491161808	0.01316003621
2025-06-03	0.0275681493	0.007753699611	0.002162303262	0.0009639974504
2025-06-04	0.004944560473	-0.002216258387	0.001942083386	-0.005999897196
2025-06-05	-0.01369252707	-0.01085647049	0.008179960806	0.006682166906
2025-06-06	0.01228228851	0.01626534438	0.005756577311	0.007009716998
2025-06-09	0.006400584538	-0.01218654843	0.005025828865	0.02255843351
2025-06-10	0.009281618675	0.006037828894	-0.003878479329	0.01899527911
2025-06-11	-0.007880371336	-0.01938035499	0.003603454733	-0.001121690811
2025-06-12	0.01507863055	0.002110659611	0.01313747888	0.002700122636
2025-06-13	-0.02111797475	-0.01390139915	-0.008198571866	-0.03259057446
2025-06-16	0.01897775507	0.009978050217	0.008762240318	0.01852640166
2025-06-17	-0.003947236869	-0.01410976055	-0.002298419282	-0.02002555373
2025-06-18	0.009392334239	0.004793237467	0.004591567945	0.002339797321
2025-06-20	-0.01126753012	0.02223543492	-0.005931265039	-0.006731814352
2025-06-23	0.002222068826	0.002484473328	0.01785391	0.03019269212
2025-06-24	0.02554321089	-0.005973138715	0.008421231806	0.04223893509
2025-06-25	0.04242719637	0.006270861141	0.004397490749	0.002308732451
2025-06-26	0.00459057477	-0.002782195753	0.01046770258	-0.02126117537
2025-06-27	0.01745736057	0.0003979307653	-0.00304009737	-0.002685003244
2025-06-30	0.001520238463	0.02013606495	0.002959684045	0.00681135016
2025-07-01	-0.03013495401	0.01283341665	-0.01083429837	-0.0137200147
2025-07-02	0.0254401097	0.02198727513	-0.001952926959	0.01147139103
2025-07-03	0.01320338837	0.005211401733	0.01565799267	-0.006386110318
2025-07-07	-0.006927416078	-0.01700159016	-0.002247733145	-0.01191462508
2025-07-08	0.01106094736	0.0002857415011	-0.002212523782	0.01141103701
2025-07-09	0.01783991813	0.00536627193	0.01377842681	0.007189807185
2025-07-10	0.007462264734	0.005996948677	-0.004039846687	0.002821615935
2025-07-11	0.004984509743	-0.005902229283	0.003662424476	-0.00019949876
2025-07-14	-0.005167341812	-0.01210172471	-0.0005962199831	0.005967717536
2025-07-15	0.03961446377	0.002346014051	0.005550944034	0.01999146192
2025-07-16	0.003917331872	0.005008716079	-0.0003954757625	-0.08699149476
2025-07-17	0.009466632825	-0.0006663810994	0.0119531168	-0.01272560125
2025-07-18	-0.00341623331	0.005508086101	-0.003229755683	-0.0139644984
2025-07-21	-0.005992047947	0.00613701591	1.960572879e-05	-0.02049223854
2025-07-22	-0.02570987624	0.008995562909	-0.009435425993	-0.01992824657
2025-07-23	0.02220274148	-0.001166725135	0.001186779418	0.01609978462
2025-07-24	0.01718375035	-0.001822813713	0.009855009684	0.01130378677
2025-07-25	-0.001382329445	0.0005612197323	0.005524174932	-0.01925800815
2025-07-28	0.01855870539	0.0007945225104	-0.002358192886	0.02600684998
2025-07-29	-0.007040283437	-0.01307269628	0.0001365760389	-0.01587904788
2025-07-30	0.02119702793	-0.01056347851	0.001306284975	0.004111288206
2025-07-31	-0.007840102879	-0.007104825624	0.03871549871	-0.03776858345
2025-08-01	-0.02360813872	-0.02532151388	-0.01775748479	-0.007063798304
2025-08-04	0.03551204322	0.004781514052	0.02176070767	0.01373493712
2025-08-05	-0.009713692188	-0.002116819655	-0.0148396069	-0.01401040923
2025-08-06	0.006486267429	0.04965337367	-0.005338716382	0.001926713089
2025-08-07	0.007496078856	0.03129871432	-0.007841077486	0.03156777423
2025-08-08	0.0106199584	0.04148532035	0.002301320439	0.0128185448
2025-08-11	-0.003509160307	-0.00950656624	-0.000517335542	-0.001399250729
2025-08-12	0.006023784712	0.01081375597	0.01421513742	0.02799718097
2025-08-13	-0.008608689217	0.01589734979	-0.01649844056	0.01840624705
2025-08-14	0.002365172578	-0.002359959045	0.003643130983	-0.0004765750233
2025-08-15	-0.00866284006	-0.00512523464	-0.00443102437	-0.01743100292
2025-08-18	0.008607899534	-0.003027160243	-0.005919401823	0.007236339315
2025-08-19	-0.03562518493	-0.00143027438	-0.0142766358	-0.005284488813
2025-08-20	-0.001367365755	-0.01993188617	-0.00797648716	0.007876271378
2025-08-21	-0.00239739826	-0.004923387116	-0.002930811239	-0.01897840636
2025-08-22	0.01705568726	0.012636584	0.005912204434	0.0261574744
2025-08-25	0.0101733689	-0.002637827961	-0.005872541568	-0.0005697817095
2025-08-26	0.01084141378	0.009420184894	-0.004412210278	0.01151785857
2025-08-27	-0.0009356854578	0.005132677645	0.009318253749	0.008870394714
2025-08-28	-0.00790561654	0.008940778703	0.005706542572	-0.008529781869
2025-08-29	-0.03381160236	-0.00180761831	-0.00580521737	-0.0276762592
2025-09-02	-0.01971306879	-0.01047946194	-0.003103351934	-0.02284109187
2025-09-03	-0.0009373169989	0.03738234026	0.000455233711	0.01500024707
2025-09-04	0.00607691481	0.005478320026	0.005171132196	0.02229248497
2025-09-05	-0.02740221056	-0.0003754145246	-0.02586462815	0.03683492128
2025-09-08	0.007693951413	-0.007580076917	0.006443840259	0.01844217166
2025-09-09	0.01445154475	-0.01495062047	0.0004214286493	0.01109054818
2025-09-10	0.03775334161	-0.0327912452	0.00392479328	-0.01500400424
2025-09-11	-0.000902679892	0.01418525603	0.001278236208	0.01379850354
2025-09-12	0.003662079081	0.01741048072	0.0175885671	0.01200239373
2025-09-15	-0.0003937340096	0.0111733006	0.01065105752	0.0635842896
2025-09-16	-0.01627804426	0.006107210727	-0.01233908666	0.01273990148
2025-09-17	-0.02659715839	0.003520982805	0.001923341711	-0.007025830156
2025-09-18	0.03434383646	-0.004655365214	-0.003083058399	0.06171718331
2025-09-19	0.002436883131	0.0315306024	0.01847321576	0.004677553624
2025-09-22	0.03853035731	0.04219294843	-0.006741729171	0.02714524197
2025-09-23	-0.02861757549	-0.00646414662	-0.01019858793	0.005943878719
2025-09-24	-0.00821614076	-0.008367258825	0.001805019227	-0.01734713342
2025-09-25	0.004060232274	0.01791163012	-0.006134626683	0.002752454954
2025-09-26	0.002809937782	-0.005504278726	0.008699207527	0.002072517798
2025-09-29	0.02033177469	-0.004040092573	0.006120518882	0.01158763939
2025-09-30	0.0256779301	0.0007857620331	0.006488812656	0.005676712815
2025-10-01	0.003531114899	0.003215184702	0.003392251195	0.035694886
2025-10-02	0.008773618612	0.006555097802	-0.007668201175	0.02645917199
2025-10-03	-0.006746194346	0.003455307718	0.003116865527	0.001987985468
2025-10-06	-0.01114814847	-0.005167970158	0.02145561882	0.01067694386
2025-10-07	-0.002698474302	-0.0008184422773	-0.008721731217	-0.04009140744
2025-10-08	0.02175683842	0.006141427162	0.001658991828	-0.01456226647
2025-10-09	0.01813086765	-0.01570038109	-0.00467892952	-0.007386931245
2025-10-10	-0.0500996362	-0.03513209037	-0.02214226871	-0.04628499299
2025-10-13	0.02778255572	0.009697193227	0.006029227735	0.05047795659
2025-10-14	-0.04501913984	0.0004440587038	-0.0009341975339	-0.001504187616
2025-10-15	-0.001111543492	0.006316530426	-0.0002726387553	0.02672525702
2025-10-16	0.01095022555	-0.007608885519	-0.003551084665	0.009638391359
2025-10-17	0.007725430856	0.01937067811	0.003843194773	0.0094492274
2025-10-20	-0.003170614366	0.03868089549	0.006230791628	0.0124360738
2025-10-21	-0.008136383534	0.002019009848	0.001682053662	-0.01657376231
2025-10-22	-0.004869420866	-0.0165768732	0.005548078188	-0.01321348804
2025-10-23	0.01037422393	0.004362688618	3.842090097e-05	0.02426418188
2025-10-24	0.02225812534	0.01240444696	0.005841977215	-0.00319882757
2025-10-27	0.02769204084	0.02253542312	0.01499369402	0.02568604915
2025-10-28	0.04861856272	0.0007065692639	0.01965431797	-0.007100756003
2025-10-29	0.02945786066	0.002598850544	-0.0009597461101	0.0172941032
2025-10-30	-0.02024805106	0.006283517255	-0.02959056343	0.004295791426
2025-10-31	-0.001973457644	-0.003802356133	-0.01523645524	-0.01519694958
2025-11-03	0.02144841241	-0.004894155333	-0.001507479703	0.007140031744
2025-11-04	-0.04039309386	0.003672860238	-0.005235817112	-0.03498754547
2025-11-05	-0.01766991899	0.0003702469589	-0.01403854713	0.01312528185
2025-11-06	-0.03720849794	-0.001370599018	-0.02003532256	-0.01403819576
2025-11-07	0.0003721128076	-0.004830568252	-0.0005634256427	-0.0119640165
2025-11-10	0.05631653241	0.003569440488	0.01830888183	0.02123878934
2025-11-11	-0.03003718844	0.02137115925	0.005282465865	-0.015884208
2025-11-12	0.003307838451	-0.006487848971	0.00482439013	0.01447773801
2025-11-13	-0.03646702609	-0.001903298404	-0.01547698056	-0.0169847413
2025-11-14	0.0175587356	-0.001980343907	0.01359705991	-0.01270961041
2025-11-17	-0.01895112055	-0.01833826188	-0.005286598337	0.01284687473
2025-11-18	-0.02848328221	-7.478033281e-05	-0.0273666807	-0.01575084686
2025-11-19	0.02805446574	0.00417911056	-0.01359982629	0.03452449434
2025-11-20	-0.03203237154	-0.008638635648	-0.0180005896	-0.05771832031
2025-11-21	-0.009790910435	0.01948958926	-0.01327671914	-0.01485951115
2025-11-24	0.02030891813	0.01618566235	0.003974131134	0.02174677261
2025-11-25	-0.02625230541	0.003798228444	0.006288204613	0.01546961097
2025-11-26	0.01362845044	0.002091900063	0.01768376142	0.03693814387
2025-11-28	-0.01825052055	0.004672905699	0.01331975376	0.01811593735
2025-12-01	0.01636257508	0.01512618928	-0.01076894188	0.02606304909
2025-12-02	0.00852293609	0.01085573379	0.006675291491	0.01892835456
2025-12-03	-0.01035876871	-0.007153658168	-0.02535967176	0.02857464271
2025-12-04	0.02088402759	-0.01221578438	0.006488855091	-0.02740286969
2025-12-05	-0.005303601923	-0.006863543066	0.004813287301	-0.009603839288
2025-12-08	0.01706748681	-0.003197588368	0.01613699843	0.01822361577
2025-12-09	-0.00313073774	-0.002558237293	0.00203450591	-0.007395389422
2025-12-10	-0.006454259694	0.005755825661	-0.02773777119	0.007064886206
2025-12-11	-0.01562917394	-0.002693918764	0.01020767052	0.00313983203
2025-12-12	-0.03320996302	0.000898779518	-0.01027036055	-0.03811342147
2025-12-15	0.00723011319	-0.01509831538	-0.007783120005	0.006427924948
2025-12-16	0.00807891177	0.001822423598	0.003301061649	-0.01087876451
2025-12-17	-0.03889666033	-0.01013825135	-0.0005669231971	-0.05798476096
2025-12-18	0.01854695566	0.001286693926	0.01637366025	0.02035415878
2025-12-19	0.03858220772	0.005422649128	0.004000417749	0.01884079762
2025-12-22	0.01480777304	-0.009914887333	-0.002060072419	0.0009086607346
2025-12-23	0.02960795519	0.00511660697	0.003972138546	0.004587467103
2025-12-24	-0.003176118281	0.005309714582	0.002400321195	0.003459690575
2025-12-26	0.01012827142	-0.001498510907	-0.0006354217057	0.006762501979
2025-12-29	-0.01219817105	0.001315885854	-0.001251526102	-0.006316809588
2025-12-30	-0.003619335439	-0.002487017594	0.0007798231428	0.005748015835
2025-12-31	-0.005560916908	-0.004477564643	-0.007949789577	-0.002128852345
2026-01-02	0.01252181007	-0.003131507339	-0.02233094383	0.08414552922
2026-01-05	-0.003872992082	-0.01393375321	-0.00019031709	0.05386821287
2026-01-06	-0.004688840645	-0.01850436093	0.01189889585	0.01133440999
2026-01-07	0.009937639907	-0.007767549433	0.01031215608	-0.01110645822
2026-01-08	-0.02175683842	-0.004967567063	-0.01114843386	-0.02819250689
2026-01-09	-0.0009732360866	0.001273123761	0.002444146236	0.06449037543
2026-01-12	0.0004326663129	0.003387093804	-0.004391199579	0.005753192836
2026-01-13	0.004693198095	0.003069252361	-0.01373656668	-0.00867767724
2026-01-14	-0.01447375857	-0.00418418683	-0.02427945725	-0.005083124589
2026-01-15	0.02112507311	-0.006754565697	-0.005938622754	0.05232147452
2026-01-16	-0.004393491851	-0.01043338775	0.006982963826	0.02005144926
2026-01-20	-0.04480573753	-0.03516679605	-0.01168017828	-0.02421299526
2026-01-21	0.02905652823	0.003843435499	-0.02316963755	0.02533119331
2026-01-22	0.008257326361	0.002822582519	0.01570543312	0.02534354124
2026-01-23	0.0151945153	-0.001249018072	0.03230061961	-0.00428155422
2026-01-26	-0.006414733067	0.02928007362	0.009249929768	0.01734991191
2026-01-27	0.01093373382	0.01113545224	0.02166544579	0.02876130101
2026-01-28	0.01578813975	-0.007110830219	0.002182476625	-0.0220129757
2026-01-29	0.005155858621	0.007149548639	-0.1052843882	0.02240476194
2026-01-30	-0.007194275634	0.004635360587	-0.007432396246	-0.02234854111
2026-02-02	-0.02930612659	0.039779367	-0.01621289877	0.01284060668
2026-02-03	-0.02880374014	-0.001964819257	-0.0291424683	-0.03208288502
2026-02-04	-0.03469730058	0.02568047785	0.007220772833	-0.04150489139
2026-02-05	-0.01335009858	-0.00209992836	-0.05081181085	0.008202954571
2026-02-06	0.0757730302	0.007977949648	0.01879749866	0.04549907687
2026-02-09	0.02466498721	-0.01266435134	0.03058882964	0.01159555648
2026-02-10	-0.007924390351	-0.003428783224	-0.00079819081	-0.01116394711
2026-02-11	0.007977009467	0.006628087924	-0.02177083197	0.01544998706
2026-02-12	-0.01649948568	-0.05127419055	-0.006276300976	-0.02023639856
2026-02-13	-0.02234034764	-0.02299573804	-0.001294885384	-0.0001848244883
2026-02-17	0.01174628765	0.03117675435	-0.0111755404	0.009319375825
2026-02-18	0.01614192443	0.001779528327	0.006880473117	0.03388934314
2026-02-19	-0.0004256677727	-0.01436406691	-0.002856929994	-0.006687982847
2026-02-20	0.01016634828	0.01523374726	-0.003091658761	0.00728016
2026-02-23	0.009072616444	0.006029108624	-0.03264969553	0.01109776647
2026-02-24	0.006763813508	0.0221438681	0.01171358112	0.007916148035
2026-02-25	0.01395455306	0.007650530571	0.02938407961	0.01898671927
2026-02-26	-0.05610618407	-0.004678542106	0.002791905293	-0.04194828992
2026-02-27	-0.04253845047	-0.03265793923	-0.0226075132	-0.009086105415
2026-03-02	0.02941797481	0.002041974618	0.01468514555	-0.01880296168
2026-03-03	-0.01340598788	-0.003670978823	0.01340863475	-0.04497108963
2026-03-04	0.0164701181	-0.004674415185	0.003139176753	0.02784649787
2026-03-05	0.001637644342	-0.008530875554	0.01343355006	-0.02240919287
2026-03-06	-0.03057054984	-0.01093202582	-0.004196970682	-0.05680253369
2026-03-09	0.02679995055	0.009355617781	0.001099747169	0.04877543044
2026-03-10	0.01154005513	0.003648868099	-0.008955247109	0.01895839795
2026-03-11	0.006796142663	-7.668123614e-05	-0.002171124903	0.002368163759
2026-03-12	-0.01565706335	-0.01955266812	-0.007486957649	-0.02563812247
2026-03-13	-0.01590611151	-0.02229870205	-0.01582656779	-0.00436738581
2026-03-16	0.01634284042	0.01073697037	0.01106233783	0.02195402827
2026-03-17	-0.007065618878	0.005561596034	-0.00135108107	0.00983832699
2026-03-18	-0.00844539008	-0.01701848004	-0.01926247627	-0.02477234021
2026-03-19	-0.01025192844	-0.003928648068	-0.00709522578	0.008245317808
2026-03-20	-0.03336869404	-0.003903818219	-0.01855051963	-0.03662599542
2026-03-23	0.01688046054	0.01401480455	0.00295475263	0.038987099
2026-03-24	-0.002508267191	0.000596267384	-0.02715386353	0.02152453596
2026-03-25	0.01966831798	0.003886888644	-0.004571252145	-0.003959465455
2026-03-26	-0.04253041521	0.001068228228	-0.01375851068	-0.04729546791
2026-03-27	-0.02196333415	-0.01630525071	-0.02546004638	-0.02054046995
2026-03-30	-0.01412750059	-0.008760123033	0.006119645214	-0.03795591798
2026-03-31	0.05437626494	0.02861791557	0.03075139791	0.0519537831
2026-04-01	0.007711019216	0.007223933107	-0.002163507889	0.02904788671
2026-04-02	0.00928816781	0.001133809133	0.0110120521	-0.03177716674
2026-04-06	0.001408331923	0.01142247937	-0.001554251726	-0.01008691466
2026-04-07	0.002586159872	-0.02092355198	-0.001583531606	0.001869402872
2026-04-08	0.02210096064	0.02107806373	0.005464640852	0.08408249993
2026-04-09	0.01000035657	0.006122585983	-0.003371691714	0.01922915028
2026-04-10	0.02534091685	-3.838992649e-05	-0.005914472708	0.02025406451
2026-04-13	0.003598458664	-0.004926118336	0.03575403346	0.01471918277
2026-04-14	0.03732743758	-0.00142848894	0.02248384058	0.01199285535
2026-04-15	0.01193802432	0.0289400694	0.04503888017	-0.02435396876
2026-04-16	-0.002618197961	-0.01143775563	0.02174521628	-0.04905913546
2026-04-17	0.01664913592	0.02559965892	0.006002034506	0.03412125635
2026-04-20	0.00188240012	0.01038148037	-0.01122671925	0.01137498217
2026-04-21	-0.01084749652	-0.02551972621	0.01446185992	-0.0119437149
2026-04-22	0.01302270007	0.02595910961	0.02044221089	-0.01054915162
2026-04-23	-0.01422414195	0.0009513356005	-0.04046883535	-0.01807518124
2026-04-24	0.04231957025	-0.008705449016	0.02111053324	0.02775347666
2026-04-27	0.0392631867	-0.01280950182	0.000470898483	-0.01748056719
2026-04-28	-0.01600853211	0.01151744044	0.01037394998	-0.03399688428
2026-04-29	-0.01856026008	-0.001996746707	-0.01122172697	0.006852299866
2026-04-30	-0.04736465739	0.004358110015	-0.04008995952	0.03170677911
2026-05-01	-0.005627872751	0.0318799777	0.01620039809	-0.008353124797
2026-05-04	0.0001511601545	-0.01188587884	-0.001980533459	-0.02901494937
2026-05-05	-0.01002590807	0.02620424084	-0.005430316375	0.04009543376
2026-05-06	0.05605800652	0.01164980203	0.00625198925	0.0681867732
2026-05-07	0.01750456066	-0.0002434994359	0.01631701531	-0.01838462411
2026-05-08	0.0173428298	0.02025002042	-0.01351873105	0.04853266287
2026-05-11	0.01951101834	-0.00218430121	-0.005943625702	-0.01660038817
2026-05-12	0.006087883961	0.007217298299	-0.0119207194	-0.02907469722
2026-05-13	0.02261577324	0.01371153592	-0.00629783872	0.0390957826
2026-05-14	0.04294699897	-0.002210759928	0.01036049727	0.001850863896
2026-05-15	-0.04520788877	0.006750911275	0.03004977409	-0.05360416393
2026-05-18	-0.01340382859	-0.00799241802	0.00383223803	-0.01978411647
2026-05-19	-0.007721348727	0.003786804344	-0.01455505147	-0.008834130369
2026-05-20	0.01288074015	0.01091125559	0.008682432179	0.06028599788
2026-05-21	-0.01787938729	0.00902449969	-0.00468964735	0.02665228904
2026-05-22	-0.01922605445	0.01247959371	-0.001241554012	0.0253664877
2026-05-26	-0.00218508188	-0.001587944918	-0.006086766935	-0.0005329364002
2026-05-27	-0.01057418733	0.00813984274	-0.008109130957	-0.02115314638
2026-05-28	0.00773109157	0.005325987949	0.03411235166	0.004931899972
2026-05-29	-0.01462213692	-0.001440991651	0.05302018018	0.004343604683
2026-06-01	0.06073048408	-0.01859781598	0.02257551188	0.009755332152
2026-06-02	-0.006887634009	0.02860969695	-0.04260870946	0.04607976684
2026-06-03	-0.03688970977	-0.01579670235	-0.03216762703	0.01223304966
2026-06-04	0.01804345114	0.00312153305	0.001660061874	0.0178601292
2026-06-05	-0.06402034693	-0.01257756206	-0.02694546959	-0.06811861985
2026-06-08	0.01711261366	-0.01905194928	-0.01190245942	0.06331041098
2026-06-09	-0.002159154451	-0.03712699883	-0.02043866768	0.01629270391
2026-06-10	-0.03803595966	0.003538732156	-0.0151107437	-0.0248193243
2026-06-11	0.02196046701	0.01379426175	-0.0178245166	0.09103971891
2026-06-12	0.001560747525	-0.01533876961	0.00102422296	-0.01909689369
2026-06-15	0.0347702874	0.01800746472	0.02282198987	0.0154999762
2026-06-16	-0.02400915592	0.009468559475	-0.01494502293	-0.04803780284
2026-06-17	-0.0133963077	-0.01105540587	-0.03862063424	0.03483188507
2026-06-18	0.0290866559	0.006936521853	0.001292347637	0.03257685682
2026-06-22	-0.009729651801	-0.00336123472	-0.0323032078	-0.0002228597056
2026-06-23	-0.04214086049	-0.00916615303	0.01780750704	-0.08138350507
2026-06-24	-0.005212521826	-0.004154045948	-0.02293852266	-0.008861385829
2026-06-25	-0.01651757673	-0.06312920579	-0.03517047955	0.04352023496
2026-06-26	-0.01653526226	0.03088288657	0.05551163292	-0.02561337006
2026-06-29	0.01259371483	-0.007214630247	-0.01186733457	0.04813136502
2026-06-30	0.02592156475	0.02668692781	0.01200138463	0.05492852671
2026-07-01	-0.01262369971	0.01719986212	0.02973941603	-0.0764368099
2026-07-02	-0.01401618216	0.04727169866	0.01603090722	-0.04082109022
2026-07-06	0.003688717744	0.01297318972	-0.009649728135	0.03102305048
2026-07-07	0.007032234443	-0.006417271589	0.00541531533	-0.0435580494
2026-07-08	0.03585972055	0.008749354748	-0.01424562411	0.01215625064
2026-07-09	-0.006586408671	0.008989752574	0.002657289567	0.01992844926
2026-07-10	0.03954689452	-0.00285017769	0.001923427412	-0.003848326453
2026-07-13	-0.03585512788	0.006291217816	0.01517894339	-0.04046689915
2026-07-14	0.039829019	-0.007751118422	-0.01562048464	0.02833115396
2026-07-15	0.003299555197	0.03935995949	0.02741793147	0.02207329566
2026-07-16	-0.02429269257	0.01743491104	0.01373134173	-0.01688863354
2026-07-17	-0.02237971563	0.001439280608	-0.01831682066	-0.02111360968
2026-07-20	0.002314758846	-0.02165668514	0.02127926946	-0.004910237595
2026-07-21	0.01953444	0.003515049544	-0.01134955436	0.03530346595
2026-07-22	0.02275047449	-0.005660710004	-0.01880551301	0.0001942625937
2026-07-23	-0.01568398672	-0.01306481405	-0.0226976269	0.0006324795071
2026-07-24	-0.009239719247	0.03470746117	0.000314432452	-0.02579291265
2026-07-27	-0.05123222693	0.01161328413	0.01920142024	-0.05970093538
2026-07-28	0.002541168271	0.00936505168	0.01086342078	-0.04466790138
2026-07-29	-0.03617778652	-0.005573016326	-0.007169403963	-0.02059020164
2026-07-30	0.02612796338	-0.01417491945	0.1441586476	0.06294764141
2026-07-31	0.02885568709	-0.07638297594	0.02974602927	-0.01368130496
2026-08-03	0.02891779596	-0.01793198802	0.04816286173	0.008265318243
2026-08-04	0.02532506696	0.01945231049	0.0105257688	0.04136637546
2026-08-05	0.03377257604	0.005222617371	-0.01091546843	-0.01986431541
2026-08-06	-0.001049725114	0.004523515517	0.02511982343	0.01546183307
2026-08-07	0.02244139781	0.002940520545	0.0002600390073	0.02125837596
2026-08-10	-0.02903875531	-0.01631336552	0.01206714111	-0.00432296822
2026-08-11	-0.000229858638	-0.01092693162	-0.004456026465	0.0373112124
2026-08-12	0.02984890635	-0.0087621616	-0.02284689434	0.00592335744
2026-08-13	0.005385090563	0.009909382992	0.00899622972	0.02068434064
2026-08-14	-0.0006215868424	0.002192445126	-0.002983031196	-0.00206935106
2026-08-17	-0.0006664149346	-0.001111983369	-0.0308505122	0.0209494676
2026-08-18	-0.02369981639	0.01442473275	0.002661179558	-0.0434891242
2026-08-19	-0.009970354718	0.02169628544	0.005549013141	-0.02883698049
2026-08-20	-0.003268804273	-0.01760827498	-0.006546125752	-0.0008109559444
2026-08-21	-0.009871016498	-0.006283755471	0.004334352849	0.007654978802
2026-08-24	-0.02949174041	0.003195148678	0.008387046227	-0.01348807083
2026-08-25	0.02168376657	-0.001418805862	0.008988640937	0.002313241319
2026-08-26	-0.01603970892	0.01139019293	0.009432504556	0.0008481861933
2026-08-27	0.08377073478	0.003598558093	0.01735561773	-0.00610807352
2026-08-28	-0.04682919664	0.01614464025	0.01663121615	-0.02264630453
2026-08-31	0.01473802142	-0.008954580296	-0.01222561808	-8.843896391e-05
2026-09-01	-0.01524378019	0.02579662658	-0.01243681173	-0.0183692296
2026-09-02	0.03155178553	-0.000523004519	-0.00841823299	0.01025270076
2026-09-03	0.01784263207	0.009951549586	0.0264182047	-0.0216983778
2026-09-04	0.008325934629	-0.02542640602	-0.02063807381	0.04087958038
2026-09-08	-0.02030370784	-0.01178906752	-0.01157362086	0.02872259361
2026-09-09	-0.009167843473	-0.002786752073	-0.004667216264	-0.02022178757
2026-09-10	-0.02402667441	0.03499289903	0.001605544553	-0.02463725194
2026-09-11	-0.0003206229273	0.01730357058	0.006457054831	0.006421089306
2026-09-14	-0.03415591194	0.00243480995	0.01954030046	-0.07527724489
2026-09-15	0.00571929808	-0.005237662857	-0.01653853542	0.01031389506
2026-09-16	0.008120775963	0.003224108254	-0.01381399699	0.006725766657
2026-09-17	0.02511442124	0.01371378359	0.01508049429	0.01698737278
2026-09-18	0.01326982176	-0.002584940456	-0.008007869081	0.0303686329
2026-09-21	0.0227297676	0.008443118693	0.01573285146	0.01851882932
2026-09-22	0.006531530069	0.002268944441	-0.007222848299	0.0211500648
2026-09-23	-0.01478965291	-0.008067777259	0.005187325745	-0.001884032385
2026-09-24	-0.004132512713	-0.003269239396	-0.005327897874	-0.01275431107
2026-09-25	0.002179473786	0.01521469843	0.03597666369	0.01237019732
2026-09-28	0.01669899796	-0.007859107077	-0.01355602538	0.0156289184
2026-09-29	-0.007235762927	-0.02695580999	-0.0005107152088	0.03493616154
2026-09-30	0.005136208311	0.01092973049	0.007711466394	-0.01246292934
2026-10-01	0.01080055791	-0.008140666659	-0.0001949887888	-0.001756828879
2026-10-02	0.01329595113	0.01015053669	0.009181588867	0.0320066496
