{
  "currentPredictionRaw": [
    [
      0.0016582353273406625,
      0.00041128951124846935,
      0.0029520923271775246,
      0.01690266653895378,
      0.007334585767239332,
      0.01060821209102869,
      0.009594524279236794,
      0.16493307054042816,
      0.0009684265241958201,
      0.001596291665919125
    ],
    [
      0.00047349295346066356,
      0.0018742160173133016,
      0.0003741132386494428,
      0.0014749093679711223,
      0.0024676218163222075,
      0.009690584614872932,
      0.001657421002164483,
      0.06502489745616913,
      0.010897834785282612,
      0.29418063163757324
    ],
    [
      0.0027391009498387575,
      0.0005318063194863498,
      0.3703385889530182,
      0.003759001148864627,
      0.002420644974336028,
      0.0012701204977929592,
      0.0019040410406887531,
      0.006891949567943811,
      0.0026519845705479383,
      0.0024176076985895634
    ]
  ],
  "currentPrediction": [
    {
      "name": "LSTM Base Model",
      "predictions": [
        [
          7,
          9,
          2
        ],
        [
          7,
          3,
          5
        ]
      ]
    }
  ],
  "realResult": [
    9,
    4,
    6
  ],
  "newPrediction": [
    {
      "name": "LSTM Base Model",
      "predictions": [
        [
          6,
          5,
          0
        ],
        [
          6,
          0,
          5
        ]
      ]
    }
  ],
  "newPredictionRaw": [
    [
      0.04246710613369942,
      0.0029131080955266953,
      0.0019819564186036587,
      0.0022047478705644608,
      0.00785545539110899,
      0.011625410057604313,
      0.07773707062005997,
      0.004030589945614338,
      0.00017557242244947702,
      0.001220022328197956
    ],
    [
      0.013457808643579483,
      0.002306090435013175,
      0.0010278057307004929,
      0.0004051499126944691,
      0.006372332107275724,
      0.24672746658325195,
      0.0005003040423616767,
      0.004590052179992199,
      0.005328834056854248,
      0.0035806733649224043
    ],
    [
      0.5272324681282043,
      0.00030536664417013526,
      0.015217335894703865,
      0.00169996521435678,
      0.0018702042289078236,
      0.008825798518955708,
      0.000740712508559227,
      0.002797362394630909,
      0.002429051324725151,
      0.002374121220782399
    ]
  ],
  "matchingNumbers": {
    "model": "LSTM Base Model",
    "prediction": [
      7,
      9,
      2
    ],
    "matching_numbers": [
      9
    ],
    "match_count": 1
  },
  "labels": [
    0,
    1,
    2,
    3,
    4,
    5,
    6,
    7,
    8,
    9
  ],
  "numberFrequency": {
    "6": 0.3333333333333333,
    "5": 0.3333333333333333,
    "0": 0.3333333333333333
  }
}