{
  "currentPredictionRaw": [
    [
      0.0005988352349959314,
      0.0030180811882019043,
      0.005061295349150896,
      0.011093270033597946,
      0.00424606166779995,
      0.005451018922030926,
      0.09826727211475372,
      0.004773879889398813,
      0.12902645766735077,
      0.0010011616395786405
    ],
    [
      0.0006987276137806475,
      0.13791140913963318,
      0.015977775678038597,
      0.011212588287889957,
      0.0005493365461006761,
      0.005614107474684715,
      0.010051517747342587,
      0.0032152594067156315,
      0.3376232981681824,
      0.007797029335051775
    ],
    [
      0.03424894064664841,
      0.013733959756791592,
      0.005078091751784086,
      0.07971163094043732,
      0.0007444860530085862,
      0.009740176610648632,
      0.000519285153131932,
      0.010433525778353214,
      0.04719594120979309,
      0.005405608098953962
    ]
  ],
  "currentPrediction": [
    {
      "name": "LSTM Base Model",
      "predictions": [
        [
          8,
          8,
          3
        ],
        [
          8,
          6,
          3
        ]
      ]
    }
  ],
  "realResult": [
    7,
    6,
    6
  ],
  "newPrediction": [
    {
      "name": "LSTM Base Model",
      "predictions": [
        [
          0,
          6,
          3
        ],
        [
          0,
          5,
          1
        ]
      ]
    }
  ],
  "newPredictionRaw": [
    [
      0.16208051145076752,
      0.03786395117640495,
      0.005428876727819443,
      0.0021367953158915043,
      0.0029938905499875546,
      0.04908236488699913,
      0.008656399324536324,
      0.011386682279407978,
      0.014425178058445454,
      0.01144423894584179
    ],
    [
      0.012556192465126514,
      0.0013776677660644054,
      0.008488365449011326,
      0.03150150924921036,
      0.07294811308383942,
      0.010478319600224495,
      0.11743954569101334,
      0.017713148146867752,
      0.008982745930552483,
      0.009535477496683598
    ],
    [
      0.007920452393591404,
      0.007215582299977541,
      0.005317464005202055,
      0.1750543713569641,
      0.021136464551091194,
      0.00412399647757411,
      0.023956041783094406,
      0.1311504989862442,
      0.004042139742523432,
      0.023563047870993614
    ]
  ],
  "matchingNumbers": {
    "model": "LSTM Base Model",
    "prediction": [
      8,
      6,
      3
    ],
    "matching_numbers": [
      6
    ],
    "match_count": 1
  },
  "labels": [
    0,
    1,
    2,
    3,
    4,
    5,
    6,
    7,
    8,
    9
  ],
  "numberFrequency": {
    "0": 0.3333333333333333,
    "6": 0.16666666666666666,
    "3": 0.16666666666666666,
    "5": 0.16666666666666666,
    "1": 0.16666666666666666
  }
}