{
  "currentPredictionRaw": [
    [
      0.0004066923283971846,
      0.00011441876995377243,
      0.00184931221883744,
      0.0016749027417972684,
      0.0003307609003968537,
      0.0023194432724267244,
      0.007034006528556347,
      0.012770552188158035,
      8.492313645547256e-05,
      0.14844584465026855
    ],
    [
      0.0005505835870280862,
      0.00017191121878568083,
      0.6446924209594727,
      0.0017874576151371002,
      0.007751119323074818,
      9.248752758139744e-05,
      0.0009113208507187665,
      0.0017897057114169002,
      0.0005767835536971688,
      0.0032744440250098705
    ],
    [
      0.15136878192424774,
      0.0015487688360735774,
      0.004020098131150007,
      0.0003597926697693765,
      0.0019746229518204927,
      0.0001262436417164281,
      0.001452667755074799,
      0.0007928743725642562,
      0.0011317924363538623,
      0.000595351739320904
    ]
  ],
  "currentPrediction": [
    {
      "name": "LSTM Base Model",
      "predictions": [
        [
          9,
          2,
          0
        ],
        [
          9,
          7,
          6
        ]
      ]
    }
  ],
  "realResult": [
    9,
    4,
    8
  ],
  "newPrediction": [
    {
      "name": "LSTM Base Model",
      "predictions": [
        [
          9,
          4,
          8
        ],
        [
          9,
          1,
          3
        ]
      ]
    }
  ],
  "newPredictionRaw": [
    [
      0.0012682975502684712,
      0.0074544441886246204,
      0.004188003484159708,
      0.005531471222639084,
      0.005177818238735199,
      0.000114660884719342,
      0.0013951247092336416,
      0.0013847530353814363,
      0.0005361093790270388,
      0.34496673941612244
    ],
    [
      0.000456146924989298,
      0.002507393015548587,
      0.001486326684243977,
      0.0010142084211111069,
      0.45933493971824646,
      0.004883871413767338,
      0.00015388497558888048,
      0.009593898430466652,
      0.0027462898287922144,
      0.00012695652549155056
    ],
    [
      0.0028504261281341314,
      0.002844500821083784,
      0.0032689024228602648,
      0.0003019196738023311,
      0.0019131008302792907,
      0.0020716863218694925,
      0.0007077852496877313,
      0.001136316917836666,
      0.12789428234100342,
      0.0026896644849330187
    ]
  ],
  "matchingNumbers": {
    "model": "LSTM Base Model",
    "prediction": [
      9,
      2,
      0
    ],
    "matching_numbers": [
      9
    ],
    "match_count": 1
  },
  "labels": [
    0,
    1,
    2,
    3,
    4,
    5,
    6,
    7,
    8,
    9
  ],
  "numberFrequency": {
    "9": 0.3333333333333333,
    "4": 0.16666666666666666,
    "8": 0.16666666666666666,
    "1": 0.16666666666666666,
    "3": 0.16666666666666666
  }
}