{"currentPredictionRaw": [[0.10122502595186234, 0.09995448589324951, 0.10099754482507706, 0.09875479340553284, 0.10214132815599442, 0.09869430214166641, 0.09880854189395905, 0.09722096472978592, 0.1008571907877922, 0.10134580731391907], [0.10122502595186234, 0.09995448589324951, 0.10099754482507706, 0.09875479340553284, 0.10214132815599442, 0.09869430214166641, 0.09880854189395905, 0.09722096472978592, 0.1008571907877922, 0.10134580731391907], [0.10122502595186234, 0.09995448589324951, 0.10099754482507706, 0.09875479340553284, 0.10214132815599442, 0.09869430214166641, 0.09880854189395905, 0.09722096472978592, 0.1008571907877922, 0.10134580731391907]], "currentPrediction": [[5, 0, 0], [10, 0, 0], [1, 0, 0], [3, 0, 0], [9, 0, 0], [2, 0, 0], [7, 0, 0], [4, 0, 0], [6, 0, 0], [8, 0, 0]], "realResult": [3, 5, 5], "newPrediction": [[1, 0, 0], [5, 0, 0], [3, 0, 0], [9, 0, 0], [10, 0, 0], [2, 0, 0], [4, 0, 0], [6, 0, 0], [7, 0, 0], [8, 0, 0]], "newPredictionRaw": [[0.10268615931272507, 0.09939630329608917, 0.10120130330324173, 0.09932249039411545, 0.10127529501914978, 0.09876862168312073, 0.09837441891431808, 0.09693595767021179, 0.10109766572713852, 0.10094176977872849], [0.10268615931272507, 0.09939630329608917, 0.10120130330324173, 0.09932249039411545, 0.10127529501914978, 0.09876862168312073, 0.09837441891431808, 0.09693595767021179, 0.10109766572713852, 0.10094176977872849], [0.10268615931272507, 0.09939630329608917, 0.10120130330324173, 0.09932249039411545, 0.10127529501914978, 0.09876862168312073, 0.09837441891431808, 0.09693595767021179, 0.10109766572713852, 0.10094176977872849]], "matchingNumbers": {"bestMatchIndex": 0, "bestMatchSequence": [5, 0, 0], "matchingNumbers": [5]}}