{
  "currentPredictionRaw": [
    [
      0.06683262437582016,
      0.08736702799797058,
      0.042024221271276474,
      0.036537207663059235,
      0.003601314499974251,
      0.02229628711938858,
      0.005301976576447487,
      0.0013080367352813482,
      0.014643564820289612,
      0.0015775300562381744
    ],
    [
      0.100279301404953,
      0.017566319555044174,
      0.006848474964499474,
      0.016643669456243515,
      0.0016689837211742997,
      0.016161363571882248,
      0.0017925930442288518,
      0.020106129348278046,
      0.005723415408283472,
      0.014430454932153225
    ],
    [
      0.053009118884801865,
      0.052405085414648056,
      0.12256032228469849,
      0.23313583433628082,
      0.0008160078432410955,
      0.008317787200212479,
      0.019425535574555397,
      0.0022174129262566566,
      0.012654492631554604,
      0.012747861444950104
    ]
  ],
  "currentPrediction": [
    {
      "name": "LSTM Base Model",
      "predictions": [
        [
          1,
          0,
          3
        ],
        [
          1,
          0,
          2
        ]
      ]
    }
  ],
  "realResult": [
    9,
    0,
    7
  ],
  "newPrediction": [
    {
      "name": "LSTM Base Model",
      "predictions": [
        [
          8,
          3,
          0
        ],
        [
          8,
          0,
          6
        ]
      ]
    }
  ],
  "newPredictionRaw": [
    [
      0.0702938437461853,
      0.017476720735430717,
      0.0054879519157111645,
      0.010808860883116722,
      0.012666563503444195,
      0.015049128793179989,
      0.022948898375034332,
      0.004353115800768137,
      0.19198469817638397,
      0.00531400553882122
    ],
    [
      0.05183103680610657,
      0.00664433091878891,
      0.019023478031158447,
      0.13524560630321503,
      0.004522121977061033,
      0.006377969868481159,
      0.007565940730273724,
      0.00690373033285141,
      0.017309026792645454,
      0.007692842278629541
    ],
    [
      0.15846142172813416,
      0.004562635440379381,
      0.05602544918656349,
      0.003927490673959255,
      0.012404450215399265,
      0.06631448864936829,
      0.06946159899234772,
      0.004363738000392914,
      0.003414677456021309,
      0.0015641548670828342
    ]
  ],
  "matchingNumbers": {
    "model": "LSTM Base Model",
    "prediction": [
      1,
      0,
      3
    ],
    "matching_numbers": [
      0
    ],
    "match_count": 1
  },
  "labels": [
    0,
    1,
    2,
    3,
    4,
    5,
    6,
    7,
    8,
    9
  ],
  "numberFrequency": {
    "8": 0.3333333333333333,
    "3": 0.16666666666666666,
    "0": 0.3333333333333333,
    "6": 0.16666666666666666
  }
}