{"currentPredictionRaw": [[2.6264911130876277e-14, 7.479630208313717e-16, 7.662364653360495e-20, 8.94482838492694e-12, 2.389286312472639e-14, 1.142170247652881e-23, 3.6764913602382876e-07, 2.633403410156991e-14, 3.502095260923127e-13, 0.9999996423721313], [7.926728358143009e-07, 0.9992699027061462, 0.0003705804410856217, 0.00023570669873151928, 7.881632768658164e-08, 2.9027416985627497e-06, 3.090598957311563e-11, 4.794040933120414e-07, 0.00011510753392940387, 4.327287570049521e-06], [3.593803010498152e-19, 1.7937969260540742e-24, 4.017321293582892e-19, 1.0, 2.980201805821703e-12, 2.667326691314813e-27, 2.907733326036957e-14, 1.6680889319542134e-34, 0.0, 3.884956648123496e-17]], "currentPrediction": [[9, 1, 3], [6, 2, 4], [3, 3, 6], [8, 8, 9], [7, 9, 2], [0, 5, 0], [4, 0, 1], [1, 7, 5], [2, 4, 7], [5, 6, 8]], "realResult": [6, 6, 5], "newPrediction": [[4, 6, 2], [6, 4, 3], [5, 9, 5], [3, 3, 1], [7, 8, 9], [2, 7, 8], [0, 5, 7], [9, 2, 6], [8, 1, 4], [1, 0, 0]], "newPredictionRaw": [[9.685233677611422e-31, 0.0, 3.484213343900559e-28, 3.8261104827519264e-25, 0.9999997615814209, 1.9876091883475056e-09, 2.7627612553260406e-07, 1.62127571465077e-26, 0.0, 0.0], [0.0, 0.0, 0.0, 1.1598662632002217e-36, 4.0130313361705175e-27, 0.0, 1.0, 0.0, 0.0, 8.461379959394046e-32], [0.0, 3.4227256926028317e-32, 1.0, 5.039661465922052e-10, 0.0, 1.463477649108115e-26, 0.0, 0.0, 0.0, 0.0]], "matchingNumbers": {"bestMatchIndex": 9, "bestMatchSequence": [5, 6, 8], "matchingNumbers": [5, 6]}, "labels": [0, 1, 2, 3, 4, 5, 6, 7, 8, 9]}