{
  "currentPredictionRaw": [
    [
      0.0004099688376300037,
      0.0007615916547365487,
      0.00013959503849036992,
      0.00023128670000005513,
      0.0001174384233308956,
      0.00011856851779157296,
      0.09265154600143433,
      0.0043846056796610355,
      0.007082839030772448,
      0.0112469382584095
    ],
    [
      9.108623635256663e-05,
      0.0006688269786536694,
      0.002667537424713373,
      0.0002709914406295866,
      0.001214872463606298,
      0.0009815390221774578,
      0.3131793141365051,
      0.0001369140954921022,
      0.004276065155863762,
      0.005562343634665012
    ],
    [
      0.5410007238388062,
      0.001786337816156447,
      0.0004676773678511381,
      2.1286625269567594e-05,
      0.00034757054527290165,
      0.00051852100295946,
      0.0029905885457992554,
      0.0008726892410777509,
      0.0031146265100687742,
      0.002686184598132968
    ]
  ],
  "currentPrediction": [
    {
      "name": "LSTM Base Model",
      "predictions": [
        [
          6,
          6,
          0
        ],
        [
          6,
          9,
          8
        ]
      ]
    }
  ],
  "realResult": [
    7,
    7,
    7
  ],
  "newPrediction": [
    {
      "name": "LSTM Base Model",
      "predictions": [
        [
          7,
          7,
          7
        ],
        [
          7,
          1,
          2
        ]
      ]
    }
  ],
  "newPredictionRaw": [
    [
      0.0017897640354931355,
      0.01672106236219406,
      0.007258156780153513,
      0.006227062549442053,
      0.0010835748398676515,
      0.001018827548250556,
      0.0016125168185681105,
      0.1876186728477478,
      0.00491931289434433,
      0.0013191885082051158
    ],
    [
      0.003997692838311195,
      0.00034791219513863325,
      0.005607909522950649,
      0.0008899666136130691,
      0.009861565195024014,
      0.003967742435634136,
      0.007513109128922224,
      0.20100092887878418,
      0.0022363956086337566,
      0.002020814921706915
    ],
    [
      0.001238534925505519,
      0.000732707732822746,
      0.0013332011876627803,
      0.0027147599030286074,
      0.04153447225689888,
      0.011117411777377129,
      0.0024425210431218147,
      0.46709075570106506,
      0.0007474163430742919,
      0.004036100581288338
    ]
  ],
  "matchingNumbers": {
    "model": null,
    "prediction": null,
    "matching_numbers": [],
    "match_count": 0
  },
  "labels": [
    0,
    1,
    2,
    3,
    4,
    5,
    6,
    7,
    8,
    9
  ],
  "numberFrequency": {
    "7": 0.6666666666666666,
    "1": 0.16666666666666666,
    "2": 0.16666666666666666
  }
}