{
  "currentPredictionRaw": [
    [
      0.0004273211816325784,
      0.007687903940677643,
      0.09013533592224121,
      0.002068230649456382,
      0.004284958355128765,
      0.0006861728616058826,
      0.0016405971255153418,
      0.005751869175583124,
      0.10597190260887146,
      0.047660306096076965
    ],
    [
      0.0035062527749687433,
      0.30595019459724426,
      0.0004892080323770642,
      0.05364315211772919,
      0.002892073942348361,
      0.0006886203773319721,
      0.018363744020462036,
      0.006824449170380831,
      0.02974601835012436,
      0.006453422363847494
    ],
    [
      0.002526114461943507,
      0.0065834252163767815,
      0.1919032782316208,
      0.005160708911716938,
      0.00507477018982172,
      0.009021895006299019,
      0.014895173721015453,
      0.00040331040509045124,
      0.002371403155848384,
      0.06718815863132477
    ]
  ],
  "currentPrediction": [
    {
      "name": "LSTM Base Model",
      "predictions": [
        [
          8,
          1,
          2
        ],
        [
          8,
          2,
          9
        ]
      ]
    }
  ],
  "realResult": [
    3,
    5,
    9
  ],
  "newPrediction": [
    {
      "name": "LSTM Base Model",
      "predictions": [
        [
          7,
          3,
          3
        ],
        [
          7,
          8,
          6
        ]
      ]
    }
  ],
  "newPredictionRaw": [
    [
      0.0004087877459824085,
      0.0009576752781867981,
      0.00036799078225158155,
      0.0018792827613651752,
      0.00012880784925073385,
      0.0013245311565697193,
      0.005212975665926933,
      0.6688731908798218,
      0.0085506746545434,
      0.0022015084978193045
    ],
    [
      0.0013712473446503282,
      0.0007044235826469958,
      0.007875433191657066,
      0.1542932242155075,
      0.00036661012563854456,
      0.008864189498126507,
      0.0030502951703965664,
      0.011967528611421585,
      0.0008439687662757933,
      0.0012652482837438583
    ],
    [
      0.013260386884212494,
      0.0013399041490629315,
      0.004288453608751297,
      0.09335259348154068,
      0.0021348539739847183,
      0.000998062314465642,
      0.0024471390061080456,
      0.0002870436292141676,
      0.0009252054151147604,
      0.0004587736038956791
    ]
  ],
  "matchingNumbers": {
    "model": "LSTM Base Model",
    "prediction": [
      8,
      2,
      9
    ],
    "matching_numbers": [
      9
    ],
    "match_count": 1
  },
  "labels": [
    0,
    1,
    2,
    3,
    4,
    5,
    6,
    7,
    8,
    9
  ],
  "numberFrequency": {
    "7": 0.3333333333333333,
    "3": 0.3333333333333333,
    "8": 0.16666666666666666,
    "6": 0.16666666666666666
  }
}