{
  "currentPredictionRaw": [
    [
      0.05853170529007912,
      0.010013227351009846,
      0.07520251721143723,
      0.0008973348303698003,
      0.002835110994055867,
      0.008408868685364723,
      0.004584707319736481,
      0.014655111357569695,
      0.015568471513688564,
      0.22961969673633575
    ],
    [
      0.07350661605596542,
      0.013307263143360615,
      0.02760961465537548,
      0.0005430123419500887,
      0.028344884514808655,
      0.006156159099191427,
      0.02957131527364254,
      0.04659155383706093,
      0.005189546383917332,
      0.002427029190585017
    ],
    [
      0.0013734526000916958,
      0.00478582875803113,
      0.08107821643352509,
      0.04003176465630531,
      0.012924612499773502,
      0.047089699655771255,
      0.005937420297414064,
      0.042488519102334976,
      0.006584711838513613,
      0.10414202511310577
    ]
  ],
  "currentPrediction": [
    {
      "name": "LSTM Base Model",
      "predictions": [
        [
          9,
          0,
          9
        ],
        [
          9,
          2,
          0
        ]
      ]
    }
  ],
  "realResult": [
    3,
    5,
    5
  ],
  "newPrediction": [
    {
      "name": "LSTM Base Model",
      "predictions": [
        [
          8,
          6,
          4
        ],
        [
          8,
          7,
          5
        ]
      ]
    }
  ],
  "newPredictionRaw": [
    [
      0.006002217531204224,
      0.0030479696579277515,
      0.0009243633248843253,
      0.0032169159967452288,
      0.0031744898296892643,
      0.01098643522709608,
      0.003671117126941681,
      0.020828647539019585,
      0.5292494893074036,
      0.005747606046497822
    ],
    [
      0.03539467975497246,
      0.0013800334418192506,
      0.004339056555181742,
      0.009442118927836418,
      0.0012713390169665217,
      0.00517773162573576,
      0.09092807024717331,
      0.04239078238606453,
      0.0008359740022569895,
      0.0025377445854246616
    ],
    [
      0.03260554373264313,
      0.0016877203015610576,
      0.003039047122001648,
      0.0035987207666039467,
      0.05936634540557861,
      0.03932281211018562,
      0.023157501593232155,
      0.03181887045502663,
      0.023736819624900818,
      0.0011197486892342567
    ]
  ],
  "matchingNumbers": {
    "model": null,
    "prediction": null,
    "matching_numbers": [],
    "match_count": 0
  },
  "labels": [
    0,
    1,
    2,
    3,
    4,
    5,
    6,
    7,
    8,
    9
  ],
  "numberFrequency": {
    "8": 0.3333333333333333,
    "6": 0.16666666666666666,
    "4": 0.16666666666666666,
    "7": 0.16666666666666666,
    "5": 0.16666666666666666
  }
}