{
  "currentPredictionRaw": [
    [
      0.0033631674014031887,
      0.06617805361747742,
      0.004179020412266254,
      0.007197190076112747,
      0.22498969733715057,
      0.013827094808220863,
      0.012021155096590519,
      0.0026434180326759815,
      0.005708656273782253,
      0.0006648243288509548
    ],
    [
      0.003658333793282509,
      0.005252717062830925,
      0.036325544118881226,
      0.020614270120859146,
      0.0008627112256363034,
      0.2671129107475281,
      0.04742514342069626,
      0.004047072492539883,
      0.002185432706028223,
      0.0015677857445552945
    ],
    [
      0.0040219249203801155,
      0.011704521253705025,
      0.003437707433477044,
      0.0004569793527480215,
      0.016394181177020073,
      0.009316794574260712,
      0.18462103605270386,
      0.0038129985332489014,
      0.03378409519791603,
      0.0026255494449287653
    ]
  ],
  "currentPrediction": [
    {
      "name": "LSTM Base Model",
      "predictions": [
        [
          4,
          5,
          6
        ],
        [
          4,
          1,
          5
        ]
      ]
    }
  ],
  "realResult": [
    1,
    0,
    4
  ],
  "newPrediction": [
    {
      "name": "LSTM Base Model",
      "predictions": [
        [
          1,
          0,
          4
        ],
        [
          1,
          9,
          6
        ]
      ]
    }
  ],
  "newPredictionRaw": [
    [
      0.0001544653350720182,
      0.01026602741330862,
      0.004631130490452051,
      0.003233024151995778,
      0.0027113882824778557,
      0.0045959302224218845,
      0.004667145665735006,
      0.004026250448077917,
      0.00021710929286200553,
      0.005193789955228567
    ],
    [
      0.7971984148025513,
      0.0008297013118863106,
      0.010643750429153442,
      0.0006372006027959287,
      0.005355373024940491,
      0.001973804784938693,
      0.0005373950116336346,
      0.001047784578986466,
      0.0013273670338094234,
      0.0023502421099692583
    ],
    [
      0.004662908148020506,
      0.00135069340467453,
      0.012255877256393433,
      0.0026978531386703253,
      0.0988907441496849,
      4.854732469539158e-05,
      0.0010600207606330514,
      0.0013921901118010283,
      0.0013067519757896662,
      0.014737127348780632
    ]
  ],
  "matchingNumbers": {
    "model": "LSTM Base Model",
    "prediction": [
      4,
      1,
      5
    ],
    "matching_numbers": [
      1,
      4
    ],
    "match_count": 2
  },
  "labels": [
    0,
    1,
    2,
    3,
    4,
    5,
    6,
    7,
    8,
    9
  ],
  "numberFrequency": {
    "1": 0.3333333333333333,
    "0": 0.16666666666666666,
    "4": 0.16666666666666666,
    "9": 0.16666666666666666,
    "6": 0.16666666666666666
  }
}