{"currentPredictionRaw": [[0.0007162283291108906, 2.9394399080108773e-16, 6.900141347188082e-09, 2.530685560486745e-05, 1.2613944591066684e-06, 3.217824632884003e-05, 0.999202311038971, 4.2427904722516785e-13, 2.2693746359436773e-05, 2.6524686310216983e-13], [0.0006849212804809213, 5.7551161263292845e-16, 1.1425149715194038e-08, 2.793870953610167e-05, 1.0360549822507892e-06, 2.8162694434286095e-05, 0.9992278814315796, 1.1000710975830885e-12, 3.0070978027652018e-05, 4.91702598776067e-13], [5.1145738635733726e-17, 2.7334272090229206e-07, 4.857228443240491e-13, 0.9999997615814209, 1.5563514921268506e-08, 7.780447397465196e-09, 4.0229393078479567e-16, 3.2784679057176774e-18, 2.601242954369809e-08, 1.0020608474936576e-13]], "currentPrediction": [[6, 6, 3], [0, 0, 1], [5, 8, 8], [3, 5, 4], [8, 3, 5], [4, 4, 2], [2, 2, 9], [7, 7, 6], [9, 9, 0], [1, 1, 7]], "realResult": [4, 6, 2], "newPrediction": [[9, 1, 3], [1, 8, 1], [2, 9, 8], [3, 7, 4], [0, 5, 5], [8, 6, 2], [4, 4, 9], [5, 3, 6], [6, 2, 0], [7, 0, 7]], "newPredictionRaw": [[5.609312177928634e-27, 0.00014836067566648126, 3.488635060623007e-18, 9.143666044817986e-25, 0.0, 0.0, 0.0, 0.0, 0.0, 0.9998515844345093], [0.0, 1.0, 0.0, 0.0, 0.0, 0.0, 0.0, 0.0, 9.235484084693027e-30, 0.0], [1.6495748272095785e-17, 2.1083845069824747e-07, 1.6670883694770017e-13, 0.9999997615814209, 7.991387107608716e-09, 2.7849820227743294e-09, 6.32228502029713e-17, 5.019108618206383e-19, 1.346593769824267e-08, 2.887625441495498e-14]], "matchingNumbers": {"bestMatchIndex": 5, "bestMatchSequence": [4, 4, 2], "matchingNumbers": [2, 4]}, "labels": [0, 1, 2, 3, 4, 5, 6, 7, 8, 9]}