{"currentPredictionRaw": [[0.0, 0.0, 9.269105530041573e-18, 0.0, 2.033680197171834e-14, 1.0, 6.9765300380421275e-28, 0.0, 0.0, 0.0], [0.0, 0.0, 0.0, 2.8152245335791122e-37, 2.6875701409602673e-27, 0.0, 1.0, 0.0, 0.0, 3.202485952653531e-33], [1.602485109977675e-19, 3.0339398129954466e-25, 3.706678396676519e-20, 1.0, 6.424139106959992e-13, 7.324206254210824e-29, 7.31189079146129e-15, 4.115723989620201e-36, 0.0, 2.4629751070658403e-17]], "currentPrediction": [[5, 6, 3], [4, 4, 4], [2, 9, 6], [6, 3, 9], [9, 8, 0], [8, 7, 2], [7, 5, 1], [3, 2, 5], [1, 1, 7], [0, 0, 8]], "realResult": [0, 5, 9], "newPrediction": [[9, 0, 2], [6, 6, 3], [3, 3, 5], [8, 4, 1], [7, 9, 9], [4, 1, 8], [0, 7, 7], [1, 8, 6], [2, 5, 4], [5, 2, 0]], "newPredictionRaw": [[1.1009909584231477e-14, 3.835026636686366e-16, 4.4761402201666715e-20, 4.114069761945727e-12, 1.2100602570191792e-14, 7.963541371875252e-24, 3.565162671748112e-07, 2.5104591189618712e-14, 3.9966280610502503e-13, 0.9999996423721313], [0.9996955394744873, 2.909838546752942e-36, 0.0, 2.836340900103096e-05, 9.065848303180246e-07, 0.0, 0.00027435613446868956, 5.241069253941393e-37, 0.0, 8.626784619991668e-07], [0.0, 1.2345243857364005e-30, 1.0, 1.1771617014488811e-09, 0.0, 2.147269276731246e-25, 0.0, 0.0, 0.0, 0.0]], "matchingNumbers": {"bestMatchIndex": 4, "bestMatchSequence": [9, 8, 0], "matchingNumbers": [0, 9]}, "labels": [0, 1, 2, 3, 4, 5, 6, 7, 8, 9]}