{
  "currentPredictionRaw": [
    [
      0.07558216154575348,
      0.003005777718499303,
      0.011174452491104603,
      0.002243688562884927,
      0.15165871381759644,
      0.006125811953097582,
      0.11607248336076736,
      0.010029725730419159,
      0.002354839351028204,
      0.06441505253314972
    ],
    [
      0.013480763882398605,
      0.03149547055363655,
      0.06102060154080391,
      0.034890368580818176,
      0.08364240825176239,
      0.004064004402607679,
      0.0027144053019583225,
      0.04559602588415146,
      0.018984703347086906,
      0.0014348558615893126
    ],
    [
      0.03702231124043465,
      0.02892167679965496,
      0.0015393059002235532,
      0.005282554775476456,
      0.004463536664843559,
      0.06077319756150246,
      0.01217770017683506,
      0.013842086307704449,
      0.08382866531610489,
      0.012162631377577782
    ]
  ],
  "currentPrediction": [
    {
      "name": "LSTM Base Model",
      "predictions": [
        [
          4,
          4,
          8
        ],
        [
          4,
          6,
          0
        ]
      ]
    }
  ],
  "realResult": [
    3,
    9,
    3
  ],
  "newPrediction": [
    {
      "name": "LSTM Base Model",
      "predictions": [
        [
          9,
          0,
          9
        ],
        [
          9,
          2,
          0
        ]
      ]
    }
  ],
  "newPredictionRaw": [
    [
      0.05853170529007912,
      0.010013227351009846,
      0.07520251721143723,
      0.0008973348303698003,
      0.002835110994055867,
      0.008408868685364723,
      0.004584707319736481,
      0.014655111357569695,
      0.015568471513688564,
      0.22961969673633575
    ],
    [
      0.07350661605596542,
      0.013307263143360615,
      0.02760961465537548,
      0.0005430123419500887,
      0.028344884514808655,
      0.006156159099191427,
      0.02957131527364254,
      0.04659155383706093,
      0.005189546383917332,
      0.002427029190585017
    ],
    [
      0.0013734526000916958,
      0.00478582875803113,
      0.08107821643352509,
      0.04003176465630531,
      0.012924612499773502,
      0.047089699655771255,
      0.005937420297414064,
      0.042488519102334976,
      0.006584711838513613,
      0.10414202511310577
    ]
  ],
  "matchingNumbers": {
    "model": null,
    "prediction": null,
    "matching_numbers": [],
    "match_count": 0
  },
  "labels": [
    0,
    1,
    2,
    3,
    4,
    5,
    6,
    7,
    8,
    9
  ],
  "numberFrequency": {
    "9": 0.5,
    "0": 0.3333333333333333,
    "2": 0.16666666666666666
  }
}