{"currentPredictionRaw": [[1.812216687824275e-08, 1.3263159459597773e-09, 1.0, 6.99345976636935e-14, 1.5207945953668424e-27, 1.715217839559922e-36, 1.1991645803081033e-23, 2.305945290248366e-16, 5.3562818243257926e-12, 1.722535308834594e-10], [8.883470314913211e-08, 0.0, 0.0, 0.0, 0.9999998807907104, 4.273707689822492e-12, 0.0, 0.0, 0.0, 0.0], [6.38692115041318e-29, 1.2766889325235842e-12, 4.741115444806272e-19, 6.8990592149472795e-15, 3.2031250101573555e-31, 4.23139258007299e-12, 1.3373986804366805e-21, 2.8482851835339624e-18, 1.0, 8.564991796819027e-28]], "currentPrediction": [[2, 4, 8], [0, 0, 5], [1, 5, 1], [9, 9, 3], [8, 8, 7], [3, 6, 2], [7, 7, 6], [6, 3, 9], [4, 2, 0], [5, 1, 4]], "realResult": [8, 5, 7], "newPrediction": [[2, 1, 1], [0, 8, 8], [1, 9, 9], [9, 7, 7], [8, 5, 5], [3, 6, 6], [7, 4, 4], [6, 3, 3], [4, 2, 2], [5, 0, 0]], "newPredictionRaw": [[3.7488710802335845e-08, 9.329341743580244e-10, 1.0, 1.279611318164356e-13, 3.038813155311845e-27, 4.077655306603459e-36, 3.9614780280117205e-23, 2.982145985722459e-16, 6.799446422567357e-12, 1.8847289007251078e-10], [0.0, 1.0, 0.0, 0.0, 0.0, 0.0, 0.0, 0.0, 3.658086961318257e-29, 0.0], [0.0, 1.0, 0.0, 0.0, 0.0, 0.0, 0.0, 0.0, 3.5815748051475286e-30, 0.0]], "matchingNumbers": {"bestMatchIndex": 4, "bestMatchSequence": [8, 8, 7], "matchingNumbers": [8, 7]}, "labels": [0, 1, 2, 3, 4, 5, 6, 7, 8, 9]}