{
  "currentPredictionRaw": [
    [
      0.0015194969018921256,
      0.0003155487938784063,
      0.8639984130859375,
      0.0004371262330096215,
      0.0007181090186350048,
      0.00253067328594625,
      0.0003763632266782224,
      0.0007294569513760507,
      0.0002792198210954666,
      0.002680267672985792
    ],
    [
      0.0007708087796345353,
      0.00021806987933814526,
      0.0003427238261792809,
      0.006317440420389175,
      0.005532084032893181,
      0.00043281872058287263,
      0.0004462607321329415,
      0.0003653760068118572,
      0.06364371627569199,
      0.0011852586176246405
    ],
    [
      0.0012059248983860016,
      0.0007669014157727361,
      0.0007294430397450924,
      0.0004664456646423787,
      0.01824769750237465,
      0.003590963315218687,
      0.0007359999581240118,
      0.0002488985483068973,
      0.019628742709755898,
      0.0015397868119180202
    ]
  ],
  "currentPrediction": [
    {
      "name": "LSTM Base Model",
      "predictions": [
        [
          2,
          8,
          8
        ],
        [
          2,
          9,
          5
        ]
      ]
    }
  ],
  "realResult": [
    9,
    3,
    1
  ],
  "newPrediction": [
    {
      "name": "LSTM Base Model",
      "predictions": [
        [
          0,
          4,
          6
        ],
        [
          0,
          9,
          2
        ]
      ]
    }
  ],
  "newPredictionRaw": [
    [
      0.19508111476898193,
      0.008923709392547607,
      0.021042633801698685,
      0.014531510882079601,
      0.005089284852147102,
      0.0051231225952506065,
      0.01211511343717575,
      0.001397396088577807,
      0.00103370298165828,
      0.07341437041759491
    ],
    [
      0.019995983690023422,
      0.0016719617415219545,
      0.012327788397669792,
      0.06799343973398209,
      0.26239013671875,
      0.02139224298298359,
      0.0005368890124373138,
      0.002582630142569542,
      0.11756868660449982,
      0.00430349912494421
    ],
    [
      0.02189856953918934,
      0.0013963808305561543,
      0.016028016805648804,
      0.004929933696985245,
      0.017064621672034264,
      0.003901675110682845,
      0.05192316323518753,
      0.008448148146271706,
      0.017850929871201515,
      0.008043311536312103
    ]
  ],
  "matchingNumbers": {
    "model": "LSTM Base Model",
    "prediction": [
      2,
      9,
      5
    ],
    "matching_numbers": [
      9
    ],
    "match_count": 1
  },
  "labels": [
    0,
    1,
    2,
    3,
    4,
    5,
    6,
    7,
    8,
    9
  ],
  "numberFrequency": {
    "0": 0.3333333333333333,
    "4": 0.16666666666666666,
    "6": 0.16666666666666666,
    "9": 0.16666666666666666,
    "2": 0.16666666666666666
  }
}