{"currentPredictionRaw": [], "currentPrediction": [], "realResult": [3, 1, 8], "newPrediction": [{"name": "LSTM Base Model", "predictions": [[7, 1, 0], [7, 9, 6]]}], "newPredictionRaw": [[0.006901713088154793, 0.019381077960133553, 0.012983279302716255, 0.00018190762784797698, 0.00554406363517046, 0.0015042880550026894, 0.03807777538895607, 0.06128992512822151, 0.016367629170417786, 0.041830874979496], [0.0007277758559212089, 0.34360411763191223, 0.026105942204594612, 0.0009690810111351311, 0.02028474770486355, 0.01207809615880251, 0.0020003209356218576, 0.0017531781923025846, 0.08378259092569351, 0.0025215253699570894], [0.1468650847673416, 0.0026498406659811735, 0.0018971918616443872, 0.004050439689308405, 0.003074837848544121, 0.001449288916774094, 0.02926529012620449, 0.07850363105535507, 0.0342380590736866, 0.00011643436300801113]], "matchingNumbers": {"model": null, "prediction": null, "matching_numbers": [], "match_count": 0}, "labels": [0, 1, 2, 3, 4, 5, 6, 7, 8, 9], "numberFrequency": {"7": 0.3333333333333333, "1": 0.16666666666666666, "0": 0.16666666666666666, "9": 0.16666666666666666, "6": 0.16666666666666666}}