{
  "currentPredictionRaw": [
    [
      0.0062354677356779575,
      0.002440264681354165,
      0.28543806076049805,
      0.0003942583280149847,
      0.0006616136524826288,
      0.0022592847235500813,
      0.0005219214945100248,
      0.003903490724042058,
      9.24409250728786e-05,
      0.000659589481074363
    ],
    [
      0.003115694737061858,
      0.0008620998705737293,
      0.0016647587763145566,
      0.002231018617749214,
      0.0006948806694708765,
      0.01535797119140625,
      0.0011311671696603298,
      0.0007807092624716461,
      0.0016740420833230019,
      0.004227185156196356
    ],
    [
      0.0037369730416685343,
      0.0040588295087218285,
      0.005656399764120579,
      0.6414356231689453,
      0.0010962258093059063,
      0.0012120262254029512,
      0.001781653380021453,
      0.00030434789368882775,
      0.0002395721385255456,
      0.0061324588023126125
    ]
  ],
  "currentPrediction": [
    {
      "name": "LSTM Base Model",
      "predictions": [
        [
          2,
          5,
          3
        ],
        [
          2,
          0,
          7
        ]
      ]
    }
  ],
  "realResult": [
    5,
    7,
    4
  ],
  "newPrediction": [
    {
      "name": "LSTM Base Model",
      "predictions": [
        [
          4,
          1,
          9
        ],
        [
          4,
          7,
          9
        ]
      ]
    }
  ],
  "newPredictionRaw": [
    [
      0.0014277920126914978,
      0.003900636453181505,
      0.00013376565766520798,
      0.0014961824053898454,
      0.16836470365524292,
      0.004479332361370325,
      0.0024470998905599117,
      0.0106634721159935,
      0.0007495912723243237,
      0.008811852894723415
    ],
    [
      0.02484111301600933,
      0.4173310101032257,
      0.022410491481423378,
      0.002003257628530264,
      0.00045190754462964833,
      0.0021059438586235046,
      0.007104301825165749,
      0.0012705113040283322,
      0.0046777608804404736,
      0.0023986955638974905
    ],
    [
      0.026070890948176384,
      0.0057411231100559235,
      0.002472673775628209,
      0.01132375281304121,
      0.003417883301153779,
      0.0006171464920043945,
      0.0005565251340158284,
      0.0007244127918966115,
      0.000496651919092983,
      0.2615094780921936
    ]
  ],
  "matchingNumbers": {
    "model": "LSTM Base Model",
    "prediction": [
      2,
      5,
      3
    ],
    "matching_numbers": [
      5
    ],
    "match_count": 1
  },
  "labels": [
    0,
    1,
    2,
    3,
    4,
    5,
    6,
    7,
    8,
    9
  ],
  "numberFrequency": {
    "4": 0.3333333333333333,
    "1": 0.16666666666666666,
    "9": 0.3333333333333333,
    "7": 0.16666666666666666
  }
}