{
  "currentPredictionRaw": [
    [
      0.0036422638222575188,
      0.008641326799988747,
      0.00024132071121130139,
      0.1857556700706482,
      0.0004130783199798316,
      0.0019900540355592966,
      0.15619473159313202,
      0.02489415369927883,
      0.022067194804549217,
      0.0209629088640213
    ],
    [
      0.010279945097863674,
      0.007078417111188173,
      0.005987079348415136,
      0.019291192293167114,
      0.010201631113886833,
      0.0069162361323833466,
      0.001155371661297977,
      0.001235920819453895,
      0.005938216112554073,
      0.1594729721546173
    ],
    [
      0.0028584611136466265,
      0.002757641253992915,
      0.2511032223701477,
      0.004210189450532198,
      0.001108389114961028,
      0.022904537618160248,
      0.0021955776028335094,
      0.007977006025612354,
      0.008248205296695232,
      0.04427707940340042
    ]
  ],
  "currentPrediction": [
    {
      "name": "LSTM Base Model",
      "predictions": [
        [
          3,
          9,
          2
        ],
        [
          3,
          6,
          7
        ]
      ]
    }
  ],
  "realResult": [
    9,
    0,
    5
  ],
  "newPrediction": [
    {
      "name": "LSTM Base Model",
      "predictions": [
        [
          6,
          0,
          6
        ],
        [
          6,
          1,
          3
        ]
      ]
    }
  ],
  "newPredictionRaw": [
    [
      0.002200106391683221,
      0.10482753813266754,
      0.013883748091757298,
      0.08004319667816162,
      0.0020263129845261574,
      0.014992118813097477,
      0.1151491031050682,
      0.010975549928843975,
      0.01140979491174221,
      0.0013275002129375935
    ],
    [
      0.17542049288749695,
      0.12098405510187149,
      0.004848642274737358,
      0.002328771399334073,
      0.007915656082332134,
      0.008625936694443226,
      0.05492915213108063,
      0.001665490330196917,
      0.0055001541040837765,
      0.013749751262366772
    ],
    [
      0.0020248391665518284,
      0.00985252857208252,
      0.019634297117590904,
      0.013859936967492104,
      0.04102467745542526,
      0.0038536498323082924,
      0.08781524747610092,
      0.05023520067334175,
      0.0005280086188577116,
      0.01836855709552765
    ]
  ],
  "matchingNumbers": {
    "model": "LSTM Base Model",
    "prediction": [
      3,
      9,
      2
    ],
    "matching_numbers": [
      9
    ],
    "match_count": 1
  },
  "labels": [
    0,
    1,
    2,
    3,
    4,
    5,
    6,
    7,
    8,
    9
  ],
  "numberFrequency": {
    "6": 0.5,
    "0": 0.16666666666666666,
    "1": 0.16666666666666666,
    "3": 0.16666666666666666
  }
}