{
  "currentPredictionRaw": [
    [
      0.0025386682245880365,
      0.0008700434118509293,
      0.00474741542711854,
      0.05311049520969391,
      0.007893716916441917,
      0.0009680691291578114,
      0.17696072161197662,
      0.00756265502423048,
      0.00878781359642744,
      0.006884152535349131
    ],
    [
      0.010125917382538319,
      0.0023328911047428846,
      0.0013179093366488814,
      0.031817734241485596,
      0.0017013110918924212,
      0.07851375639438629,
      0.0021869633346796036,
      0.010203900747001171,
      0.0014515125658363104,
      0.003437535837292671
    ],
    [
      0.0053940629586577415,
      0.0004578149819280952,
      0.5466110706329346,
      0.003084068652242422,
      0.011023767292499542,
      0.008173804730176926,
      0.0015031116781756282,
      0.0009572878479957581,
      0.004867637064307928,
      0.0045141843147575855
    ]
  ],
  "currentPrediction": [
    {
      "name": "LSTM Base Model",
      "predictions": [
        [
          6,
          5,
          2
        ],
        [
          6,
          3,
          8
        ]
      ]
    }
  ],
  "realResult": [
    2,
    7,
    4
  ],
  "newPrediction": [
    {
      "name": "LSTM Base Model",
      "predictions": [
        [
          2,
          7,
          4
        ],
        [
          2,
          7,
          1
        ]
      ]
    }
  ],
  "newPredictionRaw": [
    [
      0.0002592074451968074,
      0.0033305007964372635,
      0.2727798521518707,
      0.0008254573913291097,
      0.002656925469636917,
      0.002472914755344391,
      0.002229175064712763,
      0.0049453978426754475,
      0.0007190541364252567,
      0.00024038381525315344
    ],
    [
      0.01152091845870018,
      0.0029185793828219175,
      0.0016135966870933771,
      0.0007958611822687089,
      0.0004104360123164952,
      0.000371796078979969,
      0.00036454349174164236,
      0.45622122287750244,
      0.000474587082862854,
      0.005095299333333969
    ],
    [
      0.0015782860573381186,
      0.0008494692156091332,
      0.0016081429785117507,
      0.0019894298166036606,
      0.2154940962791443,
      0.0037312416825443506,
      0.00015717482892796397,
      0.0011599218705669045,
      0.002291410230100155,
      0.0008950863848440349
    ]
  ],
  "matchingNumbers": {
    "model": "LSTM Base Model",
    "prediction": [
      6,
      5,
      2
    ],
    "matching_numbers": [
      2
    ],
    "match_count": 1
  },
  "labels": [
    0,
    1,
    2,
    3,
    4,
    5,
    6,
    7,
    8,
    9
  ],
  "numberFrequency": {
    "2": 0.3333333333333333,
    "7": 0.3333333333333333,
    "4": 0.16666666666666666,
    "1": 0.16666666666666666
  }
}