{
  "currentPredictionRaw": [
    [
      0.00030489361961372197,
      0.029487159103155136,
      0.15852847695350647,
      0.0029160974081605673,
      0.003472430631518364,
      0.0018657005857676268,
      0.008476349525153637,
      0.0017727459780871868,
      0.0014399284264072776,
      0.0009148396202363074
    ],
    [
      0.21565790474414825,
      0.0018936294363811612,
      0.002009190618991852,
      0.002112363465130329,
      0.0008429682347923517,
      0.0018709131982177496,
      0.004298557993024588,
      0.02177426777780056,
      0.0030527301132678986,
      0.0009597783209756017
    ],
    [
      0.006192423403263092,
      0.008028212003409863,
      0.0006416750838980079,
      0.005176472943276167,
      0.5070874094963074,
      0.00033038854598999023,
      0.0012450643116608262,
      0.0015935326227918267,
      0.005551514215767384,
      0.0005023423582315445
    ]
  ],
  "currentPrediction": [
    {
      "name": "LSTM Base Model",
      "predictions": [
        [
          2,
          0,
          4
        ],
        [
          2,
          1,
          6
        ]
      ]
    }
  ],
  "realResult": [
    7,
    2,
    0
  ],
  "newPrediction": [
    {
      "name": "LSTM Base Model",
      "predictions": [
        [
          4,
          5,
          8
        ],
        [
          4,
          2,
          8
        ]
      ]
    }
  ],
  "newPredictionRaw": [
    [
      0.0078087239526212215,
      0.001339370384812355,
      0.03437083214521408,
      0.002591990167275071,
      0.0983010083436966,
      0.0005823916289955378,
      0.001418810454197228,
      0.007974410429596901,
      0.011231156066060066,
      0.004732869099825621
    ],
    [
      0.017434241250157356,
      0.00026562903076410294,
      0.0023055020719766617,
      0.015878817066550255,
      0.011215384118258953,
      0.4544183015823364,
      0.0035363088827580214,
      0.010369913652539253,
      0.005265571177005768,
      0.0008735379087738693
    ],
    [
      0.030797889456152916,
      0.00027324468828737736,
      0.00534141156822443,
      0.0003144571674056351,
      0.0334070585668087,
      0.0009416834218427539,
      0.04101850092411041,
      0.014070326462388039,
      0.1604897677898407,
      0.02143094874918461
    ]
  ],
  "matchingNumbers": {
    "model": "LSTM Base Model",
    "prediction": [
      2,
      0,
      4
    ],
    "matching_numbers": [
      0,
      2
    ],
    "match_count": 2
  },
  "labels": [
    0,
    1,
    2,
    3,
    4,
    5,
    6,
    7,
    8,
    9
  ],
  "numberFrequency": {
    "4": 0.3333333333333333,
    "5": 0.16666666666666666,
    "8": 0.3333333333333333,
    "2": 0.16666666666666666
  }
}