{
  "currentPredictionRaw": [
    [
      0.0004903451772406697,
      0.001904666773043573,
      0.0012952516553923488,
      0.004165925085544586,
      0.017454542219638824,
      0.0006727948784828186,
      0.23423725366592407,
      0.0013972031883895397,
      0.0013545167166739702,
      0.003741337452083826
    ],
    [
      0.0011183276074007154,
      0.5086454749107361,
      0.015061432495713234,
      0.00040375933167524636,
      0.003110194578766823,
      0.0029694444965571165,
      0.00031197795760817826,
      0.0006128031527623534,
      0.005456282291561365,
      0.00024046814360190183
    ],
    [
      0.0019774767570197582,
      0.0006619457853958011,
      0.0008936405065469444,
      0.004968771245330572,
      0.0008576817926950753,
      0.00273659429512918,
      0.0009798243409022689,
      0.00013351654342841357,
      0.1805674135684967,
      0.0015791370533406734
    ]
  ],
  "currentPrediction": [
    {
      "name": "LSTM Base Model",
      "predictions": [
        [
          6,
          1,
          8
        ],
        [
          6,
          4,
          3
        ]
      ]
    }
  ],
  "realResult": [
    5,
    2,
    1
  ],
  "newPrediction": [
    {
      "name": "LSTM Base Model",
      "predictions": [
        [
          5,
          2,
          1
        ],
        [
          5,
          6,
          8
        ]
      ]
    }
  ],
  "newPredictionRaw": [
    [
      0.00024030801432672888,
      0.0015052835224196315,
      0.0023824460804462433,
      0.0009337661904282868,
      0.0013288692571222782,
      0.2131713330745697,
      0.005930168088525534,
      0.0008453463087789714,
      0.0040670703165233135,
      0.0005480736144818366
    ],
    [
      0.001629100413993001,
      0.0061362022534012794,
      0.4970817267894745,
      0.0012759071541950107,
      0.0011877937940880656,
      0.0006779009709134698,
      0.00891674030572176,
      0.0007838795427232981,
      0.0001615313085494563,
      0.008015039376914501
    ],
    [
      0.005394126754254103,
      0.2147025167942047,
      0.0001203968859044835,
      0.01516563817858696,
      0.001997157000005245,
      0.0008927070302888751,
      0.0007148394943214953,
      0.0020105878356844187,
      0.0012388620525598526,
      0.0009446829790249467
    ]
  ],
  "matchingNumbers": {
    "model": "LSTM Base Model",
    "prediction": [
      6,
      1,
      8
    ],
    "matching_numbers": [
      1
    ],
    "match_count": 1
  },
  "labels": [
    0,
    1,
    2,
    3,
    4,
    5,
    6,
    7,
    8,
    9
  ],
  "numberFrequency": {
    "5": 0.3333333333333333,
    "2": 0.16666666666666666,
    "1": 0.16666666666666666,
    "6": 0.16666666666666666,
    "8": 0.16666666666666666
  }
}