{"currentPredictionRaw": [[0.9996980428695679, 8.875175346743165e-36, 0.0, 2.5393430405529216e-05, 1.1610309229581617e-06, 0.0, 0.00027457985561341047, 2.3917484158114313e-36, 0.0, 7.804737265360018e-07], [0.9996696710586548, 7.709600552331691e-38, 0.0, 2.5431945687159896e-05, 6.095723392718355e-07, 0.0, 0.0003037386923097074, 1.382571791907273e-38, 0.0, 5.549293291551294e-07], [8.347763540330572e-30, 0.0, 8.85424914109649e-28, 8.785626731841457e-25, 0.9999996423721313, 1.6247566625438026e-09, 3.7575767919406644e-07, 8.360081632976771e-26, 0.0, 0.0]], "currentPrediction": [[0, 0, 4], [6, 6, 6], [3, 3, 5], [4, 4, 3], [9, 9, 7], [1, 1, 2], [7, 7, 0], [8, 8, 9], [5, 5, 8], [2, 2, 1]], "realResult": [6, 7, 2], "newPrediction": [[5, 1, 3], [4, 2, 4], [2, 3, 6], [6, 8, 9], [9, 9, 2], [8, 5, 0], [7, 0, 1], [3, 7, 5], [1, 4, 7], [0, 6, 8]], "newPredictionRaw": [[0.0, 0.0, 1.5120730902932563e-17, 0.0, 2.4084124858282305e-14, 1.0, 8.013290386432345e-28, 0.0, 0.0, 0.0], [1.0217115686828038e-06, 0.9993152618408203, 0.00036197371082380414, 0.00021267954434733838, 1.0831981001047097e-07, 3.5375078368815593e-06, 4.206464343514682e-11, 7.101805294951191e-07, 0.00010078331979457289, 3.8011323795217322e-06], [4.800333821846826e-19, 2.701687475542074e-24, 5.142447968380516e-19, 1.0, 3.5638560245271345e-12, 3.76443345450698e-27, 3.450220659303657e-14, 2.778368371478567e-34, 0.0, 5.182687223933439e-17]], "matchingNumbers": {"bestMatchIndex": 1, "bestMatchSequence": [6, 6, 6], "matchingNumbers": [6]}, "labels": [0, 1, 2, 3, 4, 5, 6, 7, 8, 9]}