{
  "currentPredictionRaw": [
    [
      0.0029427867848426104,
      4.014001024188474e-05,
      0.0021456333342939615,
      0.0020203683525323868,
      0.0030036226380616426,
      0.002175430068746209,
      0.23238670825958252,
      0.0007504645618610084,
      0.0004375720745883882,
      0.003094564424827695
    ],
    [
      0.3432641923427582,
      0.0009475319529883564,
      0.0007840796024538577,
      0.0005800792132504284,
      0.0008536530658602715,
      0.00020382250659167767,
      0.0005141420988366008,
      0.00014578239643014967,
      0.001968985190615058,
      0.008367089554667473
    ],
    [
      0.0006292201578617096,
      6.207112164702266e-05,
      0.0016798136057332158,
      0.37844520807266235,
      0.004456814378499985,
      0.00044788149534724653,
      0.004360465798527002,
      0.00031842439784668386,
      0.0007534679025411606,
      0.002219982910901308
    ]
  ],
  "currentPrediction": [
    {
      "name": "LSTM Base Model",
      "predictions": [
        [
          6,
          0,
          3
        ],
        [
          6,
          9,
          4
        ]
      ]
    }
  ],
  "realResult": [
    8,
    2,
    9
  ],
  "newPrediction": [
    {
      "name": "LSTM Base Model",
      "predictions": [
        [
          8,
          2,
          9
        ],
        [
          8,
          4,
          7
        ]
      ]
    }
  ],
  "newPredictionRaw": [
    [
      0.000866202637553215,
      0.0004697602125816047,
      0.0009749488090164959,
      0.0004429337859619409,
      0.004575151018798351,
      0.00023303256602957845,
      0.0015387625899165869,
      0.0015433375956490636,
      0.15795625746250153,
      0.0006847428740002215
    ],
    [
      0.0005395139451138675,
      0.0014641368761658669,
      0.31183475255966187,
      0.0020342080388218164,
      0.000874253164511174,
      0.0002909837930928916,
      0.0018895893590524793,
      0.0004744160978589207,
      0.0005137898260727525,
      0.00010066830145660788
    ],
    [
      0.00018105523486156017,
      0.007344400975853205,
      0.00024233138537965715,
      0.007020606193691492,
      4.863095819018781e-05,
      0.0023791694547981024,
      0.001826308318413794,
      0.0002866617578547448,
      0.010705665685236454,
      0.4806636869907379
    ]
  ],
  "matchingNumbers": {
    "model": "LSTM Base Model",
    "prediction": [
      6,
      9,
      4
    ],
    "matching_numbers": [
      9
    ],
    "match_count": 1
  },
  "labels": [
    0,
    1,
    2,
    3,
    4,
    5,
    6,
    7,
    8,
    9
  ],
  "numberFrequency": {
    "8": 0.3333333333333333,
    "2": 0.16666666666666666,
    "9": 0.16666666666666666,
    "4": 0.16666666666666666,
    "7": 0.16666666666666666
  }
}