{"currentPredictionRaw": [[0.999686598777771, 1.7205116536880606e-36, 0.0, 2.5104171072598547e-05, 9.705623824629583e-07, 0.0, 0.00028671190375462174, 4.4979236840304845e-37, 0.0, 6.457470931309217e-07], [6.02173462642282e-20, 5.010101804753256e-22, 1.1527586593158293e-20, 2.2750057097723945e-28, 1.2635678365170017e-13, 3.3845872771109953e-09, 5.564667389990063e-06, 0.9999943971633911, 4.2501632768754405e-10, 2.5302934542130147e-15], [2.570678561973856e-19, 2.8544655754105485e-24, 7.041775112978971e-19, 1.0, 1.499651965108928e-12, 4.399221890106957e-27, 1.303122581087883e-14, 1.3893451274463004e-34, 0.0, 3.4455725342418637e-17]], "currentPrediction": [[0, 7, 3], [6, 6, 4], [3, 5, 6], [4, 8, 9], [9, 4, 2], [1, 9, 0], [7, 0, 1], [8, 2, 5], [5, 1, 7], [2, 3, 8]], "realResult": [7, 9, 2], "newPrediction": [[1, 9, 1], [2, 6, 2], [3, 3, 3], [8, 8, 8], [9, 7, 9], [5, 0, 5], [0, 4, 0], [7, 1, 7], [4, 2, 4], [6, 5, 6]], "newPredictionRaw": [[7.30624947209435e-07, 0.9992596507072449, 0.00037296858499757946, 0.00024040081189014018, 7.463128071094616e-08, 2.6781053747981787e-06, 2.9545570850997294e-11, 4.473800458981714e-07, 0.00011837948841275647, 4.692419224738842e-06], [2.7534789701663502e-14, 8.483034437356226e-16, 8.77191823141013e-20, 8.959119904283774e-12, 2.516317198825082e-14, 1.4053758974904062e-23, 3.7666106322831183e-07, 3.116674670081143e-14, 4.0834845812902365e-13, 0.9999996423721313], [6.729505912517197e-07, 0.9992341995239258, 0.0003793482610490173, 0.0002527501492295414, 6.169598520955333e-08, 2.668469051059219e-06, 2.399650443629664e-11, 3.547523022007226e-07, 0.00012573464482557029, 4.281756446289364e-06]], "matchingNumbers": {"bestMatchIndex": 4, "bestMatchSequence": [9, 4, 2], "matchingNumbers": [9, 2]}, "labels": [0, 1, 2, 3, 4, 5, 6, 7, 8, 9]}