{"currentPredictionRaw": [[2.898648307773801e-20, 1.2953503115956108e-23, 3.6756204788615375e-18, 1.0, 2.871513248535462e-13, 8.095143468330272e-27, 1.567816904269768e-15, 7.579774688925532e-35, 2.436270324884919e-38, 1.718266552253942e-17], [0.0, 0.0, 4.568748582738238e-19, 0.0, 1.135589120296581e-15, 1.0, 6.49529804320871e-30, 0.0, 0.0, 0.0], [0.0, 0.0, 3.698798596613156e-19, 0.0, 1.047663288723322e-15, 1.0, 1.1291232239761346e-29, 0.0, 0.0, 0.0]], "currentPrediction": [[3, 5, 5], [4, 4, 4], [6, 2, 2], [9, 6, 6], [2, 9, 9], [0, 8, 8], [1, 7, 7], [5, 3, 3], [7, 1, 1], [8, 0, 0]], "realResult": [0, 2, 2], "newPrediction": [[8, 8, 8], [9, 9, 9], [7, 7, 7], [6, 6, 6], [5, 5, 5], [4, 4, 4], [3, 3, 3], [2, 2, 2], [1, 1, 1], [0, 0, 0]], "newPredictionRaw": [[0.0, 0.0, 0.0, 0.0, 0.0, 0.0, 0.0, 0.0, 1.0, 1.2887460845183619e-30], [0.0, 0.0, 0.0, 0.0, 0.0, 0.0, 0.0, 0.0, 1.0, 9.384204150495784e-32], [0.0, 0.0, 0.0, 0.0, 0.0, 0.0, 0.0, 0.0, 1.0, 1.0685547396714846e-30]], "matchingNumbers": {"bestMatchIndex": 2, "bestMatchSequence": [6, 2, 2], "matchingNumbers": [2]}, "labels": [0, 1, 2, 3, 4, 5, 6, 7, 8, 9]}