{"currentPredictionRaw": [[0.0, 1.0, 0.0, 4.2298253116225537e-13, 0.0, 0.0, 0.0, 0.0, 0.0, 0.0], [7.204250381261034e-21, 0.0, 0.0, 0.0, 0.0, 1.0, 0.0, 0.0, 4.503474619611245e-36, 0.0], [1.3501585504450944e-27, 0.0, 0.0, 0.0, 0.0, 0.0, 0.0, 0.0, 1.0, 6.23694934675561e-28]], "currentPrediction": [[1, 5, 8], [3, 0, 9], [0, 4, 1], [5, 6, 7], [6, 7, 1], [4, 3, 4], [0, 9, 4], [1, 5, 9]], "realResult": [7, 3, 7], "newPrediction": [[7, 3, 0], [3, 8, 0], [6, 2, 8], [1, 3, 8], [7, 2, 6], [3, 3, 4], [0, 3, 6], [1, 5, 9]], "newPredictionRaw": [[0.00010339299478800967, 6.531155122502241e-06, 0.0, 0.0007423078059218824, 5.585298625603357e-20, 2.673548882281551e-10, 0.0, 0.9991477727890015, 2.0319345151958693e-26, 0.0], [7.700870557109692e-19, 9.226624388247728e-05, 2.3449831124324052e-24, 0.9999077320098877, 4.356377174090898e-30, 5.436743126819942e-21, 0.0, 4.0247899088529794e-26, 6.685840769904416e-10, 1.2300129179754065e-19], [9.641455108067021e-05, 6.984746505622752e-06, 0.0, 0.0007045305101200938, 2.068949641113888e-20, 1.877893951451881e-10, 0.0, 0.9991920590400696, 1.324858764323646e-26, 0.0]], "matchingNumbers": {"bestMatchIndex": 1, "bestMatchSequence": [3, 0, 9], "matchingNumbers": [3]}, "labels": [0, 1, 2, 3, 4, 5, 6, 7, 8, 9], "numberFrequency": {"6": 0.10010970927043335, "4": 0.10134393856280856, "1": 0.09997257268239167, "0": 0.10225818248308649, "5": 0.09873834339001646, "3": 0.09782409946973852, "2": 0.10093252879868349, "8": 0.10065825562260011, "7": 0.0980983726458219, "9": 0.10006399707441946}}