{
  "currentPredictionRaw": [
    [
      0.0023813212756067514,
      0.00020369015692267567,
      0.0044892956502735615,
      0.1652156561613083,
      0.030456917360424995,
      0.0010459229815751314,
      0.0007944511016830802,
      0.004792280029505491,
      0.000752357067540288,
      0.012279321439564228
    ],
    [
      0.0003143379872199148,
      0.0022998175118118525,
      0.0013620257377624512,
      0.0009845008607953787,
      0.001953242812305689,
      0.08881436288356781,
      0.001352157210931182,
      0.003617149544879794,
      0.0009738936205394566,
      0.0005483778077177703
    ],
    [
      0.001782202860340476,
      0.00040997230098582804,
      0.00031732209026813507,
      0.022048473358154297,
      0.0008747688843868673,
      0.0479440838098526,
      0.0010539693757891655,
      0.00010167461005039513,
      0.014261358417570591,
      0.5865750908851624
    ]
  ],
  "currentPrediction": [
    {
      "name": "LSTM Base Model",
      "predictions": [
        [
          3,
          5,
          9
        ],
        [
          3,
          4,
          9
        ]
      ]
    }
  ],
  "realResult": [
    3,
    4,
    7
  ],
  "newPrediction": [
    {
      "name": "LSTM Base Model",
      "predictions": [
        [
          3,
          4,
          7
        ],
        [
          3,
          9,
          2
        ]
      ]
    }
  ],
  "newPredictionRaw": [
    [
      0.004030215088278055,
      0.002970583736896515,
      0.0044163367711007595,
      0.18299657106399536,
      0.00037234084447845817,
      0.0031963640358299017,
      0.0016557149356231093,
      0.0022811482194811106,
      0.00014329722034744918,
      0.038743335753679276
    ],
    [
      0.0006184253143146634,
      0.004524679388850927,
      0.006230643950402737,
      0.005573497619479895,
      0.42045581340789795,
      0.000792902777902782,
      0.00043363365693949163,
      0.0006454703398048878,
      0.0007345256744883955,
      0.004385220818221569
    ],
    [
      0.0056701721623539925,
      0.004144922364503145,
      0.00047805087524466217,
      0.007489757612347603,
      9.256570047000423e-05,
      0.004145956132560968,
      0.003232975024729967,
      0.28857916593551636,
      0.0007932748994790018,
      0.00017243616457562894
    ]
  ],
  "matchingNumbers": {
    "model": "LSTM Base Model",
    "prediction": [
      3,
      4,
      9
    ],
    "matching_numbers": [
      3,
      4
    ],
    "match_count": 2
  },
  "labels": [
    0,
    1,
    2,
    3,
    4,
    5,
    6,
    7,
    8,
    9
  ],
  "numberFrequency": {
    "3": 0.3333333333333333,
    "4": 0.16666666666666666,
    "7": 0.16666666666666666,
    "9": 0.16666666666666666,
    "2": 0.16666666666666666
  }
}