{
  "currentPredictionRaw": [
    [
      0.018049338832497597,
      0.011407742276787758,
      0.01762704737484455,
      0.10543712973594666,
      0.002679203636944294,
      0.37058547139167786,
      0.009024536237120628,
      0.0037220835220068693,
      0.0005637288559228182,
      0.002313997596502304
    ],
    [
      0.010029000230133533,
      0.032902199774980545,
      0.003095765132457018,
      0.0022305669263005257,
      0.011746753938496113,
      0.028317537158727646,
      0.010323991067707539,
      0.0319615863263607,
      0.009488368406891823,
      0.0029743900522589684
    ],
    [
      0.00799715705215931,
      0.009360413998365402,
      0.0031625491101294756,
      0.20717205107212067,
      0.006626326125115156,
      0.00396249582991004,
      0.009668269194662571,
      0.0406639538705349,
      0.005433286540210247,
      0.021472977474331856
    ]
  ],
  "currentPrediction": [
    {
      "name": "LSTM Base Model",
      "predictions": [
        [
          5,
          1,
          3
        ],
        [
          5,
          3,
          0
        ]
      ]
    }
  ],
  "realResult": [
    7,
    8,
    0
  ],
  "newPrediction": [
    {
      "name": "LSTM Base Model",
      "predictions": [
        [
          4,
          0,
          4
        ],
        [
          4,
          0,
          5
        ]
      ]
    }
  ],
  "newPredictionRaw": [
    [
      0.03508483245968819,
      0.001368900528177619,
      0.02455728128552437,
      0.025556351989507675,
      0.03688633441925049,
      0.030456988140940666,
      0.00762969022616744,
      0.00287978770211339,
      0.004797314293682575,
      0.01572488807141781
    ],
    [
      0.26230621337890625,
      0.010069286450743675,
      0.0019013314740732312,
      0.014017557725310326,
      0.00438683433458209,
      0.07453486323356628,
      0.004733912646770477,
      0.039480604231357574,
      0.007673784624785185,
      0.0018046540208160877
    ],
    [
      0.01729685440659523,
      0.001847988460212946,
      0.0021150147076696157,
      0.001954291947185993,
      0.1373179852962494,
      0.07849887013435364,
      0.003417343134060502,
      0.0404413565993309,
      0.0031672909390181303,
      0.1080915778875351
    ]
  ],
  "matchingNumbers": {
    "model": "LSTM Base Model",
    "prediction": [
      5,
      3,
      0
    ],
    "matching_numbers": [
      0
    ],
    "match_count": 1
  },
  "labels": [
    0,
    1,
    2,
    3,
    4,
    5,
    6,
    7,
    8,
    9
  ],
  "numberFrequency": {
    "4": 0.5,
    "0": 0.3333333333333333,
    "5": 0.16666666666666666
  }
}