{
  "currentPredictionRaw": [
    [
      0.02392004057765007,
      0.011596259661018848,
      0.003602336859330535,
      0.003556550480425358,
      0.006228282116353512,
      0.0029899573419243097,
      0.005332491360604763,
      0.004534578416496515,
      0.009220398962497711,
      0.30395185947418213
    ],
    [
      0.15422172844409943,
      0.0030275555327534676,
      0.18204417824745178,
      0.002764310920611024,
      0.005908222869038582,
      0.02949821576476097,
      0.0009301151148974895,
      0.003926281817257404,
      0.0749579593539238,
      0.0050540706142783165
    ],
    [
      0.010186311788856983,
      0.0011014192132279277,
      0.016487888991832733,
      0.005835182499140501,
      0.026607878506183624,
      0.027521450072526932,
      0.0275367870926857,
      0.0165016520768404,
      0.0027233390137553215,
      0.028232617303729057
    ]
  ],
  "currentPrediction": [
    {
      "name": "LSTM Base Model",
      "predictions": [
        [
          9,
          2,
          9
        ],
        [
          9,
          0,
          1
        ]
      ]
    }
  ],
  "realResult": [
    6,
    7,
    9
  ],
  "newPrediction": [
    {
      "name": "LSTM Base Model",
      "predictions": [
        [
          8,
          8,
          5
        ],
        [
          8,
          0,
          4
        ]
      ]
    }
  ],
  "newPredictionRaw": [
    [
      0.07348854094743729,
      0.0021636043675243855,
      0.005649042781442404,
      0.0024882445577532053,
      0.0088158268481493,
      0.001144617097452283,
      0.0037339050322771072,
      0.0026643897872418165,
      0.3779032826423645,
      0.0071907504461705685
    ],
    [
      0.009270839393138885,
      0.004511997103691101,
      0.027405332773923874,
      0.001971013145521283,
      0.009280133992433548,
      0.003027799306437373,
      0.005847796332091093,
      0.026569774374365807,
      0.08205433934926987,
      0.00254795397631824
    ],
    [
      0.004967281129211187,
      0.009760226123034954,
      0.0020834680180996656,
      0.0013412375701591372,
      0.005007763393223286,
      0.2689911127090454,
      0.012603184208273888,
      0.005583195481449366,
      0.014878739602863789,
      0.01705458201467991
    ]
  ],
  "matchingNumbers": {
    "model": "LSTM Base Model",
    "prediction": [
      9,
      2,
      9
    ],
    "matching_numbers": [
      9
    ],
    "match_count": 1
  },
  "labels": [
    0,
    1,
    2,
    3,
    4,
    5,
    6,
    7,
    8,
    9
  ],
  "numberFrequency": {
    "8": 0.5,
    "5": 0.16666666666666666,
    "0": 0.16666666666666666,
    "4": 0.16666666666666666
  }
}