{
  "currentPredictionRaw": [
    [
      0.0004087877459824085,
      0.0009576752781867981,
      0.00036799078225158155,
      0.0018792827613651752,
      0.00012880784925073385,
      0.0013245311565697193,
      0.005212975665926933,
      0.6688731908798218,
      0.0085506746545434,
      0.0022015084978193045
    ],
    [
      0.0013712473446503282,
      0.0007044235826469958,
      0.007875433191657066,
      0.1542932242155075,
      0.00036661012563854456,
      0.008864189498126507,
      0.0030502951703965664,
      0.011967528611421585,
      0.0008439687662757933,
      0.0012652482837438583
    ],
    [
      0.013260386884212494,
      0.0013399041490629315,
      0.004288453608751297,
      0.09335259348154068,
      0.0021348539739847183,
      0.000998062314465642,
      0.0024471390061080456,
      0.0002870436292141676,
      0.0009252054151147604,
      0.0004587736038956791
    ]
  ],
  "currentPrediction": [
    {
      "name": "LSTM Base Model",
      "predictions": [
        [
          7,
          3,
          3
        ],
        [
          7,
          8,
          6
        ]
      ]
    }
  ],
  "realResult": [
    3,
    4,
    7
  ],
  "newPrediction": [
    {
      "name": "LSTM Base Model",
      "predictions": [
        [
          2,
          1,
          5
        ],
        [
          2,
          3,
          8
        ]
      ]
    }
  ],
  "newPredictionRaw": [
    [
      0.001116379164159298,
      4.7867102693999186e-05,
      0.3797267973423004,
      0.002693716436624527,
      0.00021948579524178058,
      0.0005720930057577789,
      0.0004961413214914501,
      0.0003578498144634068,
      0.0013853084528818727,
      0.0006882595480419695
    ],
    [
      0.0008721883641555905,
      0.4967291057109833,
      0.0031183501705527306,
      0.00038153212517499924,
      0.0012268126010894775,
      0.00013083011435810477,
      0.0002460844989400357,
      0.0014544306322932243,
      0.0011552793439477682,
      0.00533669488504529
    ],
    [
      0.00020692049292847514,
      0.00474671320989728,
      0.00039572923560626805,
      0.005642409436404705,
      0.002233720850199461,
      0.08589927852153778,
      0.0015476015396416187,
      0.0009574333089403808,
      9.106529614655301e-05,
      0.00032391544664278626
    ]
  ],
  "matchingNumbers": {
    "model": "LSTM Base Model",
    "prediction": [
      7,
      3,
      3
    ],
    "matching_numbers": [
      3,
      7
    ],
    "match_count": 2
  },
  "labels": [
    0,
    1,
    2,
    3,
    4,
    5,
    6,
    7,
    8,
    9
  ],
  "numberFrequency": {
    "2": 0.3333333333333333,
    "1": 0.16666666666666666,
    "5": 0.16666666666666666,
    "3": 0.16666666666666666,
    "8": 0.16666666666666666
  }
}