{
  "currentPredictionRaw": [
    [
      0.1088903471827507,
      0.16358740627765656,
      0.0034119049087166786,
      0.021059328690171242,
      0.013330223970115185,
      0.015591660514473915,
      0.00693505397066474,
      0.0014642581809312105,
      0.0023830102290958166,
      0.0011550715425983071
    ],
    [
      0.014106540009379387,
      0.0052591776475310326,
      0.003951823338866234,
      0.020160220563411713,
      0.009164677001535892,
      0.2873876690864563,
      0.0034179233480244875,
      0.0007383794873021543,
      0.002452487824484706,
      0.04537016153335571
    ],
    [
      0.005219527054578066,
      0.0009428866906091571,
      0.05582292377948761,
      0.007130513433367014,
      0.1537473350763321,
      0.010122033767402172,
      0.0011342650977894664,
      0.004663886036723852,
      0.010119164362549782,
      0.021280160173773766
    ]
  ],
  "currentPrediction": [
    {
      "name": "LSTM Base Model",
      "predictions": [
        [
          1,
          5,
          4
        ],
        [
          1,
          0,
          3
        ]
      ]
    }
  ],
  "realResult": [
    9,
    0,
    5
  ],
  "newPrediction": [
    {
      "name": "LSTM Base Model",
      "predictions": [
        [
          0,
          6,
          2
        ],
        [
          0,
          7,
          5
        ]
      ]
    }
  ],
  "newPredictionRaw": [
    [
      0.05800784379243851,
      0.0010108122369274497,
      0.002156838309019804,
      0.013129069469869137,
      0.0029958186205476522,
      0.02318979986011982,
      0.0032544436398893595,
      0.03237219899892807,
      0.0014301454648375511,
      0.00019735594105441123
    ],
    [
      0.015378651209175587,
      0.0016221643891185522,
      0.00032870378345251083,
      0.004241881426423788,
      0.000762799521908164,
      0.05206875130534172,
      0.104999840259552,
      0.00011946122685912997,
      0.0033098580315709114,
      0.03850647807121277
    ],
    [
      0.001291890861466527,
      0.004214604385197163,
      0.37781742215156555,
      0.2306125909090042,
      0.0027086257468909025,
      0.0008342948276549578,
      0.0027247914113104343,
      0.0003645187825895846,
      0.00016600472736172378,
      0.020182281732559204
    ]
  ],
  "matchingNumbers": {
    "model": "LSTM Base Model",
    "prediction": [
      1,
      5,
      4
    ],
    "matching_numbers": [
      5
    ],
    "match_count": 1
  },
  "labels": [
    0,
    1,
    2,
    3,
    4,
    5,
    6,
    7,
    8,
    9
  ],
  "numberFrequency": {
    "0": 0.3333333333333333,
    "6": 0.16666666666666666,
    "2": 0.16666666666666666,
    "7": 0.16666666666666666,
    "5": 0.16666666666666666
  }
}