{"currentPredictionRaw": [], "currentPrediction": [{"name": "MarkovBayesian Model", "predictions": [[0, 4, 7]]}, {"name": "PoissonMonteCarlo Model", "predictions": [[1, 4, 8]]}], "realResult": [0, 5, 2], "newPrediction": [{"name": "MarkovBayesian Model", "predictions": [[0, 2, 5]]}, {"name": "PoissonMonteCarlo Model", "predictions": [[1, 4, 8]]}], "newPredictionRaw": [], "matchingNumbers": {"model": "MarkovBayesian Model", "prediction": [0, 4, 7], "matching_numbers": [0], "match_count": 1}, "labels": [], "numberFrequency": {"6": 0.10000452100004521, "4": 0.10127040101270401, "1": 0.10018536100185362, "0": 0.10244586102445861, "5": 0.09900990099009901, "3": 0.09760839097608391, "2": 0.10108956101089561, "8": 0.1006374610063746, "7": 0.09792486097924862, "9": 0.09982368099823681}}