{
  "currentPredictionRaw": [
    [
      0.0017527545569464564,
      0.005824576131999493,
      0.0015189923578873277,
      0.20357069373130798,
      0.022213183343410492,
      0.020277928560972214,
      0.017937185242772102,
      0.01714395545423031,
      0.006462105084210634,
      0.017687706276774406
    ],
    [
      0.017749568447470665,
      0.00862709991633892,
      0.007179740816354752,
      0.008259487338364124,
      0.014828844927251339,
      0.011911993846297264,
      0.013238244690001011,
      0.3568570911884308,
      0.0041121989488601685,
      0.0034125319216400385
    ],
    [
      0.0560867041349411,
      0.052152011543512344,
      0.07413435727357864,
      0.006354548968374729,
      0.002948565175756812,
      0.006159862969070673,
      0.0053113289177417755,
      0.006194935645908117,
      0.024493981152772903,
      0.005597843322902918
    ]
  ],
  "currentPrediction": [
    {
      "name": "LSTM Base Model",
      "predictions": [
        [
          3,
          7,
          2
        ],
        [
          3,
          4,
          5
        ]
      ]
    }
  ],
  "realResult": [
    4,
    0,
    4
  ],
  "newPrediction": [
    {
      "name": "LSTM Base Model",
      "predictions": [
        [
          4,
          1,
          2
        ],
        [
          4,
          3,
          8
        ]
      ]
    }
  ],
  "newPredictionRaw": [
    [
      0.0014543848810717463,
      0.0028220941312611103,
      0.01640174724161625,
      0.05485415458679199,
      0.34435683488845825,
      0.012299902737140656,
      0.0024145233910530806,
      0.014237681403756142,
      0.021917682141065598,
      0.0069036600179970264
    ],
    [
      0.0032963526900857687,
      0.1023925244808197,
      0.0840882807970047,
      0.02039671130478382,
      0.014844649471342564,
      0.012203981168568134,
      0.00048199371667578816,
      0.012987786903977394,
      0.00312264752574265,
      0.03352480009198189
    ],
    [
      0.010925861075520515,
      0.003697530599310994,
      0.09738852083683014,
      0.020363524556159973,
      0.0032674078829586506,
      0.002062513493001461,
      0.04602818563580513,
      0.005076984409242868,
      0.03448914736509323,
      0.011697893030941486
    ]
  ],
  "matchingNumbers": {
    "model": "LSTM Base Model",
    "prediction": [
      3,
      4,
      5
    ],
    "matching_numbers": [
      4
    ],
    "match_count": 1
  },
  "labels": [
    0,
    1,
    2,
    3,
    4,
    5,
    6,
    7,
    8,
    9
  ],
  "numberFrequency": {
    "4": 0.3333333333333333,
    "1": 0.16666666666666666,
    "2": 0.16666666666666666,
    "3": 0.16666666666666666,
    "8": 0.16666666666666666
  }
}