{
  "currentPredictionRaw": [
    [
      0.0011110653867945075,
      0.0001225154846906662,
      0.07317713648080826,
      0.0017942667473107576,
      0.0005688239471055567,
      0.0016812239773571491,
      0.0009333579218946397,
      0.7004355192184448,
      0.001253181486390531,
      0.006467410828918219
    ],
    [
      0.004179130308330059,
      0.0192255936563015,
      0.000656835560221225,
      0.00172320322599262,
      0.044197093695402145,
      0.00911035668104887,
      0.04291104897856712,
      0.0002680376928765327,
      0.0028503991197794676,
      0.0011622016318142414
    ],
    [
      0.016131963580846786,
      0.003974814433604479,
      0.0021746500860899687,
      0.0010613619815558195,
      0.0022430529352277517,
      0.0004463983641471714,
      0.030684953555464745,
      0.0035878405906260014,
      0.0021994325798004866,
      0.02366713061928749
    ]
  ],
  "currentPrediction": [
    {
      "name": "LSTM Base Model",
      "predictions": [
        [
          7,
          4,
          6
        ],
        [
          7,
          2,
          9
        ]
      ]
    }
  ],
  "realResult": [
    6,
    7,
    9
  ],
  "newPrediction": [
    {
      "name": "LSTM Base Model",
      "predictions": [
        [
          1,
          9,
          9
        ],
        [
          1,
          3,
          2
        ]
      ]
    }
  ],
  "newPredictionRaw": [
    [
      0.02878776378929615,
      0.054495956748723984,
      0.04751873388886452,
      0.052035778760910034,
      0.0004747010534629226,
      0.03148059546947479,
      0.030532414093613625,
      0.0018371305195614696,
      0.008915427140891552,
      0.005619901232421398
    ],
    [
      0.10370779037475586,
      0.0023808053229004145,
      0.05106130242347717,
      0.005311956629157066,
      0.01622520200908184,
      0.005011858884245157,
      0.005379501264542341,
      0.0054915654473006725,
      0.004551401361823082,
      0.11257433891296387
    ],
    [
      0.010961302556097507,
      0.001015269197523594,
      0.014483124017715454,
      0.008500032126903534,
      0.14008007943630219,
      0.009387042373418808,
      0.0006747032748535275,
      0.09433846920728683,
      0.0013095428002998233,
      0.1458563357591629
    ]
  ],
  "matchingNumbers": {
    "model": "LSTM Base Model",
    "prediction": [
      7,
      4,
      6
    ],
    "matching_numbers": [
      6,
      7
    ],
    "match_count": 2
  },
  "labels": [
    0,
    1,
    2,
    3,
    4,
    5,
    6,
    7,
    8,
    9
  ],
  "numberFrequency": {
    "1": 0.3333333333333333,
    "9": 0.3333333333333333,
    "3": 0.16666666666666666,
    "2": 0.16666666666666666
  }
}