{
  "currentPredictionRaw": [
    [
      0.024866996333003044,
      0.0016785158077254891,
      0.35206010937690735,
      0.02158070169389248,
      0.003397081047296524,
      0.0007027348619885743,
      0.0025708551984280348,
      0.008214733563363552,
      0.0003411491052247584,
      0.005842504557222128
    ],
    [
      0.007910056039690971,
      0.0019572440069168806,
      0.24306045472621918,
      0.0020300846081227064,
      0.0009058122523128986,
      0.010210422798991203,
      0.0007180810207501054,
      0.025027504190802574,
      0.009304585866630077,
      0.015762222930788994
    ],
    [
      0.03593456745147705,
      0.0004210977931506932,
      0.002671916736289859,
      0.003225709544494748,
      0.0039566028863191605,
      0.030980492010712624,
      0.0022726913448423147,
      0.0006666405824944377,
      0.0008911529439501464,
      0.18083728849887848
    ]
  ],
  "currentPrediction": [
    {
      "name": "LSTM Base Model",
      "predictions": [
        [
          2,
          2,
          9
        ],
        [
          2,
          0,
          3
        ]
      ]
    }
  ],
  "realResult": [
    7,
    9,
    4
  ],
  "newPrediction": [
    {
      "name": "LSTM Base Model",
      "predictions": [
        [
          7,
          9,
          4
        ],
        [
          7,
          5,
          9
        ]
      ]
    }
  ],
  "newPredictionRaw": [
    [
      0.006389173679053783,
      9.964245691662654e-05,
      0.0032233502715826035,
      0.001280080177821219,
      0.011114406399428844,
      0.03142659366130829,
      0.0019169201841577888,
      0.053749825805425644,
      0.0004261248977854848,
      0.01780403032898903
    ],
    [
      0.009388764388859272,
      0.0022808832582086325,
      0.010789759457111359,
      0.002159996423870325,
      0.0003502161707729101,
      0.010024101473391056,
      7.824779459042475e-05,
      0.003748776623979211,
      0.0014935781946405768,
      0.5899456143379211
    ],
    [
      0.005057191010564566,
      0.0006646407418884337,
      0.000693647947628051,
      0.0020721019245684147,
      0.20589503645896912,
      0.024541931226849556,
      0.0007931313593871891,
      0.000710624794010073,
      0.0012393883662298322,
      0.0006422277656383812
    ]
  ],
  "matchingNumbers": {
    "model": "LSTM Base Model",
    "prediction": [
      2,
      2,
      9
    ],
    "matching_numbers": [
      9
    ],
    "match_count": 1
  },
  "labels": [
    0,
    1,
    2,
    3,
    4,
    5,
    6,
    7,
    8,
    9
  ],
  "numberFrequency": {
    "7": 0.3333333333333333,
    "9": 0.3333333333333333,
    "4": 0.16666666666666666,
    "5": 0.16666666666666666
  }
}