{
  "currentPredictionRaw": [
    [
      0.07416828721761703,
      0.026476465165615082,
      0.13818423449993134,
      0.005351560655981302,
      0.06639806181192398,
      0.06932412832975388,
      0.02278262935578823,
      0.003955706488341093,
      0.004128398839384317,
      0.008052385412156582
    ],
    [
      0.04022444784641266,
      0.011213446967303753,
      0.015566284768283367,
      0.004293460864573717,
      0.07894410938024521,
      0.015338286757469177,
      0.00813730712980032,
      0.05313537269830704,
      0.022155148908495903,
      0.04315847158432007
    ],
    [
      0.049825605005025864,
      0.014684558846056461,
      0.003714929800480604,
      0.04856586083769798,
      0.05331079661846161,
      0.05624949187040329,
      0.01971755549311638,
      0.013475907035171986,
      0.010208455845713615,
      0.019258694723248482
    ]
  ],
  "currentPrediction": [
    {
      "name": "LSTM Base Model",
      "predictions": [
        [
          2,
          4,
          5
        ],
        [
          2,
          0,
          5
        ]
      ]
    }
  ],
  "realResult": [
    2,
    0,
    3
  ],
  "newPrediction": [
    {
      "name": "LSTM Base Model",
      "predictions": [
        [
          6,
          0,
          6
        ],
        [
          6,
          2,
          4
        ]
      ]
    }
  ],
  "newPredictionRaw": [
    [
      0.029853476211428642,
      0.018670639023184776,
      0.08686962723731995,
      0.002723224228248,
      0.08272713422775269,
      0.0010704415617510676,
      0.10536003112792969,
      0.0015872312942519784,
      0.001543810241855681,
      0.016229936853051186
    ],
    [
      0.35248470306396484,
      0.017897622659802437,
      0.019433729350566864,
      0.004052947741001844,
      0.013886970467865467,
      0.015620723366737366,
      0.005404651630669832,
      0.007732901256531477,
      0.007056931033730507,
      0.0011331374989822507
    ],
    [
      0.007228261325508356,
      0.002867990406230092,
      0.0029347431845963,
      0.05822831764817238,
      0.04298485442996025,
      0.01443979237228632,
      0.06645886600017548,
      0.0055542197078466415,
      0.0043317959643900394,
      0.0036312963347882032
    ]
  ],
  "matchingNumbers": {
    "model": "LSTM Base Model",
    "prediction": [
      2,
      0,
      5
    ],
    "matching_numbers": [
      0,
      2
    ],
    "match_count": 2
  },
  "labels": [
    0,
    1,
    2,
    3,
    4,
    5,
    6,
    7,
    8,
    9
  ],
  "numberFrequency": {
    "6": 0.5,
    "0": 0.16666666666666666,
    "2": 0.16666666666666666,
    "4": 0.16666666666666666
  }
}