{
  "currentPredictionRaw": [
    [
      0.02865002676844597,
      0.02035866118967533,
      0.022863157093524933,
      0.16926826536655426,
      0.0010956836631521583,
      0.005076742731034756,
      0.17196935415267944,
      0.0075254905968904495,
      0.0006189004052430391,
      0.00206219800747931
    ],
    [
      0.004623055923730135,
      0.003935006447136402,
      0.0006558067980222404,
      0.07713067531585693,
      0.0017295799916610122,
      0.007584791164845228,
      0.018004044890403748,
      0.1407967209815979,
      0.05699264258146286,
      0.0066977608948946
    ],
    [
      0.05008172243833542,
      0.11482780426740646,
      0.011942426674067974,
      0.0058078458532691,
      0.005818549543619156,
      0.018730325624346733,
      0.01436024159193039,
      0.020965054631233215,
      0.005915673449635506,
      0.003911773674190044
    ]
  ],
  "currentPrediction": [
    {
      "name": "LSTM Base Model",
      "predictions": [
        [
          6,
          7,
          1
        ],
        [
          6,
          3,
          0
        ]
      ]
    }
  ],
  "realResult": [
    4,
    7,
    9
  ],
  "newPrediction": [
    {
      "name": "LSTM Base Model",
      "predictions": [
        [
          9,
          0,
          3
        ],
        [
          9,
          2,
          1
        ]
      ]
    }
  ],
  "newPredictionRaw": [
    [
      0.0035174721851944923,
      0.016217462718486786,
      0.023511197417974472,
      0.00034394586691632867,
      0.005608051549643278,
      0.010087717324495316,
      0.002964604180306196,
      0.0003510394599288702,
      0.00017541079432703555,
      0.6617178916931152
    ],
    [
      0.05950489267706871,
      0.05220312625169754,
      0.0013078750343993306,
      0.004693539813160896,
      0.006647909991443157,
      0.0063849277794361115,
      0.005464873742312193,
      0.00042751533328555524,
      0.0006209086277522147,
      0.005843918304890394
    ],
    [
      0.029286043718457222,
      0.027150308713316917,
      0.0014700109604746103,
      0.044744670391082764,
      0.00833719503134489,
      0.0004093120514880866,
      0.006116266828030348,
      0.004485429264605045,
      0.0008233209373429418,
      0.009583061560988426
    ]
  ],
  "matchingNumbers": {
    "model": "LSTM Base Model",
    "prediction": [
      6,
      7,
      1
    ],
    "matching_numbers": [
      7
    ],
    "match_count": 1
  },
  "labels": [
    0,
    1,
    2,
    3,
    4,
    5,
    6,
    7,
    8,
    9
  ],
  "numberFrequency": {
    "9": 0.3333333333333333,
    "0": 0.16666666666666666,
    "3": 0.16666666666666666,
    "2": 0.16666666666666666,
    "1": 0.16666666666666666
  }
}