{"currentPredictionRaw": [[6.69429823574319e-07, 0.9992328882217407, 0.00037063207128085196, 0.0002583686145953834, 6.239983463274257e-08, 2.393482645857148e-06, 2.5435310108123943e-11, 3.599447495616914e-07, 0.00012935818813275546, 5.251261427474674e-06], [6.2047691457124615e-19, 3.2912541162752884e-21, 4.87119844954773e-20, 1.6254041765981572e-27, 5.860239593938332e-13, 7.124050238616064e-09, 4.8235629037662875e-06, 0.999995231628418, 4.280340248907777e-10, 3.2857697631656505e-15], [6.541703073660038e-19, 4.5849417741399574e-21, 6.128198587372076e-20, 2.1747656783989054e-27, 6.251615978364322e-13, 7.409563629323657e-09, 4.745832939079264e-06, 0.999995231628418, 4.633194661263218e-10, 3.737523985913654e-15]], "currentPrediction": [[1, 7, 7], [2, 6, 6], [3, 5, 5], [8, 8, 8], [9, 4, 4], [5, 9, 9], [0, 0, 0], [7, 2, 2], [4, 1, 1], [6, 3, 3]], "realResult": [1, 3, 9], "newPrediction": [[2, 9, 6], [3, 6, 4], [5, 3, 9], [1, 8, 3], [9, 0, 8], [8, 4, 7], [7, 7, 5], [6, 1, 2], [4, 2, 1], [0, 5, 0]], "newPredictionRaw": [[0.0, 5.632263162332168e-31, 1.0, 8.697345621477837e-10, 0.0, 8.947464381516425e-26, 0.0, 0.0, 0.0, 0.0], [3.6058809204601167e-14, 4.2372370553165185e-16, 3.509383865237831e-20, 6.637374243972927e-12, 2.825713939908197e-14, 8.327494972273449e-24, 5.787308623439458e-07, 2.8061315546072142e-14, 2.0142467880256143e-13, 0.9999994039535522], [0.0, 0.0, 0.0, 5.6896251165795215e-36, 8.974566992140216e-27, 0.0, 1.0, 0.0, 0.0, 1.691065879219355e-32]], "matchingNumbers": {"bestMatchIndex": 0, "bestMatchSequence": [1, 7, 7], "matchingNumbers": [1]}, "labels": [0, 1, 2, 3, 4, 5, 6, 7, 8, 9]}