{"currentPredictionRaw": [[2.002939174203736e-20, 1.250250073415069e-21, 3.131756091707006e-15, 6.930498219213162e-16, 9.171103316566004e-21, 3.9156647368976394e-10, 3.6039821442960394e-38, 1.0, 1.7462314927385592e-09, 2.010554503645897e-14], [0.9999973773956299, 1.3333962652608532e-21, 5.656825674549282e-09, 1.4328705880003345e-18, 3.244033695136196e-20, 2.463198597979499e-06, 1.0360728275315978e-08, 7.206221307091503e-18, 6.252009592054078e-21, 1.0728081178967841e-07], [7.864194018214477e-11, 1.5156484778344748e-07, 4.0675249529102666e-20, 4.3156201172678266e-06, 0.99994957447052, 3.437040106666375e-15, 2.5655488345246445e-22, 4.595832069753669e-05, 1.8114194588747523e-09, 1.0366825230017068e-14]], "currentPrediction": [[7, 0, 4], [8, 5, 7], [6, 0, 3], [5, 6, 3], [0, 9, 6], [5, 4, 6], [0, 3, 5], [1, 5, 9]], "realResult": [4, 1, 9], "newPrediction": [[7, 1, 0], [5, 9, 6], [3, 0, 8], [6, 5, 0], [8, 3, 0], [5, 4, 6], [8, 9, 5], [1, 5, 9]], "newPredictionRaw": [[9.650765482063758e-21, 5.525660027091757e-25, 7.4612968212353725e-19, 1.9807101156655814e-17, 4.3868348447109916e-21, 1.616360517653348e-11, 0.0, 1.0, 1.5814009823866826e-11, 7.131777202631323e-17], [5.203433027059999e-25, 0.9999134540557861, 8.577287710924593e-15, 5.454862719076566e-23, 3.739693475519589e-18, 3.497996122369035e-31, 3.2544165279313475e-11, 9.06758172101443e-15, 3.462987660896033e-05, 5.1925901061622426e-05], [0.9999982118606567, 7.151098921649159e-19, 5.325838103864555e-10, 6.200886670109867e-18, 2.9277956451689377e-18, 1.3609444522444392e-06, 1.0729435118150832e-08, 4.2117035779937827e-17, 5.999081509866231e-20, 3.1991163496059016e-07]], "matchingNumbers": {"bestMatchIndex": 7, "bestMatchSequence": [1, 5, 9], "matchingNumbers": [1, 9]}, "labels": [0, 1, 2, 3, 4, 5, 6, 7, 8, 9], "numberFrequency": {"3": 0.09787234042553192, "2": 0.10098375657744223, "6": 0.10016014641958362, "8": 0.10066346373827499, "9": 0.10011439029970258, "0": 0.10203614733470602, "5": 0.0987874628231526, "4": 0.1013498055364905, "1": 0.10002287805994052, "7": 0.09800960878517502}}