{"currentPredictionRaw": [[0.0, 0.0, 0.0, 0.0, 0.0, 0.0, 0.0, 0.0, 1.0, 1.0941415653386016e-29], [1.3977390383130768e-19, 9.157603268526805e-22, 1.9229480624717305e-20, 3.174700994397975e-28, 3.179487922944091e-13, 5.674670955357897e-09, 3.84883151127724e-06, 0.9999961853027344, 2.3323243336648147e-10, 8.401848976339861e-16], [1.2599592220518142e-14, 1.5296939630171018e-15, 2.0547914755777627e-19, 8.26545516058319e-12, 1.5930111369561947e-14, 2.665968682057617e-23, 2.2204913818768546e-07, 3.902607742718202e-14, 1.1766320339931524e-12, 0.9999997615814209]], "currentPrediction": [[8, 7, 9], [9, 6, 6], [7, 5, 3], [6, 8, 8], [5, 4, 7], [4, 9, 4], [3, 0, 0], [2, 2, 1], [1, 1, 2], [0, 3, 5]], "realResult": [5, 6, 6], "newPrediction": [[5, 6, 6], [4, 4, 4], [2, 9, 9], [6, 8, 3], [9, 7, 8], [8, 5, 7], [7, 3, 5], [3, 2, 2], [1, 1, 1], [0, 0, 0]], "newPredictionRaw": [[0.0, 0.0, 1.0414023586669082e-17, 0.0, 1.9649167072610142e-14, 1.0, 6.635400178125024e-28, 0.0, 0.0, 0.0], [0.0, 0.0, 0.0, 0.0, 1.8710007371846105e-28, 0.0, 1.0, 0.0, 0.0, 3.0840671568469226e-34], [0.0, 0.0, 0.0, 1.5827373283169765e-38, 9.02998435036137e-29, 0.0, 1.0, 0.0, 0.0, 2.591463392165381e-34]], "matchingNumbers": {"bestMatchIndex": 1, "bestMatchSequence": [9, 6, 6], "matchingNumbers": [6]}, "labels": [0, 1, 2, 3, 4, 5, 6, 7, 8, 9]}