{"currentPredictionRaw": [[2.1459941477651282e-30, 0.0, 4.283906642093777e-28, 4.883115563456941e-25, 0.9999997615814209, 2.201102855536874e-09, 2.9437526904985134e-07, 2.591819452287145e-26, 0.0, 0.0], [0.9996858835220337, 3.051829138179844e-36, 0.0, 2.45141054620035e-05, 1.144840894085064e-06, 0.0, 0.000287888222374022, 1.0469155085247247e-36, 0.0, 5.832688998452795e-07], [1.921494136520792e-29, 0.0, 1.409824341604697e-27, 1.4612585279149458e-24, 0.9999996423721313, 2.0045931581336163e-09, 4.097747705600341e-07, 1.4457989988882e-25, 0.0, 0.0]], "currentPrediction": [[4, 0, 4], [6, 6, 6], [5, 3, 5], [3, 4, 3], [7, 9, 7], [2, 1, 2], [0, 7, 0], [9, 8, 9], [8, 5, 8], [1, 2, 1]], "realResult": [2, 4, 8], "newPrediction": [[4, 0, 5], [6, 6, 4], [5, 3, 2], [3, 4, 6], [7, 9, 9], [2, 1, 8], [0, 7, 7], [9, 8, 3], [8, 5, 1], [1, 2, 0]], "newPredictionRaw": [[2.1360953568566278e-30, 0.0, 4.416656178335528e-28, 4.8048797901435815e-25, 0.9999997615814209, 2.2939157240386976e-09, 2.922956525708287e-07, 2.6908023906673336e-26, 0.0, 0.0], [0.9996888637542725, 4.361329414516984e-36, 0.0, 2.4347751605091617e-05, 1.1822280612250324e-06, 0.0, 0.0002850565069820732, 1.486450865425975e-36, 0.0, 6.126128369032813e-07], [0.0, 0.0, 1.912730593128626e-17, 0.0, 3.975188301902528e-14, 1.0, 2.2073726353223535e-27, 0.0, 0.0, 0.0]], "matchingNumbers": {"bestMatchIndex": 0, "bestMatchSequence": [4, 0, 4], "matchingNumbers": [4]}, "labels": [0, 1, 2, 3, 4, 5, 6, 7, 8, 9]}