{
  "currentPredictionRaw": [
    [
      0.00031726545421406627,
      0.005459473934024572,
      0.00538242980837822,
      0.001833646441809833,
      0.22771556675434113,
      0.0013995451154187322,
      0.00022728268231730908,
      0.00027102380408905447,
      0.0009357358794659376,
      0.0011811163276433945
    ],
    [
      0.478607714176178,
      0.0061884126625955105,
      0.014546612277626991,
      0.0001342831237707287,
      0.002003507688641548,
      0.00022379164875019342,
      0.0037358864210546017,
      0.002016922691836953,
      0.0003504334599711001,
      0.0005066883168183267
    ],
    [
      0.0038088522851467133,
      0.0002295279991813004,
      0.0003057932772208005,
      0.0006337477243505418,
      0.22911906242370605,
      0.0037755751982331276,
      0.0023939937818795443,
      0.0035475045442581177,
      0.0022153197787702084,
      0.0009333215421065688
    ]
  ],
  "currentPrediction": [
    {
      "name": "LSTM Base Model",
      "predictions": [
        [
          4,
          0,
          4
        ],
        [
          4,
          1,
          2
        ]
      ]
    }
  ],
  "realResult": [
    7,
    7,
    8
  ],
  "newPrediction": [
    {
      "name": "LSTM Base Model",
      "predictions": [
        [
          7,
          7,
          8
        ],
        [
          7,
          8,
          6
        ]
      ]
    }
  ],
  "newPredictionRaw": [
    [
      0.0076807779259979725,
      0.0010701566934585571,
      0.005271430592983961,
      0.0020556210074573755,
      0.0014453887706622481,
      0.0011020256206393242,
      0.009482487104833126,
      0.15475860238075256,
      0.009865690022706985,
      0.0031363971065729856
    ],
    [
      0.00046105857472866774,
      0.004296763800084591,
      0.004005896858870983,
      0.004170794505625963,
      0.01142941601574421,
      0.001006320584565401,
      0.001656137639656663,
      0.5690097212791443,
      0.013925678096711636,
      0.006976325064897537
    ],
    [
      0.005271628964692354,
      0.00815301202237606,
      0.004340963903814554,
      0.0018044356256723404,
      0.004461602307856083,
      0.0033201584592461586,
      0.005976532585918903,
      0.0024390576872974634,
      0.14477579295635223,
      0.006650111638009548
    ]
  ],
  "matchingNumbers": {
    "model": null,
    "prediction": null,
    "matching_numbers": [],
    "match_count": 0
  },
  "labels": [
    0,
    1,
    2,
    3,
    4,
    5,
    6,
    7,
    8,
    9
  ],
  "numberFrequency": {
    "7": 0.5,
    "8": 0.3333333333333333,
    "6": 0.16666666666666666
  }
}