{
  "currentPredictionRaw": [
    [
      0.0007138614892028272,
      0.0022948484402149916,
      0.006975457537919283,
      0.0006314701167866588,
      0.0008931978372856975,
      0.0016858043381944299,
      0.002000153996050358,
      0.0020896007772535086,
      0.0003626217949204147,
      0.12602435052394867
    ],
    [
      0.30662187933921814,
      0.0008695563883520663,
      0.0026119861286133528,
      0.001659848028793931,
      0.0008177186828106642,
      0.00016356955165974796,
      0.0008477265946567059,
      0.0015342258848249912,
      0.004588500130921602,
      0.00016145635163411498
    ],
    [
      0.0016525635728612542,
      0.00015835570229683071,
      0.0025740822311490774,
      0.0014984176959842443,
      0.007296537049114704,
      0.0006019250140525401,
      0.007283060345798731,
      0.5149369835853577,
      0.00017067328735720366,
      0.0002795055042952299
    ]
  ],
  "currentPrediction": [
    {
      "name": "LSTM Base Model",
      "predictions": [
        [
          9,
          0,
          7
        ],
        [
          9,
          2,
          1
        ]
      ]
    }
  ],
  "realResult": [
    1,
    8,
    7
  ],
  "newPrediction": [
    {
      "name": "LSTM Base Model",
      "predictions": [
        [
          1,
          8,
          7
        ],
        [
          1,
          0,
          3
        ]
      ]
    }
  ],
  "newPredictionRaw": [
    [
      0.006083494517952204,
      0.19406087696552277,
      0.0008071339107118547,
      0.002287705894559622,
      7.15624337317422e-05,
      0.0008100394625216722,
      0.001506382366642356,
      0.0020500633399933577,
      0.0004911390133202076,
      0.0021315254271030426
    ],
    [
      0.0020181620493531227,
      0.0007851172122173011,
      0.0007667369209229946,
      0.0008727135718800128,
      0.000745291355997324,
      0.0006004227325320244,
      0.0005831674789078534,
      0.0013627459993585944,
      0.31272128224372864,
      0.0006170006236061454
    ],
    [
      0.002248287433758378,
      0.0013180874520912766,
      0.0022216227371245623,
      0.0006137069431133568,
      0.0005042001721449196,
      0.00012563540076371282,
      0.0016533064190298319,
      0.45292672514915466,
      0.0031693028286099434,
      0.0038465079851448536
    ]
  ],
  "matchingNumbers": {
    "model": "LSTM Base Model",
    "prediction": [
      9,
      0,
      7
    ],
    "matching_numbers": [
      7
    ],
    "match_count": 1
  },
  "labels": [
    0,
    1,
    2,
    3,
    4,
    5,
    6,
    7,
    8,
    9
  ],
  "numberFrequency": {
    "1": 0.3333333333333333,
    "8": 0.16666666666666666,
    "7": 0.16666666666666666,
    "0": 0.16666666666666666,
    "3": 0.16666666666666666
  }
}