{"currentPredictionRaw": [[0.0, 0.0, 0.0, 1.8908682927231686e-36, 9.421999807192236e-27, 0.0, 1.0, 0.0, 0.0, 2.958811851199825e-33], [7.768790486453391e-20, 2.415430749962748e-22, 1.3918157142688583e-20, 1.5131659627830002e-28, 3.3048065152530004e-13, 6.250332695856287e-09, 4.267496024112916e-06, 0.9999957084655762, 1.1225990970142874e-10, 2.885711549375353e-16], [0.0, 1.2512417021565067e-30, 1.0, 9.744709483783254e-10, 0.0, 1.0227917518372719e-25, 0.0, 0.0, 0.0, 0.0]], "currentPrediction": [[6, 7, 2], [4, 6, 3], [9, 5, 5], [3, 8, 1], [8, 4, 9], [7, 9, 8], [5, 0, 7], [2, 2, 6], [1, 1, 4], [0, 3, 0]], "realResult": [8, 7, 9], "newPrediction": [[8, 7, 9], [9, 6, 6], [7, 5, 3], [6, 8, 8], [5, 4, 7], [4, 9, 4], [3, 0, 0], [2, 2, 1], [1, 1, 2], [0, 3, 5]], "newPredictionRaw": [[0.0, 0.0, 0.0, 0.0, 0.0, 0.0, 0.0, 0.0, 1.0, 1.0941415653386016e-29], [1.3977390383130768e-19, 9.157603268526805e-22, 1.9229480624717305e-20, 3.174700994397975e-28, 3.179487922944091e-13, 5.674670955357897e-09, 3.84883151127724e-06, 0.9999961853027344, 2.3323243336648147e-10, 8.401848976339861e-16], [1.2599592220518142e-14, 1.5296939630171018e-15, 2.0547914755777627e-19, 8.26545516058319e-12, 1.5930111369561947e-14, 2.665968682057617e-23, 2.2204913818768546e-07, 3.902607742718202e-14, 1.1766320339931524e-12, 0.9999997615814209]], "matchingNumbers": {"bestMatchIndex": 5, "bestMatchSequence": [7, 9, 8], "matchingNumbers": [8, 9, 7]}, "labels": [0, 1, 2, 3, 4, 5, 6, 7, 8, 9]}