{"currentPredictionRaw": [[0.10239800065755844, 0.09969770908355713, 0.10091418772935867, 0.09908530116081238, 0.10221786051988602, 0.09915773570537567, 0.09825211018323898, 0.0971871018409729, 0.10081987828016281, 0.10027015209197998], [0.10239800065755844, 0.09969770908355713, 0.10091418772935867, 0.09908530116081238, 0.10221786051988602, 0.09915773570537567, 0.09825211018323898, 0.0971871018409729, 0.10081987828016281, 0.10027015209197998], [0.10239800065755844, 0.09969770908355713, 0.10091418772935867, 0.09908530116081238, 0.10221786051988602, 0.09915773570537567, 0.09825211018323898, 0.0971871018409729, 0.10081987828016281, 0.10027015209197998]], "currentPrediction": [[1, 0, 0], [5, 0, 0], [3, 0, 0], [9, 0, 0], [10, 0, 0], [2, 0, 0], [6, 0, 0], [4, 0, 0], [7, 0, 0], [8, 0, 0]], "realResult": [4, 6, 2], "newPrediction": [[1, 0, 0], [5, 0, 0], [3, 0, 0], [9, 0, 0], [10, 0, 0], [2, 0, 0], [6, 0, 0], [4, 0, 0], [7, 0, 0], [8, 0, 0]], "newPredictionRaw": [[0.10239861160516739, 0.09969750046730042, 0.10091432183980942, 0.09908539056777954, 0.10221785306930542, 0.09915795922279358, 0.09825173765420914, 0.0971863865852356, 0.10081970691680908, 0.10027050226926804], [0.10239861160516739, 0.09969750046730042, 0.10091432183980942, 0.09908539056777954, 0.10221785306930542, 0.09915795922279358, 0.09825173765420914, 0.0971863865852356, 0.10081970691680908, 0.10027050226926804], [0.10239861160516739, 0.09969750046730042, 0.10091432183980942, 0.09908539056777954, 0.10221785306930542, 0.09915795922279358, 0.09825173765420914, 0.0971863865852356, 0.10081970691680908, 0.10027050226926804]], "matchingNumbers": {"bestMatchIndex": 5, "bestMatchSequence": [2, 0, 0], "matchingNumbers": [2]}}