{
  "currentPredictionRaw": [
    [
      0.001856829971075058,
      0.0011686647776514292,
      0.004340142011642456,
      0.0010543310781940818,
      0.07621688395738602,
      0.003118319669738412,
      0.0013760955771431327,
      0.1367868185043335,
      0.00040635562618263066,
      0.0008668164373375475
    ],
    [
      0.3418925702571869,
      0.0003885699843522161,
      0.006475765723735094,
      0.001513801165856421,
      0.0017229621298611164,
      0.017063358798623085,
      0.00020987383322790265,
      0.012509219348430634,
      0.0009425728349015117,
      0.0028158468194305897
    ],
    [
      0.0003114111896138638,
      0.00462794816121459,
      0.0024458589032292366,
      0.002586825517937541,
      0.350106805562973,
      0.0004392380069475621,
      0.002779137110337615,
      0.0007704090676270425,
      0.005541892256587744,
      0.017664669081568718
    ]
  ],
  "currentPrediction": [
    {
      "name": "LSTM Base Model",
      "predictions": [
        [
          7,
          0,
          4
        ],
        [
          7,
          4,
          2
        ]
      ]
    }
  ],
  "realResult": [
    3,
    9,
    3
  ],
  "newPrediction": [
    {
      "name": "LSTM Base Model",
      "predictions": [
        [
          8,
          3,
          2
        ],
        [
          8,
          2,
          9
        ]
      ]
    }
  ],
  "newPredictionRaw": [
    [
      0.0018971862737089396,
      0.005523731000721455,
      0.03113415464758873,
      0.0035737769212573767,
      0.004643704742193222,
      0.0012586985249072313,
      0.004453896079212427,
      0.01157611794769764,
      0.038871679455041885,
      0.025131134316325188
    ],
    [
      0.009306591935455799,
      0.007789609022438526,
      0.0018583908677101135,
      0.657806396484375,
      0.022533005103468895,
      0.0003272018802817911,
      0.01185631100088358,
      0.003728429786860943,
      0.0212614294141531,
      0.007960915565490723
    ],
    [
      0.016549939289689064,
      0.0035410826094448566,
      0.04202242195606232,
      0.003628186648711562,
      0.019101986661553383,
      0.00824816431850195,
      0.001110247801989317,
      0.027645112946629524,
      0.002888625953346491,
      0.0027718436904251575
    ]
  ],
  "matchingNumbers": {
    "model": null,
    "prediction": null,
    "matching_numbers": [],
    "match_count": 0
  },
  "labels": [
    0,
    1,
    2,
    3,
    4,
    5,
    6,
    7,
    8,
    9
  ],
  "numberFrequency": {
    "8": 0.3333333333333333,
    "3": 0.16666666666666666,
    "2": 0.3333333333333333,
    "9": 0.16666666666666666
  }
}