{"currentPredictionRaw": [[0.9999992847442627, 1.1335319154957168e-16, 5.5941584697905e-11, 1.338176150887152e-17, 1.0743461818145481e-14, 5.051107905273966e-07, 1.5054909541234451e-09, 4.3083557012789375e-13, 4.986833581668212e-19, 1.982147352919128e-07], [6.516046827420571e-37, 0.0, 5.2235946139466365e-17, 1.5926645065505804e-30, 0.0, 1.0, 0.0, 6.270088703996005e-34, 2.0169365238504963e-38, 0.0], [2.0769716825172283e-23, 1.436369891571209e-20, 1.1420959733499103e-09, 0.0, 8.11417727923831e-37, 1.292383326844984e-24, 4.0592137920918967e-23, 2.3713489723578314e-18, 3.0734061095530254e-17, 1.0]], "currentPrediction": [[0, 5, 9], [5, 3, 2], [2, 4, 6], [4, 6, 2], [6, 2, 4], [5, 4, 6], [9, 2, 6], [1, 5, 8]], "realResult": [0, 0, 4], "newPrediction": [[3, 5, 7], [7, 2, 5], [6, 5, 3], [7, 6, 5], [8, 3, 9], [5, 5, 6], [9, 4, 7], [1, 5, 9]], "newPredictionRaw": [[9.782170113955371e-34, 9.663728188518098e-37, 7.075706777834351e-33, 1.0, 1.884325235356605e-26, 4.1540478319843056e-16, 0.0, 1.6730392841512315e-13, 2.3304698692746054e-14, 0.0], [3.999238668503167e-31, 0.0, 3.9276548457816904e-14, 3.4527255448677944e-27, 0.0, 1.0, 0.0, 5.830831664753862e-32, 6.307912078618283e-37, 0.0], [1.7101788139489595e-23, 8.863646716260127e-28, 1.0240934211416551e-22, 3.289000008716403e-20, 3.99944022358149e-22, 2.137907770738065e-13, 0.0, 1.0, 1.2425533692239643e-12, 1.1985581311809846e-20]], "matchingNumbers": {"bestMatchIndex": 0, "bestMatchSequence": [0, 5, 9], "matchingNumbers": [0]}, "labels": [0, 1, 2, 3, 4, 5, 6, 7, 8, 9], "numberFrequency": {"3": 0.09787234042553192, "2": 0.10098375657744223, "6": 0.10016014641958362, "8": 0.10066346373827499, "9": 0.10011439029970258, "0": 0.10203614733470602, "5": 0.0987874628231526, "4": 0.1013498055364905, "1": 0.10002287805994052, "7": 0.09800960878517502}}