{
  "currentPredictionRaw": [
    [
      0.005936077330261469,
      0.0053232586942613125,
      0.04011311009526253,
      0.00623230030760169,
      0.00782297644764185,
      0.008837953209877014,
      0.019103404134511948,
      0.001679220818914473,
      0.0008599126012995839,
      0.09085564315319061
    ],
    [
      0.0037896304856985807,
      0.05768625810742378,
      0.02031753584742546,
      0.0037184469401836395,
      0.0035606699530035257,
      0.03138051554560661,
      0.0028284876607358456,
      0.0028510987758636475,
      0.27096661925315857,
      0.01297132670879364
    ],
    [
      0.20568996667861938,
      0.002524063689634204,
      0.0029286674689501524,
      0.00994066707789898,
      0.00344736292026937,
      0.0025616977363824844,
      0.006323632318526506,
      0.05136965960264206,
      0.10882219672203064,
      0.009557658806443214
    ]
  ],
  "currentPrediction": [
    {
      "name": "LSTM Base Model",
      "predictions": [
        [
          9,
          8,
          0
        ],
        [
          9,
          2,
          6
        ]
      ]
    }
  ],
  "realResult": [
    7,
    6,
    6
  ],
  "newPrediction": [
    {
      "name": "LSTM Base Model",
      "predictions": [
        [
          5,
          8,
          9
        ],
        [
          5,
          0,
          9
        ]
      ]
    }
  ],
  "newPredictionRaw": [
    [
      0.03576606139540672,
      0.003782176412642002,
      0.0013678409159183502,
      0.0035469422582536936,
      0.006334324367344379,
      0.11291796714067459,
      0.0053533813916146755,
      0.002781546674668789,
      0.0021263263188302517,
      0.01117649208754301
    ],
    [
      0.04707814007997513,
      0.00020912943000439554,
      0.0029599512927234173,
      0.01797310821712017,
      0.018803277984261513,
      0.0006402662838809192,
      0.005204355344176292,
      0.004335339646786451,
      0.2515811324119568,
      0.002544414484873414
    ],
    [
      0.005579931195825338,
      0.002699066186323762,
      0.002232097089290619,
      0.006478490773588419,
      0.0014030949678272009,
      0.0006140497862361372,
      0.010755438357591629,
      0.03755185753107071,
      0.03747569024562836,
      0.3587281107902527
    ]
  ],
  "matchingNumbers": {
    "model": "LSTM Base Model",
    "prediction": [
      9,
      2,
      6
    ],
    "matching_numbers": [
      6
    ],
    "match_count": 1
  },
  "labels": [
    0,
    1,
    2,
    3,
    4,
    5,
    6,
    7,
    8,
    9
  ],
  "numberFrequency": {
    "5": 0.3333333333333333,
    "8": 0.16666666666666666,
    "9": 0.3333333333333333,
    "0": 0.16666666666666666
  }
}