{"currentPredictionRaw": [], "currentPrediction": [], "realResult": [5, 2, 3], "newPrediction": [{"name": "LSTM Base Model", "predictions": [[8, 7, 0], [0, 8, 9]]}, {"name": "ARIMA Model", "predictions": [[4, 5, 4]]}, {"name": "Markov Model", "predictions": [[8, 9, 1]]}, {"name": "PoissonMonteCarlo Model", "predictions": [[1, 4, 9]]}], "newPredictionRaw": [[7.177792128494884e-25, 2.557609929056972e-27, 0.0, 0.0, 0.0, 0.0, 0.0, 0.0, 1.0, 0.0], [1.9444561867460258e-29, 3.6009074712575565e-36, 0.0, 0.0, 5.631324845122754e-21, 0.0, 0.0, 1.0, 1.929195292349249e-18, 4.473024249725535e-25], [1.618972431859775e-24, 1.7369078166584006e-27, 0.0, 0.0, 0.0, 0.0, 0.0, 0.0, 1.0, 0.0]], "matchingNumbers": [], "labels": [0, 1, 2, 3, 4, 5, 6, 7, 8, 9], "numberFrequency": {"3": 0.09784297596197788, "2": 0.10095055296590805, "6": 0.1000822593912805, "8": 0.10063065533315053, "9": 0.1000822593912805, "0": 0.10223014349693813, "5": 0.09875696919842793, "4": 0.10136184992231058, "1": 0.0999908600676355, "7": 0.09807147427109039}}