{
  "currentPredictionRaw": [
    [
      0.33047786355018616,
      0.011836198158562183,
      0.018707450479269028,
      0.0025891000404953957,
      0.008046185597777367,
      0.003130677156150341,
      0.001622498850338161,
      0.0009223315864801407,
      0.0006759844836778939,
      0.010291019454598427
    ],
    [
      0.0495900958776474,
      0.001270884182304144,
      0.004076669458299875,
      0.008073298260569572,
      0.0009132547420449555,
      0.42457008361816406,
      0.0015336560318246484,
      0.0015312168980017304,
      0.0058227344416081905,
      0.003203695174306631
    ],
    [
      0.008277427405118942,
      0.012046394869685173,
      0.0010521821677684784,
      0.002105927327647805,
      0.0024216107558459044,
      0.04717360436916351,
      0.0082664480432868,
      0.0015818173997104168,
      0.0030670969281345606,
      0.02512255311012268
    ]
  ],
  "currentPrediction": [
    {
      "name": "LSTM Base Model",
      "predictions": [
        [
          0,
          5,
          5
        ],
        [
          0,
          2,
          1
        ]
      ]
    }
  ],
  "realResult": [
    1,
    8,
    7
  ],
  "newPrediction": [
    {
      "name": "LSTM Base Model",
      "predictions": [
        [
          6,
          7,
          3
        ],
        [
          6,
          0,
          5
        ]
      ]
    }
  ],
  "newPredictionRaw": [
    [
      0.009808525443077087,
      0.0025126433465629816,
      0.0006045072805136442,
      0.00400059949606657,
      0.002305014291778207,
      0.007876820862293243,
      0.018790818750858307,
      0.00034577588667161763,
      0.001329749240539968,
      0.0016586064593866467
    ],
    [
      0.002509427024051547,
      0.0008592551457695663,
      0.0011829466093331575,
      0.0005642672185786068,
      0.0007117512868717313,
      0.05865943059325218,
      0.0010621525580063462,
      0.7410750389099121,
      0.002782290568575263,
      0.0006853610393591225
    ],
    [
      0.008474714122712612,
      0.011538759805262089,
      0.008953041397035122,
      0.07843153178691864,
      0.000684121681842953,
      0.026682225987315178,
      0.00013803495676256716,
      0.0008977451361715794,
      0.004132071975618601,
      0.0007428456447087228
    ]
  ],
  "matchingNumbers": {
    "model": "LSTM Base Model",
    "prediction": [
      0,
      2,
      1
    ],
    "matching_numbers": [
      1
    ],
    "match_count": 1
  },
  "labels": [
    0,
    1,
    2,
    3,
    4,
    5,
    6,
    7,
    8,
    9
  ],
  "numberFrequency": {
    "6": 0.3333333333333333,
    "7": 0.16666666666666666,
    "3": 0.16666666666666666,
    "0": 0.16666666666666666,
    "5": 0.16666666666666666
  }
}