{"currentPredictionRaw": [[0.0, 0.0, 0.0, 0.0, 0.0, 0.0, 0.0, 0.0, 1.0, 1.0535752364838149e-29], [0.0, 0.0, 8.880750022712214e-18, 0.0, 7.342161207897317e-15, 1.0, 1.6086329860494387e-28, 0.0, 0.0, 0.0], [5.0789261195796695e-20, 4.641889302099951e-22, 2.2764065387421874e-20, 3.028775930665428e-28, 3.5066396943291e-13, 7.424222570051597e-09, 4.462599918042542e-06, 0.9999955892562866, 1.2498224677415237e-10, 3.6267351469072254e-16]], "currentPrediction": [[8, 5, 7], [9, 4, 6], [7, 2, 5], [6, 6, 8], [5, 9, 4], [4, 8, 9], [3, 7, 0], [2, 3, 2], [1, 1, 1], [0, 0, 3]], "realResult": [0, 7, 3], "newPrediction": [[2, 1, 6], [3, 2, 4], [5, 3, 9], [1, 8, 3], [9, 9, 8], [8, 5, 7], [7, 0, 5], [6, 7, 2], [4, 4, 1], [0, 6, 0]], "newPredictionRaw": [[0.0, 7.049149980073216e-31, 1.0, 9.333168682346127e-10, 0.0, 1.2686239210634718e-25, 0.0, 0.0, 0.0, 0.0], [8.688825801073108e-07, 0.9993085861206055, 0.000370869820471853, 0.0002107119362335652, 1.0934724059552536e-07, 3.066966428377782e-06, 4.313439536107744e-11, 7.1430156367569e-07, 0.00010075284808408469, 4.346833520685323e-06], [0.0, 0.0, 0.0, 3.8047675646996154e-36, 1.4106002410013923e-26, 0.0, 1.0, 0.0, 0.0, 8.725208205366187e-33]], "matchingNumbers": {"bestMatchIndex": 6, "bestMatchSequence": [3, 7, 0], "matchingNumbers": [0, 3, 7]}, "labels": [0, 1, 2, 3, 4, 5, 6, 7, 8, 9]}