{
  "currentPredictionRaw": [
    [
      0.05580325052142143,
      0.017072191461920738,
      0.017296213656663895,
      0.061536215245723724,
      0.0007985449628904462,
      0.04322468489408493,
      0.0025248725432902575,
      0.060156796127557755,
      0.004137127660214901,
      0.0037860034499317408
    ],
    [
      0.19162440299987793,
      0.007621760945767164,
      0.0047998144291341305,
      0.024653246626257896,
      0.01807713694870472,
      0.0011518073733896017,
      0.029025442898273468,
      0.016977114602923393,
      0.05180098116397858,
      0.000991626875475049
    ],
    [
      0.04049605503678322,
      0.011145485565066338,
      0.11190139502286911,
      0.005119917914271355,
      0.1857890635728836,
      0.013291056267917156,
      0.0044867233373224735,
      0.0019508859841153026,
      0.00951169990003109,
      0.0032484421972185373
    ]
  ],
  "currentPrediction": [
    {
      "name": "LSTM Base Model",
      "predictions": [
        [
          3,
          0,
          4
        ],
        [
          3,
          7,
          0
        ]
      ]
    }
  ],
  "realResult": [
    7,
    4,
    6
  ],
  "newPrediction": [
    {
      "name": "LSTM Base Model",
      "predictions": [
        [
          9,
          6,
          0
        ],
        [
          9,
          1,
          8
        ]
      ]
    }
  ],
  "newPredictionRaw": [
    [
      0.00905546359717846,
      0.07817797362804413,
      0.004173210822045803,
      0.007983378134667873,
      0.00020140585547778755,
      0.0005315408925525844,
      0.0054383790120482445,
      0.00804335530847311,
      0.012713106349110603,
      0.10909900814294815
    ],
    [
      0.0024543488398194313,
      0.009137863293290138,
      0.03031574934720993,
      0.00870835967361927,
      0.09194677323102951,
      0.0009449336212128401,
      0.4072798490524292,
      0.0007397475419566035,
      0.0017109198961406946,
      0.0012564737116917968
    ],
    [
      0.08492562174797058,
      0.002127253683283925,
      0.0037689292803406715,
      0.009439862333238125,
      0.0013860645703971386,
      0.000688623811583966,
      0.051782313734292984,
      0.034657515585422516,
      0.020782163366675377,
      0.0005298596224747598
    ]
  ],
  "matchingNumbers": {
    "model": "LSTM Base Model",
    "prediction": [
      3,
      0,
      4
    ],
    "matching_numbers": [
      4
    ],
    "match_count": 1
  },
  "labels": [
    0,
    1,
    2,
    3,
    4,
    5,
    6,
    7,
    8,
    9
  ],
  "numberFrequency": {
    "9": 0.3333333333333333,
    "6": 0.16666666666666666,
    "0": 0.16666666666666666,
    "1": 0.16666666666666666,
    "8": 0.16666666666666666
  }
}