{
  "currentPredictionRaw": [
    [
      0.0004600847023539245,
      0.005124003626406193,
      0.0012342202244326472,
      0.03634464368224144,
      0.000983635545708239,
      0.00921297911554575,
      0.02510257437825203,
      0.0063513801433146,
      0.0017158581176772714,
      0.0005280837067402899
    ],
    [
      0.0019887227099388838,
      0.17139771580696106,
      0.11895620822906494,
      0.0028955796733498573,
      0.0014917083317413926,
      0.0027731740847229958,
      0.0014917568769305944,
      8.982016879599541e-05,
      0.0005710896220989525,
      0.003299028379842639
    ],
    [
      0.014102768152952194,
      0.001324755372479558,
      0.0001513658935436979,
      0.013872206211090088,
      0.003264443948864937,
      4.638437894755043e-05,
      0.014660817570984364,
      0.004967693239450455,
      0.5540218949317932,
      0.001575448433868587
    ]
  ],
  "currentPrediction": [
    {
      "name": "LSTM Base Model",
      "predictions": [
        [
          3,
          1,
          8
        ],
        [
          3,
          6,
          5
        ]
      ]
    }
  ],
  "realResult": [
    0,
    8,
    1
  ],
  "newPrediction": [
    {
      "name": "LSTM Base Model",
      "predictions": [
        [
          0,
          8,
          1
        ],
        [
          0,
          1,
          8
        ]
      ]
    }
  ],
  "newPredictionRaw": [
    [
      0.3838237524032593,
      0.01584271900355816,
      0.0037548872642219067,
      0.005221730098128319,
      0.002709559630602598,
      0.00044947638525627553,
      0.002623510779812932,
      0.0005559846758842468,
      0.015044838190078735,
      0.0011927345767617226
    ],
    [
      0.011410444974899292,
      0.01470097154378891,
      0.0014086326118558645,
      0.000713767425622791,
      0.0035205509047955275,
      0.0028080877382308245,
      0.0003909599035978317,
      0.0035508896689862013,
      0.3089320659637451,
      0.0006239852518774569
    ],
    [
      0.011330689303576946,
      0.15700529515743256,
      0.008941405452787876,
      0.01748216710984707,
      0.0003231566515751183,
      0.001406392315402627,
      0.0002829729928635061,
      0.0004307997296564281,
      0.011151784099638462,
      0.012365841306746006
    ]
  ],
  "matchingNumbers": {
    "model": "LSTM Base Model",
    "prediction": [
      3,
      1,
      8
    ],
    "matching_numbers": [
      8,
      1
    ],
    "match_count": 2
  },
  "labels": [
    0,
    1,
    2,
    3,
    4,
    5,
    6,
    7,
    8,
    9
  ],
  "numberFrequency": {
    "0": 0.3333333333333333,
    "8": 0.3333333333333333,
    "1": 0.3333333333333333
  }
}