{
  "currentPredictionRaw": [
    [
      0.0001544653350720182,
      0.01026602741330862,
      0.004631130490452051,
      0.003233024151995778,
      0.0027113882824778557,
      0.0045959302224218845,
      0.004667145665735006,
      0.004026250448077917,
      0.00021710929286200553,
      0.005193789955228567
    ],
    [
      0.7971984148025513,
      0.0008297013118863106,
      0.010643750429153442,
      0.0006372006027959287,
      0.005355373024940491,
      0.001973804784938693,
      0.0005373950116336346,
      0.001047784578986466,
      0.0013273670338094234,
      0.0023502421099692583
    ],
    [
      0.004662908148020506,
      0.00135069340467453,
      0.012255877256393433,
      0.0026978531386703253,
      0.0988907441496849,
      4.854732469539158e-05,
      0.0010600207606330514,
      0.0013921901118010283,
      0.0013067519757896662,
      0.014737127348780632
    ]
  ],
  "currentPrediction": [
    {
      "name": "LSTM Base Model",
      "predictions": [
        [
          1,
          0,
          4
        ],
        [
          1,
          9,
          6
        ]
      ]
    }
  ],
  "realResult": [
    7,
    2,
    0
  ],
  "newPrediction": [
    {
      "name": "LSTM Base Model",
      "predictions": [
        [
          4,
          0,
          4
        ],
        [
          4,
          1,
          8
        ]
      ]
    }
  ],
  "newPredictionRaw": [
    [
      0.00016319475253112614,
      0.0023616671096533537,
      0.0010237956885248423,
      0.0006313654012046754,
      0.1130913645029068,
      0.0012291069142520428,
      0.0007378432201221585,
      0.001032239873893559,
      0.0018476927652955055,
      0.0015641481149941683
    ],
    [
      0.4564918279647827,
      0.0003130467375740409,
      0.01440087053924799,
      7.245726737892255e-05,
      0.003447934053838253,
      0.0004143076075706631,
      0.004178707953542471,
      0.0021525740157812834,
      0.00012835072993766516,
      0.0008460539975203574
    ],
    [
      0.09771504253149033,
      9.824450535234064e-05,
      0.0005437159561552107,
      0.0003618077898863703,
      0.2910282611846924,
      0.0008986517786979675,
      0.0017802774673327804,
      0.0004480878706090152,
      0.000375885225366801,
      0.0006214386085048318
    ]
  ],
  "matchingNumbers": {
    "model": "LSTM Base Model",
    "prediction": [
      1,
      0,
      4
    ],
    "matching_numbers": [
      0
    ],
    "match_count": 1
  },
  "labels": [
    0,
    1,
    2,
    3,
    4,
    5,
    6,
    7,
    8,
    9
  ],
  "numberFrequency": {
    "4": 0.5,
    "0": 0.16666666666666666,
    "1": 0.16666666666666666,
    "8": 0.16666666666666666
  }
}