{
  "currentPredictionRaw": [
    [
      0.008860830217599869,
      0.04966382682323456,
      0.16091462969779968,
      0.0033492199145257473,
      0.04539356008172035,
      0.05167136713862419,
      0.05461476743221283,
      0.0037798164412379265,
      0.009127652272582054,
      0.004835133440792561
    ],
    [
      0.044841453433036804,
      0.00962833222001791,
      0.07187609374523163,
      0.003968479111790657,
      0.013992903754115105,
      0.024536048993468285,
      0.03826776519417763,
      0.052522044628858566,
      0.02172519639134407,
      0.0038014522287994623
    ],
    [
      0.1315949261188507,
      0.04276713728904724,
      0.01026869285851717,
      0.06602340191602707,
      0.0016057061729952693,
      0.008939746767282486,
      0.017318911850452423,
      0.008980007842183113,
      0.032954633235931396,
      0.0021761669777333736
    ]
  ],
  "currentPrediction": [
    {
      "name": "LSTM Base Model",
      "predictions": [
        [
          2,
          2,
          0
        ],
        [
          2,
          6,
          5
        ]
      ]
    }
  ],
  "realResult": [
    2,
    0,
    3
  ],
  "newPrediction": [
    {
      "name": "LSTM Base Model",
      "predictions": [
        [
          2,
          0,
          0
        ],
        [
          2,
          6,
          1
        ]
      ]
    }
  ],
  "newPredictionRaw": [
    [
      0.015511028468608856,
      0.0460481196641922,
      0.19789381325244904,
      0.0018426794558763504,
      0.0348658412694931,
      0.003490577219054103,
      0.16246841847896576,
      0.0032581742852926254,
      0.0015438507543876767,
      0.012743139639496803
    ],
    [
      0.16774249076843262,
      0.007184447254985571,
      0.028025919571518898,
      0.013286075554788113,
      0.00618876563385129,
      0.008006841875612736,
      0.03096153773367405,
      0.029251612722873688,
      0.026368094608187675,
      0.0012391450582072139
    ],
    [
      0.06500676274299622,
      0.0080709932371974,
      0.006057546939700842,
      0.016642849892377853,
      0.006756235845386982,
      0.020866312086582184,
      0.051913436502218246,
      0.008811206556856632,
      0.016778340563178062,
      0.0011757202446460724
    ]
  ],
  "matchingNumbers": {
    "model": "LSTM Base Model",
    "prediction": [
      2,
      2,
      0
    ],
    "matching_numbers": [
      0,
      2
    ],
    "match_count": 2
  },
  "labels": [
    0,
    1,
    2,
    3,
    4,
    5,
    6,
    7,
    8,
    9
  ],
  "numberFrequency": {
    "2": 0.3333333333333333,
    "0": 0.3333333333333333,
    "6": 0.16666666666666666,
    "1": 0.16666666666666666
  }
}