{
  "currentPredictionRaw": [
    [
      0.003403792856261134,
      0.012623266316950321,
      0.013540146872401237,
      0.011641472578048706,
      0.001532243681140244,
      0.003645019605755806,
      0.002666659187525511,
      0.08640697598457336,
      0.07632189244031906,
      0.003937760833650827
    ],
    [
      0.0024220633786171675,
      0.0015421874122694135,
      0.004666256718337536,
      0.03307618573307991,
      0.010506129823625088,
      0.006599959917366505,
      0.008703510276973248,
      0.042370498180389404,
      0.05648883059620857,
      0.03601463511586189
    ],
    [
      0.3163008689880371,
      0.004819878377020359,
      0.005580779630690813,
      0.0027918776031583548,
      0.006909367628395557,
      0.20571395754814148,
      0.021022185683250427,
      0.0059600030072033405,
      0.010189772583544254,
      0.002601826097816229
    ]
  ],
  "currentPrediction": [
    {
      "name": "LSTM Base Model",
      "predictions": [
        [
          7,
          8,
          0
        ],
        [
          7,
          8,
          2
        ]
      ]
    }
  ],
  "realResult": [
    5,
    2,
    3
  ],
  "newPrediction": [
    {
      "name": "LSTM Base Model",
      "predictions": [
        [
          5,
          2,
          6
        ],
        [
          5,
          1,
          4
        ]
      ]
    }
  ],
  "newPredictionRaw": [
    [
      0.02054751291871071,
      0.03922788053750992,
      0.022684136405587196,
      0.01827297732234001,
      0.03668909892439842,
      0.21418698132038116,
      0.0015528234653174877,
      0.01238065492361784,
      0.002741599688306451,
      0.022936895489692688
    ],
    [
      0.009047174826264381,
      0.011754360049962997,
      0.11520896852016449,
      0.0156405009329319,
      0.013893627561628819,
      0.026538262143731117,
      0.06255218386650085,
      0.007740424945950508,
      0.005510119255632162,
      0.02127501554787159
    ],
    [
      0.005294216331094503,
      0.014508577063679695,
      0.07527347654104233,
      0.030268656089901924,
      0.004056661389768124,
      0.005050973035395145,
      0.1256573498249054,
      0.015091595239937305,
      0.00880019087344408,
      0.03561708331108093
    ]
  ],
  "matchingNumbers": {
    "model": "LSTM Base Model",
    "prediction": [
      7,
      8,
      2
    ],
    "matching_numbers": [
      2
    ],
    "match_count": 1
  },
  "labels": [
    0,
    1,
    2,
    3,
    4,
    5,
    6,
    7,
    8,
    9
  ],
  "numberFrequency": {
    "5": 0.3333333333333333,
    "2": 0.16666666666666666,
    "6": 0.16666666666666666,
    "1": 0.16666666666666666,
    "4": 0.16666666666666666
  }
}