{
  "currentPredictionRaw": [
    [
      0.011029437184333801,
      0.023894917219877243,
      0.0060732378624379635,
      0.007736188359558582,
      0.05039522051811218,
      0.01901271380484104,
      0.025266731157898903,
      0.23994193971157074,
      0.013656975701451302,
      0.03844219818711281
    ],
    [
      0.005903416778892279,
      0.06169097125530243,
      0.02387883886694908,
      0.02267024852335453,
      0.025364931672811508,
      0.02175579033792019,
      0.04978683590888977,
      0.0032610821072012186,
      0.04600856825709343,
      0.02737228386104107
    ],
    [
      0.023777075111865997,
      0.008853993378579617,
      0.01697297766804695,
      0.012620066292583942,
      0.05400259047746658,
      0.020596425980329514,
      0.006046431604772806,
      0.08374898880720139,
      0.047205448150634766,
      0.00303352321498096
    ]
  ],
  "currentPrediction": [
    {
      "name": "LSTM Base Model",
      "predictions": [
        [
          7,
          1,
          7
        ],
        [
          7,
          4,
          9
        ]
      ]
    }
  ],
  "realResult": [
    3,
    1,
    8
  ],
  "newPrediction": [
    {
      "name": "LSTM Base Model",
      "predictions": [
        [
          0,
          8,
          7
        ],
        [
          0,
          9,
          1
        ]
      ]
    }
  ],
  "newPredictionRaw": [
    [
      0.18921709060668945,
      0.05453108251094818,
      0.008973199874162674,
      0.008781325072050095,
      0.0009075886337086558,
      0.02309294417500496,
      0.0006556567386724055,
      0.0023553320206701756,
      0.008444830775260925,
      0.1393672674894333
    ],
    [
      0.025252943858504295,
      0.10407264530658722,
      0.019672788679599762,
      0.0010868713725358248,
      0.0004070620925631374,
      0.016643863171339035,
      0.01696038246154785,
      0.0019736560061573982,
      0.11373468488454819,
      0.030404549092054367
    ],
    [
      0.01027912087738514,
      0.05171035975217819,
      0.0022253766655921936,
      0.0015198292676359415,
      0.0030524868052452803,
      0.03661317378282547,
      0.0026671227533370256,
      0.08020249009132385,
      0.04049796611070633,
      0.004696330055594444
    ]
  ],
  "matchingNumbers": {
    "model": "LSTM Base Model",
    "prediction": [
      7,
      1,
      7
    ],
    "matching_numbers": [
      1
    ],
    "match_count": 1
  },
  "labels": [
    0,
    1,
    2,
    3,
    4,
    5,
    6,
    7,
    8,
    9
  ],
  "numberFrequency": {
    "0": 0.3333333333333333,
    "8": 0.16666666666666666,
    "7": 0.16666666666666666,
    "9": 0.16666666666666666,
    "1": 0.16666666666666666
  }
}