{
  "currentPredictionRaw": [
    [
      0.0917225033044815,
      0.00968241784721613,
      0.000918136618565768,
      0.41057559847831726,
      0.0056928968988358974,
      0.002856985665857792,
      0.017324130982160568,
      0.002657903591170907,
      0.0013994518667459488,
      0.0008324604714289308
    ],
    [
      0.024037517607212067,
      0.01681247353553772,
      0.15400800108909607,
      0.014549218118190765,
      0.0022256262600421906,
      0.017801763489842415,
      0.006073607597500086,
      0.004388872068375349,
      0.001485938671976328,
      0.005003881175071001
    ],
    [
      0.0007233252399601042,
      0.0007435119478031993,
      0.029998360201716423,
      0.05673109367489815,
      0.010873486287891865,
      0.06790278851985931,
      0.02186606079339981,
      0.004360589198768139,
      0.00818751472979784,
      0.00856386311352253
    ]
  ],
  "currentPrediction": [
    {
      "name": "LSTM Base Model",
      "predictions": [
        [
          3,
          2,
          5
        ],
        [
          3,
          0,
          6
        ]
      ]
    }
  ],
  "realResult": [
    8,
    1,
    3
  ],
  "newPrediction": [
    {
      "name": "LSTM Base Model",
      "predictions": [
        [
          8,
          8,
          3
        ],
        [
          8,
          6,
          3
        ]
      ]
    }
  ],
  "newPredictionRaw": [
    [
      0.0005988352349959314,
      0.0030180811882019043,
      0.005061295349150896,
      0.011093270033597946,
      0.00424606166779995,
      0.005451018922030926,
      0.09826727211475372,
      0.004773879889398813,
      0.12902645766735077,
      0.0010011616395786405
    ],
    [
      0.0006987276137806475,
      0.13791140913963318,
      0.015977775678038597,
      0.011212588287889957,
      0.0005493365461006761,
      0.005614107474684715,
      0.010051517747342587,
      0.0032152594067156315,
      0.3376232981681824,
      0.007797029335051775
    ],
    [
      0.03424894064664841,
      0.013733959756791592,
      0.005078091751784086,
      0.07971163094043732,
      0.0007444860530085862,
      0.009740176610648632,
      0.000519285153131932,
      0.010433525778353214,
      0.04719594120979309,
      0.005405608098953962
    ]
  ],
  "matchingNumbers": {
    "model": "LSTM Base Model",
    "prediction": [
      3,
      2,
      5
    ],
    "matching_numbers": [
      3
    ],
    "match_count": 1
  },
  "labels": [
    0,
    1,
    2,
    3,
    4,
    5,
    6,
    7,
    8,
    9
  ],
  "numberFrequency": {
    "8": 0.5,
    "3": 0.3333333333333333,
    "6": 0.16666666666666666
  }
}