{
  "currentPredictionRaw": [
    [
      0.0019080362981185317,
      0.0027926627080887556,
      0.10743455588817596,
      0.0026494867634028196,
      0.0028042467311024666,
      0.006747772451490164,
      0.0005780734354630113,
      0.0010503806406632066,
      0.014808864332735538,
      0.003198292339220643
    ],
    [
      0.00296269403770566,
      0.00274362089112401,
      0.0002599790459498763,
      0.5677552223205566,
      0.013022070750594139,
      0.0016914390726014972,
      0.010677997022867203,
      0.008998616598546505,
      0.0006057012942619622,
      0.006372340023517609
    ],
    [
      0.03594858944416046,
      0.018520290032029152,
      0.00015253483434207737,
      0.0033392952755093575,
      0.013743487186729908,
      0.14913825690746307,
      0.015878111124038696,
      0.0020868347492069006,
      0.0006511781830340624,
      0.0014793118461966515
    ]
  ],
  "currentPrediction": [
    {
      "name": "LSTM Base Model",
      "predictions": [
        [
          2,
          3,
          5
        ],
        [
          2,
          8,
          5
        ]
      ]
    }
  ],
  "realResult": [
    5,
    2,
    3
  ],
  "newPrediction": [
    {
      "name": "LSTM Base Model",
      "predictions": [
        [
          4,
          6,
          6
        ],
        [
          4,
          3,
          0
        ]
      ]
    }
  ],
  "newPredictionRaw": [
    [
      0.04466201364994049,
      0.0032776929438114166,
      0.0148969991132617,
      0.06564124673604965,
      0.1302650272846222,
      0.03020801581442356,
      0.010639386251568794,
      0.0037253170739859343,
      0.003258017124608159,
      0.004091780167073011
    ],
    [
      0.016942886635661125,
      0.002331105060875416,
      0.0031982450745999813,
      0.07670091837644577,
      0.07478605210781097,
      0.08719465881586075,
      0.08909812569618225,
      0.012352284044027328,
      0.0013424878707155585,
      0.00515941483899951
    ],
    [
      0.0013372953981161118,
      0.027712387964129448,
      0.03139406815171242,
      0.0008839215151965618,
      0.010529217310249805,
      0.006697074510157108,
      0.1096726506948471,
      0.07607441395521164,
      0.005615758243948221,
      0.05031152814626694
    ]
  ],
  "matchingNumbers": {
    "model": "LSTM Base Model",
    "prediction": [
      2,
      3,
      5
    ],
    "matching_numbers": [
      2,
      3,
      5
    ],
    "match_count": 3
  },
  "labels": [
    0,
    1,
    2,
    3,
    4,
    5,
    6,
    7,
    8,
    9
  ],
  "numberFrequency": {
    "4": 0.3333333333333333,
    "6": 0.3333333333333333,
    "3": 0.16666666666666666,
    "0": 0.16666666666666666
  }
}