{"currentPredictionRaw": [[4.208763116352279e-17, 4.170701598752574e-13, 0.0011491345940157771, 2.3579596771080645e-24, 0.0, 8.400498120268913e-28, 9.5251617701992e-18, 0.9986750483512878, 0.00017580862913746387, 9.68952545304563e-19], [0.0007537938072346151, 1.1937136063981348e-16, 3.5019396271707137e-09, 2.0416369807207957e-05, 1.362462057841185e-06, 3.399651905056089e-05, 0.9991714954376221, 1.4652343195090817e-13, 1.8965920389746316e-05, 1.0251797647560165e-13], [8.278144913961847e-19, 1.5822134997577758e-14, 0.0006991687114350498, 9.059040975802962e-28, 0.0, 2.01229445473763e-31, 3.507058065999879e-20, 0.999207079410553, 9.372644854011014e-05, 2.0506166853326847e-21]], "currentPrediction": [[7, 6, 7], [2, 0, 2], [8, 5, 8], [1, 3, 1], [0, 8, 0], [6, 4, 6], [9, 2, 9], [3, 7, 3], [5, 9, 5], [4, 1, 4]], "realResult": [8, 1, 1], "newPrediction": [[0, 7, 8], [3, 2, 5], [4, 8, 1], [2, 1, 3], [6, 0, 7], [9, 6, 2], [8, 9, 6], [7, 3, 9], [5, 5, 0], [1, 4, 4]], "newPredictionRaw": [[1.0, 0.0, 1.9455201956327517e-26, 5.4770791495798365e-17, 3.178863365847411e-17, 0.0, 2.6413977034220905e-33, 0.0, 0.0, 0.0], [4.510845009281337e-18, 5.659886689640854e-14, 0.0008605954353697598, 2.3809318181950936e-26, 0.0, 6.153620015481186e-30, 3.875291797468123e-19, 0.9990173578262329, 0.00012206327664898708, 2.6212119303235153e-20], [2.2429709947836725e-28, 1.0156465512362045e-12, 1.5690649452790014e-18, 3.597334950945384e-15, 1.5847425915116318e-31, 1.59990705579649e-12, 2.4622091161697486e-21, 9.748871112502941e-18, 1.0, 1.6072906128782008e-27]], "matchingNumbers": {"bestMatchIndex": 2, "bestMatchSequence": [8, 5, 8], "matchingNumbers": [8]}, "labels": [0, 1, 2, 3, 4, 5, 6, 7, 8, 9]}