{"currentPredictionRaw": [[0.0, 7.049149980073216e-31, 1.0, 9.333168682346127e-10, 0.0, 1.2686239210634718e-25, 0.0, 0.0, 0.0, 0.0], [8.688825801073108e-07, 0.9993085861206055, 0.000370869820471853, 0.0002107119362335652, 1.0934724059552536e-07, 3.066966428377782e-06, 4.313439536107744e-11, 7.1430156367569e-07, 0.00010075284808408469, 4.346833520685323e-06], [0.0, 0.0, 0.0, 3.8047675646996154e-36, 1.4106002410013923e-26, 0.0, 1.0, 0.0, 0.0, 8.725208205366187e-33]], "currentPrediction": [[2, 1, 6], [3, 2, 4], [5, 3, 9], [1, 8, 3], [9, 9, 8], [8, 5, 7], [7, 0, 5], [6, 7, 2], [4, 4, 1], [0, 6, 0]], "realResult": [1, 9, 1], "newPrediction": [[0, 7, 3], [6, 6, 4], [3, 5, 6], [4, 8, 9], [9, 4, 2], [1, 9, 0], [7, 0, 1], [8, 2, 5], [5, 1, 7], [2, 3, 8]], "newPredictionRaw": [[0.999686598777771, 1.7206165829170693e-36, 0.0, 2.5104985979851335e-05, 9.705559023132082e-07, 0.0, 0.0002867102448362857, 4.497889156036324e-37, 0.0, 6.457711378970998e-07], [6.02173462642282e-20, 5.010254780659996e-22, 1.1527412109747832e-20, 2.2750143764571443e-28, 1.2635124066809333e-13, 3.3844709257380146e-09, 5.564710136241047e-06, 0.9999943971633911, 4.2504227915074466e-10, 2.5305251177240888e-15], [2.570668739204082e-19, 2.8544217936303087e-24, 7.041318612678418e-19, 1.0, 1.4995546037538388e-12, 4.39866837784094e-27, 1.3030579524740075e-14, 1.3892179352841216e-34, 0.0, 3.445782638117452e-17]], "matchingNumbers": {"bestMatchIndex": 0, "bestMatchSequence": [2, 1, 6], "matchingNumbers": [1]}, "labels": [0, 1, 2, 3, 4, 5, 6, 7, 8, 9]}