{
  "currentPredictionRaw": [
    [
      0.008001871407032013,
      0.00789428036659956,
      0.03318282961845398,
      0.025457734242081642,
      0.04561833664774895,
      0.03004639223217964,
      0.001390877179801464,
      0.01322601456195116,
      0.031114785000681877,
      0.004376190714538097
    ],
    [
      0.024950524792075157,
      0.019012615084648132,
      0.24298635125160217,
      0.01519683189690113,
      0.00751351285725832,
      0.09855256974697113,
      0.0016367685748264194,
      0.0068459054455161095,
      0.014535151422023773,
      0.005119605455547571
    ],
    [
      0.0008207028731703758,
      0.12858934700489044,
      0.018329549580812454,
      0.02550729736685753,
      0.11192219704389572,
      0.02092631161212921,
      0.009172474965453148,
      0.022732064127922058,
      0.008140478283166885,
      0.01720036193728447
    ]
  ],
  "currentPrediction": [
    {
      "name": "LSTM Base Model",
      "predictions": [
        [
          4,
          2,
          1
        ],
        [
          4,
          2,
          8
        ]
      ]
    }
  ],
  "realResult": [
    5,
    9,
    7
  ],
  "newPrediction": [
    {
      "name": "LSTM Base Model",
      "predictions": [
        [
          3,
          2,
          8
        ],
        [
          3,
          6,
          5
        ]
      ]
    }
  ],
  "newPredictionRaw": [
    [
      0.0011506800074130297,
      0.005234233569353819,
      0.003285120939835906,
      0.48569515347480774,
      0.007613408379256725,
      0.008771776221692562,
      0.01570011116564274,
      0.0021523914765566587,
      0.00741994334384799,
      0.004337538965046406
    ],
    [
      0.015782063826918602,
      0.00567576615139842,
      0.08242865651845932,
      0.040321603417396545,
      0.0027759147342294455,
      0.0013690459309145808,
      0.0012606547679752111,
      0.005556006450206041,
      0.04070201516151428,
      0.06995335966348648
    ],
    [
      0.023428596556186676,
      0.01740533672273159,
      0.001983145484700799,
      0.007708948105573654,
      0.03210241347551346,
      0.023768611252307892,
      0.006019578315317631,
      0.029437875375151634,
      0.04455789551138878,
      0.00640218798071146
    ]
  ],
  "matchingNumbers": {
    "model": null,
    "prediction": null,
    "matching_numbers": [],
    "match_count": 0
  },
  "labels": [
    0,
    1,
    2,
    3,
    4,
    5,
    6,
    7,
    8,
    9
  ],
  "numberFrequency": {
    "3": 0.3333333333333333,
    "2": 0.16666666666666666,
    "8": 0.16666666666666666,
    "6": 0.16666666666666666,
    "5": 0.16666666666666666
  }
}