{"currentPredictionRaw": [[9.782170113955371e-34, 9.663728188518098e-37, 7.075706777834351e-33, 1.0, 1.884325235356605e-26, 4.1540478319843056e-16, 0.0, 1.6730392841512315e-13, 2.3304698692746054e-14, 0.0], [3.999238668503167e-31, 0.0, 3.9276548457816904e-14, 3.4527255448677944e-27, 0.0, 1.0, 0.0, 5.830831664753862e-32, 6.307912078618283e-37, 0.0], [1.7101788139489595e-23, 8.863646716260127e-28, 1.0240934211416551e-22, 3.289000008716403e-20, 3.99944022358149e-22, 2.137907770738065e-13, 0.0, 1.0, 1.2425533692239643e-12, 1.1985581311809846e-20]], "currentPrediction": [[3, 5, 7], [7, 2, 5], [6, 5, 3], [7, 6, 5], [8, 3, 9], [5, 5, 6], [9, 4, 7], [1, 5, 9]], "realResult": [5, 1, 3], "newPrediction": [[0, 5, 4], [5, 9, 7], [4, 0, 2], [8, 6, 0], [0, 4, 2], [5, 4, 6], [0, 3, 4], [1, 5, 8]], "newPredictionRaw": [[0.9999517202377319, 1.521369429090605e-14, 5.758910237574355e-09, 1.125081139363715e-10, 1.1441812775014881e-10, 4.80179805890657e-05, 4.691508070919781e-09, 2.5109594403716073e-08, 4.3056510911970367e-14, 2.1691874962925795e-07], [0.999963641166687, 1.3344527204442198e-14, 2.7594857510138127e-09, 8.078827884450135e-11, 1.349742678735666e-10, 3.6234312574379146e-05, 3.564785799881065e-09, 2.3465830167879176e-08, 2.4794899003443595e-14, 1.7474509661496995e-07], [8.141525675853245e-09, 3.0199157663446385e-07, 1.8283880060189362e-19, 2.4480686988681555e-07, 0.9999439716339111, 1.8149532508946083e-14, 2.8040456618592176e-17, 5.538458935916424e-05, 4.523184049531892e-10, 3.6243562404753016e-12]], "matchingNumbers": {"bestMatchIndex": 0, "bestMatchSequence": [3, 5, 7], "matchingNumbers": [3, 5]}, "labels": [0, 1, 2, 3, 4, 5, 6, 7, 8, 9], "numberFrequency": {"3": 0.09787234042553192, "2": 0.10098375657744223, "6": 0.10016014641958362, "8": 0.10066346373827499, "9": 0.10011439029970258, "0": 0.10203614733470602, "5": 0.0987874628231526, "4": 0.1013498055364905, "1": 0.10002287805994052, "7": 0.09800960878517502}}