{
  "currentPredictionRaw": [
    [
      0.003216466633602977,
      0.005686919204890728,
      0.0025043822824954987,
      0.14246752858161926,
      0.001890334882773459,
      0.005264583975076675,
      0.011257810518145561,
      0.03657548874616623,
      0.022647131234407425,
      0.01846550963819027
    ],
    [
      0.0038344538770616055,
      0.00760481134057045,
      0.009434936568140984,
      0.3172016441822052,
      0.0012435093522071838,
      0.1805422455072403,
      0.03997849300503731,
      0.01869845762848854,
      0.008027681149542332,
      0.002297919476404786
    ],
    [
      0.04399406164884567,
      0.013032744638621807,
      0.01693371869623661,
      0.009254606440663338,
      0.00422360934317112,
      0.006993206217885017,
      0.011531617492437363,
      0.0027270216960459948,
      0.022225702181458473,
      0.030243389308452606
    ]
  ],
  "currentPrediction": [
    {
      "name": "LSTM Base Model",
      "predictions": [
        [
          3,
          3,
          0
        ],
        [
          3,
          7,
          8
        ]
      ]
    }
  ],
  "realResult": [
    3,
    4,
    7
  ],
  "newPrediction": [
    {
      "name": "LSTM Base Model",
      "predictions": [
        [
          2,
          4,
          7
        ],
        [
          2,
          3,
          8
        ]
      ]
    }
  ],
  "newPredictionRaw": [
    [
      0.0018242578953504562,
      0.0005598257412202656,
      0.12434087693691254,
      0.11574581265449524,
      0.0014571353094652295,
      0.006482299417257309,
      0.0022655348293483257,
      0.007912526838481426,
      0.013008281588554382,
      0.008673873730003834
    ],
    [
      0.003005386097356677,
      0.052973486483097076,
      0.009203280322253704,
      0.0029624600429087877,
      0.20053409039974213,
      0.006720936391502619,
      0.018658172339200974,
      0.00265106069855392,
      0.0024241656064987183,
      0.011113809421658516
    ],
    [
      0.001224197680130601,
      0.007716170512139797,
      0.014695147052407265,
      0.00695296935737133,
      0.025313876569271088,
      0.07800233364105225,
      0.0035028273705393076,
      0.2634091079235077,
      0.003061676863580942,
      0.003604436758905649
    ]
  ],
  "matchingNumbers": {
    "model": "LSTM Base Model",
    "prediction": [
      3,
      7,
      8
    ],
    "matching_numbers": [
      3,
      7
    ],
    "match_count": 2
  },
  "labels": [
    0,
    1,
    2,
    3,
    4,
    5,
    6,
    7,
    8,
    9
  ],
  "numberFrequency": {
    "2": 0.3333333333333333,
    "4": 0.16666666666666666,
    "7": 0.16666666666666666,
    "3": 0.16666666666666666,
    "8": 0.16666666666666666
  }
}