{"currentPredictionRaw": [], "currentPrediction": [], "realResult": [], "newPrediction": [[1, 0, 0], [5, 0, 0], [7, 0, 0], [3, 0, 0], [10, 0, 0], [6, 0, 0], [2, 0, 0], [8, 0, 0], [4, 0, 0], [9, 0, 0]], "newPredictionRaw": [[0.10600240528583527, 0.09826621413230896, 0.10021321475505829, 0.0963849350810051, 0.10422101616859436, 0.09960037469863892, 0.10184644907712936, 0.09778201580047607, 0.09606631845235825, 0.09961700439453125], [0.10600240528583527, 0.09826621413230896, 0.10021321475505829, 0.0963849350810051, 0.10422101616859436, 0.09960037469863892, 0.10184644907712936, 0.09778201580047607, 0.09606631845235825, 0.09961700439453125], [0.10600240528583527, 0.09826621413230896, 0.10021321475505829, 0.0963849350810051, 0.10422101616859436, 0.09960037469863892, 0.10184644907712936, 0.09778201580047607, 0.09606631845235825, 0.09961700439453125]], "matchingNumbers": []}