{
  "currentPredictionRaw": [
    [
      0.18921709060668945,
      0.05453108251094818,
      0.008973199874162674,
      0.008781325072050095,
      0.0009075886337086558,
      0.02309294417500496,
      0.0006556567386724055,
      0.0023553320206701756,
      0.008444830775260925,
      0.1393672674894333
    ],
    [
      0.025252943858504295,
      0.10407264530658722,
      0.019672788679599762,
      0.0010868713725358248,
      0.0004070620925631374,
      0.016643863171339035,
      0.01696038246154785,
      0.0019736560061573982,
      0.11373468488454819,
      0.030404549092054367
    ],
    [
      0.01027912087738514,
      0.05171035975217819,
      0.0022253766655921936,
      0.0015198292676359415,
      0.0030524868052452803,
      0.03661317378282547,
      0.0026671227533370256,
      0.08020249009132385,
      0.04049796611070633,
      0.004696330055594444
    ]
  ],
  "currentPrediction": [
    {
      "name": "LSTM Base Model",
      "predictions": [
        [
          0,
          8,
          7
        ],
        [
          0,
          9,
          1
        ]
      ]
    }
  ],
  "realResult": [
    0,
    8,
    1
  ],
  "newPrediction": [
    {
      "name": "LSTM Base Model",
      "predictions": [
        [
          0,
          8,
          9
        ],
        [
          0,
          2,
          8
        ]
      ]
    }
  ],
  "newPredictionRaw": [
    [
      0.08467768132686615,
      0.0004127144638914615,
      0.029895402491092682,
      0.0017424197867512703,
      0.00023031736782286316,
      0.002812019782140851,
      0.008314205333590508,
      0.003499583574011922,
      0.0202086940407753,
      0.00023893927573226392
    ],
    [
      0.00244414946064353,
      0.0019864647183567286,
      0.0002537897089496255,
      0.004292161203920841,
      0.011760628782212734,
      0.0008815673645585775,
      0.002056973287835717,
      0.011306661181151867,
      0.518686056137085,
      0.0006063217879272997
    ],
    [
      0.008210190571844578,
      0.006775907706469297,
      0.0014588747872039676,
      0.0294125284999609,
      0.0007223215070553124,
      0.00016542784578632563,
      0.0018816088559105992,
      0.0003211490111425519,
      0.0059514399617910385,
      0.23879384994506836
    ]
  ],
  "matchingNumbers": {
    "model": "LSTM Base Model",
    "prediction": [
      0,
      8,
      7
    ],
    "matching_numbers": [
      0,
      8
    ],
    "match_count": 2
  },
  "labels": [
    0,
    1,
    2,
    3,
    4,
    5,
    6,
    7,
    8,
    9
  ],
  "numberFrequency": {
    "0": 0.3333333333333333,
    "8": 0.3333333333333333,
    "9": 0.16666666666666666,
    "2": 0.16666666666666666
  }
}