{
  "currentPredictionRaw": [
    [
      0.0016774118412286043,
      0.007496424950659275,
      0.008300354704260826,
      0.009357240982353687,
      0.0013710659695789218,
      0.0013514608144760132,
      0.00512382946908474,
      0.003907995764166117,
      0.08854087442159653,
      0.0008845127304084599
    ],
    [
      0.017618030309677124,
      0.0038717715069651604,
      0.0016702914144843817,
      0.00388344912789762,
      0.0035899891518056393,
      0.4907553493976593,
      0.005951449275016785,
      0.002264925977215171,
      0.0009386608144268394,
      0.0007989074802026153
    ],
    [
      0.0008881283574737608,
      0.0011246975045651197,
      0.0009970831451937556,
      0.005162145476788282,
      0.006054829340428114,
      0.023384995758533478,
      0.008111901581287384,
      0.2895220220088959,
      0.0027272505685687065,
      0.002672838279977441
    ]
  ],
  "currentPrediction": [
    {
      "name": "LSTM Base Model",
      "predictions": [
        [
          8,
          5,
          7
        ],
        [
          8,
          3,
          2
        ]
      ]
    }
  ],
  "realResult": [
    0,
    0,
    4
  ],
  "newPrediction": [
    {
      "name": "LSTM Base Model",
      "predictions": [
        [
          2,
          4,
          8
        ],
        [
          2,
          6,
          9
        ]
      ]
    }
  ],
  "newPredictionRaw": [
    [
      0.037260327488183975,
      0.005076841451227665,
      0.08785706758499146,
      0.004704747349023819,
      0.0022215477656573057,
      0.022553948685526848,
      0.07162238657474518,
      0.02347664348781109,
      0.004865294322371483,
      0.069766566157341
    ],
    [
      0.056238673627376556,
      0.002801495837047696,
      0.025190172716975212,
      0.004721279256045818,
      0.1072850152850151,
      0.021473398432135582,
      0.004211899824440479,
      0.01196854654699564,
      0.0011787978000938892,
      0.027865741401910782
    ],
    [
      0.06253369897603989,
      0.001586120342835784,
      0.002258650492876768,
      0.0032486345153301954,
      0.10125844925642014,
      0.023070259019732475,
      0.007010196801275015,
      0.003607688006013632,
      0.19345757365226746,
      0.009628383442759514
    ]
  ],
  "matchingNumbers": {
    "model": null,
    "prediction": null,
    "matching_numbers": [],
    "match_count": 0
  },
  "labels": [
    0,
    1,
    2,
    3,
    4,
    5,
    6,
    7,
    8,
    9
  ],
  "numberFrequency": {
    "2": 0.3333333333333333,
    "4": 0.16666666666666666,
    "8": 0.16666666666666666,
    "6": 0.16666666666666666,
    "9": 0.16666666666666666
  }
}