{
  "currentPredictionRaw": [
    [
      0.0002904341963585466,
      0.0022599073126912117,
      0.047899506986141205,
      0.022009894251823425,
      0.001630495535209775,
      0.004554925486445427,
      0.0006533626583404839,
      0.0004906514077447355,
      0.004683938808739185,
      0.00043413336970843375
    ],
    [
      0.06252092868089676,
      0.00032706130878068507,
      0.001105103874579072,
      0.002975786803290248,
      0.003145607654005289,
      0.7190732955932617,
      0.008205318823456764,
      0.0005578729906119406,
      0.0009597789030522108,
      0.0004595597565639764
    ],
    [
      0.017473097890615463,
      0.0016068757977336645,
      5.703427450498566e-05,
      0.00195101008284837,
      0.00757902767509222,
      0.0026832036674022675,
      0.0018257680349051952,
      8.677989535499364e-05,
      0.0586094930768013,
      0.02389024756848812
    ]
  ],
  "currentPrediction": [
    {
      "name": "LSTM Base Model",
      "predictions": [
        [
          2,
          5,
          8
        ],
        [
          2,
          3,
          8
        ]
      ]
    }
  ],
  "realResult": [
    8,
    8,
    1
  ],
  "newPrediction": [
    {
      "name": "LSTM Base Model",
      "predictions": [
        [
          8,
          8,
          1
        ],
        [
          8,
          9,
          6
        ]
      ]
    }
  ],
  "newPredictionRaw": [
    [
      0.0007557183271273971,
      0.0009720941307023168,
      0.0013133956817910075,
      0.0016108728013932705,
      0.001498000812716782,
      0.0006870231591165066,
      0.0026165603194385767,
      0.002575293183326721,
      0.16365888714790344,
      0.003837984288111329
    ],
    [
      0.0018063817406073213,
      0.0012177429161965847,
      0.000575202633626759,
      0.008494610898196697,
      0.004564537666738033,
      9.388170292368159e-05,
      0.001105490722693503,
      0.0015678281197324395,
      0.652292788028717,
      0.001261938246898353
    ],
    [
      0.001544547500088811,
      0.11044686287641525,
      0.007051228079944849,
      0.018495971336960793,
      0.0008404685650020838,
      0.0006173537112772465,
      0.004852348938584328,
      0.001730181509628892,
      0.0008050075266510248,
      0.0011097947135567665
    ]
  ],
  "matchingNumbers": {
    "model": "LSTM Base Model",
    "prediction": [
      2,
      5,
      8
    ],
    "matching_numbers": [
      8
    ],
    "match_count": 1
  },
  "labels": [
    0,
    1,
    2,
    3,
    4,
    5,
    6,
    7,
    8,
    9
  ],
  "numberFrequency": {
    "8": 0.5,
    "1": 0.16666666666666666,
    "9": 0.16666666666666666,
    "6": 0.16666666666666666
  }
}