{
  "currentPredictionRaw": [
    [
      0.08467768132686615,
      0.0004127144638914615,
      0.029895402491092682,
      0.0017424197867512703,
      0.00023031736782286316,
      0.002812019782140851,
      0.008314205333590508,
      0.003499583574011922,
      0.0202086940407753,
      0.00023893927573226392
    ],
    [
      0.00244414946064353,
      0.0019864647183567286,
      0.0002537897089496255,
      0.004292161203920841,
      0.011760628782212734,
      0.0008815673645585775,
      0.002056973287835717,
      0.011306661181151867,
      0.518686056137085,
      0.0006063217879272997
    ],
    [
      0.008210190571844578,
      0.006775907706469297,
      0.0014588747872039676,
      0.0294125284999609,
      0.0007223215070553124,
      0.00016542784578632563,
      0.0018816088559105992,
      0.0003211490111425519,
      0.0059514399617910385,
      0.23879384994506836
    ]
  ],
  "currentPrediction": [
    {
      "name": "LSTM Base Model",
      "predictions": [
        [
          0,
          8,
          9
        ],
        [
          0,
          2,
          8
        ]
      ]
    }
  ],
  "realResult": [
    5,
    7,
    4
  ],
  "newPrediction": [
    {
      "name": "LSTM Base Model",
      "predictions": [
        [
          2,
          2,
          1
        ],
        [
          2,
          7,
          8
        ]
      ]
    }
  ],
  "newPredictionRaw": [
    [
      0.006878416053950787,
      0.004690231755375862,
      0.09805363416671753,
      0.006162833422422409,
      0.00233857543207705,
      0.0017576556419953704,
      0.001894123386591673,
      0.07560422271490097,
      0.049608632922172546,
      0.014444619417190552
    ],
    [
      0.0018558675656095147,
      0.004496261011809111,
      0.17535877227783203,
      0.001647449447773397,
      0.0008353024604730308,
      0.09202885627746582,
      0.04205045849084854,
      0.07078651338815689,
      0.0021995464339852333,
      0.007847600616514683
    ],
    [
      0.01997731253504753,
      0.19650757312774658,
      0.0017777765169739723,
      0.0010099553037434816,
      0.016484711319208145,
      0.058804791420698166,
      0.002589527517557144,
      0.01710999570786953,
      0.023947056382894516,
      0.0012518231524154544
    ]
  ],
  "matchingNumbers": {
    "model": null,
    "prediction": null,
    "matching_numbers": [],
    "match_count": 0
  },
  "labels": [
    0,
    1,
    2,
    3,
    4,
    5,
    6,
    7,
    8,
    9
  ],
  "numberFrequency": {
    "2": 0.5,
    "1": 0.16666666666666666,
    "7": 0.16666666666666666,
    "8": 0.16666666666666666
  }
}