{
  "currentPredictionRaw": [
    [
      0.0025982840452343225,
      0.0015373592032119632,
      0.023619838058948517,
      0.2606329917907715,
      0.0026792362332344055,
      0.02424161694943905,
      0.005382029339671135,
      0.011333233676850796,
      0.006139528006315231,
      0.0006120881298556924
    ],
    [
      0.019129538908600807,
      0.00828830897808075,
      0.06711869686841965,
      0.005086453165858984,
      0.0019706208258867264,
      0.021304814144968987,
      0.0016272434731945395,
      0.0028891032561659813,
      0.0029540022369474173,
      0.195596382021904
    ],
    [
      0.0031023379415273666,
      0.0032579887192696333,
      0.007144969888031483,
      0.016319405287504196,
      0.02271191217005253,
      0.2524203658103943,
      0.004374783020466566,
      0.006261482369154692,
      0.01683965139091015,
      0.0028257276862859726
    ]
  ],
  "currentPrediction": [
    {
      "name": "LSTM Base Model",
      "predictions": [
        [
          3,
          9,
          5
        ],
        [
          3,
          5,
          2
        ]
      ]
    }
  ],
  "realResult": [
    0,
    0,
    4
  ],
  "newPrediction": [
    {
      "name": "LSTM Base Model",
      "predictions": [
        [
          0,
          0,
          7
        ],
        [
          0,
          3,
          2
        ]
      ]
    }
  ],
  "newPredictionRaw": [
    [
      0.21280305087566376,
      0.002235661493614316,
      0.0672328919172287,
      0.0736723244190216,
      0.0020285407081246376,
      0.0033780087251216173,
      0.021444734185934067,
      0.007467365358024836,
      0.009264305233955383,
      0.005418699700385332
    ],
    [
      0.1976747214794159,
      0.014066023752093315,
      0.0043595838360488415,
      0.028199082240462303,
      0.006453715730458498,
      0.0006791093619540334,
      0.0037932719569653273,
      0.03534235432744026,
      0.008964854292571545,
      0.020650343969464302
    ],
    [
      0.007996278814971447,
      0.010530279017984867,
      0.01245561521500349,
      0.044986382126808167,
      0.033360034227371216,
      0.003167652292177081,
      0.04911331459879875,
      0.11046349257230759,
      0.0011540004052221775,
      0.001644252217374742
    ]
  ],
  "matchingNumbers": {
    "model": null,
    "prediction": null,
    "matching_numbers": [],
    "match_count": 0
  },
  "labels": [
    0,
    1,
    2,
    3,
    4,
    5,
    6,
    7,
    8,
    9
  ],
  "numberFrequency": {
    "0": 0.5,
    "7": 0.16666666666666666,
    "3": 0.16666666666666666,
    "2": 0.16666666666666666
  }
}