{
  "currentPredictionRaw": [
    [
      0.0009389528422616422,
      0.004843520000576973,
      0.0030598195735365152,
      0.00115757598541677,
      0.03800277039408684,
      0.42860841751098633,
      0.0003648720448836684,
      0.00038745644269511104,
      0.002572024241089821,
      0.015851406380534172
    ],
    [
      0.004601363092660904,
      0.00025850438396446407,
      0.005488903261721134,
      0.0026534060016274452,
      0.19265833497047424,
      0.00046391814248636365,
      0.007192469201982021,
      0.005687701981514692,
      0.001090492121875286,
      0.0011793578742071986
    ],
    [
      0.00535023957490921,
      0.0016350098885595798,
      0.00042327167466282845,
      0.027383306995034218,
      0.2324897199869156,
      0.0011851395247504115,
      0.0033425765577703714,
      0.0010680765844881535,
      0.001207791967317462,
      0.008853617124259472
    ]
  ],
  "currentPrediction": [
    {
      "name": "LSTM Base Model",
      "predictions": [
        [
          5,
          4,
          4
        ],
        [
          5,
          4,
          9
        ]
      ]
    }
  ],
  "realResult": [
    3,
    5,
    9
  ],
  "newPrediction": [
    {
      "name": "LSTM Base Model",
      "predictions": [
        [
          3,
          5,
          9
        ],
        [
          3,
          4,
          9
        ]
      ]
    }
  ],
  "newPredictionRaw": [
    [
      0.0023813212756067514,
      0.00020369015692267567,
      0.0044892956502735615,
      0.1652156561613083,
      0.030456917360424995,
      0.0010459229815751314,
      0.0007944511016830802,
      0.004792280029505491,
      0.000752357067540288,
      0.012279321439564228
    ],
    [
      0.0003143379872199148,
      0.0022998175118118525,
      0.0013620257377624512,
      0.0009845008607953787,
      0.001953242812305689,
      0.08881436288356781,
      0.001352157210931182,
      0.003617149544879794,
      0.0009738936205394566,
      0.0005483778077177703
    ],
    [
      0.001782202860340476,
      0.00040997230098582804,
      0.00031732209026813507,
      0.022048473358154297,
      0.0008747688843868673,
      0.0479440838098526,
      0.0010539693757891655,
      0.00010167461005039513,
      0.014261358417570591,
      0.5865750908851624
    ]
  ],
  "matchingNumbers": {
    "model": "LSTM Base Model",
    "prediction": [
      5,
      4,
      9
    ],
    "matching_numbers": [
      9,
      5
    ],
    "match_count": 2
  },
  "labels": [
    0,
    1,
    2,
    3,
    4,
    5,
    6,
    7,
    8,
    9
  ],
  "numberFrequency": {
    "3": 0.3333333333333333,
    "5": 0.16666666666666666,
    "9": 0.3333333333333333,
    "4": 0.16666666666666666
  }
}