{
  "currentPredictionRaw": [
    [
      0.005211011040955782,
      0.01126876287162304,
      0.18777996301651,
      0.0016193387564271688,
      0.02055143006145954,
      0.00636667525395751,
      0.007526126690208912,
      0.0020617987029254436,
      0.0011090339394286275,
      0.001437750761397183
    ],
    [
      0.01731451041996479,
      0.0005543609731830657,
      0.0026512211188673973,
      0.0015856194077059627,
      0.0016162545653060079,
      0.003464751411229372,
      0.023637406527996063,
      0.39864444732666016,
      0.0042148372158408165,
      0.011052197776734829
    ],
    [
      0.0013495918828994036,
      0.0003818926925305277,
      0.005282687023282051,
      0.010500382632017136,
      0.2529502809047699,
      0.0035771559923887253,
      0.0036090370267629623,
      0.007073665503412485,
      0.003533035283908248,
      0.002074693562462926
    ]
  ],
  "currentPrediction": [
    {
      "name": "LSTM Base Model",
      "predictions": [
        [
          2,
          7,
          4
        ],
        [
          2,
          4,
          1
        ]
      ]
    }
  ],
  "realResult": [
    6,
    2,
    2
  ],
  "newPrediction": [
    {
      "name": "LSTM Base Model",
      "predictions": [
        [
          6,
          2,
          2
        ],
        [
          6,
          4,
          9
        ]
      ]
    }
  ],
  "newPredictionRaw": [
    [
      0.0008687453810125589,
      0.0008367471746169031,
      0.00074626668356359,
      0.0011700703762471676,
      0.007741452660411596,
      6.87321662553586e-05,
      0.296343594789505,
      0.0002896368969231844,
      0.002383764134719968,
      0.00600146409124136
    ],
    [
      0.0007368221995420754,
      0.00019289735064376146,
      0.30307537317276,
      0.0017796807223930955,
      0.0006411244976334274,
      0.005583967547863722,
      0.005066624842584133,
      0.0028858312871307135,
      7.598349475301802e-05,
      5.77706923650112e-05
    ],
    [
      0.004505631979554892,
      0.0012608302058652043,
      0.34355616569519043,
      0.0003930297680199146,
      0.00040747656021267176,
      0.0011447694851085544,
      0.001138821942731738,
      0.002459155162796378,
      0.008559903129935265,
      2.76205173577182e-05
    ]
  ],
  "matchingNumbers": {
    "model": "LSTM Base Model",
    "prediction": [
      2,
      7,
      4
    ],
    "matching_numbers": [
      2
    ],
    "match_count": 1
  },
  "labels": [
    0,
    1,
    2,
    3,
    4,
    5,
    6,
    7,
    8,
    9
  ],
  "numberFrequency": {
    "6": 0.3333333333333333,
    "2": 0.3333333333333333,
    "4": 0.16666666666666666,
    "9": 0.16666666666666666
  }
}