{"currentPredictionRaw": [[0.10268615931272507, 0.09939630329608917, 0.10120130330324173, 0.09932249039411545, 0.10127529501914978, 0.09876862168312073, 0.09837441891431808, 0.09693595767021179, 0.10109766572713852, 0.10094176977872849], [0.10268615931272507, 0.09939630329608917, 0.10120130330324173, 0.09932249039411545, 0.10127529501914978, 0.09876862168312073, 0.09837441891431808, 0.09693595767021179, 0.10109766572713852, 0.10094176977872849], [0.10268615931272507, 0.09939630329608917, 0.10120130330324173, 0.09932249039411545, 0.10127529501914978, 0.09876862168312073, 0.09837441891431808, 0.09693595767021179, 0.10109766572713852, 0.10094176977872849]], "currentPrediction": [[1, 0, 0], [5, 0, 0], [3, 0, 0], [9, 0, 0], [10, 0, 0], [2, 0, 0], [4, 0, 0], [6, 0, 0], [7, 0, 0], [8, 0, 0]], "realResult": [8, 8, 8], "newPrediction": [[5, 0, 0], [1, 0, 0], [3, 0, 0], [10, 0, 0], [9, 0, 0], [2, 0, 0], [6, 0, 0], [4, 0, 0], [7, 0, 0], [8, 0, 0]], "newPredictionRaw": [[0.10219760984182358, 0.09985090047121048, 0.10067296028137207, 0.09924586117267609, 0.10236936807632446, 0.0992787778377533, 0.09836965054273605, 0.09718722850084305, 0.10040414333343506, 0.10042348504066467], [0.10219760984182358, 0.09985090047121048, 0.10067296028137207, 0.09924586117267609, 0.10236936807632446, 0.0992787778377533, 0.09836965054273605, 0.09718722850084305, 0.10040414333343506, 0.10042348504066467], [0.10219760984182358, 0.09985090047121048, 0.10067296028137207, 0.09924586117267609, 0.10236936807632446, 0.0992787778377533, 0.09836965054273605, 0.09718722850084305, 0.10040414333343506, 0.10042348504066467]], "matchingNumbers": {"bestMatchIndex": 9, "bestMatchSequence": [8, 0, 0], "matchingNumbers": [8]}}