{
  "currentPredictionRaw": [
    [
      0.03508483245968819,
      0.001368900528177619,
      0.02455728128552437,
      0.025556351989507675,
      0.03688633441925049,
      0.030456988140940666,
      0.00762969022616744,
      0.00287978770211339,
      0.004797314293682575,
      0.01572488807141781
    ],
    [
      0.26230621337890625,
      0.010069286450743675,
      0.0019013314740732312,
      0.014017557725310326,
      0.00438683433458209,
      0.07453486323356628,
      0.004733912646770477,
      0.039480604231357574,
      0.007673784624785185,
      0.0018046540208160877
    ],
    [
      0.01729685440659523,
      0.001847988460212946,
      0.0021150147076696157,
      0.001954291947185993,
      0.1373179852962494,
      0.07849887013435364,
      0.003417343134060502,
      0.0404413565993309,
      0.0031672909390181303,
      0.1080915778875351
    ]
  ],
  "currentPrediction": [
    {
      "name": "LSTM Base Model",
      "predictions": [
        [
          4,
          0,
          4
        ],
        [
          4,
          0,
          5
        ]
      ]
    }
  ],
  "realResult": [
    5,
    2,
    3
  ],
  "newPrediction": [
    {
      "name": "LSTM Base Model",
      "predictions": [
        [
          7,
          9,
          2
        ],
        [
          7,
          3,
          5
        ]
      ]
    }
  ],
  "newPredictionRaw": [
    [
      0.0016582353273406625,
      0.00041128951124846935,
      0.0029520923271775246,
      0.01690266653895378,
      0.007334585767239332,
      0.01060821209102869,
      0.009594524279236794,
      0.16493307054042816,
      0.0009684265241958201,
      0.001596291665919125
    ],
    [
      0.00047349295346066356,
      0.0018742160173133016,
      0.0003741132386494428,
      0.0014749093679711223,
      0.0024676218163222075,
      0.009690584614872932,
      0.001657421002164483,
      0.06502489745616913,
      0.010897834785282612,
      0.29418063163757324
    ],
    [
      0.0027391009498387575,
      0.0005318063194863498,
      0.3703385889530182,
      0.003759001148864627,
      0.002420644974336028,
      0.0012701204977929592,
      0.0019040410406887531,
      0.006891949567943811,
      0.0026519845705479383,
      0.0024176076985895634
    ]
  ],
  "matchingNumbers": {
    "model": "LSTM Base Model",
    "prediction": [
      4,
      0,
      5
    ],
    "matching_numbers": [
      5
    ],
    "match_count": 1
  },
  "labels": [
    0,
    1,
    2,
    3,
    4,
    5,
    6,
    7,
    8,
    9
  ],
  "numberFrequency": {
    "7": 0.3333333333333333,
    "9": 0.16666666666666666,
    "2": 0.16666666666666666,
    "3": 0.16666666666666666,
    "5": 0.16666666666666666
  }
}