{
  "currentPredictionRaw": [
    [
      0.003364692674949765,
      0.0002879334206227213,
      0.0031905523501336575,
      0.411674827337265,
      0.002082608640193939,
      0.000422051758505404,
      0.00290133454836905,
      0.004411517176777124,
      0.0022544153034687042,
      0.0004437075986061245
    ],
    [
      0.0001029973936965689,
      0.000677497882861644,
      0.3162853717803955,
      0.0005574505776166916,
      0.0002056814992101863,
      0.007181481458246708,
      0.001334121567197144,
      0.0033100552391260862,
      0.0019531468860805035,
      0.0006610788987018168
    ],
    [
      0.00041141847032122314,
      0.0030449426267296076,
      0.0033808231819421053,
      0.010830431245267391,
      0.0012270428705960512,
      0.21367645263671875,
      0.0005914713838137686,
      0.0009702817187644541,
      0.0009589866967871785,
      0.0016056381864473224
    ]
  ],
  "currentPrediction": [
    {
      "name": "LSTM Base Model",
      "predictions": [
        [
          3,
          2,
          5
        ],
        [
          3,
          7,
          0
        ]
      ]
    }
  ],
  "realResult": [
    8,
    1,
    3
  ],
  "newPrediction": [
    {
      "name": "LSTM Base Model",
      "predictions": [
        [
          8,
          1,
          3
        ],
        [
          8,
          5,
          7
        ]
      ]
    }
  ],
  "newPredictionRaw": [
    [
      0.0026967362500727177,
      0.0012908184435218573,
      0.0008995643584057689,
      0.006460305768996477,
      0.0020780309569090605,
      0.006723067257553339,
      0.003218873171135783,
      0.006684407591819763,
      0.07269454747438431,
      0.0007880540797486901
    ],
    [
      0.00014520258991979063,
      0.6083170771598816,
      0.006370680406689644,
      0.0009308222215622663,
      0.011673797853291035,
      0.0015964687336236238,
      0.0014056919608265162,
      0.001748851384036243,
      0.0018415654776617885,
      0.0010164141422137618
    ],
    [
      0.003901988035067916,
      0.0026633695233613253,
      0.008882196620106697,
      0.2372085154056549,
      5.192914977669716e-05,
      0.0016346880001947284,
      0.0010057669132947922,
      0.0007995120831765234,
      0.004995101597160101,
      0.0002759947965387255
    ]
  ],
  "matchingNumbers": {
    "model": "LSTM Base Model",
    "prediction": [
      3,
      2,
      5
    ],
    "matching_numbers": [
      3
    ],
    "match_count": 1
  },
  "labels": [
    0,
    1,
    2,
    3,
    4,
    5,
    6,
    7,
    8,
    9
  ],
  "numberFrequency": {
    "8": 0.3333333333333333,
    "1": 0.16666666666666666,
    "3": 0.16666666666666666,
    "5": 0.16666666666666666,
    "7": 0.16666666666666666
  }
}