{
  "currentPredictionRaw": [
    [
      0.0008624229812994599,
      0.00797578226774931,
      0.0018886993639171124,
      0.12525197863578796,
      0.007695989683270454,
      0.013133066706359386,
      0.002148977480828762,
      0.17065346240997314,
      0.000676861556712538,
      0.016385294497013092
    ],
    [
      0.007629123516380787,
      0.010788279585540295,
      0.021201562136411667,
      0.0032103846315294504,
      0.009321446530520916,
      0.0032619021367281675,
      0.008516944944858551,
      0.0035803106147795916,
      0.010490416549146175,
      0.13488507270812988
    ],
    [
      0.10676959902048111,
      0.0017450547311455011,
      0.0009629133273847401,
      0.006846039555966854,
      0.1960340291261673,
      0.006446005776524544,
      0.012558701448142529,
      0.09904590249061584,
      0.006871859543025494,
      0.0031618981156498194
    ]
  ],
  "currentPrediction": [
    {
      "name": "LSTM Base Model",
      "predictions": [
        [
          7,
          9,
          4
        ],
        [
          7,
          3,
          9
        ]
      ]
    }
  ],
  "realResult": [
    3,
    2,
    5
  ],
  "newPrediction": [
    {
      "name": "LSTM Base Model",
      "predictions": [
        [
          3,
          2,
          5
        ],
        [
          3,
          0,
          6
        ]
      ]
    }
  ],
  "newPredictionRaw": [
    [
      0.0917225033044815,
      0.00968241784721613,
      0.000918136618565768,
      0.41057559847831726,
      0.0056928968988358974,
      0.002856985665857792,
      0.017324130982160568,
      0.002657903591170907,
      0.0013994518667459488,
      0.0008324604714289308
    ],
    [
      0.024037517607212067,
      0.01681247353553772,
      0.15400800108909607,
      0.014549218118190765,
      0.0022256262600421906,
      0.017801763489842415,
      0.006073607597500086,
      0.004388872068375349,
      0.001485938671976328,
      0.005003881175071001
    ],
    [
      0.0007233252399601042,
      0.0007435119478031993,
      0.029998360201716423,
      0.05673109367489815,
      0.010873486287891865,
      0.06790278851985931,
      0.02186606079339981,
      0.004360589198768139,
      0.00818751472979784,
      0.00856386311352253
    ]
  ],
  "matchingNumbers": {
    "model": "LSTM Base Model",
    "prediction": [
      7,
      3,
      9
    ],
    "matching_numbers": [
      3
    ],
    "match_count": 1
  },
  "labels": [
    0,
    1,
    2,
    3,
    4,
    5,
    6,
    7,
    8,
    9
  ],
  "numberFrequency": {
    "3": 0.3333333333333333,
    "2": 0.16666666666666666,
    "5": 0.16666666666666666,
    "0": 0.16666666666666666,
    "6": 0.16666666666666666
  }
}