{
  "currentPredictionRaw": [
    [
      0.010058271698653698,
      0.0008842675015330315,
      0.0034192665480077267,
      0.03637971729040146,
      0.06922305375337601,
      0.014079438522458076,
      0.002718812320381403,
      0.0060188365168869495,
      0.0036163590848445892,
      0.014317063614726067
    ],
    [
      0.012332177720963955,
      0.014125038869678974,
      0.37220498919487,
      0.005011360626667738,
      0.0018592809792608023,
      0.06548625975847244,
      0.01904362067580223,
      0.006564989220350981,
      0.0005636113928630948,
      0.005260908976197243
    ],
    [
      0.024149734526872635,
      0.008016427047550678,
      0.0007123401155695319,
      0.0952211543917656,
      0.007094271015375853,
      0.011039409786462784,
      0.0023793461732566357,
      0.17814679443836212,
      0.00786108523607254,
      0.0022121313959360123
    ]
  ],
  "currentPrediction": [
    {
      "name": "LSTM Base Model",
      "predictions": [
        [
          4,
          2,
          7
        ],
        [
          4,
          3,
          9
        ]
      ]
    }
  ],
  "realResult": [
    3,
    2,
    5
  ],
  "newPrediction": [
    {
      "name": "LSTM Base Model",
      "predictions": [
        [
          3,
          2,
          2
        ],
        [
          3,
          6,
          1
        ]
      ]
    }
  ],
  "newPredictionRaw": [
    [
      0.01357483770698309,
      0.042977962642908096,
      0.0006639850907959044,
      0.17036238312721252,
      0.025465255603194237,
      0.0015990561805665493,
      0.04495180398225784,
      0.0031436141580343246,
      0.006778839509934187,
      0.0017140976851806045
    ],
    [
      0.05844800919294357,
      0.006937594152987003,
      0.13250283896923065,
      0.1022278293967247,
      0.0019875955767929554,
      0.05958758294582367,
      0.005173131357878447,
      0.005410138983279467,
      0.0014632749371230602,
      0.001977246720343828
    ],
    [
      0.001325004966929555,
      0.000443740893388167,
      0.09062446653842926,
      0.04367648810148239,
      0.034907158464193344,
      0.07290834933519363,
      0.01207499485462904,
      0.01579878106713295,
      0.02373305894434452,
      0.01756085269153118
    ]
  ],
  "matchingNumbers": {
    "model": "LSTM Base Model",
    "prediction": [
      4,
      2,
      7
    ],
    "matching_numbers": [
      2
    ],
    "match_count": 1
  },
  "labels": [
    0,
    1,
    2,
    3,
    4,
    5,
    6,
    7,
    8,
    9
  ],
  "numberFrequency": {
    "3": 0.3333333333333333,
    "2": 0.3333333333333333,
    "6": 0.16666666666666666,
    "1": 0.16666666666666666
  }
}