{
  "currentPredictionRaw": [],
  "currentPrediction": [
    {
      "name": "Markov Model",
      "predictions": [
        [
          1,
          4,
          6
        ]
      ]
    },
    {
      "name": "PoissonMonteCarlo Model",
      "predictions": [
        [
          2,
          6,
          9
        ]
      ]
    }
  ],
  "realResult": [
    9,
    1,
    1
  ],
  "newPrediction": [
    {
      "name": "PoissonMonteCarlo Model",
      "predictions": [
        [
          1,
          5,
          8
        ]
      ]
    }
  ],
  "newPredictionRaw": [],
  "matchingNumbers": {
    "model": "Markov Model",
    "prediction": [
      1,
      4,
      6
    ],
    "matching_numbers": [
      1
    ],
    "match_count": 1
  },
  "labels": [],
  "numberFrequency": {
    "6": 0.10003611412062116,
    "4": 0.10130010834236186,
    "1": 0.10030697002527988,
    "0": 0.10238353196099675,
    "5": 0.09890754785120982,
    "3": 0.09773383893102203,
    "2": 0.10102925243770314,
    "8": 0.10062296858071507,
    "7": 0.09786926688335139,
    "9": 0.0998104008667389
  }
}