{
  "currentPredictionRaw": [
    [
      0.0017897640354931355,
      0.01672106236219406,
      0.007258156780153513,
      0.006227062549442053,
      0.0010835748398676515,
      0.001018827548250556,
      0.0016125168185681105,
      0.1876186728477478,
      0.00491931289434433,
      0.0013191885082051158
    ],
    [
      0.003997692838311195,
      0.00034791219513863325,
      0.005607909522950649,
      0.0008899666136130691,
      0.009861565195024014,
      0.003967742435634136,
      0.007513109128922224,
      0.20100092887878418,
      0.0022363956086337566,
      0.002020814921706915
    ],
    [
      0.001238534925505519,
      0.000732707732822746,
      0.0013332011876627803,
      0.0027147599030286074,
      0.04153447225689888,
      0.011117411777377129,
      0.0024425210431218147,
      0.46709075570106506,
      0.0007474163430742919,
      0.004036100581288338
    ]
  ],
  "currentPrediction": [
    {
      "name": "LSTM Base Model",
      "predictions": [
        [
          7,
          7,
          7
        ],
        [
          7,
          1,
          2
        ]
      ]
    }
  ],
  "realResult": [
    2,
    6,
    9
  ],
  "newPrediction": [
    {
      "name": "LSTM Base Model",
      "predictions": [
        [
          2,
          6,
          9
        ],
        [
          2,
          6,
          1
        ]
      ]
    }
  ],
  "newPredictionRaw": [
    [
      0.0020972155034542084,
      0.005934182088822126,
      0.25809764862060547,
      0.0007123792893253267,
      0.003559908363968134,
      0.0010584094561636448,
      0.0062188804149627686,
      0.0025981583166867495,
      0.0003808835463132709,
      0.002911251038312912
    ],
    [
      0.000427201361162588,
      0.0009789743926376104,
      0.004271034616976976,
      0.0003008376806974411,
      0.0017937050433829427,
      0.0048510972410440445,
      0.3820340633392334,
      0.002746634418144822,
      0.00326398853212595,
      0.0001980525703402236
    ],
    [
      0.001355813699774444,
      0.006108456756919622,
      0.015531743876636028,
      0.00041050033178180456,
      0.005024859216064215,
      0.0029446228872984648,
      0.0009377271053381264,
      0.0002625985653139651,
      0.0002545280149206519,
      0.28273463249206543
    ]
  ],
  "matchingNumbers": {
    "model": "LSTM Base Model",
    "prediction": [
      7,
      1,
      2
    ],
    "matching_numbers": [
      2
    ],
    "match_count": 1
  },
  "labels": [
    0,
    1,
    2,
    3,
    4,
    5,
    6,
    7,
    8,
    9
  ],
  "numberFrequency": {
    "2": 0.3333333333333333,
    "6": 0.3333333333333333,
    "9": 0.16666666666666666,
    "1": 0.16666666666666666
  }
}