{
  "currentPredictionRaw": [
    [
      0.005120054353028536,
      0.010505751706659794,
      0.0012204356025904417,
      0.39918625354766846,
      0.000910430564545095,
      0.0024025512393563986,
      0.007584105245769024,
      0.0003418054839130491,
      0.006652843672782183,
      0.00104687234852463
    ],
    [
      0.000710492255166173,
      0.24830755591392517,
      0.020487498492002487,
      0.00639992393553257,
      0.00020117312669754028,
      0.000507730059325695,
      0.04834217205643654,
      0.0027484784368425608,
      0.005468460731208324,
      0.016853298991918564
    ],
    [
      0.003025615122169256,
      0.003913857974112034,
      0.0003232913732063025,
      0.01901022344827652,
      0.0007805995992384851,
      0.014023986645042896,
      0.003977959044277668,
      0.0408564992249012,
      0.12819278240203857,
      0.0008972962386906147
    ]
  ],
  "currentPrediction": [
    {
      "name": "LSTM Base Model",
      "predictions": [
        [
          3,
          1,
          8
        ],
        [
          3,
          1,
          6
        ]
      ]
    }
  ],
  "realResult": [
    5,
    2,
    1
  ],
  "newPrediction": [
    {
      "name": "LSTM Base Model",
      "predictions": [
        [
          0,
          2,
          2
        ],
        [
          0,
          8,
          9
        ]
      ]
    }
  ],
  "newPredictionRaw": [
    [
      0.2435762584209442,
      0.002643011976033449,
      0.0019179120426997542,
      0.005302756559103727,
      0.0025288579054176807,
      0.0033661944326013327,
      0.005361862480640411,
      0.005941212177276611,
      0.03495168313384056,
      0.0076006436720490456
    ],
    [
      0.0016020177863538265,
      0.024141034111380577,
      0.12617245316505432,
      0.0025717138778418303,
      0.00937948003411293,
      0.003371267346665263,
      0.007978870533406734,
      0.0014007417485117912,
      0.0024813921190798283,
      0.08595694601535797
    ],
    [
      0.005933407694101334,
      0.06595134735107422,
      0.27684876322746277,
      0.02069057896733284,
      0.03655440732836723,
      0.005575692746788263,
      0.0038054543547332287,
      0.000622039136942476,
      0.0034584037493914366,
      0.0023136187810450792
    ]
  ],
  "matchingNumbers": {
    "model": "LSTM Base Model",
    "prediction": [
      3,
      1,
      8
    ],
    "matching_numbers": [
      1
    ],
    "match_count": 1
  },
  "labels": [
    0,
    1,
    2,
    3,
    4,
    5,
    6,
    7,
    8,
    9
  ],
  "numberFrequency": {
    "0": 0.3333333333333333,
    "2": 0.3333333333333333,
    "8": 0.16666666666666666,
    "9": 0.16666666666666666
  }
}