{
  "currentPredictionRaw": [
    [
      0.0035174721851944923,
      0.016217462718486786,
      0.023511197417974472,
      0.00034394586691632867,
      0.005608051549643278,
      0.010087717324495316,
      0.002964604180306196,
      0.0003510394599288702,
      0.00017541079432703555,
      0.6617178916931152
    ],
    [
      0.05950489267706871,
      0.05220312625169754,
      0.0013078750343993306,
      0.004693539813160896,
      0.006647909991443157,
      0.0063849277794361115,
      0.005464873742312193,
      0.00042751533328555524,
      0.0006209086277522147,
      0.005843918304890394
    ],
    [
      0.029286043718457222,
      0.027150308713316917,
      0.0014700109604746103,
      0.044744670391082764,
      0.00833719503134489,
      0.0004093120514880866,
      0.006116266828030348,
      0.004485429264605045,
      0.0008233209373429418,
      0.009583061560988426
    ]
  ],
  "currentPrediction": [
    {
      "name": "LSTM Base Model",
      "predictions": [
        [
          9,
          0,
          3
        ],
        [
          9,
          2,
          1
        ]
      ]
    }
  ],
  "realResult": [
    7,
    8,
    0
  ],
  "newPrediction": [
    {
      "name": "LSTM Base Model",
      "predictions": [
        [
          2,
          3,
          5
        ],
        [
          2,
          8,
          5
        ]
      ]
    }
  ],
  "newPredictionRaw": [
    [
      0.0019080362981185317,
      0.0027926627080887556,
      0.10743455588817596,
      0.0026494867634028196,
      0.0028042467311024666,
      0.006747772451490164,
      0.0005780734354630113,
      0.0010503806406632066,
      0.014808864332735538,
      0.003198292339220643
    ],
    [
      0.00296269403770566,
      0.00274362089112401,
      0.0002599790459498763,
      0.5677552223205566,
      0.013022070750594139,
      0.0016914390726014972,
      0.010677997022867203,
      0.008998616598546505,
      0.0006057012942619622,
      0.006372340023517609
    ],
    [
      0.03594858944416046,
      0.018520290032029152,
      0.00015253483434207737,
      0.0033392952755093575,
      0.013743487186729908,
      0.14913825690746307,
      0.015878111124038696,
      0.0020868347492069006,
      0.0006511781830340624,
      0.0014793118461966515
    ]
  ],
  "matchingNumbers": {
    "model": "LSTM Base Model",
    "prediction": [
      9,
      0,
      3
    ],
    "matching_numbers": [
      0
    ],
    "match_count": 1
  },
  "labels": [
    0,
    1,
    2,
    3,
    4,
    5,
    6,
    7,
    8,
    9
  ],
  "numberFrequency": {
    "2": 0.3333333333333333,
    "3": 0.16666666666666666,
    "5": 0.3333333333333333,
    "8": 0.16666666666666666
  }
}