{"currentPredictionRaw": [[2.626470953703483e-14, 7.479658266280095e-16, 7.662364653360495e-20, 8.944794557819158e-12, 2.389277333923398e-14, 1.142170247652881e-23, 3.67648425481093e-07, 2.6333934151682135e-14, 3.50210854239974e-13, 0.9999996423721313], [7.926705620775465e-07, 0.9992699027061462, 0.00037058076122775674, 0.00023570669873151928, 7.881602925863262e-08, 2.9027360142208636e-06, 3.09059271230705e-11, 4.794022743226378e-07, 0.00011510764306876808, 4.3272916627756786e-06], [3.5937893103192564e-19, 1.793803828586995e-24, 4.017321293582892e-19, 1.0, 2.980196167970406e-12, 2.667326691314813e-27, 2.9077218063888743e-14, 1.6680889319542134e-34, 0.0, 3.884956648123496e-17]], "currentPrediction": [[9, 1, 3], [6, 2, 4], [3, 3, 6], [8, 8, 9], [7, 9, 2], [0, 5, 0], [4, 0, 1], [1, 7, 5], [2, 4, 7], [5, 6, 8]], "realResult": [6, 6, 5], "newPrediction": [[4, 6, 2], [6, 4, 3], [5, 9, 5], [3, 3, 1], [7, 8, 9], [2, 7, 8], [0, 5, 7], [9, 2, 6], [8, 1, 4], [1, 0, 0]], "newPredictionRaw": [[9.685233677611422e-31, 0.0, 3.4842265846689268e-28, 3.8261250273748664e-25, 0.9999997615814209, 1.9876091883475056e-09, 2.7627638132798893e-07, 1.62127571465077e-26, 0.0, 0.0], [0.0, 0.0, 0.0, 1.1598662632002217e-36, 4.0130313361705175e-27, 0.0, 1.0, 0.0, 0.0, 8.461315894951926e-32], [0.0, 3.4227256926028317e-32, 1.0, 5.039661465922052e-10, 0.0, 1.463477649108115e-26, 0.0, 0.0, 0.0, 0.0]], "matchingNumbers": {"bestMatchIndex": 9, "bestMatchSequence": [5, 6, 8], "matchingNumbers": [5, 6]}, "labels": [0, 1, 2, 3, 4, 5, 6, 7, 8, 9]}