{
  "currentPredictionRaw": [
    [
      0.04246710613369942,
      0.0029131080955266953,
      0.0019819564186036587,
      0.0022047478705644608,
      0.00785545539110899,
      0.011625410057604313,
      0.07773707062005997,
      0.004030589945614338,
      0.00017557242244947702,
      0.001220022328197956
    ],
    [
      0.013457808643579483,
      0.002306090435013175,
      0.0010278057307004929,
      0.0004051499126944691,
      0.006372332107275724,
      0.24672746658325195,
      0.0005003040423616767,
      0.004590052179992199,
      0.005328834056854248,
      0.0035806733649224043
    ],
    [
      0.5272324681282043,
      0.00030536664417013526,
      0.015217335894703865,
      0.00169996521435678,
      0.0018702042289078236,
      0.008825798518955708,
      0.000740712508559227,
      0.002797362394630909,
      0.002429051324725151,
      0.002374121220782399
    ]
  ],
  "currentPrediction": [
    {
      "name": "LSTM Base Model",
      "predictions": [
        [
          6,
          5,
          0
        ],
        [
          6,
          0,
          5
        ]
      ]
    }
  ],
  "realResult": [
    3,
    2,
    0
  ],
  "newPrediction": [
    {
      "name": "LSTM Base Model",
      "predictions": [
        [
          8,
          0,
          4
        ],
        [
          8,
          4,
          6
        ]
      ]
    }
  ],
  "newPredictionRaw": [
    [
      0.0020463159307837486,
      0.011809440329670906,
      0.0076522184535861015,
      0.00039135958650149405,
      0.04422274976968765,
      0.033738162368535995,
      0.03905955329537392,
      0.006135913543403149,
      0.10142224282026291,
      0.03568296507000923
    ],
    [
      0.1445479542016983,
      0.010662287473678589,
      0.004249787889420986,
      0.006597325671464205,
      0.041426364332437515,
      0.01435275748372078,
      0.0038905928377062082,
      0.0350029356777668,
      0.03847077116370201,
      0.008723744191229343
    ],
    [
      0.00804837141185999,
      0.0013373014517128468,
      0.006556028034538031,
      0.009325684048235416,
      0.19624391198158264,
      0.01781034655869007,
      0.002537466585636139,
      0.029139509424567223,
      0.02372736483812332,
      0.11518853902816772
    ]
  ],
  "matchingNumbers": {
    "model": "LSTM Base Model",
    "prediction": [
      6,
      5,
      0
    ],
    "matching_numbers": [
      0
    ],
    "match_count": 1
  },
  "labels": [
    0,
    1,
    2,
    3,
    4,
    5,
    6,
    7,
    8,
    9
  ],
  "numberFrequency": {
    "8": 0.3333333333333333,
    "0": 0.16666666666666666,
    "4": 0.3333333333333333,
    "6": 0.16666666666666666
  }
}