{
  "currentPredictionRaw": [
    [
      0.0059325797483325005,
      0.0038004897069185972,
      0.022489558905363083,
      0.0005792032461613417,
      0.006930588744580746,
      0.0035351477563381195,
      0.002226579701527953,
      0.0004047284310217947,
      0.002271590055897832,
      0.03626096621155739
    ],
    [
      0.01504503097385168,
      0.0014626093907281756,
      0.7714966535568237,
      0.0023061041720211506,
      0.013370746746659279,
      0.007209314499050379,
      0.0017929162131622434,
      0.0038833855651319027,
      0.00012221367796882987,
      0.0004764382028952241
    ],
    [
      0.00217394158244133,
      0.014614510349929333,
      0.00016615971981082112,
      0.018619321286678314,
      0.02007363922894001,
      0.015590837225317955,
      0.0013829177478328347,
      0.022645961493253708,
      0.0010643941350281239,
      0.002071425085887313
    ]
  ],
  "currentPrediction": [
    {
      "name": "LSTM Base Model",
      "predictions": [
        [
          9,
          2,
          7
        ],
        [
          9,
          2,
          4
        ]
      ]
    }
  ],
  "realResult": [
    2,
    2,
    9
  ],
  "newPrediction": [
    {
      "name": "LSTM Base Model",
      "predictions": [
        [
          3,
          2,
          1
        ],
        [
          3,
          2,
          6
        ]
      ]
    }
  ],
  "newPredictionRaw": [
    [
      0.003724236972630024,
      0.0014441446401178837,
      0.015023942105472088,
      0.05970986559987068,
      0.0013177396031096578,
      0.0007638016832061112,
      0.008073457516729832,
      0.0007237448589876294,
      0.007887003943324089,
      0.0003278613730799407
    ],
    [
      0.0012109320377930999,
      0.000444841047283262,
      0.7463948130607605,
      0.004820596892386675,
      0.0030836565420031548,
      0.0055329930037260056,
      0.004730650223791599,
      0.0025707995519042015,
      0.0006581363268196583,
      0.00116125144995749
    ],
    [
      0.020157916471362114,
      0.07434164732694626,
      0.0015936819836497307,
      0.00661635585129261,
      0.001598440227098763,
      0.018068447709083557,
      0.0013797917636111379,
      0.0016200992977246642,
      0.0005905397702008486,
      0.0044286237098276615
    ]
  ],
  "matchingNumbers": {
    "model": "LSTM Base Model",
    "prediction": [
      9,
      2,
      7
    ],
    "matching_numbers": [
      9,
      2
    ],
    "match_count": 2
  },
  "labels": [
    0,
    1,
    2,
    3,
    4,
    5,
    6,
    7,
    8,
    9
  ],
  "numberFrequency": {
    "3": 0.3333333333333333,
    "2": 0.3333333333333333,
    "1": 0.16666666666666666,
    "6": 0.16666666666666666
  }
}