{
  "currentPredictionRaw": [
    [
      0.0030362296383827925,
      0.007290540263056755,
      0.450953871011734,
      0.00864221528172493,
      0.004348868038505316,
      0.006189845502376556,
      0.02407650463283062,
      0.005504353903234005,
      0.083742156624794,
      0.0034944452345371246
    ],
    [
      0.05536315590143204,
      0.0038794102147221565,
      0.004887987859547138,
      0.0063983602449297905,
      0.0037058440502732992,
      0.025013666599988937,
      0.03895546868443489,
      0.04001716151833534,
      0.0032451478764414787,
      0.01395156979560852
    ],
    [
      0.0031756311655044556,
      0.008039260283112526,
      0.02494337595999241,
      0.018620910122990608,
      0.08714974671602249,
      0.031387683004140854,
      0.0021302099339663982,
      0.020344899967312813,
      0.007504027336835861,
      0.004007481038570404
    ]
  ],
  "currentPrediction": [
    {
      "name": "LSTM Base Model",
      "predictions": [
        [
          2,
          0,
          4
        ],
        [
          2,
          8,
          6
        ]
      ]
    }
  ],
  "realResult": [
    6,
    2,
    2
  ],
  "newPrediction": [
    {
      "name": "LSTM Base Model",
      "predictions": [
        [
          6,
          6,
          7
        ],
        [
          6,
          8,
          2
        ]
      ]
    }
  ],
  "newPredictionRaw": [
    [
      0.0019615984056144953,
      0.004069269169121981,
      0.02160026691854,
      0.002883980283513665,
      0.004017077386379242,
      0.003452650038525462,
      0.08000070601701736,
      0.004360244143754244,
      0.07357092201709747,
      0.006200585979968309
    ],
    [
      0.0017888536676764488,
      0.007186949718743563,
      0.009179827757179737,
      0.0011671683751046658,
      0.004704718943685293,
      0.017388543114066124,
      0.4808110296726227,
      0.12220438569784164,
      0.00041475603939034045,
      0.0045895762741565704
    ],
    [
      0.001630250015296042,
      0.002975676441565156,
      0.03956190124154091,
      0.009350750595331192,
      0.0040337881073355675,
      0.01201880257576704,
      0.007266208063811064,
      0.05203784257173538,
      0.017819469794631004,
      0.0017521759727969766
    ]
  ],
  "matchingNumbers": {
    "model": "LSTM Base Model",
    "prediction": [
      2,
      8,
      6
    ],
    "matching_numbers": [
      2,
      6
    ],
    "match_count": 2
  },
  "labels": [
    0,
    1,
    2,
    3,
    4,
    5,
    6,
    7,
    8,
    9
  ],
  "numberFrequency": {
    "6": 0.5,
    "7": 0.16666666666666666,
    "8": 0.16666666666666666,
    "2": 0.16666666666666666
  }
}