{"currentPredictionRaw": [[0.10239821672439575, 0.09969696402549744, 0.10091464966535568, 0.09908590465784073, 0.10221772640943527, 0.09915752708911896, 0.0982508510351181, 0.09718640148639679, 0.10082033276557922, 0.10027143359184265], [0.10239821672439575, 0.09969696402549744, 0.10091464966535568, 0.09908590465784073, 0.10221772640943527, 0.09915752708911896, 0.0982508510351181, 0.09718640148639679, 0.10082033276557922, 0.10027143359184265], [0.10239821672439575, 0.09969696402549744, 0.10091464966535568, 0.09908590465784073, 0.10221772640943527, 0.09915752708911896, 0.0982508510351181, 0.09718640148639679, 0.10082033276557922, 0.10027143359184265]], "currentPrediction": [[1, 0, 0], [5, 0, 0], [3, 0, 0], [9, 0, 0], [10, 0, 0], [2, 0, 0], [6, 0, 0], [4, 0, 0], [7, 0, 0], [8, 0, 0]], "realResult": [7, 1, 0], "newPrediction": [[1, 0, 0], [5, 0, 0], [3, 0, 0], [9, 0, 0], [10, 0, 0], [2, 0, 0], [6, 0, 0], [4, 0, 0], [7, 0, 0], [8, 0, 0]], "newPredictionRaw": [[0.10239820927381516, 0.09969694912433624, 0.10091467946767807, 0.09908591955900192, 0.10221768170595169, 0.09915757924318314, 0.0982508733868599, 0.09718631953001022, 0.10082032531499863, 0.10027147829532623], [0.10239820927381516, 0.09969694912433624, 0.10091467946767807, 0.09908591955900192, 0.10221768170595169, 0.09915757924318314, 0.0982508733868599, 0.09718631953001022, 0.10082032531499863, 0.10027147829532623], [0.10239820927381516, 0.09969694912433624, 0.10091467946767807, 0.09908591955900192, 0.10221768170595169, 0.09915757924318314, 0.0982508733868599, 0.09718631953001022, 0.10082032531499863, 0.10027147829532623]], "matchingNumbers": {"bestMatchIndex": 0, "bestMatchSequence": [1, 0, 0], "matchingNumbers": [0, 1]}}