{
  "currentPredictionRaw": [
    [
      0.0018576971488073468,
      0.0011146236211061478,
      0.003078820649534464,
      0.00025177764473482966,
      0.00211866432800889,
      0.00828492920845747,
      0.008918005041778088,
      0.24243813753128052,
      0.00010644498252077028,
      0.004184724297374487
    ],
    [
      0.5222731232643127,
      0.0010176904033869505,
      0.004926021210849285,
      0.0017868527211248875,
      0.0009942930191755295,
      0.0002003886183956638,
      0.0007506662514060736,
      0.00967981293797493,
      0.0006604584632441401,
      0.017392557114362717
    ],
    [
      0.0017893475014716387,
      0.0005685932701453567,
      0.0012584951473399997,
      0.004348257556557655,
      0.002070969669148326,
      0.0010020588524639606,
      0.0008337845210917294,
      0.0012289517326280475,
      0.00038316778955049813,
      0.15448065102100372
    ]
  ],
  "currentPrediction": [
    {
      "name": "LSTM Base Model",
      "predictions": [
        [
          7,
          0,
          9
        ],
        [
          7,
          6,
          5
        ]
      ]
    }
  ],
  "realResult": [
    4,
    2,
    1
  ],
  "newPrediction": [
    {
      "name": "LSTM Base Model",
      "predictions": [
        [
          4,
          2,
          1
        ],
        [
          4,
          9,
          6
        ]
      ]
    }
  ],
  "newPredictionRaw": [
    [
      0.0003788399917539209,
      0.0003690817393362522,
      0.006101254373788834,
      0.0017424770630896091,
      0.3426094055175781,
      0.0006818407564423978,
      0.006292299833148718,
      0.0025642337277531624,
      0.0010594940977171063,
      0.010369526222348213
    ],
    [
      0.00042560198926366866,
      0.003586207516491413,
      0.22543460130691528,
      0.0014041619142517447,
      0.0007049696869216859,
      0.000185592143679969,
      0.008825285360217094,
      0.0005346320103853941,
      0.00997932255268097,
      0.0056817312724888325
    ],
    [
      3.0912942747818306e-05,
      0.3399127423763275,
      0.006443576421588659,
      0.001975548453629017,
      0.00028202187968418,
      0.007582546677440405,
      0.002439536154270172,
      0.0004022400826215744,
      0.0014886361313983798,
      0.010511623695492744
    ]
  ],
  "matchingNumbers": {
    "model": null,
    "prediction": null,
    "matching_numbers": [],
    "match_count": 0
  },
  "labels": [
    0,
    1,
    2,
    3,
    4,
    5,
    6,
    7,
    8,
    9
  ],
  "numberFrequency": {
    "4": 0.3333333333333333,
    "2": 0.16666666666666666,
    "1": 0.16666666666666666,
    "9": 0.16666666666666666,
    "6": 0.16666666666666666
  }
}