{
  "currentPredictionRaw": [
    [
      0.01618909277021885,
      0.06642616540193558,
      0.0036591992247849703,
      0.022122381255030632,
      0.02101404219865799,
      0.028003472834825516,
      0.0008489851024933159,
      0.04580571502447128,
      0.00567921157926321,
      0.0020420225337147713
    ],
    [
      0.02102537825703621,
      0.0066114263609051704,
      0.03771517798304558,
      0.09126964211463928,
      0.0017121232813224196,
      0.001992094097658992,
      0.049499284476041794,
      0.053457725793123245,
      0.015304009430110455,
      0.0034768159966915846
    ],
    [
      0.022888706997036934,
      0.00397896533831954,
      0.3994656801223755,
      0.009710503742098808,
      0.0016128576826304197,
      0.001671475125476718,
      0.016318360343575478,
      0.0021830745972692966,
      0.016578800976276398,
      0.03173769265413284
    ]
  ],
  "currentPrediction": [
    {
      "name": "LSTM Base Model",
      "predictions": [
        [
          1,
          3,
          2
        ],
        [
          1,
          7,
          5
        ]
      ]
    }
  ],
  "realResult": [
    5,
    6,
    0
  ],
  "newPrediction": [
    {
      "name": "LSTM Base Model",
      "predictions": [
        [
          8,
          9,
          0
        ],
        [
          8,
          0,
          2
        ]
      ]
    }
  ],
  "newPredictionRaw": [
    [
      0.023891933262348175,
      0.0040164850652217865,
      0.018934503197669983,
      0.0003388918994460255,
      0.0016730487113818526,
      0.0048871529288589954,
      0.013188289478421211,
      0.004385635256767273,
      0.03578868508338928,
      0.00777819799259305
    ],
    [
      0.07567281275987625,
      0.007206638343632221,
      0.0034451307728886604,
      0.0024392562918365,
      0.01884838379919529,
      0.007265374064445496,
      0.03475136309862137,
      0.0010562499519437551,
      0.0016668901080265641,
      0.2779499292373657
    ],
    [
      0.35273632407188416,
      0.0012333017075434327,
      0.003527600085362792,
      0.006387697998434305,
      0.0002367616252740845,
      0.04355911165475845,
      0.010284755378961563,
      0.017462534829974174,
      0.019104111939668655,
      0.0002829010772984475
    ]
  ],
  "matchingNumbers": {
    "model": "LSTM Base Model",
    "prediction": [
      1,
      7,
      5
    ],
    "matching_numbers": [
      5
    ],
    "match_count": 1
  },
  "labels": [
    0,
    1,
    2,
    3,
    4,
    5,
    6,
    7,
    8,
    9
  ],
  "numberFrequency": {
    "8": 0.3333333333333333,
    "9": 0.16666666666666666,
    "0": 0.3333333333333333,
    "2": 0.16666666666666666
  }
}