{
  "currentPredictionRaw": [
    [
      0.0018971862737089396,
      0.005523731000721455,
      0.03113415464758873,
      0.0035737769212573767,
      0.004643704742193222,
      0.0012586985249072313,
      0.004453896079212427,
      0.01157611794769764,
      0.038871679455041885,
      0.025131134316325188
    ],
    [
      0.009306591935455799,
      0.007789609022438526,
      0.0018583908677101135,
      0.657806396484375,
      0.022533005103468895,
      0.0003272018802817911,
      0.01185631100088358,
      0.003728429786860943,
      0.0212614294141531,
      0.007960915565490723
    ],
    [
      0.016549939289689064,
      0.0035410826094448566,
      0.04202242195606232,
      0.003628186648711562,
      0.019101986661553383,
      0.00824816431850195,
      0.001110247801989317,
      0.027645112946629524,
      0.002888625953346491,
      0.0027718436904251575
    ]
  ],
  "currentPrediction": [
    {
      "name": "LSTM Base Model",
      "predictions": [
        [
          8,
          3,
          2
        ],
        [
          8,
          2,
          9
        ]
      ]
    }
  ],
  "realResult": [
    3,
    5,
    5
  ],
  "newPrediction": [
    {
      "name": "LSTM Base Model",
      "predictions": [
        [
          5,
          2,
          1
        ],
        [
          5,
          4,
          2
        ]
      ]
    }
  ],
  "newPredictionRaw": [
    [
      0.0018590936670079827,
      0.0052249850705266,
      0.009543322958052158,
      0.0036804385017603636,
      0.01008638646453619,
      0.2142854779958725,
      0.0021136037539690733,
      0.0012541344622150064,
      0.0027194228023290634,
      0.001315142260864377
    ],
    [
      0.25507181882858276,
      0.01766444928944111,
      0.27224886417388916,
      0.0032302767504006624,
      0.00938930083066225,
      0.0006836438551545143,
      0.0003653855819720775,
      0.0019372468814253807,
      0.00044207696919329464,
      0.029537620022892952
    ],
    [
      0.0013573495671153069,
      0.08700022101402283,
      0.004697480238974094,
      0.022623980417847633,
      0.013503770343959332,
      0.003172822529450059,
      0.015557391569018364,
      0.0036935063544660807,
      0.00397525867447257,
      0.0017656083218753338
    ]
  ],
  "matchingNumbers": {
    "model": "LSTM Base Model",
    "prediction": [
      8,
      3,
      2
    ],
    "matching_numbers": [
      3
    ],
    "match_count": 1
  },
  "labels": [
    0,
    1,
    2,
    3,
    4,
    5,
    6,
    7,
    8,
    9
  ],
  "numberFrequency": {
    "5": 0.3333333333333333,
    "2": 0.3333333333333333,
    "1": 0.16666666666666666,
    "4": 0.16666666666666666
  }
}