{"currentPredictionRaw": [[0.0007159616216085851, 3.039188360764116e-16, 7.136566448906478e-09, 2.5320965505670756e-05, 1.2303876246733125e-06, 3.163831934216432e-05, 0.9992027878761292, 4.4880052907543544e-13, 2.3091550247045234e-05, 2.73147471438126e-13], [0.0007188943563960493, 3.1688598405658886e-16, 7.60781926345544e-09, 2.4595785362180322e-05, 1.086638803826645e-06, 2.910114562837407e-05, 0.9992017149925232, 5.167331948614795e-13, 2.4701190341147594e-05, 2.7457788646934045e-13], [3.9294991812997314e-36, 0.0, 0.0, 2.898444307457157e-16, 5.12215603929605e-15, 1.0, 5.263683147049917e-31, 0.0, 7.53223261857875e-23, 0.0]], "currentPrediction": [[6, 6, 5], [0, 0, 4], [5, 5, 3], [3, 8, 8], [8, 3, 6], [4, 4, 0], [2, 2, 9], [7, 7, 7], [9, 9, 2], [1, 1, 1]], "realResult": [0, 7, 8], "newPrediction": [[7, 6, 7], [2, 0, 2], [8, 5, 8], [1, 3, 1], [0, 8, 0], [6, 4, 6], [9, 2, 9], [3, 7, 3], [5, 9, 5], [4, 1, 4]], "newPredictionRaw": [[4.208763116352279e-17, 4.170701598752574e-13, 0.0011491345940157771, 2.3579596771080645e-24, 0.0, 8.400498120268913e-28, 9.5251617701992e-18, 0.9986750483512878, 0.00017580862913746387, 9.68952545304563e-19], [0.0007537938072346151, 1.1937136063981348e-16, 3.5019396271707137e-09, 2.0416369807207957e-05, 1.362462057841185e-06, 3.399651905056089e-05, 0.9991714954376221, 1.4652343195090817e-13, 1.8965920389746316e-05, 1.0251797647560165e-13], [8.278144913961847e-19, 1.5822134997577758e-14, 0.0006991687114350498, 9.059040975802962e-28, 0.0, 2.01229445473763e-31, 3.507058065999879e-20, 0.999207079410553, 9.372644854011014e-05, 2.0506166853326847e-21]], "matchingNumbers": {"bestMatchIndex": 1, "bestMatchSequence": [0, 0, 4], "matchingNumbers": [0]}, "labels": [0, 1, 2, 3, 4, 5, 6, 7, 8, 9]}