{
  "currentPredictionRaw": [
    [
      0.0011924528516829014,
      0.0004852738056797534,
      0.0007337600109167397,
      0.005906492471694946,
      1.704880196484737e-05,
      0.0003529921523295343,
      0.3219486474990845,
      0.003121890127658844,
      0.0022373234387487173,
      0.003041178220883012
    ],
    [
      5.7494075008435175e-05,
      0.3058969974517822,
      0.00038317724829539657,
      0.0010423791827633977,
      0.007395286113023758,
      0.0029938335064798594,
      0.002406484680250287,
      0.002035135868936777,
      0.0013365657068789005,
      0.0017816219478845596
    ],
    [
      0.008983591571450233,
      0.0031048296950757504,
      0.006366318091750145,
      0.0027790802996605635,
      0.0025292402133345604,
      0.0001130761083913967,
      0.00044161174446344376,
      6.689545989502221e-05,
      0.31104180216789246,
      0.00020747717644553632
    ]
  ],
  "currentPrediction": [
    {
      "name": "LSTM Base Model",
      "predictions": [
        [
          6,
          1,
          8
        ],
        [
          6,
          3,
          7
        ]
      ]
    }
  ],
  "realResult": [
    5,
    2,
    1
  ],
  "newPrediction": [
    {
      "name": "LSTM Base Model",
      "predictions": [
        [
          5,
          3,
          1
        ],
        [
          5,
          1,
          4
        ]
      ]
    }
  ],
  "newPredictionRaw": [
    [
      0.0015323992120102048,
      0.06162844970822334,
      9.605517698219046e-05,
      0.00295099220238626,
      0.05304119363427162,
      0.1339377909898758,
      0.0028526007663458586,
      0.00914744846522808,
      0.0037322521675378084,
      0.0016132548917084932
    ],
    [
      0.015301733277738094,
      0.01146677229553461,
      0.031228208914399147,
      0.06684740632772446,
      0.00017212476814165711,
      0.0012937221908941865,
      0.01703493855893612,
      0.001836888026446104,
      0.003828825196251273,
      0.03698257729411125
    ],
    [
      0.0008604761096648872,
      0.4367791712284088,
      0.0005771935684606433,
      0.05208992213010788,
      0.02148548699915409,
      0.0033384952694177628,
      0.010849087499082088,
      0.0022816366981714964,
      0.00880705937743187,
      0.006405767984688282
    ]
  ],
  "matchingNumbers": {
    "model": "LSTM Base Model",
    "prediction": [
      6,
      1,
      8
    ],
    "matching_numbers": [
      1
    ],
    "match_count": 1
  },
  "labels": [
    0,
    1,
    2,
    3,
    4,
    5,
    6,
    7,
    8,
    9
  ],
  "numberFrequency": {
    "5": 0.3333333333333333,
    "3": 0.16666666666666666,
    "1": 0.3333333333333333,
    "4": 0.16666666666666666
  }
}