{
  "currentPredictionRaw": [
    [
      0.005114634986966848,
      0.024750955402851105,
      0.0003656687040347606,
      0.009382202289998531,
      0.01694486103951931,
      0.11799665540456772,
      0.0102011663839221,
      0.01762593910098076,
      0.005025625228881836,
      0.0009965827921405435
    ],
    [
      0.028894629329442978,
      0.009221753105521202,
      0.05625983327627182,
      0.02771368809044361,
      0.0012108966475352645,
      0.00099843495991081,
      0.053667034953832626,
      0.003758959239348769,
      0.0015183050418272614,
      0.04242910072207451
    ],
    [
      0.010300466790795326,
      0.4507943391799927,
      0.0005147049087099731,
      0.05373472720384598,
      0.021304121240973473,
      0.0012030918151140213,
      0.01295375544577837,
      0.002444306155666709,
      0.008218147791922092,
      0.004455419722944498
    ]
  ],
  "currentPrediction": [
    {
      "name": "LSTM Base Model",
      "predictions": [
        [
          5,
          2,
          1
        ],
        [
          5,
          1,
          7
        ]
      ]
    }
  ],
  "realResult": [
    7,
    4,
    6
  ],
  "newPrediction": [
    {
      "name": "LSTM Base Model",
      "predictions": [
        [
          7,
          6,
          6
        ],
        [
          7,
          2,
          5
        ]
      ]
    }
  ],
  "newPredictionRaw": [
    [
      0.0006095663411542773,
      0.00022334819368552417,
      0.010709835216403008,
      0.002881277585402131,
      0.00028155717882327735,
      0.003939279820770025,
      0.00028362503508105874,
      0.7996312975883484,
      0.0006143316859379411,
      0.0034101721830666065
    ],
    [
      0.0017889848677441478,
      0.024277498945593834,
      0.0002776769979391247,
      0.001676434651017189,
      0.022464346140623093,
      0.001864102785475552,
      0.0676485002040863,
      0.0007121457601897418,
      0.0023937139194458723,
      0.0012872513616457582
    ],
    [
      0.006183542776852846,
      0.005955283995717764,
      0.000606377434451133,
      0.0011709301033988595,
      0.004392049740999937,
      0.00027127383509650826,
      0.02140696346759796,
      0.006590160541236401,
      0.0027867795433849096,
      0.00366170983761549
    ]
  ],
  "matchingNumbers": {
    "model": "LSTM Base Model",
    "prediction": [
      5,
      1,
      7
    ],
    "matching_numbers": [
      7
    ],
    "match_count": 1
  },
  "labels": [
    0,
    1,
    2,
    3,
    4,
    5,
    6,
    7,
    8,
    9
  ],
  "numberFrequency": {
    "7": 0.3333333333333333,
    "6": 0.3333333333333333,
    "2": 0.16666666666666666,
    "5": 0.16666666666666666
  }
}