{
  "currentPredictionRaw": [
    [
      0.005748575087636709,
      0.000816244340967387,
      0.006101296748965979,
      0.006805050186812878,
      0.008909487165510654,
      0.19130825996398926,
      0.0010510011343285441,
      0.006936043035238981,
      0.0022311294451355934,
      0.0013413721462711692
    ],
    [
      0.0037343280855566263,
      0.003721477696672082,
      0.4595828056335449,
      0.009483950212597847,
      0.004180047661066055,
      0.00026979949325323105,
      0.00314376805908978,
      0.0008410387090407312,
      0.013504833914339542,
      0.0018090738449245691
    ],
    [
      0.0003519137389957905,
      0.004968009889125824,
      0.0017369947163388133,
      0.0010265985038131475,
      0.003197160316631198,
      0.00047338352305814624,
      0.004926904570311308,
      0.03147903457283974,
      0.21498055756092072,
      0.005339845549315214
    ]
  ],
  "currentPrediction": [
    {
      "name": "LSTM Base Model",
      "predictions": [
        [
          5,
          2,
          8
        ],
        [
          5,
          4,
          7
        ]
      ]
    }
  ],
  "realResult": [
    3,
    1,
    8
  ],
  "newPrediction": [
    {
      "name": "LSTM Base Model",
      "predictions": [
        [
          3,
          1,
          8
        ],
        [
          3,
          1,
          9
        ]
      ]
    }
  ],
  "newPredictionRaw": [
    [
      0.0028125843964517117,
      0.018210943788290024,
      0.005056080874055624,
      0.07824863493442535,
      0.0021390302572399378,
      0.0024677703622728586,
      0.0019247076706960797,
      0.0025748866610229015,
      0.0010677077807486057,
      0.007440854329615831
    ],
    [
      0.009409364312887192,
      0.3225545585155487,
      0.0034539387561380863,
      0.0027583593036979437,
      0.00311991386115551,
      0.001787955523468554,
      0.004069043789058924,
      0.007568626198917627,
      0.0058599174953997135,
      0.002383476821705699
    ],
    [
      0.012616170570254326,
      0.0037247599102556705,
      0.0022486497182399035,
      0.003506099572405219,
      0.0018654365558177233,
      0.004366649780422449,
      0.0008961694547906518,
      0.005368193611502647,
      0.47954705357551575,
      0.0009524582419544458
    ]
  ],
  "matchingNumbers": {
    "model": "LSTM Base Model",
    "prediction": [
      5,
      2,
      8
    ],
    "matching_numbers": [
      8
    ],
    "match_count": 1
  },
  "labels": [
    0,
    1,
    2,
    3,
    4,
    5,
    6,
    7,
    8,
    9
  ],
  "numberFrequency": {
    "3": 0.3333333333333333,
    "1": 0.3333333333333333,
    "8": 0.16666666666666666,
    "9": 0.16666666666666666
  }
}