{
  "currentPredictionRaw": [
    [
      0.0018232089933007956,
      0.0007817383739165962,
      0.003108398988842964,
      0.007028727792203426,
      0.010866193100810051,
      0.007323382887989283,
      0.01310641411691904,
      0.018766943365335464,
      0.0006751131149940193,
      0.05514683201909065
    ],
    [
      0.03052683174610138,
      0.003729685675352812,
      0.4647248089313507,
      0.0004982277168892324,
      0.006448700092732906,
      0.0012048641219735146,
      0.007141382433474064,
      0.0008407181012444198,
      0.007481789216399193,
      0.023939143866300583
    ],
    [
      0.25843897461891174,
      0.0024571469984948635,
      0.053718991577625275,
      0.004128911532461643,
      0.0010373475961387157,
      0.0019125397084280849,
      0.00768462847918272,
      0.002494234126061201,
      0.0008489458123221993,
      0.002115321345627308
    ]
  ],
  "currentPrediction": [
    {
      "name": "LSTM Base Model",
      "predictions": [
        [
          9,
          2,
          0
        ],
        [
          9,
          7,
          6
        ]
      ]
    }
  ],
  "realResult": [
    4,
    5,
    6
  ],
  "newPrediction": [
    {
      "name": "LSTM Base Model",
      "predictions": [
        [
          4,
          5,
          6
        ],
        [
          4,
          1,
          5
        ]
      ]
    }
  ],
  "newPredictionRaw": [
    [
      0.0033631674014031887,
      0.06617805361747742,
      0.004179020412266254,
      0.007197190076112747,
      0.22498969733715057,
      0.013827094808220863,
      0.012021155096590519,
      0.0026434180326759815,
      0.005708656273782253,
      0.0006648243288509548
    ],
    [
      0.003658333793282509,
      0.005252717062830925,
      0.036325544118881226,
      0.020614270120859146,
      0.0008627112256363034,
      0.2671129107475281,
      0.04742514342069626,
      0.004047072492539883,
      0.002185432706028223,
      0.0015677857445552945
    ],
    [
      0.0040219249203801155,
      0.011704521253705025,
      0.003437707433477044,
      0.0004569793527480215,
      0.016394181177020073,
      0.009316794574260712,
      0.18462103605270386,
      0.0038129985332489014,
      0.03378409519791603,
      0.0026255494449287653
    ]
  ],
  "matchingNumbers": {
    "model": "LSTM Base Model",
    "prediction": [
      9,
      7,
      6
    ],
    "matching_numbers": [
      6
    ],
    "match_count": 1
  },
  "labels": [
    0,
    1,
    2,
    3,
    4,
    5,
    6,
    7,
    8,
    9
  ],
  "numberFrequency": {
    "4": 0.3333333333333333,
    "5": 0.3333333333333333,
    "6": 0.16666666666666666,
    "1": 0.16666666666666666
  }
}