{
  "currentPredictionRaw": [
    [
      0.0010031522251665592,
      0.002258479129523039,
      0.07372613251209259,
      0.005955733358860016,
      0.0011726919328793883,
      0.00013046347885392606,
      0.001130665885284543,
      0.00018295070913154632,
      0.0006820992566645145,
      0.00045291244168765843
    ],
    [
      0.00045417610090225935,
      0.0017384459497407079,
      0.002337509533390403,
      0.0003920219896826893,
      0.0005532224313355982,
      0.07125821709632874,
      0.0009408253245055676,
      0.004259176552295685,
      0.00025468808598816395,
      0.0006325363065116107
    ],
    [
      0.00039950257632881403,
      0.00039038079557940364,
      0.00031887818477116525,
      0.004948889371007681,
      0.000901548657566309,
      4.787346551893279e-05,
      0.0007073364104144275,
      0.0005563398008234799,
      0.8212676048278809,
      0.0009455535328015685
    ]
  ],
  "currentPrediction": [
    {
      "name": "LSTM Base Model",
      "predictions": [
        [
          2,
          5,
          8
        ],
        [
          2,
          3,
          1
        ]
      ]
    }
  ],
  "realResult": [
    8,
    8,
    1
  ],
  "newPrediction": [
    {
      "name": "LSTM Base Model",
      "predictions": [
        [
          8,
          8,
          1
        ],
        [
          8,
          2,
          1
        ]
      ]
    }
  ],
  "newPredictionRaw": [
    [
      0.0008310417179018259,
      0.002585319336503744,
      0.0035886061377823353,
      0.00023878325009718537,
      0.00011580339923966676,
      0.0011844863183796406,
      0.002086940687149763,
      0.0002764692762866616,
      0.4317150115966797,
      0.0008785803220234811
    ],
    [
      0.0011052534682676196,
      0.002675481606274843,
      0.0024364590644836426,
      0.0006324677378870547,
      0.0018582399934530258,
      0.0005540436832234263,
      0.0012451136717572808,
      0.0021933631505817175,
      0.31391483545303345,
      0.0008587295305915177
    ],
    [
      0.0022914197761565447,
      0.21104547381401062,
      0.004805448465049267,
      0.0005891234613955021,
      0.00024802066036500037,
      0.00041439890628680587,
      0.0018474163953214884,
      0.004208471160382032,
      0.0024519884027540684,
      0.0011231487151235342
    ]
  ],
  "matchingNumbers": {
    "model": "LSTM Base Model",
    "prediction": [
      2,
      5,
      8
    ],
    "matching_numbers": [
      8
    ],
    "match_count": 1
  },
  "labels": [
    0,
    1,
    2,
    3,
    4,
    5,
    6,
    7,
    8,
    9
  ],
  "numberFrequency": {
    "8": 0.5,
    "1": 0.3333333333333333,
    "2": 0.16666666666666666
  }
}