{"currentPredictionRaw": [[0.0, 0.0, 0.0, 0.0, 0.0, 0.0, 0.0, 0.0, 1.0, 2.2952583075850846e-29], [0.0, 0.0, 0.0, 4.5636376315669354e-37, 2.5943903761699074e-27, 0.0, 1.0, 0.0, 0.0, 2.6360826322464506e-33], [0.9996628761291504, 4.480399325695331e-38, 0.0, 2.182376556447707e-05, 6.05566754074971e-07, 0.0, 0.0003142953210044652, 0.0, 0.0, 4.6090838168311166e-07]], "currentPrediction": [[8, 6, 0], [9, 4, 6], [7, 9, 3], [6, 3, 4], [5, 8, 9], [4, 7, 1], [3, 5, 8], [2, 2, 7], [1, 1, 5], [0, 0, 2]], "realResult": [2, 9, 6], "newPrediction": [[1, 7, 7], [2, 6, 6], [3, 5, 5], [8, 8, 8], [9, 4, 4], [5, 9, 9], [0, 0, 0], [7, 2, 2], [4, 1, 1], [6, 3, 3]], "newPredictionRaw": [[6.69429823574319e-07, 0.9992328882217407, 0.00037063207128085196, 0.0002583686145953834, 6.239983463274257e-08, 2.393482645857148e-06, 2.5435310108123943e-11, 3.599447495616914e-07, 0.00012935818813275546, 5.251261427474674e-06], [6.2047691457124615e-19, 3.2912541162752884e-21, 4.87119844954773e-20, 1.6254041765981572e-27, 5.860239593938332e-13, 7.124050238616064e-09, 4.8235629037662875e-06, 0.999995231628418, 4.280340248907777e-10, 3.2857697631656505e-15], [6.541703073660038e-19, 4.5849417741399574e-21, 6.128198587372076e-20, 2.1747656783989054e-27, 6.251615978364322e-13, 7.409563629323657e-09, 4.745832939079264e-06, 0.999995231628418, 4.633194661263218e-10, 3.737523985913654e-15]], "matchingNumbers": {"bestMatchIndex": 1, "bestMatchSequence": [9, 4, 6], "matchingNumbers": [9, 6]}, "labels": [0, 1, 2, 3, 4, 5, 6, 7, 8, 9]}