{"currentPredictionRaw": [[7.306159091058362e-07, 0.9992596507072449, 0.0003729689051397145, 0.00024040127755142748, 7.463042095423589e-08, 2.6780796815728536e-06, 2.9545345336945417e-11, 4.4737532789440593e-07, 0.00011837993952212855, 4.692454695032211e-06], [2.7532953334233855e-14, 8.483132375540752e-16, 8.772218730617034e-20, 8.958999341002194e-12, 2.51620674572876e-14, 1.4053812617445617e-23, 3.766459713006043e-07, 3.116632996060138e-14, 4.0836791955801977e-13, 0.9999996423721313], [6.729499659741123e-07, 0.9992341995239258, 0.00037934770807623863, 0.0002527501492295414, 6.16958715227156e-08, 2.6684513159125345e-06, 2.399655127383049e-11, 3.547523022007226e-07, 0.0001257347612408921, 4.281801466277102e-06]], "currentPrediction": [[1, 9, 1], [2, 6, 2], [3, 3, 3], [8, 8, 8], [9, 7, 9], [5, 0, 5], [0, 4, 0], [7, 1, 7], [4, 2, 4], [6, 5, 6]], "realResult": [2, 3, 1], "newPrediction": [[7, 9, 2], [6, 6, 3], [5, 3, 5], [8, 8, 1], [4, 7, 9], [9, 0, 8], [0, 4, 7], [2, 1, 6], [1, 2, 4], [3, 5, 0]], "newPredictionRaw": [[2.7994824062727346e-19, 1.8008109676191547e-21, 3.5620083849501156e-20, 1.0140714491978776e-27, 3.9820525891444414e-13, 6.146643638516025e-09, 5.253646577330073e-06, 0.9999947547912598, 3.8950556668915226e-10, 2.7817423843855054e-15], [3.332657229609265e-14, 2.270065451058707e-15, 2.389900307051923e-19, 1.5763263958024076e-11, 3.310723480846704e-14, 3.1827356838497975e-23, 2.715545974751876e-07, 3.980794304760636e-14, 7.90776515449676e-13, 0.9999997615814209], [0.0, 1.2028759400721496e-30, 1.0, 1.078873435034211e-09, 0.0, 1.1606739761217327e-25, 0.0, 0.0, 0.0, 0.0]], "matchingNumbers": {"bestMatchIndex": 0, "bestMatchSequence": [1, 9, 1], "matchingNumbers": [1]}, "labels": [0, 1, 2, 3, 4, 5, 6, 7, 8, 9]}