{"currentPredictionRaw": [], "currentPrediction": [], "realResult": [9, 1, 3], "newPrediction": [[6, 2, 3], [2, 9, 5], [5, 4, 5], [0, 5, 6], [1, 5, 9]], "newPredictionRaw": [[3.9449962360141224e-15, 2.798055778210022e-19, 1.9606547288497644e-12, 9.357068010343845e-33, 0.0, 2.6038870201345043e-21, 1.0, 0.0, 4.5957616145398094e-31, 1.3268591547753797e-14], [2.2904029238805194e-15, 4.1314897957032265e-19, 1.9381044078642384e-12, 7.927015215063207e-33, 0.0, 1.4890309235527198e-21, 1.0, 0.0, 7.514150154580535e-31, 1.4339380106486582e-14], [9.51458663002718e-16, 8.189351178969149e-26, 2.5134750482714646e-20, 0.9999998807907104, 4.502155890536774e-19, 1.612419282537303e-07, 4.677290919895928e-33, 2.651215080806679e-10, 3.5057664012428985e-16, 4.728336688611989e-30]], "matchingNumbers": [], "labels": [0, 1, 2, 3, 4, 5, 6, 7, 8, 9], "numberFrequency": {"3": 0.09787234042553192, "2": 0.10098375657744223, "6": 0.10016014641958362, "8": 0.10066346373827499, "9": 0.10011439029970258, "0": 0.10203614733470602, "5": 0.0987874628231526, "4": 0.1013498055364905, "1": 0.10002287805994052, "7": 0.09800960878517502}}