{
  "currentPredictionRaw": [
    [
      0.0014543848810717463,
      0.0028220941312611103,
      0.01640174724161625,
      0.05485415458679199,
      0.34435683488845825,
      0.012299902737140656,
      0.0024145233910530806,
      0.014237681403756142,
      0.021917682141065598,
      0.0069036600179970264
    ],
    [
      0.0032963526900857687,
      0.1023925244808197,
      0.0840882807970047,
      0.02039671130478382,
      0.014844649471342564,
      0.012203981168568134,
      0.00048199371667578816,
      0.012987786903977394,
      0.00312264752574265,
      0.03352480009198189
    ],
    [
      0.010925861075520515,
      0.003697530599310994,
      0.09738852083683014,
      0.020363524556159973,
      0.0032674078829586506,
      0.002062513493001461,
      0.04602818563580513,
      0.005076984409242868,
      0.03448914736509323,
      0.011697893030941486
    ]
  ],
  "currentPrediction": [
    {
      "name": "LSTM Base Model",
      "predictions": [
        [
          4,
          1,
          2
        ],
        [
          4,
          3,
          8
        ]
      ]
    }
  ],
  "realResult": [
    7,
    7,
    8
  ],
  "newPrediction": [
    {
      "name": "LSTM Base Model",
      "predictions": [
        [
          5,
          9,
          6
        ],
        [
          5,
          4,
          0
        ]
      ]
    }
  ],
  "newPredictionRaw": [
    [
      0.022708909586071968,
      0.0191337987780571,
      0.007326097693294287,
      0.004751218017190695,
      0.02351873740553856,
      0.09551379084587097,
      0.0005940331029705703,
      0.002475803717970848,
      0.005440328270196915,
      0.005305666476488113
    ],
    [
      0.0027563434559851885,
      0.006948978640139103,
      0.0037394484970718622,
      0.008456249721348286,
      0.009844855405390263,
      0.010487782768905163,
      0.021365998312830925,
      0.0015935233095660806,
      0.014506826177239418,
      0.08515256643295288
    ],
    [
      0.008078831247985363,
      0.01070213969796896,
      0.0006798578542657197,
      0.021773338317871094,
      0.001973654143512249,
      0.06703037768602371,
      0.49622368812561035,
      0.013485622592270374,
      0.0046622613444924355,
      0.023769278079271317
    ]
  ],
  "matchingNumbers": {
    "model": "LSTM Base Model",
    "prediction": [
      4,
      3,
      8
    ],
    "matching_numbers": [
      8
    ],
    "match_count": 1
  },
  "labels": [
    0,
    1,
    2,
    3,
    4,
    5,
    6,
    7,
    8,
    9
  ],
  "numberFrequency": {
    "5": 0.3333333333333333,
    "9": 0.16666666666666666,
    "6": 0.16666666666666666,
    "4": 0.16666666666666666,
    "0": 0.16666666666666666
  }
}