{
  "currentPredictionRaw": [
    [
      0.0023607101757079363,
      0.0014737654710188508,
      0.006975693162530661,
      0.011373426765203476,
      0.0035938408691436052,
      0.004134951159358025,
      0.29967573285102844,
      0.0031030490063130856,
      0.012524333782494068,
      0.0014076072257012129
    ],
    [
      0.014623439870774746,
      0.004003581590950489,
      0.3644586503505707,
      0.005434100981801748,
      0.020225273445248604,
      0.01327318325638771,
      0.006534121464937925,
      0.010537023656070232,
      0.0025685932487249374,
      0.0019781796727329493
    ],
    [
      0.0006300875684246421,
      0.011305117048323154,
      0.12434034794569016,
      0.007947531528770924,
      0.010256697423756123,
      0.006278541404753923,
      0.002892391523346305,
      0.03453188017010689,
      0.007256565615534782,
      0.004301580600440502
    ]
  ],
  "currentPrediction": [
    {
      "name": "LSTM Base Model",
      "predictions": [
        [
          6,
          2,
          2
        ],
        [
          6,
          8,
          3
        ]
      ]
    }
  ],
  "realResult": [
    7,
    2,
    0
  ],
  "newPrediction": [
    {
      "name": "LSTM Base Model",
      "predictions": [
        [
          8,
          3,
          6
        ],
        [
          8,
          4,
          2
        ]
      ]
    }
  ],
  "newPredictionRaw": [
    [
      0.005249906796962023,
      0.0023882780224084854,
      0.032085780054330826,
      0.001108480035327375,
      0.06724841892719269,
      0.004182364791631699,
      0.004315621685236692,
      0.00694840494543314,
      0.08928043395280838,
      0.009289175271987915
    ],
    [
      0.007533485069870949,
      0.005886458791792393,
      0.0016039775218814611,
      0.0888829380273819,
      0.03840238228440285,
      0.004691948648542166,
      0.05186609551310539,
      0.010884355753660202,
      0.0032625060994178057,
      0.006985979154706001
    ],
    [
      0.009149434044957161,
      0.003402302972972393,
      0.013584720902144909,
      0.006802312098443508,
      0.009711232967674732,
      0.16141226887702942,
      0.340566486120224,
      0.0004248075420036912,
      0.009742596186697483,
      0.003106913762167096
    ]
  ],
  "matchingNumbers": {
    "model": "LSTM Base Model",
    "prediction": [
      6,
      2,
      2
    ],
    "matching_numbers": [
      2
    ],
    "match_count": 1
  },
  "labels": [
    0,
    1,
    2,
    3,
    4,
    5,
    6,
    7,
    8,
    9
  ],
  "numberFrequency": {
    "8": 0.3333333333333333,
    "3": 0.16666666666666666,
    "6": 0.16666666666666666,
    "4": 0.16666666666666666,
    "2": 0.16666666666666666
  }
}