{
  "currentPredictionRaw": [
    [
      0.005086828954517841,
      0.05678711086511612,
      0.07953201234340668,
      0.09842994809150696,
      0.0004886887036263943,
      0.0004534100298769772,
      0.006706669460982084,
      0.009917301125824451,
      0.13620442152023315,
      0.004514298867434263
    ],
    [
      0.0032007612753659487,
      0.00811580941081047,
      0.06263614445924759,
      0.20144611597061157,
      0.004630459006875753,
      0.027307026088237762,
      0.04043084383010864,
      0.002723183250054717,
      0.007129743229597807,
      0.01763433776795864
    ],
    [
      0.0073161073960363865,
      0.015665678307414055,
      0.014302799478173256,
      0.012925473041832447,
      0.008787617087364197,
      0.039645541459321976,
      0.005106713622808456,
      0.001268496154807508,
      0.06895484030246735,
      0.05265164375305176
    ]
  ],
  "currentPrediction": [
    {
      "name": "LSTM Base Model",
      "predictions": [
        [
          8,
          3,
          8
        ],
        [
          8,
          3,
          2
        ]
      ]
    }
  ],
  "realResult": [
    3,
    2,
    0
  ],
  "newPrediction": [
    {
      "name": "LSTM Base Model",
      "predictions": [
        [
          6,
          1,
          6
        ],
        [
          6,
          5,
          9
        ]
      ]
    }
  ],
  "newPredictionRaw": [
    [
      0.0033243577927351,
      0.005776914302259684,
      0.00495280884206295,
      0.004176741000264883,
      0.010385003872215748,
      0.02850632555782795,
      0.0359978973865509,
      0.014167067594826221,
      0.0013278296682983637,
      0.02135387249290943
    ],
    [
      0.013073472306132317,
      0.37206748127937317,
      0.1899363249540329,
      0.011079719290137291,
      0.019221581518650055,
      0.0050283027812838554,
      0.0035756679717451334,
      0.0005391963059082627,
      0.0015160812763497233,
      0.015751466155052185
    ],
    [
      0.011450406163930893,
      0.030446000397205353,
      0.01727965660393238,
      0.058808501809835434,
      0.014611775055527687,
      0.01916399411857128,
      0.07243919372558594,
      0.011504906229674816,
      0.0011477656662464142,
      0.001389712793752551
    ]
  ],
  "matchingNumbers": {
    "model": "LSTM Base Model",
    "prediction": [
      8,
      3,
      2
    ],
    "matching_numbers": [
      2,
      3
    ],
    "match_count": 2
  },
  "labels": [
    0,
    1,
    2,
    3,
    4,
    5,
    6,
    7,
    8,
    9
  ],
  "numberFrequency": {
    "6": 0.5,
    "1": 0.16666666666666666,
    "5": 0.16666666666666666,
    "9": 0.16666666666666666
  }
}