{
  "currentPredictionRaw": [
    [
      0.00905546359717846,
      0.07817797362804413,
      0.004173210822045803,
      0.007983378134667873,
      0.00020140585547778755,
      0.0005315408925525844,
      0.0054383790120482445,
      0.00804335530847311,
      0.012713106349110603,
      0.10909900814294815
    ],
    [
      0.0024543488398194313,
      0.009137863293290138,
      0.03031574934720993,
      0.00870835967361927,
      0.09194677323102951,
      0.0009449336212128401,
      0.4072798490524292,
      0.0007397475419566035,
      0.0017109198961406946,
      0.0012564737116917968
    ],
    [
      0.08492562174797058,
      0.002127253683283925,
      0.0037689292803406715,
      0.009439862333238125,
      0.0013860645703971386,
      0.000688623811583966,
      0.051782313734292984,
      0.034657515585422516,
      0.020782163366675377,
      0.0005298596224747598
    ]
  ],
  "currentPrediction": [
    {
      "name": "LSTM Base Model",
      "predictions": [
        [
          9,
          6,
          0
        ],
        [
          9,
          1,
          8
        ]
      ]
    }
  ],
  "realResult": [
    6,
    6,
    0
  ],
  "newPrediction": [
    {
      "name": "LSTM Base Model",
      "predictions": [
        [
          3,
          4,
          7
        ],
        [
          3,
          2,
          6
        ]
      ]
    }
  ],
  "newPredictionRaw": [
    [
      0.0034616554621607065,
      0.01235122885555029,
      0.03653442859649658,
      0.08669745922088623,
      0.0037300484254956245,
      0.006346429698169231,
      0.013839083723723888,
      0.007302968297153711,
      0.007962017320096493,
      0.012924019247293472
    ],
    [
      0.02026522159576416,
      0.006728871259838343,
      0.006151766981929541,
      0.006958695128560066,
      0.10241885483264923,
      0.0017150286585092545,
      0.09786375612020493,
      0.018847566097974777,
      0.09567006677389145,
      0.015884093940258026
    ],
    [
      0.01466902531683445,
      0.16661743819713593,
      0.003507608314976096,
      0.011691305786371231,
      0.005921713076531887,
      0.0019302830332890153,
      0.03988580033183098,
      0.17706671357154846,
      0.005370065104216337,
      0.009686862118542194
    ]
  ],
  "matchingNumbers": {
    "model": "LSTM Base Model",
    "prediction": [
      9,
      6,
      0
    ],
    "matching_numbers": [
      0,
      6
    ],
    "match_count": 2
  },
  "labels": [
    0,
    1,
    2,
    3,
    4,
    5,
    6,
    7,
    8,
    9
  ],
  "numberFrequency": {
    "3": 0.3333333333333333,
    "4": 0.16666666666666666,
    "7": 0.16666666666666666,
    "2": 0.16666666666666666,
    "6": 0.16666666666666666
  }
}