{"currentPredictionRaw": [[2.78403641238369e-32, 0.0, 0.0, 0.0, 0.0, 1.0, 0.0, 0.0, 0.0, 0.0], [0.0, 1.0, 0.0, 1.0271689877513254e-14, 0.0, 0.0, 0.0, 0.0, 0.0, 0.0], [2.3896853496940904e-15, 4.264889139449224e-05, 9.06537475020058e-17, 0.9999573230743408, 7.5996224182480115e-22, 3.812152842818009e-17, 3.480993113801905e-30, 4.059152980382435e-21, 2.0851311788305793e-08, 3.313600724713585e-15]], "currentPrediction": [[5, 1, 3], [0, 3, 8], [4, 0, 2], [6, 5, 4], [0, 2, 4], [4, 5, 4], [0, 9, 7], [1, 5, 9]], "realResult": [4, 2, 4], "newPrediction": [[5, 1, 3], [0, 3, 8], [3, 1, 6], [7, 0, 6], [7, 1, 3], [3, 3, 4], [0, 9, 2], [1, 5, 8]], "newPredictionRaw": [[1.1876834749239301e-30, 0.0, 0.0, 0.0, 0.0, 1.0, 0.0, 0.0, 0.0, 0.0], [0.0, 1.0, 0.0, 1.8672920943318093e-14, 0.0, 0.0, 0.0, 0.0, 0.0, 0.0], [4.348185401214827e-17, 0.00031401708838529885, 3.22668519737503e-20, 0.9996860027313232, 2.423859948606346e-19, 7.067264711678933e-15, 8.942395916578597e-35, 1.546303649007927e-20, 8.506339079297764e-13, 6.41720192246618e-20]], "matchingNumbers": {"bestMatchIndex": 2, "bestMatchSequence": [4, 0, 2], "matchingNumbers": [2, 4]}, "labels": [0, 1, 2, 3, 4, 5, 6, 7, 8, 9], "numberFrequency": {"6": 0.10005482456140351, "4": 0.10142543859649122, "1": 0.10000913742690058, "0": 0.10220211988304094, "5": 0.09877558479532164, "3": 0.09781615497076024, "2": 0.10101425438596491, "8": 0.1006030701754386, "7": 0.09804459064327485, "9": 0.10005482456140351}}