{
  "currentPredictionRaw": [
    [
      0.006008441094309092,
      0.04909437894821167,
      0.006443277932703495,
      0.0009787107119336724,
      0.035651855170726776,
      0.004124176688492298,
      0.005294701550155878,
      0.11867937445640564,
      0.12385731190443039,
      0.00413766922429204
    ],
    [
      0.0034428038634359837,
      0.002676944248378277,
      0.01908944547176361,
      0.014865265227854252,
      0.11412478238344193,
      0.03964484483003616,
      0.0019101914949715137,
      0.052267592400312424,
      0.06700639426708221,
      0.0036953617818653584
    ],
    [
      0.010466939769685268,
      0.003194907447323203,
      0.004190859850496054,
      0.005051697604358196,
      0.01117364689707756,
      0.13483384251594543,
      0.05173911899328232,
      0.0084321154281497,
      0.09103283286094666,
      0.006890527904033661
    ]
  ],
  "currentPrediction": [
    {
      "name": "LSTM Base Model",
      "predictions": [
        [
          8,
          4,
          5
        ],
        [
          8,
          7,
          1
        ]
      ]
    }
  ],
  "realResult": [
    7,
    0,
    9
  ],
  "newPrediction": [
    {
      "name": "LSTM Base Model",
      "predictions": [
        [
          7,
          8,
          9
        ],
        [
          7,
          6,
          5
        ]
      ]
    }
  ],
  "newPredictionRaw": [
    [
      0.011234937235713005,
      0.004261006135493517,
      0.003323073498904705,
      0.01443956047296524,
      0.015770459547638893,
      0.029335252940654755,
      0.057620808482170105,
      0.10534851998090744,
      0.006595694925636053,
      0.004892372991889715
    ],
    [
      0.02621663734316826,
      0.014263294637203217,
      0.02640906721353531,
      0.002689049579203129,
      0.006600447464734316,
      0.007466120645403862,
      0.00615995517000556,
      0.0322718471288681,
      0.14729464054107666,
      0.012413919903337955
    ],
    [
      0.009536185301840305,
      0.08378180116415024,
      0.0018294124165549874,
      0.014752857387065887,
      0.03195479139685631,
      0.005170903168618679,
      0.014806044287979603,
      0.009177898056805134,
      0.0055684782564640045,
      0.2888149917125702
    ]
  ],
  "matchingNumbers": {
    "model": "LSTM Base Model",
    "prediction": [
      8,
      7,
      1
    ],
    "matching_numbers": [
      7
    ],
    "match_count": 1
  },
  "labels": [
    0,
    1,
    2,
    3,
    4,
    5,
    6,
    7,
    8,
    9
  ],
  "numberFrequency": {
    "7": 0.3333333333333333,
    "8": 0.16666666666666666,
    "9": 0.16666666666666666,
    "6": 0.16666666666666666,
    "5": 0.16666666666666666
  }
}