{"currentPredictionRaw": [[0.10239268839359283, 0.09971415996551514, 0.10090858489274979, 0.09907081723213196, 0.10220377892255783, 0.09915181249380112, 0.09829120337963104, 0.09720847010612488, 0.10079097747802734, 0.10026750713586807], [0.10239268839359283, 0.09971415996551514, 0.10090858489274979, 0.09907081723213196, 0.10220377892255783, 0.09915181249380112, 0.09829120337963104, 0.09720847010612488, 0.10079097747802734, 0.10026750713586807], [0.10239268839359283, 0.09971415996551514, 0.10090858489274979, 0.09907081723213196, 0.10220377892255783, 0.09915181249380112, 0.09829120337963104, 0.09720847010612488, 0.10079097747802734, 0.10026750713586807]], "currentPrediction": [[1, 0, 0], [5, 0, 0], [3, 0, 0], [9, 0, 0], [10, 0, 0], [2, 0, 0], [6, 0, 0], [4, 0, 0], [7, 0, 0], [8, 0, 0]], "realResult": [2, 1, 6], "newPrediction": [[1, 0, 0], [5, 0, 0], [3, 0, 0], [9, 0, 0], [10, 0, 0], [2, 0, 0], [6, 0, 0], [4, 0, 0], [7, 0, 0], [8, 0, 0]], "newPredictionRaw": [[0.10239867120981216, 0.09970682114362717, 0.10090623050928116, 0.09908448159694672, 0.10220742225646973, 0.09915012866258621, 0.09827548265457153, 0.09721112251281738, 0.10079909861087799, 0.10026057809591293], [0.10239867120981216, 0.09970682114362717, 0.10090623050928116, 0.09908448159694672, 0.10220742225646973, 0.09915012866258621, 0.09827548265457153, 0.09721112251281738, 0.10079909861087799, 0.10026057809591293], [0.10239867120981216, 0.09970682114362717, 0.10090623050928116, 0.09908448159694672, 0.10220742225646973, 0.09915012866258621, 0.09827548265457153, 0.09721112251281738, 0.10079909861087799, 0.10026057809591293]], "matchingNumbers": {"bestMatchIndex": 0, "bestMatchSequence": [1, 0, 0], "matchingNumbers": [1]}}