{
  "currentPredictionRaw": [
    [
      0.01357483770698309,
      0.042977962642908096,
      0.0006639850907959044,
      0.17036238312721252,
      0.025465255603194237,
      0.0015990561805665493,
      0.04495180398225784,
      0.0031436141580343246,
      0.006778839509934187,
      0.0017140976851806045
    ],
    [
      0.05844800919294357,
      0.006937594152987003,
      0.13250283896923065,
      0.1022278293967247,
      0.0019875955767929554,
      0.05958758294582367,
      0.005173131357878447,
      0.005410138983279467,
      0.0014632749371230602,
      0.001977246720343828
    ],
    [
      0.001325004966929555,
      0.000443740893388167,
      0.09062446653842926,
      0.04367648810148239,
      0.034907158464193344,
      0.07290834933519363,
      0.01207499485462904,
      0.01579878106713295,
      0.02373305894434452,
      0.01756085269153118
    ]
  ],
  "currentPrediction": [
    {
      "name": "LSTM Base Model",
      "predictions": [
        [
          3,
          2,
          2
        ],
        [
          3,
          6,
          1
        ]
      ]
    }
  ],
  "realResult": [
    8,
    1,
    3
  ],
  "newPrediction": [
    {
      "name": "LSTM Base Model",
      "predictions": [
        [
          9,
          8,
          0
        ],
        [
          9,
          2,
          6
        ]
      ]
    }
  ],
  "newPredictionRaw": [
    [
      0.005936077330261469,
      0.0053232586942613125,
      0.04011311009526253,
      0.00623230030760169,
      0.00782297644764185,
      0.008837953209877014,
      0.019103404134511948,
      0.001679220818914473,
      0.0008599126012995839,
      0.09085564315319061
    ],
    [
      0.0037896304856985807,
      0.05768625810742378,
      0.02031753584742546,
      0.0037184469401836395,
      0.0035606699530035257,
      0.03138051554560661,
      0.0028284876607358456,
      0.0028510987758636475,
      0.27096661925315857,
      0.01297132670879364
    ],
    [
      0.20568996667861938,
      0.002524063689634204,
      0.0029286674689501524,
      0.00994066707789898,
      0.00344736292026937,
      0.0025616977363824844,
      0.006323632318526506,
      0.05136965960264206,
      0.10882219672203064,
      0.009557658806443214
    ]
  ],
  "matchingNumbers": {
    "model": "LSTM Base Model",
    "prediction": [
      3,
      6,
      1
    ],
    "matching_numbers": [
      1,
      3
    ],
    "match_count": 2
  },
  "labels": [
    0,
    1,
    2,
    3,
    4,
    5,
    6,
    7,
    8,
    9
  ],
  "numberFrequency": {
    "9": 0.3333333333333333,
    "8": 0.16666666666666666,
    "0": 0.16666666666666666,
    "2": 0.16666666666666666,
    "6": 0.16666666666666666
  }
}