{
  "currentPredictionRaw": [
    [
      0.0026967362500727177,
      0.0012908184435218573,
      0.0008995643584057689,
      0.006460305768996477,
      0.0020780309569090605,
      0.006723067257553339,
      0.003218873171135783,
      0.006684407591819763,
      0.07269454747438431,
      0.0007880540797486901
    ],
    [
      0.00014520258991979063,
      0.6083170771598816,
      0.006370680406689644,
      0.0009308222215622663,
      0.011673797853291035,
      0.0015964687336236238,
      0.0014056919608265162,
      0.001748851384036243,
      0.0018415654776617885,
      0.0010164141422137618
    ],
    [
      0.003901988035067916,
      0.0026633695233613253,
      0.008882196620106697,
      0.2372085154056549,
      5.192914977669716e-05,
      0.0016346880001947284,
      0.0010057669132947922,
      0.0007995120831765234,
      0.004995101597160101,
      0.0002759947965387255
    ]
  ],
  "currentPrediction": [
    {
      "name": "LSTM Base Model",
      "predictions": [
        [
          8,
          1,
          3
        ],
        [
          8,
          5,
          7
        ]
      ]
    }
  ],
  "realResult": [
    7,
    6,
    6
  ],
  "newPrediction": [
    {
      "name": "LSTM Base Model",
      "predictions": [
        [
          7,
          6,
          6
        ],
        [
          7,
          6,
          3
        ]
      ]
    }
  ],
  "newPredictionRaw": [
    [
      0.0007059816853143275,
      0.00046085804933682084,
      0.000779183057602495,
      0.007326013408601284,
      0.0010796957649290562,
      0.0035992898046970367,
      0.009745163843035698,
      0.2446819245815277,
      0.0015594462165609002,
      0.004280397668480873
    ],
    [
      0.003129709744825959,
      0.015306616201996803,
      0.002537406049668789,
      0.004401091951876879,
      0.00549138942733407,
      0.0017348675755783916,
      0.29570719599723816,
      8.516280649928376e-05,
      0.0021006267052143812,
      0.0035229134373366833
    ],
    [
      0.0254068560898304,
      0.0009034170070663095,
      0.00072122534038499,
      0.0034972969442605972,
      0.011219313368201256,
      0.00010634970385581255,
      0.33321815729141235,
      0.011519057676196098,
      0.002300992840901017,
      0.002872459590435028
    ]
  ],
  "matchingNumbers": {
    "model": "LSTM Base Model",
    "prediction": [
      8,
      5,
      7
    ],
    "matching_numbers": [
      7
    ],
    "match_count": 1
  },
  "labels": [
    0,
    1,
    2,
    3,
    4,
    5,
    6,
    7,
    8,
    9
  ],
  "numberFrequency": {
    "7": 0.3333333333333333,
    "6": 0.5,
    "3": 0.16666666666666666
  }
}