{
  "currentPredictionRaw": [],
  "currentPrediction": [
    {
      "name": "PoissonMonteCarlo Model",
      "predictions": [
        [
          3,
          5,
          9
        ]
      ]
    }
  ],
  "realResult": [
    0,
    9,
    5
  ],
  "newPrediction": [
    {
      "name": "LSTM Base Model",
      "predictions": [
        [
          1,
          5,
          7
        ],
        [
          1,
          5,
          6
        ]
      ]
    },
    {
      "name": "PoissonMarkov Model",
      "predictions": [
        [
          2,
          7,
          4
        ]
      ]
    }
  ],
  "newPredictionRaw": [
    [
      0.03497299924492836,
      0.049955569207668304,
      0.039351776242256165,
      0.036106087267398834,
      0.03814290463924408,
      0.04320182651281357,
      0.040647052228450775,
      0.034810587763786316,
      0.0404960960149765,
      0.037805765867233276
    ],
    [
      0.03587668016552925,
      0.03981504589319229,
      0.043192509561777115,
      0.038710229098796844,
      0.03713749721646309,
      0.04508437216281891,
      0.03338490054011345,
      0.04176183044910431,
      0.04148510470986366,
      0.040640998631715775
    ],
    [
      0.021183058619499207,
      0.017891669645905495,
      0.020107530057430267,
      0.02028954215347767,
      0.02241913229227066,
      0.021128833293914795,
      0.020269101485610008,
      0.023478975519537926,
      0.020536867901682854,
      0.02011554129421711
    ]
  ],
  "matchingNumbers": {
    "model": "PoissonMonteCarlo Model",
    "prediction": [
      3,
      5,
      9
    ],
    "matching_numbers": [
      9,
      5
    ],
    "match_count": 2
  },
  "labels": [
    0,
    1,
    2,
    3,
    4,
    5,
    6,
    7,
    8,
    9
  ],
  "numberFrequency": {
    "1": 0.2222222222222222,
    "5": 0.2222222222222222,
    "7": 0.2222222222222222,
    "6": 0.1111111111111111,
    "2": 0.1111111111111111,
    "4": 0.1111111111111111
  }
}