{
  "currentPredictionRaw": [
    [
      0.024563737213611603,
      0.010708106681704521,
      0.008988081477582455,
      0.0007866475498303771,
      0.0038633078802376986,
      0.022023797035217285,
      0.0010510467691347003,
      0.010201402939856052,
      0.0017601678846403956,
      0.0012334034545347095
    ],
    [
      0.510480523109436,
      0.0011117506073787808,
      0.013998114503920078,
      0.0004682420112658292,
      0.023360705003142357,
      0.012811107560992241,
      0.0008028431911952794,
      0.0024267856497317553,
      0.004202253185212612,
      0.00452309800311923
    ],
    [
      0.006448294967412949,
      0.0002801694208756089,
      0.0007425733492709696,
      0.004219808615744114,
      0.290794312953949,
      0.009489737451076508,
      0.0029474832117557526,
      0.004814654588699341,
      0.0016093801241368055,
      0.019288524985313416
    ]
  ],
  "currentPrediction": [
    {
      "name": "LSTM Base Model",
      "predictions": [
        [
          0,
          0,
          4
        ],
        [
          0,
          5,
          1
        ]
      ]
    }
  ],
  "realResult": [
    2,
    0,
    3
  ],
  "newPrediction": [
    {
      "name": "LSTM Base Model",
      "predictions": [
        [
          2,
          0,
          3
        ],
        [
          2,
          7,
          3
        ]
      ]
    }
  ],
  "newPredictionRaw": [
    [
      0.007096700370311737,
      0.0013472834834828973,
      0.18667437136173248,
      0.016184929758310318,
      0.004545313306152821,
      0.010250856168568134,
      0.0006313937483355403,
      0.018486790359020233,
      0.001160870655439794,
      0.0004101344384253025
    ],
    [
      0.4203292727470398,
      0.0021589803509414196,
      0.00835429597645998,
      0.0019166080746799707,
      0.005782389082014561,
      0.003854911308735609,
      0.007694224361330271,
      0.006772890686988831,
      0.0015467023476958275,
      0.010220900177955627
    ],
    [
      0.030585285276174545,
      0.0048247394151985645,
      0.00038093439070507884,
      0.23149465024471283,
      0.0011275740107521415,
      0.005130581092089415,
      0.004467702005058527,
      0.0018722553504630923,
      0.0035723233595490456,
      0.001124084461480379
    ]
  ],
  "matchingNumbers": {
    "model": "LSTM Base Model",
    "prediction": [
      0,
      0,
      4
    ],
    "matching_numbers": [
      0
    ],
    "match_count": 1
  },
  "labels": [
    0,
    1,
    2,
    3,
    4,
    5,
    6,
    7,
    8,
    9
  ],
  "numberFrequency": {
    "2": 0.3333333333333333,
    "0": 0.16666666666666666,
    "3": 0.3333333333333333,
    "7": 0.16666666666666666
  }
}