{
  "currentPredictionRaw": [
    [
      0.0012701478553935885,
      0.013862873427569866,
      0.005803374573588371,
      0.004220840986818075,
      0.009365015663206577,
      0.01018334086984396,
      0.024496158584952354,
      0.008315511047840118,
      0.026195934042334557,
      0.08785118907690048
    ],
    [
      0.0014730418333783746,
      0.007366375532001257,
      0.02680896408855915,
      0.0026555825024843216,
      0.003814401337876916,
      0.438459575176239,
      0.1738070547580719,
      0.003979227971285582,
      0.0065852883271873,
      0.006620488129556179
    ],
    [
      0.014362999238073826,
      0.021675510331988335,
      0.01700039952993393,
      0.01210824865847826,
      0.002417862880975008,
      0.018082838505506516,
      0.015868160873651505,
      0.007429306861013174,
      0.01622086390852928,
      0.011699382215738297
    ]
  ],
  "currentPrediction": [
    {
      "name": "LSTM Base Model",
      "predictions": [
        [
          9,
          5,
          1
        ],
        [
          9,
          8,
          6
        ]
      ]
    }
  ],
  "realResult": [
    2,
    7,
    4
  ],
  "newPrediction": [
    {
      "name": "LSTM Base Model",
      "predictions": [
        [
          2,
          0,
          4
        ],
        [
          2,
          8,
          6
        ]
      ]
    }
  ],
  "newPredictionRaw": [
    [
      0.0030362296383827925,
      0.007290540263056755,
      0.450953871011734,
      0.00864221528172493,
      0.004348868038505316,
      0.006189845502376556,
      0.02407650463283062,
      0.005504353903234005,
      0.083742156624794,
      0.0034944452345371246
    ],
    [
      0.05536315590143204,
      0.0038794102147221565,
      0.004887987859547138,
      0.0063983602449297905,
      0.0037058440502732992,
      0.025013666599988937,
      0.03895546868443489,
      0.04001716151833534,
      0.0032451478764414787,
      0.01395156979560852
    ],
    [
      0.0031756311655044556,
      0.008039260283112526,
      0.02494337595999241,
      0.018620910122990608,
      0.08714974671602249,
      0.031387683004140854,
      0.0021302099339663982,
      0.020344899967312813,
      0.007504027336835861,
      0.004007481038570404
    ]
  ],
  "matchingNumbers": {
    "model": null,
    "prediction": null,
    "matching_numbers": [],
    "match_count": 0
  },
  "labels": [
    0,
    1,
    2,
    3,
    4,
    5,
    6,
    7,
    8,
    9
  ],
  "numberFrequency": {
    "2": 0.3333333333333333,
    "0": 0.16666666666666666,
    "4": 0.16666666666666666,
    "8": 0.16666666666666666,
    "6": 0.16666666666666666
  }
}