{
  "currentPredictionRaw": [
    [
      0.004285018425434828,
      0.002225228352472186,
      0.0010188245214521885,
      0.0024955871049314737,
      0.0036406228318810463,
      0.002762703225016594,
      0.0020842801313847303,
      0.0032891712617129087,
      0.007686055731028318,
      0.09653056412935257
    ],
    [
      0.0044598993845283985,
      0.002635048469528556,
      0.0881289467215538,
      0.0029006609693169594,
      0.009853808209300041,
      0.004367743618786335,
      0.018979467451572418,
      0.0001719685533316806,
      0.00014183799794409424,
      0.003420006250962615
    ],
    [
      0.0020053181797266006,
      0.005640314891934395,
      0.0001814068091334775,
      0.001147376256994903,
      0.0022100508213043213,
      0.0032295281998813152,
      0.07250262051820755,
      0.6479675769805908,
      0.0008573911618441343,
      0.003180981846526265
    ]
  ],
  "currentPrediction": [
    {
      "name": "LSTM Base Model",
      "predictions": [
        [
          9,
          2,
          7
        ],
        [
          9,
          8,
          0
        ]
      ]
    }
  ],
  "realResult": [
    8,
    2,
    9
  ],
  "newPrediction": [
    {
      "name": "LSTM Base Model",
      "predictions": [
        [
          4,
          4,
          8
        ],
        [
          4,
          6,
          0
        ]
      ]
    }
  ],
  "newPredictionRaw": [
    [
      0.07558216154575348,
      0.003005777718499303,
      0.011174452491104603,
      0.002243688562884927,
      0.15165871381759644,
      0.006125811953097582,
      0.11607248336076736,
      0.010029725730419159,
      0.002354839351028204,
      0.06441505253314972
    ],
    [
      0.013480763882398605,
      0.03149547055363655,
      0.06102060154080391,
      0.034890368580818176,
      0.08364240825176239,
      0.004064004402607679,
      0.0027144053019583225,
      0.04559602588415146,
      0.018984703347086906,
      0.0014348558615893126
    ],
    [
      0.03702231124043465,
      0.02892167679965496,
      0.0015393059002235532,
      0.005282554775476456,
      0.004463536664843559,
      0.06077319756150246,
      0.01217770017683506,
      0.013842086307704449,
      0.08382866531610489,
      0.012162631377577782
    ]
  ],
  "matchingNumbers": {
    "model": "LSTM Base Model",
    "prediction": [
      9,
      2,
      7
    ],
    "matching_numbers": [
      9,
      2
    ],
    "match_count": 2
  },
  "labels": [
    0,
    1,
    2,
    3,
    4,
    5,
    6,
    7,
    8,
    9
  ],
  "numberFrequency": {
    "4": 0.5,
    "8": 0.16666666666666666,
    "6": 0.16666666666666666,
    "0": 0.16666666666666666
  }
}