{
  "currentPredictionRaw": [
    [
      0.009259144775569439,
      0.015144198201596737,
      0.03362550213932991,
      0.025966862216591835,
      0.0024407149758189917,
      0.0010304793249815702,
      0.0119842030107975,
      0.0023022054228931665,
      0.011118822731077671,
      0.00402368837967515
    ],
    [
      0.011110073886811733,
      0.0014711633557453752,
      0.6141079664230347,
      0.006654791068285704,
      0.006822669878602028,
      0.007575342431664467,
      0.009143626317381859,
      0.002276717685163021,
      0.003449908224865794,
      0.003406950505450368
    ],
    [
      0.09482491761445999,
      0.020462092012166977,
      0.001978392945602536,
      0.0022839040029793978,
      0.0026880044024437666,
      0.004192261956632137,
      0.017170902341604233,
      0.01556476391851902,
      0.002517007989808917,
      0.05540267378091812
    ]
  ],
  "currentPrediction": [
    {
      "name": "LSTM Base Model",
      "predictions": [
        [
          2,
          2,
          0
        ],
        [
          2,
          3,
          1
        ]
      ]
    }
  ],
  "realResult": [
    7,
    9,
    4
  ],
  "newPrediction": [
    {
      "name": "LSTM Base Model",
      "predictions": [
        [
          7,
          9,
          4
        ],
        [
          7,
          3,
          9
        ]
      ]
    }
  ],
  "newPredictionRaw": [
    [
      0.0008624229812994599,
      0.00797578226774931,
      0.0018886993639171124,
      0.12525197863578796,
      0.007695989683270454,
      0.013133066706359386,
      0.002148977480828762,
      0.17065346240997314,
      0.000676861556712538,
      0.016385294497013092
    ],
    [
      0.007629123516380787,
      0.010788279585540295,
      0.021201562136411667,
      0.0032103846315294504,
      0.009321446530520916,
      0.0032619021367281675,
      0.008516944944858551,
      0.0035803106147795916,
      0.010490416549146175,
      0.13488507270812988
    ],
    [
      0.10676959902048111,
      0.0017450547311455011,
      0.0009629133273847401,
      0.006846039555966854,
      0.1960340291261673,
      0.006446005776524544,
      0.012558701448142529,
      0.09904590249061584,
      0.006871859543025494,
      0.0031618981156498194
    ]
  ],
  "matchingNumbers": {
    "model": null,
    "prediction": null,
    "matching_numbers": [],
    "match_count": 0
  },
  "labels": [
    0,
    1,
    2,
    3,
    4,
    5,
    6,
    7,
    8,
    9
  ],
  "numberFrequency": {
    "7": 0.3333333333333333,
    "9": 0.3333333333333333,
    "4": 0.16666666666666666,
    "3": 0.16666666666666666
  }
}