{
  "currentPredictionRaw": [
    [
      0.0011965868761762977,
      0.01779642142355442,
      0.015910161659121513,
      0.00037358017289079726,
      0.0013729216298088431,
      0.0005099230911582708,
      0.41524967551231384,
      0.005839278921484947,
      0.0012762139085680246,
      0.011211511678993702
    ],
    [
      0.35350826382637024,
      0.0036606318317353725,
      0.025754697620868683,
      0.00218430464155972,
      0.0014698869781568646,
      0.0004147333384025842,
      0.002229225356131792,
      0.02448645792901516,
      0.005952268373221159,
      0.00018702741363085806
    ],
    [
      0.006323669571429491,
      0.005817767232656479,
      0.0015392513014376163,
      0.08633769303560257,
      0.0013084671227261424,
      0.0018250695429742336,
      0.003017829265445471,
      0.0012396584497764707,
      0.0006847278564237058,
      0.0013222285779193044
    ]
  ],
  "currentPrediction": [
    {
      "name": "LSTM Base Model",
      "predictions": [
        [
          6,
          0,
          3
        ],
        [
          6,
          1,
          2
        ]
      ]
    }
  ],
  "realResult": [
    0,
    0,
    4
  ],
  "newPrediction": [
    {
      "name": "LSTM Base Model",
      "predictions": [
        [
          2,
          2,
          0
        ],
        [
          2,
          6,
          5
        ]
      ]
    }
  ],
  "newPredictionRaw": [
    [
      0.008860830217599869,
      0.04966382682323456,
      0.16091462969779968,
      0.0033492199145257473,
      0.04539356008172035,
      0.05167136713862419,
      0.05461476743221283,
      0.0037798164412379265,
      0.009127652272582054,
      0.004835133440792561
    ],
    [
      0.044841453433036804,
      0.00962833222001791,
      0.07187609374523163,
      0.003968479111790657,
      0.013992903754115105,
      0.024536048993468285,
      0.03826776519417763,
      0.052522044628858566,
      0.02172519639134407,
      0.0038014522287994623
    ],
    [
      0.1315949261188507,
      0.04276713728904724,
      0.01026869285851717,
      0.06602340191602707,
      0.0016057061729952693,
      0.008939746767282486,
      0.017318911850452423,
      0.008980007842183113,
      0.032954633235931396,
      0.0021761669777333736
    ]
  ],
  "matchingNumbers": {
    "model": "LSTM Base Model",
    "prediction": [
      6,
      0,
      3
    ],
    "matching_numbers": [
      0
    ],
    "match_count": 1
  },
  "labels": [
    0,
    1,
    2,
    3,
    4,
    5,
    6,
    7,
    8,
    9
  ],
  "numberFrequency": {
    "2": 0.5,
    "0": 0.16666666666666666,
    "6": 0.16666666666666666,
    "5": 0.16666666666666666
  }
}