{"currentPredictionRaw": [[2.1574736701640035e-19, 1.6048973783735954e-24, 3.5951055614689814e-19, 1.0, 1.6894324481042666e-12, 1.515987089039663e-27, 1.6738299385855165e-14, 8.300400365643226e-35, 0.0, 4.1827151988629843e-17], [0.0, 0.0, 1.4559996953006594e-18, 0.0, 1.0290117291039008e-15, 1.0, 5.637231177616935e-30, 0.0, 0.0, 0.0], [9.861099901936233e-20, 1.3150219908387006e-21, 3.813470968048809e-20, 7.592818953561293e-28, 4.3080765192195225e-13, 7.9158510857269e-09, 4.579200322041288e-06, 0.9999954700469971, 2.024429512914594e-10, 8.548750429777767e-16]], "currentPrediction": [[3, 5, 7], [4, 4, 6], [6, 2, 5], [9, 6, 8], [2, 9, 4], [0, 8, 9], [1, 7, 0], [5, 3, 2], [7, 1, 1], [8, 0, 3]], "realResult": [5, 1, 3], "newPrediction": [[0, 0, 4], [6, 6, 6], [3, 3, 5], [4, 4, 3], [9, 9, 7], [1, 1, 2], [7, 7, 0], [8, 8, 9], [5, 5, 8], [2, 2, 1]], "newPredictionRaw": [[0.9996980428695679, 8.875175346743165e-36, 0.0, 2.5393430405529216e-05, 1.1610309229581617e-06, 0.0, 0.00027457985561341047, 2.3917484158114313e-36, 0.0, 7.804737265360018e-07], [0.9996696710586548, 7.709600552331691e-38, 0.0, 2.5431945687159896e-05, 6.095723392718355e-07, 0.0, 0.0003037386923097074, 1.382571791907273e-38, 0.0, 5.549293291551294e-07], [8.347763540330572e-30, 0.0, 8.85424914109649e-28, 8.785626731841457e-25, 0.9999996423721313, 1.6247566625438026e-09, 3.7575767919406644e-07, 8.360081632976771e-26, 0.0, 0.0]], "matchingNumbers": {"bestMatchIndex": 0, "bestMatchSequence": [3, 5, 7], "matchingNumbers": [3, 5]}, "labels": [0, 1, 2, 3, 4, 5, 6, 7, 8, 9]}