{
  "currentPredictionRaw": [
    [
      0.029853476211428642,
      0.018670639023184776,
      0.08686962723731995,
      0.002723224228248,
      0.08272713422775269,
      0.0010704415617510676,
      0.10536003112792969,
      0.0015872312942519784,
      0.001543810241855681,
      0.016229936853051186
    ],
    [
      0.35248470306396484,
      0.017897622659802437,
      0.019433729350566864,
      0.004052947741001844,
      0.013886970467865467,
      0.015620723366737366,
      0.005404651630669832,
      0.007732901256531477,
      0.007056931033730507,
      0.0011331374989822507
    ],
    [
      0.007228261325508356,
      0.002867990406230092,
      0.0029347431845963,
      0.05822831764817238,
      0.04298485442996025,
      0.01443979237228632,
      0.06645886600017548,
      0.0055542197078466415,
      0.0043317959643900394,
      0.0036312963347882032
    ]
  ],
  "currentPrediction": [
    {
      "name": "LSTM Base Model",
      "predictions": [
        [
          6,
          0,
          6
        ],
        [
          6,
          2,
          4
        ]
      ]
    }
  ],
  "realResult": [
    2,
    5,
    8
  ],
  "newPrediction": [
    {
      "name": "LSTM Base Model",
      "predictions": [
        [
          3,
          6,
          0
        ],
        [
          3,
          8,
          7
        ]
      ]
    }
  ],
  "newPredictionRaw": [
    [
      0.0009248700807802379,
      0.0023237208370119333,
      0.00532298581674695,
      0.08725926280021667,
      0.005764642730355263,
      0.01254250854253769,
      0.0049148015677928925,
      0.018253598362207413,
      0.050714436918497086,
      0.017317697405815125
    ],
    [
      0.011775380000472069,
      0.0011311057023704052,
      0.09273458272218704,
      0.0021334870252758265,
      0.09035580605268478,
      0.003796231234446168,
      0.166993647813797,
      0.008150051347911358,
      0.0024208545219153166,
      0.005697757937014103
    ],
    [
      0.2928474545478821,
      0.004215623717755079,
      0.002022661967203021,
      0.0038448350969702005,
      0.005190426018089056,
      0.010934015735983849,
      0.004917825572192669,
      0.009326775558292866,
      0.041141122579574585,
      0.03503190353512764
    ]
  ],
  "matchingNumbers": {
    "model": "LSTM Base Model",
    "prediction": [
      6,
      2,
      4
    ],
    "matching_numbers": [
      2
    ],
    "match_count": 1
  },
  "labels": [
    0,
    1,
    2,
    3,
    4,
    5,
    6,
    7,
    8,
    9
  ],
  "numberFrequency": {
    "3": 0.3333333333333333,
    "6": 0.16666666666666666,
    "0": 0.16666666666666666,
    "8": 0.16666666666666666,
    "7": 0.16666666666666666
  }
}