{
  "currentPredictionRaw": [
    [
      0.16208051145076752,
      0.03786395117640495,
      0.005428876727819443,
      0.0021367953158915043,
      0.0029938905499875546,
      0.04908236488699913,
      0.008656399324536324,
      0.011386682279407978,
      0.014425178058445454,
      0.01144423894584179
    ],
    [
      0.012556192465126514,
      0.0013776677660644054,
      0.008488365449011326,
      0.03150150924921036,
      0.07294811308383942,
      0.010478319600224495,
      0.11743954569101334,
      0.017713148146867752,
      0.008982745930552483,
      0.009535477496683598
    ],
    [
      0.007920452393591404,
      0.007215582299977541,
      0.005317464005202055,
      0.1750543713569641,
      0.021136464551091194,
      0.00412399647757411,
      0.023956041783094406,
      0.1311504989862442,
      0.004042139742523432,
      0.023563047870993614
    ]
  ],
  "currentPrediction": [
    {
      "name": "LSTM Base Model",
      "predictions": [
        [
          0,
          6,
          3
        ],
        [
          0,
          5,
          1
        ]
      ]
    }
  ],
  "realResult": [
    9,
    9,
    5
  ],
  "newPrediction": [
    {
      "name": "LSTM Base Model",
      "predictions": [
        [
          1,
          9,
          7
        ],
        [
          1,
          2,
          9
        ]
      ]
    }
  ],
  "newPredictionRaw": [
    [
      0.00395782757550478,
      0.04597151651978493,
      0.036904819309711456,
      0.01600470021367073,
      0.003103768453001976,
      0.02161332219839096,
      0.0025606860872358084,
      0.0019157429924234748,
      0.007147516589611769,
      0.027951158583164215
    ],
    [
      0.011228159070014954,
      0.022928884252905846,
      0.00615300377830863,
      0.0070884390734136105,
      0.020813416689634323,
      0.006298975087702274,
      0.0008763636578805745,
      0.011321836151182652,
      0.03485608100891113,
      0.11620460450649261
    ],
    [
      0.15021586418151855,
      0.02759905904531479,
      0.004562120418995619,
      0.03370155021548271,
      0.003921068273484707,
      0.019153932109475136,
      0.0027345456182956696,
      0.33935004472732544,
      0.0016502945218235254,
      0.012210696004331112
    ]
  ],
  "matchingNumbers": {
    "model": "LSTM Base Model",
    "prediction": [
      0,
      5,
      1
    ],
    "matching_numbers": [
      5
    ],
    "match_count": 1
  },
  "labels": [
    0,
    1,
    2,
    3,
    4,
    5,
    6,
    7,
    8,
    9
  ],
  "numberFrequency": {
    "1": 0.3333333333333333,
    "9": 0.3333333333333333,
    "7": 0.16666666666666666,
    "2": 0.16666666666666666
  }
}