{"currentPredictionRaw": [[0.9999517202377319, 1.521369429090605e-14, 5.758910237574355e-09, 1.125081139363715e-10, 1.1441812775014881e-10, 4.80179805890657e-05, 4.691508070919781e-09, 2.5109594403716073e-08, 4.3056510911970367e-14, 2.1691874962925795e-07], [0.999963641166687, 1.3344527204442198e-14, 2.7594857510138127e-09, 8.078827884450135e-11, 1.349742678735666e-10, 3.6234312574379146e-05, 3.564785799881065e-09, 2.3465830167879176e-08, 2.4794899003443595e-14, 1.7474509661496995e-07], [8.141525675853245e-09, 3.0199157663446385e-07, 1.8283880060189362e-19, 2.4480686988681555e-07, 0.9999439716339111, 1.8149532508946083e-14, 2.8040456618592176e-17, 5.538458935916424e-05, 4.523184049531892e-10, 3.6243562404753016e-12]], "currentPrediction": [[0, 5, 4], [5, 9, 7], [4, 0, 2], [8, 6, 0], [0, 4, 2], [5, 4, 6], [0, 3, 4], [1, 5, 8]], "realResult": [6, 7, 2], "newPrediction": [[5, 1, 3], [2, 8, 5], [5, 6, 1], [6, 1, 0], [6, 1, 5], [5, 4, 6], [8, 1, 7], [1, 5, 9]], "newPredictionRaw": [[1.2863380314434567e-32, 0.0, 3.0021534333321976e-17, 9.477327922634593e-28, 0.0, 1.0, 0.0, 2.023356824998524e-37, 0.0, 0.0], [5.175085961504289e-33, 0.9999938011169434, 2.1206499642062295e-21, 2.8902634053621376e-26, 3.0992940919940005e-21, 0.0, 9.374124380611305e-18, 5.526191013216702e-19, 5.7700958677742165e-06, 4.6762673377998e-07], [2.1219064817653663e-31, 0.0, 1.012396640229206e-32, 1.0, 1.0932907301055776e-36, 1.3066418335771351e-14, 0.0, 2.0367528714419834e-23, 4.350087507557037e-22, 0.0]], "matchingNumbers": {"bestMatchIndex": 1, "bestMatchSequence": [5, 9, 7], "matchingNumbers": [7]}, "labels": [0, 1, 2, 3, 4, 5, 6, 7, 8, 9], "numberFrequency": {"3": 0.09787234042553192, "2": 0.10098375657744223, "6": 0.10016014641958362, "8": 0.10066346373827499, "9": 0.10011439029970258, "0": 0.10203614733470602, "5": 0.0987874628231526, "4": 0.1013498055364905, "1": 0.10002287805994052, "7": 0.09800960878517502}}