{
  "currentPredictionRaw": [
    [
      0.0005534806987270713,
      0.0008673026459291577,
      0.01184131670743227,
      0.0002266774681629613,
      0.002402379410341382,
      0.004668370354920626,
      0.00036621588515117764,
      0.001097260625101626,
      0.2889169156551361,
      0.00329511146992445
    ],
    [
      0.003395761363208294,
      0.0003535137220751494,
      0.0009569538524374366,
      0.00015456062101293355,
      0.493011474609375,
      0.0011127579491585493,
      0.0014751028502359986,
      0.014354807324707508,
      0.0001812296686694026,
      0.011974439024925232
    ],
    [
      0.0008264190400950611,
      0.0007570110028609633,
      0.005745705217123032,
      0.13365338742733002,
      0.0008071534684859216,
      0.009469250217080116,
      0.005515022203326225,
      0.0004321371961850673,
      0.001163162523880601,
      0.00042519354610703886
    ]
  ],
  "currentPrediction": [
    {
      "name": "LSTM Base Model",
      "predictions": [
        [
          8,
          4,
          3
        ],
        [
          8,
          2,
          5
        ]
      ]
    }
  ],
  "realResult": [
    6,
    0,
    3
  ],
  "newPrediction": [
    {
      "name": "LSTM Base Model",
      "predictions": [
        [
          6,
          0,
          3
        ],
        [
          6,
          9,
          4
        ]
      ]
    }
  ],
  "newPredictionRaw": [
    [
      0.0029427867848426104,
      4.014001024188474e-05,
      0.0021456333342939615,
      0.0020203683525323868,
      0.0030036226380616426,
      0.002175430068746209,
      0.23238670825958252,
      0.0007504645618610084,
      0.0004375720745883882,
      0.003094564424827695
    ],
    [
      0.3432641923427582,
      0.0009475319529883564,
      0.0007840796024538577,
      0.0005800792132504284,
      0.0008536530658602715,
      0.00020382250659167767,
      0.0005141420988366008,
      0.00014578239643014967,
      0.001968985190615058,
      0.008367089554667473
    ],
    [
      0.0006292201578617096,
      6.207112164702266e-05,
      0.0016798136057332158,
      0.37844520807266235,
      0.004456814378499985,
      0.00044788149534724653,
      0.004360465798527002,
      0.00031842439784668386,
      0.0007534679025411606,
      0.002219982910901308
    ]
  ],
  "matchingNumbers": {
    "model": "LSTM Base Model",
    "prediction": [
      8,
      4,
      3
    ],
    "matching_numbers": [
      3
    ],
    "match_count": 1
  },
  "labels": [
    0,
    1,
    2,
    3,
    4,
    5,
    6,
    7,
    8,
    9
  ],
  "numberFrequency": {
    "6": 0.3333333333333333,
    "0": 0.16666666666666666,
    "3": 0.16666666666666666,
    "9": 0.16666666666666666,
    "4": 0.16666666666666666
  }
}