{
  "currentPredictionRaw": [
    [
      0.0010820021852850914,
      0.0031197203788906336,
      0.36096328496932983,
      0.002815413288772106,
      0.0018774943891912699,
      0.0006817824323661625,
      0.007185437250882387,
      0.0010216584196314216,
      0.02416178025305271,
      0.0016522060614079237
    ],
    [
      0.002881791442632675,
      0.002236488275229931,
      0.0007062146905809641,
      0.008215437643229961,
      0.0026709106750786304,
      0.000824477756395936,
      0.0006166402599774301,
      0.0333099327981472,
      0.39317023754119873,
      0.0027821683324873447
    ],
    [
      0.009364726021885872,
      0.10140611976385117,
      0.0024237846955657005,
      0.0036616979632526636,
      0.013152162544429302,
      0.001556382398121059,
      0.011847060173749924,
      0.0006524837808683515,
      0.0018652630969882011,
      0.00209522875957191
    ]
  ],
  "currentPrediction": [
    {
      "name": "LSTM Base Model",
      "predictions": [
        [
          2,
          8,
          1
        ],
        [
          2,
          8,
          6
        ]
      ]
    }
  ],
  "realResult": [
    7,
    4,
    6
  ],
  "newPrediction": [
    {
      "name": "LSTM Base Model",
      "predictions": [
        [
          7,
          4,
          6
        ],
        [
          7,
          8,
          4
        ]
      ]
    }
  ],
  "newPredictionRaw": [
    [
      0.0018109093653038144,
      0.007745488081127405,
      0.007499081548303366,
      0.0033578549046069384,
      0.009965337812900543,
      0.00626210356131196,
      0.0012233242159709334,
      0.08382204920053482,
      0.018939895555377007,
      0.0005742639768868685
    ],
    [
      0.0012632296420633793,
      0.005361744202673435,
      0.0004368408117443323,
      0.005695109721273184,
      0.4332968592643738,
      0.005030550993978977,
      0.0005316897295415401,
      0.006505672354251146,
      0.025007572025060654,
      0.006765729282051325
    ],
    [
      0.002754039131104946,
      0.009496046230196953,
      0.002450618427246809,
      0.002328797709196806,
      0.0049761016853153706,
      0.0018305781995877624,
      0.31951606273651123,
      0.00630404707044363,
      0.018035324290394783,
      0.0012130601098760962
    ]
  ],
  "matchingNumbers": {
    "model": "LSTM Base Model",
    "prediction": [
      2,
      8,
      6
    ],
    "matching_numbers": [
      6
    ],
    "match_count": 1
  },
  "labels": [
    0,
    1,
    2,
    3,
    4,
    5,
    6,
    7,
    8,
    9
  ],
  "numberFrequency": {
    "7": 0.3333333333333333,
    "4": 0.3333333333333333,
    "6": 0.16666666666666666,
    "8": 0.16666666666666666
  }
}