{"currentPredictionRaw": [[1.0, 0.0, 2.0394789220484185e-26, 5.706003700209602e-17, 3.3386078239991615e-17, 0.0, 2.7365161348967376e-33, 0.0, 0.0, 0.0], [5.697277606491658e-18, 6.417006411917753e-14, 0.0008806217228993773, 3.540583387442829e-26, 0.0, 9.366471395035663e-30, 5.325069802092676e-19, 0.9989930987358093, 0.00012624154624063522, 3.4023725433676114e-20], [4.28061367871986e-17, 3.570078774828289e-07, 4.85938708976591e-13, 0.9999996423721313, 1.4192647945776571e-08, 7.83445752716716e-09, 3.937340275780805e-16, 4.313213362968943e-18, 3.126764624994394e-08, 1.1158026000553101e-13]], "currentPrediction": [[0, 7, 3], [3, 2, 1], [4, 8, 8], [2, 1, 4], [6, 0, 5], [9, 6, 2], [8, 9, 9], [7, 3, 6], [5, 5, 0], [1, 4, 7]], "realResult": [7, 9, 2], "newPrediction": [[1, 9, 1], [8, 1, 8], [9, 2, 9], [7, 3, 7], [5, 0, 5], [6, 8, 6], [4, 4, 4], [3, 5, 3], [2, 6, 2], [0, 7, 0]], "newPredictionRaw": [[0.0, 1.0, 0.0, 0.0, 0.0, 0.0, 0.0, 0.0, 1.1052631487290195e-28, 0.0], [7.68437670015249e-28, 0.00014122067659627646, 8.708110811427497e-19, 1.5252347035941107e-25, 0.0, 0.0, 0.0, 0.0, 0.0, 0.9998587369918823], [0.0, 1.0, 0.0, 0.0, 0.0, 0.0, 0.0, 0.0, 1.3768181273667153e-29, 0.0]], "matchingNumbers": {"bestMatchIndex": 5, "bestMatchSequence": [9, 6, 2], "matchingNumbers": [9, 2]}, "labels": [0, 1, 2, 3, 4, 5, 6, 7, 8, 9]}