{
  "currentPredictionRaw": [
    [
      0.0041547114960849285,
      0.003410543082281947,
      0.00033870802144519985,
      0.23710159957408905,
      0.015018783509731293,
      0.010936612263321877,
      0.002785999560728669,
      0.0025893093552440405,
      0.12651605904102325,
      0.024968955665826797
    ],
    [
      0.00705160666257143,
      0.0019208414014428854,
      0.003884498029947281,
      0.11851860582828522,
      0.008709564805030823,
      0.060336094349622726,
      0.01782841607928276,
      0.005205153487622738,
      0.002520107664167881,
      0.004482146818190813
    ],
    [
      0.006132752634584904,
      0.02137952297925949,
      0.23705865442752838,
      0.0023686315398663282,
      0.0017391322180628777,
      0.0101981395855546,
      0.0008697742596268654,
      0.015795990824699402,
      0.013318480923771858,
      0.0328606478869915
    ]
  ],
  "currentPrediction": [
    {
      "name": "LSTM Base Model",
      "predictions": [
        [
          3,
          3,
          2
        ],
        [
          3,
          8,
          9
        ]
      ]
    }
  ],
  "realResult": [
    9,
    2,
    0
  ],
  "newPrediction": [
    {
      "name": "LSTM Base Model",
      "predictions": [
        [
          6,
          9,
          2
        ],
        [
          6,
          0,
          2
        ]
      ]
    }
  ],
  "newPredictionRaw": [
    [
      0.07308659702539444,
      0.002338182181119919,
      0.00932154431939125,
      0.0031998485792428255,
      0.0018903403542935848,
      0.007606894709169865,
      0.09424099326133728,
      0.008605211041867733,
      0.006882971152663231,
      0.0010707490146160126
    ],
    [
      0.004740928299725056,
      0.004906727001070976,
      0.023525940254330635,
      0.0075650643557310104,
      0.0015934542752802372,
      0.002835154766216874,
      0.004237405024468899,
      0.009991672821342945,
      0.005945282056927681,
      0.4725803732872009
    ],
    [
      0.021419238299131393,
      0.039959147572517395,
      0.08999618887901306,
      0.08424985408782959,
      0.001912843668833375,
      0.007723109796643257,
      0.001732215634547174,
      0.0012140583712607622,
      0.0033560057636350393,
      0.002271957928314805
    ]
  ],
  "matchingNumbers": {
    "model": "LSTM Base Model",
    "prediction": [
      3,
      3,
      2
    ],
    "matching_numbers": [
      2
    ],
    "match_count": 1
  },
  "labels": [
    0,
    1,
    2,
    3,
    4,
    5,
    6,
    7,
    8,
    9
  ],
  "numberFrequency": {
    "6": 0.3333333333333333,
    "9": 0.16666666666666666,
    "2": 0.3333333333333333,
    "0": 0.16666666666666666
  }
}