{
  "currentPredictionRaw": [
    [
      0.005535406991839409,
      0.023599646985530853,
      0.007290184963494539,
      0.005355199333280325,
      0.1923234611749649,
      0.008168110623955727,
      0.0014988171169534326,
      0.0005861076060682535,
      0.0016966031398624182,
      0.0001521455415058881
    ],
    [
      0.00040918131708167493,
      0.002327217487618327,
      0.0009395204251632094,
      0.003747339593246579,
      0.004319438710808754,
      0.36049792170524597,
      0.003984868060797453,
      0.00019249386969022453,
      0.002831424120813608,
      0.0021487302146852016
    ],
    [
      0.0001821793121052906,
      0.0002921818813774735,
      0.0005017730291001499,
      0.0013584751868620515,
      0.004780708812177181,
      0.001549639506265521,
      0.3317257761955261,
      0.015692129731178284,
      0.014278101734817028,
      0.002035250188782811
    ]
  ],
  "currentPrediction": [
    {
      "name": "LSTM Base Model",
      "predictions": [
        [
          4,
          5,
          6
        ],
        [
          4,
          1,
          5
        ]
      ]
    }
  ],
  "realResult": [
    1,
    0,
    4
  ],
  "newPrediction": [
    {
      "name": "LSTM Base Model",
      "predictions": [
        [
          1,
          0,
          4
        ],
        [
          1,
          2,
          6
        ]
      ]
    }
  ],
  "newPredictionRaw": [
    [
      0.0035863290540874004,
      0.23384912312030792,
      0.011147680692374706,
      0.00101393589284271,
      0.0024404984433203936,
      0.001600149436853826,
      0.005359515082091093,
      0.0031913688872009516,
      0.0006552714621648192,
      0.0006867739139124751
    ],
    [
      0.3474143445491791,
      0.0020098614040762186,
      0.006135681644082069,
      0.0006423688028007746,
      0.0003147083625663072,
      0.0033482566941529512,
      0.0035359275061637163,
      0.017417198047041893,
      0.0029078437946736813,
      0.001435737358406186
    ],
    [
      0.0006166134844534099,
      0.0006952840485610068,
      0.012716872617602348,
      0.007945708930492401,
      0.31973978877067566,
      0.00040083375643007457,
      0.0032436649780720472,
      0.0019132004817947745,
      0.003373239655047655,
      0.0006621393840759993
    ]
  ],
  "matchingNumbers": {
    "model": "LSTM Base Model",
    "prediction": [
      4,
      1,
      5
    ],
    "matching_numbers": [
      1,
      4
    ],
    "match_count": 2
  },
  "labels": [
    0,
    1,
    2,
    3,
    4,
    5,
    6,
    7,
    8,
    9
  ],
  "numberFrequency": {
    "1": 0.3333333333333333,
    "0": 0.16666666666666666,
    "4": 0.16666666666666666,
    "2": 0.16666666666666666,
    "6": 0.16666666666666666
  }
}