{"currentPredictionRaw": [[9.650765482063758e-21, 5.525660027091757e-25, 7.4612968212353725e-19, 1.9807101156655814e-17, 4.3868348447109916e-21, 1.616360517653348e-11, 0.0, 1.0, 1.5814009823866826e-11, 7.131777202631323e-17], [5.203433027059999e-25, 0.9999134540557861, 8.577287710924593e-15, 5.454862719076566e-23, 3.739693475519589e-18, 3.497996122369035e-31, 3.2544165279313475e-11, 9.06758172101443e-15, 3.462987660896033e-05, 5.1925901061622426e-05], [0.9999982118606567, 7.151098921649159e-19, 5.325838103864555e-10, 6.200886670109867e-18, 2.9277956451689377e-18, 1.3609444522444392e-06, 1.0729435118150832e-08, 4.2117035779937827e-17, 5.999081509866231e-20, 3.1991163496059016e-07]], "currentPrediction": [[7, 1, 0], [5, 9, 6], [3, 0, 8], [6, 5, 0], [8, 3, 0], [5, 4, 6], [8, 9, 5], [1, 5, 9]], "realResult": [8, 7, 8], "newPrediction": [[4, 1, 9], [7, 8, 2], [7, 6, 0], [6, 7, 3], [9, 6, 7], [5, 4, 6], [9, 1, 7], [1, 5, 9]], "newPredictionRaw": [[3.347409294196524e-10, 3.453578401035884e-08, 3.8351526320617885e-21, 2.4468619130857405e-08, 0.9999701976776123, 1.3809784297039737e-16, 8.1256752595277295e-22, 2.9835417080903426e-05, 5.99700705761208e-11, 1.0458980551205851e-13], [9.43845880449697e-28, 0.9999948740005493, 2.0118289811820714e-18, 8.398369983087804e-25, 7.711263629142023e-21, 9.992954618157039e-34, 4.523793584740657e-14, 1.0868473505006612e-15, 4.026609985885443e-06, 1.132801003222994e-06], [2.2003393517881172e-24, 5.3632523299211535e-20, 1.7529055984510933e-09, 0.0, 0.0, 2.461723963064556e-26, 4.393971781654319e-20, 8.197055760600348e-30, 1.1920787382011515e-20, 1.0]], "matchingNumbers": {"bestMatchIndex": 0, "bestMatchSequence": [7, 1, 0], "matchingNumbers": [7]}, "labels": [0, 1, 2, 3, 4, 5, 6, 7, 8, 9], "numberFrequency": {"3": 0.09787234042553192, "2": 0.10098375657744223, "6": 0.10016014641958362, "8": 0.10066346373827499, "9": 0.10011439029970258, "0": 0.10203614733470602, "5": 0.0987874628231526, "4": 0.1013498055364905, "1": 0.10002287805994052, "7": 0.09800960878517502}}