{"currentPredictionRaw": [[0.10239990055561066, 0.099697045981884, 0.10091138631105423, 0.09908672422170639, 0.10221771895885468, 0.09915795922279358, 0.09825266897678375, 0.09718865901231766, 0.10081954300403595, 0.1002684161067009], [0.10239990055561066, 0.099697045981884, 0.10091138631105423, 0.09908672422170639, 0.10221771895885468, 0.09915795922279358, 0.09825266897678375, 0.09718865901231766, 0.10081954300403595, 0.1002684161067009], [0.10239990055561066, 0.099697045981884, 0.10091138631105423, 0.09908672422170639, 0.10221771895885468, 0.09915795922279358, 0.09825266897678375, 0.09718865901231766, 0.10081954300403595, 0.1002684161067009]], "currentPrediction": [[1, 0, 0], [5, 0, 0], [3, 0, 0], [9, 0, 0], [10, 0, 0], [2, 0, 0], [6, 0, 0], [4, 0, 0], [7, 0, 0], [8, 0, 0]], "realResult": [6, 6, 3], "newPrediction": [[1, 0, 0], [5, 0, 0], [3, 0, 0], [9, 0, 0], [10, 0, 0], [2, 0, 0], [6, 0, 0], [4, 0, 0], [7, 0, 0], [8, 0, 0]], "newPredictionRaw": [[0.10239773988723755, 0.09969872981309891, 0.10091312229633331, 0.09908605366945267, 0.10221784561872482, 0.09915778785943985, 0.09825186431407928, 0.09718748182058334, 0.10082005709409714, 0.10026931762695312], [0.10239773988723755, 0.09969872981309891, 0.10091312229633331, 0.09908605366945267, 0.10221784561872482, 0.09915778785943985, 0.09825186431407928, 0.09718748182058334, 0.10082005709409714, 0.10026931762695312], [0.10239773988723755, 0.09969872981309891, 0.10091312229633331, 0.09908605366945267, 0.10221784561872482, 0.09915778785943985, 0.09825186431407928, 0.09718748182058334, 0.10082005709409714, 0.10026931762695312]], "matchingNumbers": {"bestMatchIndex": 2, "bestMatchSequence": [3, 0, 0], "matchingNumbers": [3]}}