{"currentPredictionRaw": [[8.972285172603733e-07, 0.9992837309837341, 0.0003480490995571017, 0.000240541688981466, 8.73671481826932e-08, 2.6159052595176036e-06, 3.712889024010124e-11, 5.463197680910525e-07, 0.00011760691268136725, 5.955394499324029e-06], [0.0, 1.5462092519247278e-30, 1.0, 9.286059698965232e-10, 0.0, 3.9135423404381417e-26, 0.0, 0.0, 0.0, 0.0], [0.0, 0.0, 0.0, 0.0, 0.0, 0.0, 0.0, 0.0, 1.0, 5.2495083778908656e-30]], "currentPrediction": [[1, 2, 8], [2, 3, 9], [3, 5, 7], [8, 1, 6], [9, 9, 5], [5, 8, 4], [0, 7, 3], [7, 6, 2], [4, 4, 1], [6, 0, 0]], "realResult": [9, 0, 2], "newPrediction": [[5, 6, 3], [4, 4, 4], [2, 9, 6], [6, 3, 9], [9, 8, 0], [8, 7, 2], [7, 5, 1], [3, 2, 5], [1, 1, 7], [0, 0, 8]], "newPredictionRaw": [[0.0, 0.0, 9.269105530041573e-18, 0.0, 2.033680197171834e-14, 1.0, 6.9765300380421275e-28, 0.0, 0.0, 0.0], [0.0, 0.0, 0.0, 2.8152245335791122e-37, 2.6875701409602673e-27, 0.0, 1.0, 0.0, 0.0, 3.202485952653531e-33], [1.602485109977675e-19, 3.0339398129954466e-25, 3.706678396676519e-20, 1.0, 6.424139106959992e-13, 7.324206254210824e-29, 7.31189079146129e-15, 4.115723989620201e-36, 0.0, 2.4629751070658403e-17]], "matchingNumbers": {"bestMatchIndex": 1, "bestMatchSequence": [2, 3, 9], "matchingNumbers": [9, 2]}, "labels": [0, 1, 2, 3, 4, 5, 6, 7, 8, 9]}