{
  "currentPredictionRaw": [
    [
      0.0020690320525318384,
      0.0009536627330817282,
      0.0008535945671610534,
      0.4114806652069092,
      0.001490469672717154,
      0.0024992492981255054,
      0.003074323758482933,
      0.003655574284493923,
      0.001781107159331441,
      0.0018547947984188795
    ],
    [
      0.20364798605442047,
      0.0014149774797260761,
      0.0003046354104299098,
      0.0035452640149742365,
      0.0015300787054002285,
      0.00199432042427361,
      0.0019871999975293875,
      0.0018081688322126865,
      0.0025120778009295464,
      0.001660980749875307
    ],
    [
      0.0020198686979711056,
      0.0028517087921500206,
      0.003367241006344557,
      0.31861796975135803,
      0.00552867678925395,
      0.0006525830249302089,
      0.00595984049141407,
      0.0030156346037983894,
      0.005597969982773066,
      0.002270353026688099
    ]
  ],
  "currentPrediction": [
    {
      "name": "LSTM Base Model",
      "predictions": [
        [
          3,
          0,
          3
        ],
        [
          3,
          7,
          6
        ]
      ]
    }
  ],
  "realResult": [
    5,
    5,
    4
  ],
  "newPrediction": [
    {
      "name": "LSTM Base Model",
      "predictions": [
        [
          6,
          6,
          1
        ],
        [
          6,
          5,
          0
        ]
      ]
    }
  ],
  "newPredictionRaw": [
    [
      0.006688985042273998,
      0.0019195486092939973,
      0.006141196936368942,
      0.002224892843514681,
      0.004368074703961611,
      0.007259792648255825,
      0.6332617402076721,
      0.0004518534697126597,
      0.0028893491253256798,
      0.0017651899252086878
    ],
    [
      0.006585357245057821,
      0.003995388746261597,
      0.002455454785376787,
      0.004659599158912897,
      0.0030563892796635628,
      0.004354570992290974,
      0.08925459533929825,
      0.001164937042631209,
      0.002546954434365034,
      0.0050987256690859795
    ],
    [
      0.0038323390763252974,
      0.1471581608057022,
      0.015119687654078007,
      0.0038163824938237667,
      0.02041482925415039,
      0.006253169383853674,
      0.001996199367567897,
      0.0033260504715144634,
      0.0023270505480468273,
      0.005613545421510935
    ]
  ],
  "matchingNumbers": {
    "model": null,
    "prediction": null,
    "matching_numbers": [],
    "match_count": 0
  },
  "labels": [
    0,
    1,
    2,
    3,
    4,
    5,
    6,
    7,
    8,
    9
  ],
  "numberFrequency": {
    "6": 0.5,
    "1": 0.16666666666666666,
    "5": 0.16666666666666666,
    "0": 0.16666666666666666
  }
}