{"currentPredictionRaw": [[0.10239741206169128, 0.09970711916685104, 0.10091173648834229, 0.09908353537321091, 0.10221516340970993, 0.0991520881652832, 0.09826359897851944, 0.09719537198543549, 0.10080629587173462, 0.10026776045560837], [0.10239741206169128, 0.09970711916685104, 0.10091173648834229, 0.09908353537321091, 0.10221516340970993, 0.0991520881652832, 0.09826359897851944, 0.09719537198543549, 0.10080629587173462, 0.10026776045560837], [0.10239741206169128, 0.09970711916685104, 0.10091173648834229, 0.09908353537321091, 0.10221516340970993, 0.0991520881652832, 0.09826359897851944, 0.09719537198543549, 0.10080629587173462, 0.10026776045560837]], "currentPrediction": [[1, 0, 0], [5, 0, 0], [3, 0, 0], [9, 0, 0], [10, 0, 0], [2, 0, 0], [6, 0, 0], [4, 0, 0], [7, 0, 0], [8, 0, 0]], "realResult": [1, 9, 1], "newPrediction": [[1, 0, 0], [5, 0, 0], [3, 0, 0], [9, 0, 0], [10, 0, 0], [2, 0, 0], [6, 0, 0], [4, 0, 0], [7, 0, 0], [8, 0, 0]], "newPredictionRaw": [[0.10239628702402115, 0.09969788044691086, 0.10091376304626465, 0.09908952564001083, 0.10221956670284271, 0.09915729612112045, 0.09825846552848816, 0.09719119966030121, 0.10081123560667038, 0.1002647802233696], [0.10239628702402115, 0.09969788044691086, 0.10091376304626465, 0.09908952564001083, 0.10221956670284271, 0.09915729612112045, 0.09825846552848816, 0.09719119966030121, 0.10081123560667038, 0.1002647802233696], [0.10239628702402115, 0.09969788044691086, 0.10091376304626465, 0.09908952564001083, 0.10221956670284271, 0.09915729612112045, 0.09825846552848816, 0.09719119966030121, 0.10081123560667038, 0.1002647802233696]], "matchingNumbers": {"bestMatchIndex": 0, "bestMatchSequence": [1, 0, 0], "matchingNumbers": [1]}}