{
  "currentPredictionRaw": [
    [
      0.009009157307446003,
      0.004592605400830507,
      0.0014658340951427817,
      0.019102219492197037,
      0.002426445484161377,
      0.000475570879643783,
      0.004831457510590553,
      0.0032312367111444473,
      0.05310603231191635,
      0.46705153584480286
    ],
    [
      0.0011671733809635043,
      0.006379580125212669,
      0.0006929011433385313,
      0.023697983473539352,
      0.10976837575435638,
      0.008683321997523308,
      0.029864247888326645,
      0.028201425448060036,
      0.01117622945457697,
      0.0013905635569244623
    ],
    [
      0.009052954614162445,
      0.010129034519195557,
      0.08685337752103806,
      0.0030374813359230757,
      0.001993816578760743,
      0.002271070843562484,
      0.0038344485219568014,
      0.014876238070428371,
      0.07426880300045013,
      0.007368776015937328
    ]
  ],
  "currentPrediction": [
    {
      "name": "LSTM Base Model",
      "predictions": [
        [
          9,
          4,
          2
        ],
        [
          9,
          8,
          3
        ]
      ]
    }
  ],
  "realResult": [
    9,
    2,
    0
  ],
  "newPrediction": [
    {
      "name": "LSTM Base Model",
      "predictions": [
        [
          9,
          2,
          0
        ],
        [
          9,
          4,
          5
        ]
      ]
    }
  ],
  "newPredictionRaw": [
    [
      0.0010950624709948897,
      0.0028667428996413946,
      0.005446074064821005,
      0.00136229966301471,
      0.03601556271314621,
      0.03427969291806221,
      0.007293651811778545,
      0.002762625692412257,
      0.004273681435734034,
      0.08657848834991455
    ],
    [
      0.0059906672686338425,
      0.011584929190576077,
      0.2398827075958252,
      0.013562679290771484,
      0.017438307404518127,
      0.0008691769908182323,
      0.000540139910299331,
      0.00152643455658108,
      0.01246960274875164,
      0.014697953127324581
    ],
    [
      0.4177432060241699,
      0.0022808874491602182,
      0.012838248163461685,
      0.0066690207459032536,
      0.002447289414703846,
      0.039250265806913376,
      0.005295447073876858,
      0.00497730728238821,
      0.005895971320569515,
      0.002065849956125021
    ]
  ],
  "matchingNumbers": {
    "model": "LSTM Base Model",
    "prediction": [
      9,
      4,
      2
    ],
    "matching_numbers": [
      9,
      2
    ],
    "match_count": 2
  },
  "labels": [
    0,
    1,
    2,
    3,
    4,
    5,
    6,
    7,
    8,
    9
  ],
  "numberFrequency": {
    "9": 0.3333333333333333,
    "2": 0.16666666666666666,
    "0": 0.16666666666666666,
    "4": 0.16666666666666666,
    "5": 0.16666666666666666
  }
}