{
  "currentPredictionRaw": [
    [
      0.0012682975502684712,
      0.0074544441886246204,
      0.004188003484159708,
      0.005531471222639084,
      0.005177818238735199,
      0.000114660884719342,
      0.0013951247092336416,
      0.0013847530353814363,
      0.0005361093790270388,
      0.34496673941612244
    ],
    [
      0.000456146924989298,
      0.002507393015548587,
      0.001486326684243977,
      0.0010142084211111069,
      0.45933493971824646,
      0.004883871413767338,
      0.00015388497558888048,
      0.009593898430466652,
      0.0027462898287922144,
      0.00012695652549155056
    ],
    [
      0.0028504261281341314,
      0.002844500821083784,
      0.0032689024228602648,
      0.0003019196738023311,
      0.0019131008302792907,
      0.0020716863218694925,
      0.0007077852496877313,
      0.001136316917836666,
      0.12789428234100342,
      0.0026896644849330187
    ]
  ],
  "currentPrediction": [
    {
      "name": "LSTM Base Model",
      "predictions": [
        [
          9,
          4,
          8
        ],
        [
          9,
          1,
          3
        ]
      ]
    }
  ],
  "realResult": [
    4,
    0,
    4
  ],
  "newPrediction": [
    {
      "name": "LSTM Base Model",
      "predictions": [
        [
          4,
          0,
          4
        ],
        [
          4,
          9,
          0
        ]
      ]
    }
  ],
  "newPredictionRaw": [
    [
      0.0043778023682534695,
      0.0005064958822913468,
      0.001699343672953546,
      0.0001432346471119672,
      0.712285041809082,
      0.0006609731935895979,
      0.0005015375791117549,
      0.00010822171316249296,
      0.0024556447751820087,
      0.03313710168004036
    ],
    [
      0.12339715659618378,
      0.0005095454980619252,
      0.00277948216535151,
      0.0005827503046020865,
      0.0004860095214098692,
      0.004049386363476515,
      0.0005669179954566061,
      0.0018246505642309785,
      0.00017482825205661356,
      0.0003223428502678871
    ],
    [
      0.0003358975809533149,
      0.00334381521679461,
      0.0014722408959642053,
      0.0010124711552634835,
      0.09717461466789246,
      0.0018645661184564233,
      0.001488320529460907,
      0.0007898503681644797,
      0.0009922611061483622,
      0.0009575143922120333
    ]
  ],
  "matchingNumbers": {
    "model": "LSTM Base Model",
    "prediction": [
      9,
      4,
      8
    ],
    "matching_numbers": [
      4
    ],
    "match_count": 1
  },
  "labels": [
    0,
    1,
    2,
    3,
    4,
    5,
    6,
    7,
    8,
    9
  ],
  "numberFrequency": {
    "4": 0.5,
    "0": 0.3333333333333333,
    "9": 0.16666666666666666
  }
}