{
  "currentPredictionRaw": [
    [
      0.003053544322028756,
      0.00015492629609070718,
      0.3086715638637543,
      0.001514405244961381,
      0.03477577120065689,
      0.00010143899271497503,
      0.0006751709152013063,
      0.0005328920087777078,
      0.030898520722985268,
      0.003294624388217926
    ],
    [
      0.002377457218244672,
      0.00036737756454385817,
      0.0018676900072023273,
      0.0010561057133600116,
      0.0025106873363256454,
      0.4555518329143524,
      0.09487593173980713,
      0.0006830690545029938,
      0.0005628380458801985,
      0.00205247919075191
    ],
    [
      0.004408396314829588,
      0.002581896958872676,
      0.002888186601921916,
      0.0024748891592025757,
      0.0022678470704704523,
      0.005329636856913567,
      0.004036658443510532,
      0.0030109044164419174,
      0.026616821065545082,
      0.0008063797722570598
    ]
  ],
  "currentPrediction": [
    {
      "name": "LSTM Base Model",
      "predictions": [
        [
          2,
          5,
          8
        ],
        [
          2,
          4,
          8
        ]
      ]
    }
  ],
  "realResult": [
    2,
    7,
    4
  ],
  "newPrediction": [
    {
      "name": "LSTM Base Model",
      "predictions": [
        [
          2,
          0,
          4
        ],
        [
          2,
          6,
          8
        ]
      ]
    }
  ],
  "newPredictionRaw": [
    [
      0.0014136153040453792,
      0.003422042354941368,
      0.39135274291038513,
      0.0012095075799152255,
      0.009863144718110561,
      0.006570383906364441,
      0.033696822822093964,
      0.0028344374150037766,
      0.014305613934993744,
      0.0022811656817793846
    ],
    [
      0.19628676772117615,
      0.00042141403537243605,
      0.016225386410951614,
      0.0021347387228161097,
      0.001456242403946817,
      0.02705414406955242,
      0.013815467245876789,
      0.0020741894841194153,
      0.005518810823559761,
      0.01218864880502224
    ],
    [
      0.0013084548991173506,
      0.0038827182725071907,
      0.0014606353361159563,
      0.00684724748134613,
      0.18113960325717926,
      0.012002850882709026,
      0.005547471810132265,
      0.038848426192998886,
      0.002011942444369197,
      0.002825374947860837
    ]
  ],
  "matchingNumbers": {
    "model": "LSTM Base Model",
    "prediction": [
      2,
      4,
      8
    ],
    "matching_numbers": [
      2,
      4
    ],
    "match_count": 2
  },
  "labels": [
    0,
    1,
    2,
    3,
    4,
    5,
    6,
    7,
    8,
    9
  ],
  "numberFrequency": {
    "2": 0.3333333333333333,
    "0": 0.16666666666666666,
    "4": 0.16666666666666666,
    "6": 0.16666666666666666,
    "8": 0.16666666666666666
  }
}