{
  "currentPredictionRaw": [
    [
      0.006002217531204224,
      0.0030479696579277515,
      0.0009243633248843253,
      0.0032169159967452288,
      0.0031744898296892643,
      0.01098643522709608,
      0.003671117126941681,
      0.020828647539019585,
      0.5292494893074036,
      0.005747606046497822
    ],
    [
      0.03539467975497246,
      0.0013800334418192506,
      0.004339056555181742,
      0.009442118927836418,
      0.0012713390169665217,
      0.00517773162573576,
      0.09092807024717331,
      0.04239078238606453,
      0.0008359740022569895,
      0.0025377445854246616
    ],
    [
      0.03260554373264313,
      0.0016877203015610576,
      0.003039047122001648,
      0.0035987207666039467,
      0.05936634540557861,
      0.03932281211018562,
      0.023157501593232155,
      0.03181887045502663,
      0.023736819624900818,
      0.0011197486892342567
    ]
  ],
  "currentPrediction": [
    {
      "name": "LSTM Base Model",
      "predictions": [
        [
          8,
          6,
          4
        ],
        [
          8,
          7,
          5
        ]
      ]
    }
  ],
  "realResult": [
    0,
    0,
    4
  ],
  "newPrediction": [
    {
      "name": "LSTM Base Model",
      "predictions": [
        [
          1,
          0,
          3
        ],
        [
          1,
          0,
          2
        ]
      ]
    }
  ],
  "newPredictionRaw": [
    [
      0.06683262437582016,
      0.08736702799797058,
      0.042024221271276474,
      0.036537207663059235,
      0.003601314499974251,
      0.02229628711938858,
      0.005301976576447487,
      0.0013080367352813482,
      0.014643564820289612,
      0.0015775300562381744
    ],
    [
      0.100279301404953,
      0.017566319555044174,
      0.006848474964499474,
      0.016643669456243515,
      0.0016689837211742997,
      0.016161363571882248,
      0.0017925930442288518,
      0.020106129348278046,
      0.005723415408283472,
      0.014430454932153225
    ],
    [
      0.053009118884801865,
      0.052405085414648056,
      0.12256032228469849,
      0.23313583433628082,
      0.0008160078432410955,
      0.008317787200212479,
      0.019425535574555397,
      0.0022174129262566566,
      0.012654492631554604,
      0.012747861444950104
    ]
  ],
  "matchingNumbers": {
    "model": "LSTM Base Model",
    "prediction": [
      8,
      6,
      4
    ],
    "matching_numbers": [
      4
    ],
    "match_count": 1
  },
  "labels": [
    0,
    1,
    2,
    3,
    4,
    5,
    6,
    7,
    8,
    9
  ],
  "numberFrequency": {
    "1": 0.3333333333333333,
    "0": 0.3333333333333333,
    "3": 0.16666666666666666,
    "2": 0.16666666666666666
  }
}