{
  "currentPredictionRaw": [
    [
      0.00690560694783926,
      0.0032868029084056616,
      0.015363308601081371,
      0.00822689663618803,
      0.09002181142568588,
      0.06451194733381271,
      0.001693983911536634,
      0.010056648403406143,
      0.004439260810613632,
      0.004043349530547857
    ],
    [
      0.07421207427978516,
      0.0882020816206932,
      0.028760667890310287,
      0.002053967909887433,
      0.009133387356996536,
      0.014650748111307621,
      0.017133275046944618,
      0.006239969749003649,
      0.0011329286498948932,
      0.004356447607278824
    ],
    [
      0.011988249607384205,
      0.004292007070034742,
      0.0006107741501182318,
      0.4163583517074585,
      0.0056165000423789024,
      0.026599997654557228,
      0.004159703850746155,
      0.0589001439511776,
      0.014364561066031456,
      0.0026844183448702097
    ]
  ],
  "currentPrediction": [
    {
      "name": "LSTM Base Model",
      "predictions": [
        [
          4,
          1,
          3
        ],
        [
          4,
          5,
          2
        ]
      ]
    }
  ],
  "realResult": [
    2,
    2,
    9
  ],
  "newPrediction": [
    {
      "name": "LSTM Base Model",
      "predictions": [
        [
          2,
          2,
          0
        ],
        [
          2,
          3,
          1
        ]
      ]
    }
  ],
  "newPredictionRaw": [
    [
      0.009259144775569439,
      0.015144198201596737,
      0.03362550213932991,
      0.025966862216591835,
      0.0024407149758189917,
      0.0010304793249815702,
      0.0119842030107975,
      0.0023022054228931665,
      0.011118822731077671,
      0.00402368837967515
    ],
    [
      0.011110073886811733,
      0.0014711633557453752,
      0.6141079664230347,
      0.006654791068285704,
      0.006822669878602028,
      0.007575342431664467,
      0.009143626317381859,
      0.002276717685163021,
      0.003449908224865794,
      0.003406950505450368
    ],
    [
      0.09482491761445999,
      0.020462092012166977,
      0.001978392945602536,
      0.0022839040029793978,
      0.0026880044024437666,
      0.004192261956632137,
      0.017170902341604233,
      0.01556476391851902,
      0.002517007989808917,
      0.05540267378091812
    ]
  ],
  "matchingNumbers": {
    "model": "LSTM Base Model",
    "prediction": [
      4,
      5,
      2
    ],
    "matching_numbers": [
      2
    ],
    "match_count": 1
  },
  "labels": [
    0,
    1,
    2,
    3,
    4,
    5,
    6,
    7,
    8,
    9
  ],
  "numberFrequency": {
    "2": 0.5,
    "0": 0.16666666666666666,
    "3": 0.16666666666666666,
    "1": 0.16666666666666666
  }
}