{
  "currentPredictionRaw": [
    [
      0.004762816242873669,
      0.0018159843748435378,
      0.0008809891878627241,
      0.14879527688026428,
      0.027106724679470062,
      0.003660511923953891,
      0.05559235438704491,
      0.026835711672902107,
      0.02570062316954136,
      0.0062499940395355225
    ],
    [
      0.02890598773956299,
      0.012359768152236938,
      0.1696574091911316,
      0.0012769183376803994,
      0.007691835518926382,
      0.017924455925822258,
      0.014466296881437302,
      0.07838739454746246,
      0.002397337229922414,
      0.0011548222973942757
    ],
    [
      0.023204101249575615,
      0.023860745131969452,
      0.0003711949393618852,
      0.0794316977262497,
      0.03821270912885666,
      0.1808595061302185,
      0.004085347522050142,
      0.0016308252234011889,
      0.005004252772778273,
      0.007716434076428413
    ]
  ],
  "currentPrediction": [
    {
      "name": "LSTM Base Model",
      "predictions": [
        [
          3,
          2,
          5
        ],
        [
          3,
          6,
          4
        ]
      ]
    }
  ],
  "realResult": [
    2,
    6,
    9
  ],
  "newPrediction": [
    {
      "name": "LSTM Base Model",
      "predictions": [
        [
          3,
          9,
          5
        ],
        [
          3,
          7,
          8
        ]
      ]
    }
  ],
  "newPredictionRaw": [
    [
      0.0039129494689404964,
      0.00016921649512369186,
      0.00037580079515464604,
      0.18920964002609253,
      0.008732403628528118,
      0.00815569143742323,
      0.007090623956173658,
      0.019926903769373894,
      0.016145342960953712,
      0.013534052297472954
    ],
    [
      0.021171631291508675,
      0.007306588348001242,
      0.0004286790790501982,
      0.003266935469582677,
      0.0013475923333317041,
      0.01347014494240284,
      0.006988920737057924,
      0.0010253135114908218,
      0.003960888367146254,
      0.4338454306125641
    ],
    [
      0.04478621482849121,
      0.0033510623034089804,
      0.004713654052466154,
      0.0020213183015584946,
      0.00509224459528923,
      0.16621485352516174,
      0.006329461466521025,
      0.0012676281621679664,
      0.004654767923057079,
      0.0015039696590974927
    ]
  ],
  "matchingNumbers": {
    "model": "LSTM Base Model",
    "prediction": [
      3,
      2,
      5
    ],
    "matching_numbers": [
      2
    ],
    "match_count": 1
  },
  "labels": [
    0,
    1,
    2,
    3,
    4,
    5,
    6,
    7,
    8,
    9
  ],
  "numberFrequency": {
    "3": 0.3333333333333333,
    "9": 0.16666666666666666,
    "5": 0.16666666666666666,
    "7": 0.16666666666666666,
    "8": 0.16666666666666666
  }
}