{
  "currentPredictionRaw": [
    [
      0.0006095663411542773,
      0.00022334819368552417,
      0.010709835216403008,
      0.002881277585402131,
      0.00028155717882327735,
      0.003939279820770025,
      0.00028362503508105874,
      0.7996312975883484,
      0.0006143316859379411,
      0.0034101721830666065
    ],
    [
      0.0017889848677441478,
      0.024277498945593834,
      0.0002776769979391247,
      0.001676434651017189,
      0.022464346140623093,
      0.001864102785475552,
      0.0676485002040863,
      0.0007121457601897418,
      0.0023937139194458723,
      0.0012872513616457582
    ],
    [
      0.006183542776852846,
      0.005955283995717764,
      0.000606377434451133,
      0.0011709301033988595,
      0.004392049740999937,
      0.00027127383509650826,
      0.02140696346759796,
      0.006590160541236401,
      0.0027867795433849096,
      0.00366170983761549
    ]
  ],
  "currentPrediction": [
    {
      "name": "LSTM Base Model",
      "predictions": [
        [
          7,
          6,
          6
        ],
        [
          7,
          2,
          5
        ]
      ]
    }
  ],
  "realResult": [
    6,
    7,
    9
  ],
  "newPrediction": [
    {
      "name": "LSTM Base Model",
      "predictions": [
        [
          3,
          9,
          7
        ],
        [
          3,
          1,
          2
        ]
      ]
    }
  ],
  "newPredictionRaw": [
    [
      0.0023307015653699636,
      0.09220115095376968,
      0.07656014710664749,
      0.12103249877691269,
      0.0007501686923205853,
      0.00586274079978466,
      0.026772424578666687,
      0.002846416784450412,
      0.007198071572929621,
      0.007388831116259098
    ],
    [
      0.020844073966145515,
      0.0028561828657984734,
      0.048731155693531036,
      0.004633896518498659,
      0.00787353701889515,
      0.012221460230648518,
      0.007228367030620575,
      0.00867012981325388,
      0.0015820810804143548,
      0.06915604323148727
    ],
    [
      0.0022537580225616693,
      0.001004575053229928,
      0.0039709401316940784,
      0.00777391204610467,
      0.10314150899648666,
      0.009817578829824924,
      0.0006588465184904635,
      0.30779892206192017,
      0.006651189643889666,
      0.030188729986548424
    ]
  ],
  "matchingNumbers": {
    "model": "LSTM Base Model",
    "prediction": [
      7,
      6,
      6
    ],
    "matching_numbers": [
      6,
      7
    ],
    "match_count": 2
  },
  "labels": [
    0,
    1,
    2,
    3,
    4,
    5,
    6,
    7,
    8,
    9
  ],
  "numberFrequency": {
    "3": 0.3333333333333333,
    "9": 0.16666666666666666,
    "7": 0.16666666666666666,
    "1": 0.16666666666666666,
    "2": 0.16666666666666666
  }
}