{
  "currentPredictionRaw": [
    [
      0.006688985042273998,
      0.0019195486092939973,
      0.006141196936368942,
      0.002224892843514681,
      0.004368074703961611,
      0.007259792648255825,
      0.6332617402076721,
      0.0004518534697126597,
      0.0028893491253256798,
      0.0017651899252086878
    ],
    [
      0.006585357245057821,
      0.003995388746261597,
      0.002455454785376787,
      0.004659599158912897,
      0.0030563892796635628,
      0.004354570992290974,
      0.08925459533929825,
      0.001164937042631209,
      0.002546954434365034,
      0.0050987256690859795
    ],
    [
      0.0038323390763252974,
      0.1471581608057022,
      0.015119687654078007,
      0.0038163824938237667,
      0.02041482925415039,
      0.006253169383853674,
      0.001996199367567897,
      0.0033260504715144634,
      0.0023270505480468273,
      0.005613545421510935
    ]
  ],
  "currentPrediction": [
    {
      "name": "LSTM Base Model",
      "predictions": [
        [
          6,
          6,
          1
        ],
        [
          6,
          5,
          0
        ]
      ]
    }
  ],
  "realResult": [
    9,
    0,
    5
  ],
  "newPrediction": [
    {
      "name": "LSTM Base Model",
      "predictions": [
        [
          9,
          9,
          5
        ],
        [
          9,
          5,
          0
        ]
      ]
    }
  ],
  "newPredictionRaw": [
    [
      0.02545747719705105,
      0.008041108958423138,
      0.0011257885489612818,
      0.010939219035208225,
      0.006798527669161558,
      0.04095112532377243,
      0.005915821995586157,
      0.005070532206445932,
      0.011311785317957401,
      0.23335403203964233
    ],
    [
      0.0076852841302752495,
      0.005193895660340786,
      0.013427807949483395,
      0.0060930014587938786,
      0.05767746642231941,
      0.019513478502631187,
      0.019230125471949577,
      0.0045927176252007484,
      0.011384670622646809,
      0.1316368132829666
    ],
    [
      0.005727102980017662,
      0.005246360786259174,
      0.01078017521649599,
      0.010738208889961243,
      0.00022941305360291153,
      0.14766855537891388,
      0.0080037210136652,
      0.09901580214500427,
      0.002076735021546483,
      0.08511321991682053
    ]
  ],
  "matchingNumbers": {
    "model": "LSTM Base Model",
    "prediction": [
      6,
      5,
      0
    ],
    "matching_numbers": [
      0,
      5
    ],
    "match_count": 2
  },
  "labels": [
    0,
    1,
    2,
    3,
    4,
    5,
    6,
    7,
    8,
    9
  ],
  "numberFrequency": {
    "9": 0.5,
    "5": 0.3333333333333333,
    "0": 0.16666666666666666
  }
}