{"currentPredictionRaw": [[4.364375641908205e-17, 2.3900972223600547e-07, 3.9249151346544553e-13, 0.9999997615814209, 1.2525926074147264e-08, 4.5780437218923e-09, 2.1532338525367863e-16, 1.61024323694281e-18, 1.91019768891465e-08, 7.336228250321569e-14], [2.3044728791887792e-08, 1.6267791558277622e-09, 1.0, 1.3542948229874896e-13, 4.4938848135474896e-27, 1.325231122857153e-35, 5.151704735377579e-23, 6.236892055464177e-16, 1.0668117431111845e-11, 2.4535173892559214e-10], [4.4311667220210674e-37, 0.0, 0.0, 1.5235329629961292e-15, 1.3666449911100957e-15, 1.0, 2.6708851481897805e-31, 0.0, 1.5614198294416759e-21, 0.0]], "currentPrediction": [[3, 2, 5], [1, 0, 3], [8, 1, 4], [4, 9, 8], [5, 8, 6], [2, 3, 0], [9, 7, 9], [6, 6, 7], [0, 4, 2], [7, 5, 1]], "realResult": [3, 5, 5], "newPrediction": [[6, 2, 7], [0, 0, 2], [5, 1, 8], [3, 9, 1], [8, 8, 0], [4, 3, 6], [2, 7, 9], [7, 6, 3], [9, 4, 5], [1, 5, 4]], "newPredictionRaw": [[0.0007206305745057762, 2.738441901303188e-16, 6.6567644729786934e-09, 2.4220098566729575e-05, 1.1951362921536202e-06, 3.1036172003950924e-05, 0.9991998076438904, 4.1211397358922874e-13, 2.31063077080762e-05, 2.4277303257991267e-13], [4.3979060393439795e-08, 1.4606738041322842e-09, 1.0, 2.0739067743951595e-13, 5.682190137396225e-27, 1.895548136336954e-36, 1.8347330089073913e-23, 1.2366825290211614e-16, 3.7858839327387095e-12, 3.412210791697845e-10], [1.325794952837489e-18, 1.861632220178256e-14, 0.0007306117913685739, 1.8660778195055137e-27, 0.0, 4.141393551336808e-31, 6.620919058996944e-20, 0.9991695880889893, 9.984664939111099e-05, 3.3528217185672357e-21]], "matchingNumbers": {"bestMatchIndex": 0, "bestMatchSequence": [3, 2, 5], "matchingNumbers": [3, 5]}, "labels": [0, 1, 2, 3, 4, 5, 6, 7, 8, 9]}