{
  "currentPredictionRaw": [
    [
      0.002335498807951808,
      0.012488190084695816,
      0.5050033330917358,
      0.001562301185913384,
      0.035306476056575775,
      0.008766135200858116,
      0.002093759598210454,
      0.0027295846957713366,
      0.00516163045540452,
      0.001998349791392684
    ],
    [
      0.007816573604941368,
      0.0013554421020671725,
      0.0015630389098078012,
      0.01866595260798931,
      0.0010863612405955791,
      0.02167220413684845,
      0.09131749719381332,
      0.05326664447784424,
      0.015030047856271267,
      0.006295981351286173
    ],
    [
      0.02282426320016384,
      0.004457613918930292,
      0.007194694597274065,
      0.0003862823359668255,
      0.09070051461458206,
      0.027618538588285446,
      0.029802856966853142,
      0.003892448265105486,
      0.014876001514494419,
      0.002731789369136095
    ]
  ],
  "currentPrediction": [
    {
      "name": "LSTM Base Model",
      "predictions": [
        [
          2,
          6,
          4
        ],
        [
          2,
          4,
          1
        ]
      ]
    }
  ],
  "realResult": [
    1,
    0,
    4
  ],
  "newPrediction": [
    {
      "name": "LSTM Base Model",
      "predictions": [
        [
          6,
          2,
          2
        ],
        [
          6,
          8,
          3
        ]
      ]
    }
  ],
  "newPredictionRaw": [
    [
      0.0023607101757079363,
      0.0014737654710188508,
      0.006975693162530661,
      0.011373426765203476,
      0.0035938408691436052,
      0.004134951159358025,
      0.29967573285102844,
      0.0031030490063130856,
      0.012524333782494068,
      0.0014076072257012129
    ],
    [
      0.014623439870774746,
      0.004003581590950489,
      0.3644586503505707,
      0.005434100981801748,
      0.020225273445248604,
      0.01327318325638771,
      0.006534121464937925,
      0.010537023656070232,
      0.0025685932487249374,
      0.0019781796727329493
    ],
    [
      0.0006300875684246421,
      0.011305117048323154,
      0.12434034794569016,
      0.007947531528770924,
      0.010256697423756123,
      0.006278541404753923,
      0.002892391523346305,
      0.03453188017010689,
      0.007256565615534782,
      0.004301580600440502
    ]
  ],
  "matchingNumbers": {
    "model": "LSTM Base Model",
    "prediction": [
      2,
      4,
      1
    ],
    "matching_numbers": [
      1,
      4
    ],
    "match_count": 2
  },
  "labels": [
    0,
    1,
    2,
    3,
    4,
    5,
    6,
    7,
    8,
    9
  ],
  "numberFrequency": {
    "6": 0.3333333333333333,
    "2": 0.3333333333333333,
    "8": 0.16666666666666666,
    "3": 0.16666666666666666
  }
}