{"currentPredictionRaw": [], "currentPrediction": [], "realResult": [3, 1, 8], "newPrediction": [{"name": "LSTM Base Model", "predictions": [[3, 1, 8], [3, 6, 5]]}], "newPredictionRaw": [[0.0004600847023539245, 0.005124003626406193, 0.0012342202244326472, 0.03634464368224144, 0.000983635545708239, 0.00921297911554575, 0.02510257437825203, 0.0063513801433146, 0.0017158581176772714, 0.0005280837067402899], [0.0019887227099388838, 0.17139771580696106, 0.11895620822906494, 0.0028955796733498573, 0.0014917083317413926, 0.0027731740847229958, 0.0014917568769305944, 8.982016879599541e-05, 0.0005710896220989525, 0.003299028379842639], [0.014102768152952194, 0.001324755372479558, 0.0001513658935436979, 0.013872206211090088, 0.003264443948864937, 4.638437894755043e-05, 0.014660817570984364, 0.004967693239450455, 0.5540218949317932, 0.001575448433868587]], "matchingNumbers": {"model": null, "prediction": null, "matching_numbers": [], "match_count": 0}, "labels": [0, 1, 2, 3, 4, 5, 6, 7, 8, 9], "numberFrequency": {"3": 0.3333333333333333, "1": 0.16666666666666666, "8": 0.16666666666666666, "6": 0.16666666666666666, "5": 0.16666666666666666}}