{"currentPredictionRaw": [[0.0, 9.81990865479191e-31, 1.0, 9.706736525672e-10, 0.0, 2.0442780621359195e-25, 0.0, 0.0, 0.0, 0.0], [1.3318361630436935e-18, 1.7837661652137364e-24, 2.0815766177879954e-19, 1.0, 5.9278797148731854e-12, 1.7996611624083477e-27, 6.918657270357786e-14, 2.9656239327983362e-34, 0.0, 9.250353510991118e-17], [5.10904328621109e-07, 0.9992268085479736, 0.0004281026776880026, 0.0002264789363835007, 6.47175610879458e-08, 2.8960162126168143e-06, 2.2329698853851276e-11, 3.7002604358349345e-07, 0.00011185494804522023, 2.9169743811507942e-06]], "currentPrediction": [[2, 3, 1], [3, 4, 2], [5, 6, 3], [1, 9, 8], [9, 0, 9], [8, 2, 5], [7, 1, 0], [6, 5, 7], [4, 7, 4], [0, 8, 6]], "realResult": [9, 1, 3], "newPrediction": [[6, 6, 3], [4, 4, 4], [9, 9, 6], [3, 8, 9], [8, 7, 0], [7, 5, 2], [5, 3, 1], [2, 2, 5], [1, 1, 7], [0, 0, 8]], "newPredictionRaw": [[0.0, 0.0, 0.0, 2.274633629881673e-38, 4.459489823263672e-28, 0.0, 1.0, 0.0, 0.0, 4.56662290221181e-34], [0.0, 0.0, 0.0, 0.0, 8.003174800511316e-29, 0.0, 1.0, 0.0, 0.0, 3.1608186727609638e-34], [1.7128461255878222e-19, 1.2414032894526893e-25, 1.6249900125706007e-20, 1.0, 6.278245610023825e-13, 3.169604923579816e-29, 7.967286769564041e-15, 1.9232846085711086e-36, 0.0, 2.0727753178427334e-17]], "matchingNumbers": {"bestMatchIndex": 0, "bestMatchSequence": [2, 3, 1], "matchingNumbers": [1, 3]}, "labels": [0, 1, 2, 3, 4, 5, 6, 7, 8, 9]}