{
  "currentPredictionRaw": [
    [
      0.004895261954516172,
      0.0002058819227386266,
      0.0005752859869971871,
      0.004666673950850964,
      0.005429928656667471,
      0.00036904815351590514,
      0.008034555241465569,
      0.00013962460798211396,
      0.0006627303664572537,
      0.3531108796596527
    ],
    [
      4.813471969100647e-05,
      3.828535773209296e-05,
      0.001180740655399859,
      0.15302158892154694,
      0.0012298509245738387,
      0.004779743030667305,
      0.002575996797531843,
      0.0010147348511964083,
      0.0022227573208510876,
      0.0006383495056070387
    ],
    [
      0.0007355865673162043,
      0.0018511879025027156,
      0.001599414856173098,
      0.00016264233272522688,
      0.00299016572535038,
      0.4380226135253906,
      0.0015069791115820408,
      0.0009274224867112935,
      0.0009099300368689001,
      0.006453949026763439
    ]
  ],
  "currentPrediction": [
    {
      "name": "LSTM Base Model",
      "predictions": [
        [
          9,
          3,
          5
        ],
        [
          9,
          6,
          4
        ]
      ]
    }
  ],
  "realResult": [
    5,
    4,
    4
  ],
  "newPrediction": [
    {
      "name": "LSTM Base Model",
      "predictions": [
        [
          5,
          4,
          4
        ],
        [
          5,
          4,
          9
        ]
      ]
    }
  ],
  "newPredictionRaw": [
    [
      0.0009389528422616422,
      0.004843520000576973,
      0.0030598195735365152,
      0.00115757598541677,
      0.03800277039408684,
      0.42860841751098633,
      0.0003648720448836684,
      0.00038745644269511104,
      0.002572024241089821,
      0.015851406380534172
    ],
    [
      0.004601363092660904,
      0.00025850438396446407,
      0.005488903261721134,
      0.0026534060016274452,
      0.19265833497047424,
      0.00046391814248636365,
      0.007192469201982021,
      0.005687701981514692,
      0.001090492121875286,
      0.0011793578742071986
    ],
    [
      0.00535023957490921,
      0.0016350098885595798,
      0.00042327167466282845,
      0.027383306995034218,
      0.2324897199869156,
      0.0011851395247504115,
      0.0033425765577703714,
      0.0010680765844881535,
      0.001207791967317462,
      0.008853617124259472
    ]
  ],
  "matchingNumbers": {
    "model": "LSTM Base Model",
    "prediction": [
      9,
      3,
      5
    ],
    "matching_numbers": [
      5
    ],
    "match_count": 1
  },
  "labels": [
    0,
    1,
    2,
    3,
    4,
    5,
    6,
    7,
    8,
    9
  ],
  "numberFrequency": {
    "5": 0.3333333333333333,
    "4": 0.5,
    "9": 0.16666666666666666
  }
}