{
  "currentPredictionRaw": [
    [
      0.0019327475456520915,
      0.006666622124612331,
      0.0016830984968692064,
      0.00666953157633543,
      0.03731086477637291,
      0.2265949547290802,
      0.004121354781091213,
      0.005691325291991234,
      0.0036327065899968147,
      0.013622380793094635
    ],
    [
      0.013326998800039291,
      0.03088485263288021,
      0.021003345027565956,
      0.009209963493049145,
      0.03074416145682335,
      0.0014289628015831113,
      0.00017965349252335727,
      0.003927864134311676,
      0.0016580818919464946,
      0.0029123257845640182
    ],
    [
      0.006678375415503979,
      0.003173430683091283,
      0.008613316342234612,
      0.008953194133937359,
      0.509713351726532,
      0.004457269329577684,
      0.012072599492967129,
      0.0018737987847998738,
      0.0011667603394016623,
      0.02009609341621399
    ]
  ],
  "currentPrediction": [
    {
      "name": "LSTM Base Model",
      "predictions": [
        [
          5,
          1,
          4
        ],
        [
          5,
          4,
          9
        ]
      ]
    }
  ],
  "realResult": [
    3,
    5,
    9
  ],
  "newPrediction": [
    {
      "name": "LSTM Base Model",
      "predictions": [
        [
          3,
          3,
          0
        ],
        [
          3,
          7,
          8
        ]
      ]
    }
  ],
  "newPredictionRaw": [
    [
      0.003216466633602977,
      0.005686919204890728,
      0.0025043822824954987,
      0.14246752858161926,
      0.001890334882773459,
      0.005264583975076675,
      0.011257810518145561,
      0.03657548874616623,
      0.022647131234407425,
      0.01846550963819027
    ],
    [
      0.0038344538770616055,
      0.00760481134057045,
      0.009434936568140984,
      0.3172016441822052,
      0.0012435093522071838,
      0.1805422455072403,
      0.03997849300503731,
      0.01869845762848854,
      0.008027681149542332,
      0.002297919476404786
    ],
    [
      0.04399406164884567,
      0.013032744638621807,
      0.01693371869623661,
      0.009254606440663338,
      0.00422360934317112,
      0.006993206217885017,
      0.011531617492437363,
      0.0027270216960459948,
      0.022225702181458473,
      0.030243389308452606
    ]
  ],
  "matchingNumbers": {
    "model": "LSTM Base Model",
    "prediction": [
      5,
      4,
      9
    ],
    "matching_numbers": [
      9,
      5
    ],
    "match_count": 2
  },
  "labels": [
    0,
    1,
    2,
    3,
    4,
    5,
    6,
    7,
    8,
    9
  ],
  "numberFrequency": {
    "3": 0.5,
    "0": 0.16666666666666666,
    "7": 0.16666666666666666,
    "8": 0.16666666666666666
  }
}