{"currentPredictionRaw": [[5.554814564338334e-19, 3.632580623691527e-21, 6.050727953127657e-20, 2.0406660652661388e-27, 6.504222616228461e-13, 7.884580099926097e-09, 4.948155492456863e-06, 0.9999949932098389, 3.9419026376386057e-10, 3.028077776655422e-15], [6.682808475488855e-07, 0.9992488026618958, 0.0003820632118731737, 0.00024146665236912668, 7.020678793878687e-08, 2.6248303583997767e-06, 2.7453506482033596e-11, 4.13741418014979e-07, 0.00011943552090087906, 4.455968337424565e-06], [0.9996969699859619, 6.673107229161351e-36, 0.0, 2.637760371726472e-05, 1.1009466334144236e-06, 0.0, 0.00027480642893351614, 1.647814172704025e-36, 0.0, 7.900766263446712e-07]], "currentPrediction": [[7, 1, 0], [6, 2, 6], [5, 3, 3], [8, 8, 4], [4, 9, 9], [9, 5, 1], [0, 0, 7], [2, 7, 8], [1, 4, 5], [3, 6, 2]], "realResult": [8, 7, 8], "newPrediction": [[4, 1, 9], [6, 2, 6], [5, 3, 3], [3, 8, 8], [7, 9, 7], [2, 5, 0], [0, 0, 4], [9, 7, 1], [8, 4, 2], [1, 6, 5]], "newPredictionRaw": [[5.796284026842517e-30, 0.0, 4.132683585825463e-28, 5.713994158718419e-25, 0.9999996423721313, 2.033211599083984e-09, 3.3469251548012835e-07, 3.692327561835495e-26, 0.0, 0.0], [4.539468818620662e-07, 0.999195396900177, 0.0004187809827271849, 0.00025147738051600754, 5.222034715757218e-08, 2.322458612979972e-06, 1.933003236642694e-11, 2.8429926146600337e-07, 0.00012740329839289188, 3.8867869989189785e-06], [2.7040149565521303e-14, 8.631756482235136e-16, 8.931120126288471e-20, 9.128263249447155e-12, 2.4924718661071578e-14, 1.3972132381597223e-23, 3.663080292426457e-07, 3.0351480877210957e-14, 4.116116356176619e-13, 0.9999996423721313]], "matchingNumbers": {"bestMatchIndex": 7, "bestMatchSequence": [2, 7, 8], "matchingNumbers": [8, 7]}, "labels": [0, 1, 2, 3, 4, 5, 6, 7, 8, 9]}