{
  "currentPredictionRaw": [
    [
      0.0043778023682534695,
      0.0005064958822913468,
      0.001699343672953546,
      0.0001432346471119672,
      0.712285041809082,
      0.0006609731935895979,
      0.0005015375791117549,
      0.00010822171316249296,
      0.0024556447751820087,
      0.03313710168004036
    ],
    [
      0.12339715659618378,
      0.0005095454980619252,
      0.00277948216535151,
      0.0005827503046020865,
      0.0004860095214098692,
      0.004049386363476515,
      0.0005669179954566061,
      0.0018246505642309785,
      0.00017482825205661356,
      0.0003223428502678871
    ],
    [
      0.0003358975809533149,
      0.00334381521679461,
      0.0014722408959642053,
      0.0010124711552634835,
      0.09717461466789246,
      0.0018645661184564233,
      0.001488320529460907,
      0.0007898503681644797,
      0.0009922611061483622,
      0.0009575143922120333
    ]
  ],
  "currentPrediction": [
    {
      "name": "LSTM Base Model",
      "predictions": [
        [
          4,
          0,
          4
        ],
        [
          4,
          9,
          0
        ]
      ]
    }
  ],
  "realResult": [
    7,
    7,
    8
  ],
  "newPrediction": [
    {
      "name": "LSTM Base Model",
      "predictions": [
        [
          7,
          7,
          8
        ],
        [
          7,
          8,
          3
        ]
      ]
    }
  ],
  "newPredictionRaw": [
    [
      0.0008810668368823826,
      0.00044638587860390544,
      0.004023059271275997,
      0.005575092509388924,
      0.000875128316693008,
      0.0007467775139957666,
      0.0012845790479332209,
      0.38888344168663025,
      0.007197401486337185,
      0.00043803866719827056
    ],
    [
      0.0008216124842874706,
      0.00045418296940624714,
      0.0014635082334280014,
      0.0017492445185780525,
      0.005368567071855068,
      0.0010676990495994687,
      0.0005974602536298335,
      0.3543955981731415,
      0.0002574811805970967,
      0.0028119811322540045
    ],
    [
      0.000740438757929951,
      0.00033809582237154245,
      0.0004011366399936378,
      0.0012195674935355783,
      0.0031032180413603783,
      0.0021762093529105186,
      0.00018984873895533383,
      0.0028292369097471237,
      0.20920330286026,
      0.0004605943395290524
    ]
  ],
  "matchingNumbers": {
    "model": null,
    "prediction": null,
    "matching_numbers": [],
    "match_count": 0
  },
  "labels": [
    0,
    1,
    2,
    3,
    4,
    5,
    6,
    7,
    8,
    9
  ],
  "numberFrequency": {
    "7": 0.5,
    "8": 0.3333333333333333,
    "3": 0.16666666666666666
  }
}