{
  "currentPredictionRaw": [
    [
      0.030615532770752907,
      0.007957268506288528,
      0.025187335908412933,
      0.0013735860120505095,
      0.032628756016492844,
      0.003599361749365926,
      0.44072869420051575,
      0.001123408554121852,
      0.001034154905937612,
      0.023056508973240852
    ],
    [
      0.013557563535869122,
      0.002024250105023384,
      0.0024779620580375195,
      0.00412957277148962,
      0.04527759924530983,
      0.006163299083709717,
      0.08917391300201416,
      0.016588570550084114,
      0.02620495669543743,
      0.010410242713987827
    ],
    [
      0.08320766687393188,
      0.03342604264616966,
      0.010263660922646523,
      0.005929974373430014,
      0.005041821859776974,
      0.0031399072613567114,
      0.0058245970867574215,
      0.05265705659985542,
      0.0026217284612357616,
      0.014575056731700897
    ]
  ],
  "currentPrediction": [
    {
      "name": "LSTM Base Model",
      "predictions": [
        [
          6,
          6,
          0
        ],
        [
          6,
          4,
          0
        ]
      ]
    }
  ],
  "realResult": [
    7,
    7,
    7
  ],
  "newPrediction": [
    {
      "name": "LSTM Base Model",
      "predictions": [
        [
          7,
          7,
          7
        ],
        [
          7,
          3,
          8
        ]
      ]
    }
  ],
  "newPredictionRaw": [
    [
      0.0019704096484929323,
      0.00238962029106915,
      0.002873381832614541,
      0.01705106347799301,
      0.0006355869700200856,
      0.0031146914698183537,
      0.0019537934567779303,
      0.296673059463501,
      0.004538421053439379,
      0.004331167787313461
    ],
    [
      0.0009524071938358247,
      0.0017270151292905211,
      0.009044451639056206,
      0.0017773398431017995,
      0.0076537667773664,
      0.007019262760877609,
      0.004985901992768049,
      0.07326577603816986,
      0.003260662080720067,
      0.005838476587086916
    ],
    [
      0.008588853292167187,
      0.0006610067212022841,
      0.005289047956466675,
      0.0009429772035218775,
      0.009367379359900951,
      0.0015082189347594976,
      0.0196034274995327,
      0.4954833388328552,
      0.003813967341557145,
      0.003685486502945423
    ]
  ],
  "matchingNumbers": {
    "model": null,
    "prediction": null,
    "matching_numbers": [],
    "match_count": 0
  },
  "labels": [
    0,
    1,
    2,
    3,
    4,
    5,
    6,
    7,
    8,
    9
  ],
  "numberFrequency": {
    "7": 0.6666666666666666,
    "3": 0.16666666666666666,
    "8": 0.16666666666666666
  }
}