{
  "currentPredictionRaw": [
    [
      0.001150290248915553,
      0.008146412670612335,
      0.03487587720155716,
      0.00902595929801464,
      0.009071333333849907,
      0.005234489217400551,
      0.006116913631558418,
      0.02179601415991783,
      0.06099919602274895,
      0.007594787050038576
    ],
    [
      0.005579774267971516,
      0.018644507974386215,
      0.029931340366601944,
      0.041430115699768066,
      0.0024445587769150734,
      0.0019463087664917111,
      0.017523370683193207,
      0.004851986188441515,
      0.08961611986160278,
      0.00454217242076993
    ],
    [
      0.005342766642570496,
      0.004932132549583912,
      0.49783018231391907,
      0.002415491733700037,
      0.002981998724862933,
      0.013991585932672024,
      0.002680831588804722,
      0.02309251017868519,
      0.014943955466151237,
      0.05126691609621048
    ]
  ],
  "currentPrediction": [
    {
      "name": "LSTM Base Model",
      "predictions": [
        [
          8,
          8,
          2
        ],
        [
          8,
          2,
          7
        ]
      ]
    }
  ],
  "realResult": [
    6,
    1,
    8
  ],
  "newPrediction": [
    {
      "name": "LSTM Base Model",
      "predictions": [
        [
          3,
          1,
          8
        ],
        [
          3,
          8,
          6
        ]
      ]
    }
  ],
  "newPredictionRaw": [
    [
      0.00937854778021574,
      0.005847173277288675,
      0.0023470616433769464,
      0.0640997663140297,
      0.0010160873644053936,
      0.0010902018984779716,
      0.016536107286810875,
      0.00042012572521343827,
      0.05402745306491852,
      0.0007569745648652315
    ],
    [
      0.0007023392827250063,
      0.5646688342094421,
      0.030954645946621895,
      0.003066869918256998,
      0.0015882998704910278,
      0.0006007921765558422,
      0.0373537614941597,
      0.006839406210929155,
      0.009005865082144737,
      0.0029796420130878687
    ],
    [
      0.001528083230368793,
      0.008374686352908611,
      0.00046168986591510475,
      0.04023745656013489,
      0.0008556126267649233,
      0.01674720086157322,
      0.0056490469723939896,
      0.011862512677907944,
      0.10019945353269577,
      0.0008043079869821668
    ]
  ],
  "matchingNumbers": {
    "model": "LSTM Base Model",
    "prediction": [
      8,
      8,
      2
    ],
    "matching_numbers": [
      8
    ],
    "match_count": 1
  },
  "labels": [
    0,
    1,
    2,
    3,
    4,
    5,
    6,
    7,
    8,
    9
  ],
  "numberFrequency": {
    "3": 0.3333333333333333,
    "1": 0.16666666666666666,
    "8": 0.3333333333333333,
    "6": 0.16666666666666666
  }
}