{
  "currentPredictionRaw": [
    [
      0.0037109977565705776,
      0.0042177001014351845,
      0.006755023263394833,
      0.008639834821224213,
      0.008584916591644287,
      0.005197261460125446,
      0.06124697998166084,
      0.0043449681252241135,
      0.05620746687054634,
      0.005507584661245346
    ],
    [
      0.048964593559503555,
      0.010044137947261333,
      0.007954607717692852,
      0.0096913892775774,
      0.019607048481702805,
      0.012339575216174126,
      0.01541942823678255,
      0.16562196612358093,
      0.003544298931956291,
      0.0021231190767139196
    ],
    [
      0.002011022297665477,
      0.0060493662022054195,
      0.031683359295129776,
      0.00668475404381752,
      0.03254760056734085,
      0.010326890274882317,
      0.004992862232029438,
      0.43434521555900574,
      0.006312258075922728,
      0.005323763936758041
    ]
  ],
  "currentPrediction": [
    {
      "name": "LSTM Base Model",
      "predictions": [
        [
          6,
          7,
          7
        ],
        [
          6,
          8,
          3
        ]
      ]
    }
  ],
  "realResult": [
    4,
    5,
    6
  ],
  "newPrediction": [
    {
      "name": "LSTM Base Model",
      "predictions": [
        [
          2,
          6,
          4
        ],
        [
          2,
          4,
          1
        ]
      ]
    }
  ],
  "newPredictionRaw": [
    [
      0.002335498807951808,
      0.012488190084695816,
      0.5050033330917358,
      0.001562301185913384,
      0.035306476056575775,
      0.008766135200858116,
      0.002093759598210454,
      0.0027295846957713366,
      0.00516163045540452,
      0.001998349791392684
    ],
    [
      0.007816573604941368,
      0.0013554421020671725,
      0.0015630389098078012,
      0.01866595260798931,
      0.0010863612405955791,
      0.02167220413684845,
      0.09131749719381332,
      0.05326664447784424,
      0.015030047856271267,
      0.006295981351286173
    ],
    [
      0.02282426320016384,
      0.004457613918930292,
      0.007194694597274065,
      0.0003862823359668255,
      0.09070051461458206,
      0.027618538588285446,
      0.029802856966853142,
      0.003892448265105486,
      0.014876001514494419,
      0.002731789369136095
    ]
  ],
  "matchingNumbers": {
    "model": "LSTM Base Model",
    "prediction": [
      6,
      7,
      7
    ],
    "matching_numbers": [
      6
    ],
    "match_count": 1
  },
  "labels": [
    0,
    1,
    2,
    3,
    4,
    5,
    6,
    7,
    8,
    9
  ],
  "numberFrequency": {
    "2": 0.3333333333333333,
    "6": 0.16666666666666666,
    "4": 0.3333333333333333,
    "1": 0.16666666666666666
  }
}