{"currentPredictionRaw": [], "currentPrediction": [], "realResult": [8, 2, 0], "newPrediction": [{"name": "LSTM Base Model", "predictions": [[8, 2, 0], [8, 9, 1]]}], "newPredictionRaw": [[0.002158715855330229, 0.007797072641551495, 0.0061870659701526165, 0.0004409950925037265, 0.005067929159849882, 0.0015770202735438943, 0.005755279678851366, 0.007223171181976795, 0.38479748368263245, 0.035734329372644424], [0.003139244858175516, 0.008950567804276943, 0.17218798398971558, 0.009880979545414448, 0.03231455013155937, 0.0009008903871290386, 0.0036580078303813934, 0.0011451428290456533, 0.017121605575084686, 0.0006799498805776238], [0.21110276877880096, 0.01263891626149416, 0.000990788103081286, 0.02029910497367382, 0.0005210667732171714, 0.011798468418419361, 0.007624248508363962, 0.025846967473626137, 0.0017989426851272583, 0.0006607383256778121]], "matchingNumbers": {"model": null, "prediction": null, "matching_numbers": [], "match_count": 0}, "labels": [0, 1, 2, 3, 4, 5, 6, 7, 8, 9], "numberFrequency": {"8": 0.3333333333333333, "2": 0.16666666666666666, "0": 0.16666666666666666, "9": 0.16666666666666666, "1": 0.16666666666666666}}