{"currentPredictionRaw": [[7.984251055859204e-07, 4.910587453159365e-13, 3.49641204877571e-08, 8.902557624423935e-07, 0.9999980926513672, 2.9062849193906004e-07, 1.5545804643579686e-08, 2.805182530707384e-09, 6.815514819180635e-10, 7.408965801980472e-12], [0.0, 0.0, 3.292445488724233e-24, 0.0, 0.0, 0.0, 0.0, 0.0, 3.3819499308099027e-15, 1.0], [2.1551107882424785e-32, 7.032855665792842e-17, 0.9997996687889099, 7.421545474527169e-14, 1.7009471223669944e-26, 2.7755654949333313e-27, 2.5114301996360967e-19, 0.0, 2.7733815954888996e-07, 0.00020010689331684262]], "currentPrediction": [[4, 9, 2], [3, 8, 9], [3, 8, 1], [4, 3, 8], [1, 8, 3], [4, 3, 4], [0, 2, 3], [1, 5, 9]], "realResult": [5, 1, 3], "newPrediction": [[5, 1, 3], [0, 3, 8], [4, 0, 2], [6, 5, 4], [0, 2, 4], [4, 5, 4], [0, 9, 7], [1, 5, 9]], "newPredictionRaw": [[2.78403641238369e-32, 0.0, 0.0, 0.0, 0.0, 1.0, 0.0, 0.0, 0.0, 0.0], [0.0, 1.0, 0.0, 1.0271689877513254e-14, 0.0, 0.0, 0.0, 0.0, 0.0, 0.0], [2.3896853496940904e-15, 4.264889139449224e-05, 9.06537475020058e-17, 0.9999573230743408, 7.5996224182480115e-22, 3.812152842818009e-17, 3.480993113801905e-30, 4.059152980382435e-21, 2.0851311788305793e-08, 3.313600724713585e-15]], "matchingNumbers": {"bestMatchIndex": 2, "bestMatchSequence": [3, 8, 1], "matchingNumbers": [1, 3]}, "labels": [0, 1, 2, 3, 4, 5, 6, 7, 8, 9], "numberFrequency": {"6": 0.1000822593912805, "4": 0.10136184992231058, "1": 0.0999908600676355, "0": 0.10223014349693813, "5": 0.09875696919842793, "3": 0.09784297596197788, "2": 0.10095055296590805, "8": 0.10063065533315053, "7": 0.09807147427109039, "9": 0.1000822593912805}}