{
  "currentPredictionRaw": [
    [
      0.007687445264309645,
      0.01134883239865303,
      0.05504388362169266,
      0.0011815062025561929,
      0.013364670798182487,
      0.009081248193979263,
      0.002344814594835043,
      0.008710596710443497,
      0.1784854233264923,
      0.02834094874560833
    ],
    [
      0.026750871911644936,
      0.04078920930624008,
      0.05264301225543022,
      0.01686842553317547,
      0.0886034145951271,
      0.0019798094872385263,
      0.019176770001649857,
      0.0023333996068686247,
      0.028167041018605232,
      0.0007970932056196034
    ],
    [
      0.17850901186466217,
      0.07936828583478928,
      0.0006877909763716161,
      0.06925554573535919,
      0.002114984206855297,
      0.043764498084783554,
      0.016699444502592087,
      0.00751855643466115,
      0.004892835393548012,
      0.003490581177175045
    ]
  ],
  "currentPrediction": [
    {
      "name": "LSTM Base Model",
      "predictions": [
        [
          8,
          4,
          0
        ],
        [
          8,
          2,
          9
        ]
      ]
    }
  ],
  "realResult": [
    6,
    1,
    8
  ],
  "newPrediction": [
    {
      "name": "LSTM Base Model",
      "predictions": [
        [
          6,
          1,
          0
        ],
        [
          6,
          7,
          0
        ]
      ]
    }
  ],
  "newPredictionRaw": [
    [
      0.004745932295918465,
      0.0017406250117346644,
      0.0005686261574737728,
      0.003461295971646905,
      0.00026443699607625604,
      0.001101660542190075,
      0.10735117644071579,
      0.01614104025065899,
      0.0026107793673872948,
      0.0042931996285915375
    ],
    [
      0.0003185004461556673,
      0.6328290104866028,
      0.0010974875185638666,
      0.00222457735799253,
      0.0028453266713768244,
      0.0061175148002803326,
      0.0033238425385206938,
      0.00826646201312542,
      0.0011876372154802084,
      0.0034196891356259584
    ],
    [
      0.08849342912435532,
      0.005041985772550106,
      0.017907461151480675,
      0.0022216865327209234,
      0.0020219271536916494,
      0.000409199419664219,
      0.002048854948952794,
      0.0001638191461097449,
      0.07754897326231003,
      0.00023391615832224488
    ]
  ],
  "matchingNumbers": {
    "model": "LSTM Base Model",
    "prediction": [
      8,
      4,
      0
    ],
    "matching_numbers": [
      8
    ],
    "match_count": 1
  },
  "labels": [
    0,
    1,
    2,
    3,
    4,
    5,
    6,
    7,
    8,
    9
  ],
  "numberFrequency": {
    "6": 0.3333333333333333,
    "1": 0.16666666666666666,
    "0": 0.3333333333333333,
    "7": 0.16666666666666666
  }
}