{"currentPredictionRaw": [[0.9997044205665588, 1.518159707157712e-35, 0.0, 2.7977157515124418e-05, 1.145092483056942e-06, 0.0, 0.0002654780982993543, 3.256085630931491e-36, 0.0, 9.537870937492698e-07], [0.0, 5.530854769319498e-30, 1.0, 1.8522707811996497e-09, 0.0, 2.701191627159336e-25, 0.0, 0.0, 0.0, 0.0], [0.0, 2.681388425313248e-32, 1.0, 2.848633551266744e-10, 0.0, 2.5832422847612175e-26, 0.0, 0.0, 0.0, 0.0]], "currentPrediction": [[0, 2, 2], [6, 3, 3], [3, 5, 5], [4, 1, 1], [9, 9, 9], [1, 8, 8], [7, 7, 7], [8, 6, 6], [5, 4, 4], [2, 0, 0]], "realResult": [4, 0, 4], "newPrediction": [[0, 5, 1], [6, 4, 2], [3, 2, 3], [4, 6, 8], [9, 9, 9], [1, 8, 5], [7, 7, 0], [8, 3, 7], [5, 1, 4], [2, 0, 6]], "newPredictionRaw": [[0.9996979236602783, 7.86344951430387e-36, 0.0, 2.5578803615644574e-05, 1.1303787914584973e-06, 0.0, 0.0002745573001448065, 2.019500765515558e-36, 0.0, 7.867885187806678e-07], [0.0, 0.0, 1.8320250623036648e-17, 0.0, 3.917419977273427e-14, 1.0, 1.9629782883554354e-27, 0.0, 0.0, 0.0], [9.155785960501817e-07, 0.9992914199829102, 0.000365532556315884, 0.00022570289729628712, 8.99790251196464e-08, 3.282664465587004e-06, 3.5003659693000344e-11, 5.658150712406496e-07, 0.00010854748688871041, 3.905222456523916e-06]], "matchingNumbers": {"bestMatchIndex": 0, "bestMatchSequence": [0, 2, 2], "matchingNumbers": [0]}, "labels": [0, 1, 2, 3, 4, 5, 6, 7, 8, 9]}