{"currentPredictionRaw": [[0.0, 2.1579571252700045e-36, 1.222949054038145e-19, 0.0, 0.0, 0.0, 0.0, 7.146955603041449e-22, 1.0, 3.1930308913933408e-34], [2.582044510410204e-26, 0.9999940395355225, 8.736846238726976e-18, 2.3481241277873328e-22, 5.851889889741248e-20, 5.379579366877149e-32, 2.0120253119843e-12, 4.772959189373058e-16, 5.469028565130429e-06, 4.914334681416221e-07], [1.992625822807739e-26, 0.9999942779541016, 6.5821263562197385e-18, 1.9575433163943054e-22, 5.472570710218572e-20, 2.8481073197224343e-32, 1.9502750109312572e-12, 3.533229591673047e-16, 5.244948624749668e-06, 4.6376803197745176e-07]], "currentPrediction": [[8, 1, 9], [2, 8, 9], [6, 5, 3], [7, 3, 6], [3, 9, 6], [5, 4, 6], [2, 3, 5], [1, 5, 9]], "realResult": [7, 1, 0], "newPrediction": [[7, 0, 4], [8, 5, 7], [6, 0, 3], [5, 6, 3], [0, 9, 6], [5, 4, 6], [0, 3, 5], [1, 5, 9]], "newPredictionRaw": [[2.002939174203736e-20, 1.250250073415069e-21, 3.131756091707006e-15, 6.930498219213162e-16, 9.171103316566004e-21, 3.9156647368976394e-10, 3.6039821442960394e-38, 1.0, 1.7462314927385592e-09, 2.010554503645897e-14], [0.9999973773956299, 1.3333962652608532e-21, 5.656825674549282e-09, 1.4328705880003345e-18, 3.244033695136196e-20, 2.463198597979499e-06, 1.0360728275315978e-08, 7.206221307091503e-18, 6.252009592054078e-21, 1.0728081178967841e-07], [7.864194018214477e-11, 1.5156484778344748e-07, 4.0675249529102666e-20, 4.3156201172678266e-06, 0.99994957447052, 3.437040106666375e-15, 2.5655488345246445e-22, 4.595832069753669e-05, 1.8114194588747523e-09, 1.0366825230017068e-14]], "matchingNumbers": {"bestMatchIndex": 0, "bestMatchSequence": [8, 1, 9], "matchingNumbers": [1]}, "labels": [0, 1, 2, 3, 4, 5, 6, 7, 8, 9], "numberFrequency": {"3": 0.09787234042553192, "2": 0.10098375657744223, "6": 0.10016014641958362, "8": 0.10066346373827499, "9": 0.10011439029970258, "0": 0.10203614733470602, "5": 0.0987874628231526, "4": 0.1013498055364905, "1": 0.10002287805994052, "7": 0.09800960878517502}}