{"currentPredictionRaw": [[1.7239762491501506e-17, 3.342777714788331e-13, 0.0010645041475072503, 6.553720322070015e-25, 0.0, 2.361557482955643e-28, 2.9086608896490548e-18, 0.998778760433197, 0.00015663918748032302, 4.2845585340803986e-19], [1.0, 0.0, 2.9456959320871635e-30, 8.596450605267759e-20, 6.302506868187167e-20, 0.0, 0.0, 0.0, 0.0, 0.0], [9.499176201188675e-08, 0.0, 0.0, 0.0, 0.9999998807907104, 2.5043550132969328e-12, 0.0, 0.0, 0.0, 0.0]], "currentPrediction": [[7, 0, 4], [2, 3, 0], [8, 4, 5], [1, 2, 9], [0, 8, 8], [6, 9, 6], [9, 5, 7], [3, 6, 3], [5, 7, 2], [4, 1, 1]], "realResult": [4, 1, 9], "newPrediction": [[7, 1, 0], [2, 8, 3], [8, 9, 4], [1, 7, 2], [0, 5, 8], [6, 6, 9], [9, 4, 5], [3, 3, 6], [5, 2, 7], [4, 0, 1]], "newPredictionRaw": [[3.409546833331709e-17, 1.8352267134365968e-13, 0.0010718699777498841, 8.269208307961771e-25, 0.0, 2.466390183171015e-28, 6.3551852192627526e-18, 0.9987636804580688, 0.00016442974447272718, 3.5173309383494487e-19], [0.0, 1.0, 0.0, 0.0, 0.0, 0.0, 0.0, 0.0, 4.243501880705731e-30, 0.0], [1.0, 0.0, 9.979769491814473e-30, 1.836759558494113e-20, 1.1497037052146734e-21, 0.0, 0.0, 0.0, 0.0, 0.0]], "matchingNumbers": {"bestMatchIndex": 3, "bestMatchSequence": [1, 2, 9], "matchingNumbers": [1, 9]}, "labels": [0, 1, 2, 3, 4, 5, 6, 7, 8, 9]}