{"currentPredictionRaw": [[1.1009909584231477e-14, 3.835026636686366e-16, 4.4761402201666715e-20, 4.114069761945727e-12, 1.2100602570191792e-14, 7.963541371875252e-24, 3.565162671748112e-07, 2.5104591189618712e-14, 3.9966280610502503e-13, 0.9999996423721313], [0.9996955394744873, 2.909838546752942e-36, 0.0, 2.836340900103096e-05, 9.065848303180246e-07, 0.0, 0.00027435613446868956, 5.241069253941393e-37, 0.0, 8.626784619991668e-07], [0.0, 1.2345243857364005e-30, 1.0, 1.1771617014488811e-09, 0.0, 2.147269276731246e-25, 0.0, 0.0, 0.0, 0.0]], "currentPrediction": [[9, 0, 2], [6, 6, 3], [3, 3, 5], [8, 4, 1], [7, 9, 9], [4, 1, 8], [0, 7, 7], [1, 8, 6], [2, 5, 4], [5, 2, 0]], "realResult": [3, 5, 7], "newPrediction": [[0, 5, 9], [6, 4, 6], [3, 2, 3], [4, 6, 8], [9, 9, 7], [1, 8, 0], [7, 7, 4], [8, 3, 1], [5, 1, 2], [2, 0, 5]], "newPredictionRaw": [[0.9996978044509888, 7.724368242696661e-36, 0.0, 2.5546110919094644e-05, 1.1289824897176004e-06, 0.0, 0.000274812919087708, 1.987827025749833e-36, 0.0, 7.843342473279336e-07], [0.0, 0.0, 1.8288969960992342e-17, 0.0, 4.121088033001187e-14, 1.0, 2.205840750644588e-27, 0.0, 0.0, 0.0], [2.6485251505511433e-14, 6.310840678737438e-16, 5.730532800356915e-20, 5.917235017943723e-12, 2.447178303912039e-14, 1.5376672402072457e-23, 4.906864319309534e-07, 4.1367655964153274e-14, 4.080323047755269e-13, 0.9999995231628418]], "matchingNumbers": {"bestMatchIndex": 2, "bestMatchSequence": [3, 3, 5], "matchingNumbers": [3, 5]}, "labels": [0, 1, 2, 3, 4, 5, 6, 7, 8, 9]}