{
  "currentPredictionRaw": [
    [
      0.1540726125240326,
      0.0018610021797940135,
      0.07726233452558517,
      0.03745796158909798,
      0.0006856404943391681,
      0.0018559613963589072,
      0.0037360142450779676,
      0.006104424595832825,
      0.0005182723980396986,
      0.013627740554511547
    ],
    [
      0.007534044329077005,
      0.2401798516511917,
      0.004356637597084045,
      0.007990422658622265,
      0.0043935091234743595,
      0.06962231546640396,
      0.003950249869376421,
      0.000331324728904292,
      0.001892655622214079,
      0.012452736496925354
    ],
    [
      0.0023516265209764242,
      0.007660373579710722,
      0.22793090343475342,
      0.014016076922416687,
      0.008380623534321785,
      0.000899151898920536,
      0.020474817603826523,
      0.05727612227201462,
      0.00932761188596487,
      0.001796941738575697
    ]
  ],
  "currentPrediction": [
    {
      "name": "LSTM Base Model",
      "predictions": [
        [
          0,
          1,
          2
        ],
        [
          0,
          2,
          3
        ]
      ]
    }
  ],
  "realResult": [
    7,
    7,
    8
  ],
  "newPrediction": [
    {
      "name": "LSTM Base Model",
      "predictions": [
        [
          8,
          4,
          6
        ],
        [
          8,
          1,
          7
        ]
      ]
    }
  ],
  "newPredictionRaw": [
    [
      0.008347400464117527,
      0.04049362987279892,
      0.002675989642739296,
      0.0010927541879937053,
      0.020678682252764702,
      0.00834662839770317,
      0.0039641400799155235,
      0.023660020902752876,
      0.09028250724077225,
      0.009486514143645763
    ],
    [
      0.007576235104352236,
      0.007453553844243288,
      0.010559218004345894,
      0.01942284218966961,
      0.4670862853527069,
      0.010392442345619202,
      0.0016116980696097016,
      0.010737821459770203,
      0.037027060985565186,
      0.01476682536303997
    ],
    [
      0.01603555493056774,
      0.026084765791893005,
      0.0033255035523325205,
      0.002011476084589958,
      0.03462708741426468,
      0.01849418133497238,
      0.05393034964799881,
      0.012339197099208832,
      0.004965009167790413,
      0.03252469003200531
    ]
  ],
  "matchingNumbers": {
    "model": null,
    "prediction": null,
    "matching_numbers": [],
    "match_count": 0
  },
  "labels": [
    0,
    1,
    2,
    3,
    4,
    5,
    6,
    7,
    8,
    9
  ],
  "numberFrequency": {
    "8": 0.3333333333333333,
    "4": 0.16666666666666666,
    "6": 0.16666666666666666,
    "1": 0.16666666666666666,
    "7": 0.16666666666666666
  }
}