{
  "currentPredictionRaw": [
    [
      0.0008310417179018259,
      0.002585319336503744,
      0.0035886061377823353,
      0.00023878325009718537,
      0.00011580339923966676,
      0.0011844863183796406,
      0.002086940687149763,
      0.0002764692762866616,
      0.4317150115966797,
      0.0008785803220234811
    ],
    [
      0.0011052534682676196,
      0.002675481606274843,
      0.0024364590644836426,
      0.0006324677378870547,
      0.0018582399934530258,
      0.0005540436832234263,
      0.0012451136717572808,
      0.0021933631505817175,
      0.31391483545303345,
      0.0008587295305915177
    ],
    [
      0.0022914197761565447,
      0.21104547381401062,
      0.004805448465049267,
      0.0005891234613955021,
      0.00024802066036500037,
      0.00041439890628680587,
      0.0018474163953214884,
      0.004208471160382032,
      0.0024519884027540684,
      0.0011231487151235342
    ]
  ],
  "currentPrediction": [
    {
      "name": "LSTM Base Model",
      "predictions": [
        [
          8,
          8,
          1
        ],
        [
          8,
          2,
          1
        ]
      ]
    }
  ],
  "realResult": [
    8,
    2,
    0
  ],
  "newPrediction": [
    {
      "name": "LSTM Base Model",
      "predictions": [
        [
          8,
          2,
          0
        ],
        [
          8,
          9,
          6
        ]
      ]
    }
  ],
  "newPredictionRaw": [
    [
      0.0006241892115212977,
      0.00482251588255167,
      0.0011281912447884679,
      0.00033347346470691264,
      0.0008025260176509619,
      0.0006681288359686732,
      0.010811805725097656,
      0.00045330272405408323,
      0.4450201392173767,
      0.01300234254449606
    ],
    [
      0.004044712986797094,
      0.004312550183385611,
      0.22552667558193207,
      0.0014461843529716134,
      0.010374093428254128,
      0.0008514060755260289,
      0.0006769926403649151,
      0.0012853138614445925,
      0.0048789274878799915,
      0.00016463882639072835
    ],
    [
      0.2455754280090332,
      0.0031768805347383022,
      0.0008698275196366012,
      0.0008063073619268835,
      0.0008313618018291891,
      0.0059308516792953014,
      0.0014820279320701957,
      0.0056013972498476505,
      0.004212194588035345,
      0.0002856066566891968
    ]
  ],
  "matchingNumbers": {
    "model": "LSTM Base Model",
    "prediction": [
      8,
      2,
      1
    ],
    "matching_numbers": [
      8,
      2
    ],
    "match_count": 2
  },
  "labels": [
    0,
    1,
    2,
    3,
    4,
    5,
    6,
    7,
    8,
    9
  ],
  "numberFrequency": {
    "8": 0.3333333333333333,
    "2": 0.16666666666666666,
    "0": 0.16666666666666666,
    "9": 0.16666666666666666,
    "6": 0.16666666666666666
  }
}