{"currentPredictionRaw": [[0.10239820927381516, 0.09969691932201385, 0.10091468691825867, 0.09908594191074371, 0.10221772640943527, 0.09915751963853836, 0.09825081378221512, 0.09718634188175201, 0.10082037001848221, 0.10027146339416504], [0.10239820927381516, 0.09969691932201385, 0.10091468691825867, 0.09908594191074371, 0.10221772640943527, 0.09915751963853836, 0.09825081378221512, 0.09718634188175201, 0.10082037001848221, 0.10027146339416504], [0.10239820927381516, 0.09969691932201385, 0.10091468691825867, 0.09908594191074371, 0.10221772640943527, 0.09915751963853836, 0.09825081378221512, 0.09718634188175201, 0.10082037001848221, 0.10027146339416504]], "currentPrediction": [[0, 0, 0], [4, 4, 4], [2, 2, 2], [8, 8, 8], [9, 9, 9], [1, 1, 1], [5, 5, 5], [3, 3, 3], [6, 6, 6], [7, 7, 7]], "realResult": [3, 5, 5], "newPrediction": [[0, 0, 0], [4, 4, 4], [2, 2, 2], [8, 8, 8], [9, 9, 9], [1, 1, 1], [5, 5, 5], [3, 3, 3], [6, 6, 6], [7, 7, 7]], "newPredictionRaw": [[0.10239820927381516, 0.09969691932201385, 0.10091468691825867, 0.09908594191074371, 0.10221772640943527, 0.09915751963853836, 0.09825081378221512, 0.09718634188175201, 0.10082037001848221, 0.10027146339416504], [0.10239820927381516, 0.09969691932201385, 0.10091468691825867, 0.09908594191074371, 0.10221772640943527, 0.09915751963853836, 0.09825081378221512, 0.09718634188175201, 0.10082037001848221, 0.10027146339416504], [0.10239820927381516, 0.09969691932201385, 0.10091468691825867, 0.09908594191074371, 0.10221772640943527, 0.09915751963853836, 0.09825081378221512, 0.09718634188175201, 0.10082037001848221, 0.10027146339416504]], "matchingNumbers": {"bestMatchIndex": 6, "bestMatchSequence": [5, 5, 5], "matchingNumbers": [5]}, "labels": [0, 1, 2, 3, 4, 5, 6, 7, 8, 9]}