{
  "currentPredictionRaw": [
    [
      0.0007100068614818156,
      0.0012416380923241377,
      0.0016797345597296953,
      0.00025817222194746137,
      0.0005044653662480414,
      0.0030316731426864862,
      0.0007716954569332302,
      0.1434629261493683,
      0.001134204212576151,
      0.0014345849631354213
    ],
    [
      0.0014138437109068036,
      0.0006847596378065646,
      0.4955725371837616,
      0.00032220603316091,
      0.00979890488088131,
      2.721758937695995e-05,
      0.0046521686017513275,
      0.0025285673327744007,
      0.0013327568303793669,
      0.002517101587727666
    ],
    [
      0.311590313911438,
      0.0028859840240329504,
      0.004776261746883392,
      0.0002635890559758991,
      0.0012010344071313739,
      0.00024311186280101538,
      0.0033860276453197002,
      0.00025815030676312745,
      0.0002110009954776615,
      0.00210538599640131
    ]
  ],
  "currentPrediction": [
    {
      "name": "LSTM Base Model",
      "predictions": [
        [
          7,
          2,
          0
        ],
        [
          7,
          5,
          2
        ]
      ]
    }
  ],
  "realResult": [
    4,
    5,
    6
  ],
  "newPrediction": [
    {
      "name": "LSTM Base Model",
      "predictions": [
        [
          4,
          5,
          6
        ],
        [
          4,
          8,
          2
        ]
      ]
    }
  ],
  "newPredictionRaw": [
    [
      0.0033255971502512693,
      0.0007174210622906685,
      0.008235316723585129,
      0.0008056779624894261,
      0.3445996642112732,
      0.0005000288365408778,
      0.002474759239703417,
      0.00021816816297359765,
      0.0110886599868536,
      0.004642825573682785
    ],
    [
      0.005993231665343046,
      0.007086214609444141,
      0.0015594951109960675,
      0.002073549199849367,
      0.001471016788855195,
      0.3540196120738983,
      0.005039131734520197,
      4.458697731024586e-05,
      0.00014685407222714275,
      0.0005929444450885057
    ],
    [
      0.0025467381346970797,
      0.002659549005329609,
      0.00041042169323191047,
      0.0031106891110539436,
      0.002216277178376913,
      0.0036776086781173944,
      0.22061099112033844,
      0.001237383927218616,
      0.001169005292467773,
      0.007726546376943588
    ]
  ],
  "matchingNumbers": {
    "model": "LSTM Base Model",
    "prediction": [
      7,
      5,
      2
    ],
    "matching_numbers": [
      5
    ],
    "match_count": 1
  },
  "labels": [
    0,
    1,
    2,
    3,
    4,
    5,
    6,
    7,
    8,
    9
  ],
  "numberFrequency": {
    "4": 0.3333333333333333,
    "5": 0.16666666666666666,
    "6": 0.16666666666666666,
    "8": 0.16666666666666666,
    "2": 0.16666666666666666
  }
}