{
  "currentPredictionRaw": [
    [
      0.3838237524032593,
      0.01584271900355816,
      0.0037548872642219067,
      0.005221730098128319,
      0.002709559630602598,
      0.00044947638525627553,
      0.002623510779812932,
      0.0005559846758842468,
      0.015044838190078735,
      0.0011927345767617226
    ],
    [
      0.011410444974899292,
      0.01470097154378891,
      0.0014086326118558645,
      0.000713767425622791,
      0.0035205509047955275,
      0.0028080877382308245,
      0.0003909599035978317,
      0.0035508896689862013,
      0.3089320659637451,
      0.0006239852518774569
    ],
    [
      0.011330689303576946,
      0.15700529515743256,
      0.008941405452787876,
      0.01748216710984707,
      0.0003231566515751183,
      0.001406392315402627,
      0.0002829729928635061,
      0.0004307997296564281,
      0.011151784099638462,
      0.012365841306746006
    ]
  ],
  "currentPrediction": [
    {
      "name": "LSTM Base Model",
      "predictions": [
        [
          0,
          8,
          1
        ],
        [
          0,
          1,
          8
        ]
      ]
    }
  ],
  "realResult": [
    5,
    7,
    4
  ],
  "newPrediction": [
    {
      "name": "LSTM Base Model",
      "predictions": [
        [
          5,
          7,
          4
        ],
        [
          5,
          7,
          8
        ]
      ]
    }
  ],
  "newPredictionRaw": [
    [
      0.0014070940669625998,
      0.0008240986499004066,
      0.0019919618498533964,
      0.0005797113408334553,
      4.6839864808134735e-05,
      0.51462322473526,
      0.0008026572759263217,
      0.023009860888123512,
      0.00394691014662385,
      4.001248089480214e-05
    ],
    [
      0.0006535020074807107,
      0.00045524502638727427,
      0.0033906360622495413,
      0.0006697599892504513,
      0.0013354313559830189,
      0.006056449841707945,
      0.0015881600556895137,
      0.12207204103469849,
      0.0015431041829288006,
      0.0006935749552212656
    ],
    [
      0.0012476802803575993,
      0.0010144661646336317,
      0.0002414124901406467,
      0.013688771054148674,
      0.2946462333202362,
      0.0004346241184975952,
      4.323006942286156e-05,
      0.00030751441954635084,
      0.0009116074652411044,
      0.0017340967897325754
    ]
  ],
  "matchingNumbers": {
    "model": null,
    "prediction": null,
    "matching_numbers": [],
    "match_count": 0
  },
  "labels": [
    0,
    1,
    2,
    3,
    4,
    5,
    6,
    7,
    8,
    9
  ],
  "numberFrequency": {
    "5": 0.3333333333333333,
    "7": 0.3333333333333333,
    "4": 0.16666666666666666,
    "8": 0.16666666666666666
  }
}