{
  "currentPredictionRaw": [
    [
      0.0019615984056144953,
      0.004069269169121981,
      0.02160026691854,
      0.002883980283513665,
      0.004017077386379242,
      0.003452650038525462,
      0.08000070601701736,
      0.004360244143754244,
      0.07357092201709747,
      0.006200585979968309
    ],
    [
      0.0017888536676764488,
      0.007186949718743563,
      0.009179827757179737,
      0.0011671683751046658,
      0.004704718943685293,
      0.017388543114066124,
      0.4808110296726227,
      0.12220438569784164,
      0.00041475603939034045,
      0.0045895762741565704
    ],
    [
      0.001630250015296042,
      0.002975676441565156,
      0.03956190124154091,
      0.009350750595331192,
      0.0040337881073355675,
      0.01201880257576704,
      0.007266208063811064,
      0.05203784257173538,
      0.017819469794631004,
      0.0017521759727969766
    ]
  ],
  "currentPrediction": [
    {
      "name": "LSTM Base Model",
      "predictions": [
        [
          6,
          6,
          7
        ],
        [
          6,
          8,
          2
        ]
      ]
    }
  ],
  "realResult": [
    4,
    5,
    6
  ],
  "newPrediction": [
    {
      "name": "LSTM Base Model",
      "predictions": [
        [
          8,
          5,
          8
        ],
        [
          8,
          4,
          6
        ]
      ]
    }
  ],
  "newPredictionRaw": [
    [
      0.010524710640311241,
      0.003750795731320977,
      0.015899717807769775,
      0.009332150220870972,
      0.019912397488951683,
      0.0008261388866230845,
      0.01942279003560543,
      0.00486896513029933,
      0.0671289935708046,
      0.00403829850256443
    ],
    [
      0.0032069836743175983,
      0.0033085367176681757,
      0.002618190599605441,
      0.009002567268908024,
      0.013293142430484295,
      0.49737077951431274,
      0.03748057410120964,
      0.032834410667419434,
      0.001612901221960783,
      0.0029105280991643667
    ],
    [
      0.0546741709113121,
      0.0020955961663275957,
      0.04338105767965317,
      0.0013540434883907437,
      0.0046672215685248375,
      0.005358212161809206,
      0.012600407004356384,
      0.018599972128868103,
      0.09552164375782013,
      0.0024040546268224716
    ]
  ],
  "matchingNumbers": {
    "model": "LSTM Base Model",
    "prediction": [
      6,
      6,
      7
    ],
    "matching_numbers": [
      6
    ],
    "match_count": 1
  },
  "labels": [
    0,
    1,
    2,
    3,
    4,
    5,
    6,
    7,
    8,
    9
  ],
  "numberFrequency": {
    "8": 0.5,
    "5": 0.16666666666666666,
    "4": 0.16666666666666666,
    "6": 0.16666666666666666
  }
}