{"currentPredictionRaw": [[3.215993052776259e-30, 0.0, 4.95200788794182e-28, 5.229094179268772e-25, 0.9999996423721313, 2.4111663776693604e-09, 3.0587304422624584e-07, 3.5677673493474705e-26, 0.0, 0.0], [6.177167162647333e-19, 2.410183255109827e-24, 7.594042765937882e-20, 1.0, 4.948044469814394e-13, 1.3193292990826886e-28, 5.564928112913132e-15, 1.4929903240270987e-35, 0.0, 1.6272326126900722e-16], [0.0, 0.0, 0.0, 0.0, 0.0, 0.0, 0.0, 0.0, 1.0, 7.796364531037815e-30]], "currentPrediction": [[4, 3, 8], [6, 4, 9], [5, 6, 7], [3, 9, 6], [7, 0, 5], [2, 2, 4], [0, 1, 3], [9, 5, 2], [8, 7, 1], [1, 8, 0]], "realResult": [2, 7, 0], "newPrediction": [[2, 7, 0], [3, 6, 6], [5, 5, 3], [1, 8, 4], [9, 4, 9], [8, 9, 1], [7, 0, 7], [6, 2, 8], [4, 1, 5], [0, 3, 2]], "newPredictionRaw": [[0.0, 3.471366238246637e-31, 1.0, 8.018914421370482e-10, 0.0, 8.125343128379033e-26, 0.0, 0.0, 0.0, 0.0], [3.559648335264925e-20, 3.693841819786112e-22, 2.4767164020075725e-20, 2.739853698198288e-28, 3.7751290808685223e-13, 8.226742842509793e-09, 4.338950930105057e-06, 0.9999957084655762, 9.134258627252478e-11, 2.1650031106410888e-16], [0.9997089505195618, 6.038737755224125e-35, 0.0, 2.9305208954610862e-05, 1.4538840105160489e-06, 0.0, 0.0002592444361653179, 1.6132466103585842e-35, 0.0, 9.870211670204299e-07]], "matchingNumbers": {"bestMatchIndex": 4, "bestMatchSequence": [7, 0, 5], "matchingNumbers": [0, 7]}, "labels": [0, 1, 2, 3, 4, 5, 6, 7, 8, 9]}