{
  "currentPredictionRaw": [
    [
      0.005760928150266409,
      0.006820661015808582,
      0.003842138685286045,
      0.00451546348631382,
      0.006928273942321539,
      0.08754248917102814,
      0.0027876258827745914,
      0.008855492807924747,
      0.003877114038914442,
      0.056199464946985245
    ],
    [
      0.05022398754954338,
      0.001039309543557465,
      0.02465657889842987,
      0.0025730503257364035,
      0.00611055176705122,
      0.006428983993828297,
      0.000978146563284099,
      0.008992042392492294,
      0.028952259570360184,
      0.26747947931289673
    ],
    [
      0.005229441449046135,
      0.0021533649414777756,
      0.0031329658813774586,
      0.006521773058921099,
      0.005173998419195414,
      0.025956781581044197,
      0.0027714415919035673,
      0.359699547290802,
      0.0026564474683254957,
      0.00214020861312747
    ]
  ],
  "currentPrediction": [
    {
      "name": "LSTM Base Model",
      "predictions": [
        [
          5,
          9,
          7
        ],
        [
          5,
          9,
          7
        ]
      ]
    }
  ],
  "realResult": [
    4,
    1,
    3
  ],
  "newPrediction": [
    {
      "name": "LSTM Base Model",
      "predictions": [
        [
          4,
          1,
          3
        ],
        [
          4,
          0,
          8
        ]
      ]
    }
  ],
  "newPredictionRaw": [
    [
      0.01040632463991642,
      0.001513083465397358,
      0.004153114277869463,
      0.0007518450147472322,
      0.20306983590126038,
      0.0016627799486741424,
      0.000914520351216197,
      0.0004103926767129451,
      0.009559991769492626,
      0.0002544329909142107
    ],
    [
      0.0028461767360568047,
      0.1781257838010788,
      0.0016973057063296437,
      0.000568854040466249,
      0.0051554166711866856,
      0.005353075452148914,
      0.00145303038880229,
      0.006133177317678928,
      0.002733594737946987,
      0.0032192955259233713
    ],
    [
      0.0015298728831112385,
      0.00908150989562273,
      0.004696480464190245,
      0.5114436149597168,
      0.0005904961726628244,
      0.0009053358226083219,
      0.02841220423579216,
      0.0028768591582775116,
      0.00041631670319475234,
      6.526102515636012e-05
    ]
  ],
  "matchingNumbers": {
    "model": null,
    "prediction": null,
    "matching_numbers": [],
    "match_count": 0
  },
  "labels": [
    0,
    1,
    2,
    3,
    4,
    5,
    6,
    7,
    8,
    9
  ],
  "numberFrequency": {
    "4": 0.3333333333333333,
    "1": 0.16666666666666666,
    "3": 0.16666666666666666,
    "0": 0.16666666666666666,
    "8": 0.16666666666666666
  }
}