{"currentPredictionRaw": [[2.3625011176537192e-17, 2.464431929638522e-07, 2.504033222092139e-13, 0.9999997615814209, 1.1454930337606584e-08, 8.516349403464574e-09, 2.351676599070626e-16, 1.849127310981413e-18, 2.64763446722327e-08, 4.6771577089836994e-14], [2.864252491625646e-37, 0.0, 0.0, 4.8840677436124056e-17, 2.1260804379373164e-15, 1.0, 2.6358726963022334e-32, 0.0, 3.8223497856015115e-24, 0.0], [7.864317355258408e-38, 0.0, 0.0, 1.2120968683315133e-16, 9.920626696370105e-16, 1.0, 1.6237035876983085e-32, 0.0, 2.2597665314750412e-23, 0.0]], "currentPrediction": [[3, 5, 5], [1, 4, 4], [8, 3, 3], [4, 8, 8], [5, 6, 6], [2, 0, 0], [9, 9, 9], [6, 7, 7], [0, 2, 2], [7, 1, 1]], "realResult": [0, 2, 2], "newPrediction": [[8, 8, 8], [5, 5, 5], [1, 1, 1], [3, 3, 3], [7, 7, 7], [2, 2, 2], [6, 6, 6], [9, 9, 9], [0, 0, 0], [4, 4, 4]], "newPredictionRaw": [[2.5719599728872907e-29, 1.1209252926899782e-12, 4.1340121795836304e-19, 2.2213917615359225e-15, 4.6261362710156223e-32, 1.7245551774819345e-12, 4.5836499102780185e-22, 2.5429122284607704e-18, 1.0, 6.563751250851444e-28], [6.568102709004855e-30, 2.6345009615687254e-13, 1.1677655089292598e-19, 4.368226730142456e-16, 3.1187683470139216e-33, 4.821728953607884e-13, 1.110913685321852e-22, 6.001223778405772e-19, 1.0, 5.742916658546823e-29], [6.468740522518549e-30, 2.2353347200586987e-13, 1.248016633254594e-19, 3.4197385587461996e-16, 2.0514642921894096e-33, 3.4182701699574103e-13, 1.030941112452208e-22, 6.688646022613372e-19, 1.0, 4.246143489226718e-29]], "matchingNumbers": {"bestMatchIndex": 5, "bestMatchSequence": [2, 0, 0], "matchingNumbers": [0, 2]}, "labels": [0, 1, 2, 3, 4, 5, 6, 7, 8, 9]}