{"currentPredictionRaw": [], "currentPrediction": [], "realResult": [], "newPrediction": [[9, 6, 7], [1, 0, 2], [2, 8, 8], [3, 3, 1], [0, 5, 0], [8, 4, 6], [4, 2, 9], [5, 7, 3], [6, 9, 5], [7, 1, 4]], "newPredictionRaw": [[1.7537618221947278e-26, 0.0001667629403527826, 9.204879918560505e-18, 6.642258520197948e-24, 0.0, 0.0, 0.0, 0.0, 0.0, 0.9998332262039185], [0.0006981596816331148, 8.236517674156479e-16, 1.878135869048947e-08, 2.632189898577053e-05, 4.958709496349911e-07, 1.8264354366692714e-05, 0.9992073178291321, 3.036033230374713e-12, 4.950936636305414e-05, 5.66148365167829e-13], [6.501257560621375e-19, 2.00985637909077e-14, 0.000672336493153125, 1.0746839312216438e-27, 0.0, 2.6006072780303894e-31, 3.086324602769572e-20, 0.9992371797561646, 9.047616913449019e-05, 2.875792960097727e-21]], "matchingNumbers": [], "labels": [0, 1, 2, 3, 4, 5, 6, 7, 8, 9]}