{
  "currentPredictionRaw": [
    [
      0.006473110057413578,
      0.004329269751906395,
      0.00022346120385918766,
      0.07968807965517044,
      0.0012850930215790868,
      0.0023496325593441725,
      0.02069799229502678,
      0.001796956523321569,
      0.006266431417316198,
      0.2937901020050049
    ],
    [
      0.1396566778421402,
      0.0006050767842680216,
      0.06496454775333405,
      0.016263941302895546,
      0.007505712099373341,
      0.10737287998199463,
      0.0004710792563855648,
      0.0001944247487699613,
      0.01841134764254093,
      0.005124545190483332
    ],
    [
      0.003500275081023574,
      0.0009158518514595926,
      0.1274196207523346,
      0.022971872240304947,
      0.0008558341069146991,
      0.011612617410719395,
      0.022332726046442986,
      0.004847835283726454,
      0.0005598986754193902,
      0.027513068169355392
    ]
  ],
  "currentPrediction": [
    {
      "name": "LSTM Base Model",
      "predictions": [
        [
          9,
          0,
          2
        ],
        [
          9,
          3,
          6
        ]
      ]
    }
  ],
  "realResult": [
    6,
    7,
    9
  ],
  "newPrediction": [
    {
      "name": "LSTM Base Model",
      "predictions": [
        [
          8,
          8,
          5
        ],
        [
          8,
          0,
          3
        ]
      ]
    }
  ],
  "newPredictionRaw": [
    [
      0.027800189331173897,
      0.004357052035629749,
      0.0011960567208006978,
      0.010772120207548141,
      0.0014260747702792287,
      0.0005775069002993405,
      0.003493613563477993,
      0.002672968665137887,
      0.16277848184108734,
      0.006469072308391333
    ],
    [
      0.0091390460729599,
      0.006536809727549553,
      0.017824362963438034,
      0.002522749360650778,
      0.003974481951445341,
      0.0002888674789573997,
      0.0018764965934678912,
      0.00900159403681755,
      0.11137651652097702,
      0.011643826961517334
    ],
    [
      0.009752853773534298,
      0.0023113221395760775,
      0.003218668745830655,
      0.0016202576225623488,
      0.001732556032948196,
      0.5649435520172119,
      0.00654357997700572,
      0.002399593126028776,
      0.007057038135826588,
      0.004692707676440477
    ]
  ],
  "matchingNumbers": {
    "model": "LSTM Base Model",
    "prediction": [
      9,
      3,
      6
    ],
    "matching_numbers": [
      9,
      6
    ],
    "match_count": 2
  },
  "labels": [
    0,
    1,
    2,
    3,
    4,
    5,
    6,
    7,
    8,
    9
  ],
  "numberFrequency": {
    "8": 0.5,
    "5": 0.16666666666666666,
    "0": 0.16666666666666666,
    "3": 0.16666666666666666
  }
}