{
  "currentPredictionRaw": [
    [
      0.012121198698878288,
      0.0029746585059911013,
      0.004743641242384911,
      0.004469909705221653,
      0.0049149454571306705,
      0.13122960925102234,
      0.010726102627813816,
      0.008238975889980793,
      0.1696544736623764,
      0.002538993488997221
    ],
    [
      0.001196941826492548,
      0.004039274528622627,
      0.01958261802792549,
      0.005248361732810736,
      0.06997865438461304,
      0.013671193271875381,
      0.008160922676324844,
      0.0034697323571890593,
      0.046971395611763,
      0.042393431067466736
    ],
    [
      0.008638101629912853,
      0.006975778844207525,
      0.00790414959192276,
      0.33240652084350586,
      0.0004143433761782944,
      0.028848325833678246,
      0.004943493753671646,
      0.006456310860812664,
      0.016365911811590195,
      0.020722119137644768
    ]
  ],
  "currentPrediction": [
    {
      "name": "LSTM Base Model",
      "predictions": [
        [
          8,
          4,
          3
        ],
        [
          8,
          5,
          0
        ]
      ]
    }
  ],
  "realResult": [
    6,
    0,
    3
  ],
  "newPrediction": [
    {
      "name": "LSTM Base Model",
      "predictions": [
        [
          6,
          0,
          3
        ],
        [
          6,
          2,
          4
        ]
      ]
    }
  ],
  "newPredictionRaw": [
    [
      0.011825701221823692,
      0.021182604134082794,
      0.040384963154792786,
      0.00878214742988348,
      0.02443595789372921,
      0.003056552493944764,
      0.11679741740226746,
      0.004437977448105812,
      0.02188529632985592,
      0.006107770372182131
    ],
    [
      0.08747460693120956,
      0.010951587930321693,
      0.010157725773751736,
      0.00665345648303628,
      0.016864372417330742,
      0.015421208925545216,
      0.07365190982818604,
      0.025808658450841904,
      0.014663095586001873,
      0.0010443908395245671
    ],
    [
      0.018774526193737984,
      0.011194867081940174,
      0.005740650463849306,
      0.3640574812889099,
      0.002415212569758296,
      0.0036926735192537308,
      0.009050607681274414,
      0.00410505710169673,
      0.05716465413570404,
      0.0022168681025505066
    ]
  ],
  "matchingNumbers": {
    "model": "LSTM Base Model",
    "prediction": [
      8,
      4,
      3
    ],
    "matching_numbers": [
      3
    ],
    "match_count": 1
  },
  "labels": [
    0,
    1,
    2,
    3,
    4,
    5,
    6,
    7,
    8,
    9
  ],
  "numberFrequency": {
    "6": 0.3333333333333333,
    "0": 0.16666666666666666,
    "3": 0.16666666666666666,
    "2": 0.16666666666666666,
    "4": 0.16666666666666666
  }
}