{"currentPredictionRaw": [[3.155007088917472e-10, 1.4950249038747643e-08, 7.305355439687169e-21, 1.321639899742877e-07, 0.9999556541442871, 2.0425696385466784e-14, 2.5414599577990687e-19, 4.4177173549542204e-05, 1.5616034854115668e-10, 4.306177268063871e-14], [2.8737771867920657e-35, 4.218918153291092e-38, 4.18623753460305e-27, 1.0, 1.6898020758554273e-32, 1.1712527649143656e-14, 0.0, 1.6094858690814867e-21, 1.0712928609737569e-16, 0.0], [0.0, 0.0, 6.947658061133954e-29, 0.0, 0.0, 0.0, 0.0, 4.996695805812894e-36, 1.0, 0.0]], "currentPrediction": [[4, 3, 8], [7, 5, 2], [1, 6, 5], [3, 1, 7], [1, 6, 9], [5, 5, 6], [8, 6, 7], [1, 4, 8]], "realResult": [5, 4, 4], "newPrediction": [[2, 7, 0], [5, 8, 9], [4, 3, 5], [6, 5, 2], [8, 4, 3], [5, 4, 6], [4, 6, 7], [1, 5, 8]], "newPredictionRaw": [[0.0, 0.0, 1.0, 0.0, 0.0, 4.609647611756638e-32, 0.0, 0.0, 0.0, 0.0], [9.605230470985305e-27, 4.8448741699949536e-33, 7.731189311499174e-20, 2.389006338067255e-20, 7.558842082668402e-27, 3.462646142038395e-11, 0.0, 1.0, 1.9584878857559218e-11, 2.440651548181314e-23], [0.9999982118606567, 3.033626583940115e-22, 2.5889445101623387e-11, 1.6115873847586933e-17, 5.025520922314894e-18, 1.733788963065308e-06, 2.256533328248711e-11, 2.0397434284148697e-15, 3.579863611615827e-21, 3.062823605848308e-11]], "matchingNumbers": {"bestMatchIndex": 0, "bestMatchSequence": [4, 3, 8], "matchingNumbers": [4]}, "labels": [0, 1, 2, 3, 4, 5, 6, 7, 8, 9], "numberFrequency": {"3": 0.09787234042553192, "2": 0.10098375657744223, "6": 0.10016014641958362, "8": 0.10066346373827499, "9": 0.10011439029970258, "0": 0.10203614733470602, "5": 0.0987874628231526, "4": 0.1013498055364905, "1": 0.10002287805994052, "7": 0.09800960878517502}}