{
  "currentPredictionRaw": [
    [
      0.03525169938802719,
      0.027110449969768524,
      0.013477450236678123,
      0.0032437299378216267,
      0.007188029587268829,
      0.06281736493110657,
      0.008877447806298733,
      0.011957707814872265,
      0.009553411044180393,
      0.007835847325623035
    ],
    [
      0.29561424255371094,
      0.05988617241382599,
      0.011283629573881626,
      0.08914202451705933,
      0.012480777688324451,
      0.0027970524970442057,
      0.0005695703439414501,
      0.015246950089931488,
      0.030187319964170456,
      0.004912912379950285
    ],
    [
      0.03706361725926399,
      0.0025766463950276375,
      0.011184747330844402,
      0.01817445643246174,
      0.0115861427038908,
      0.007828650996088982,
      0.002840294037014246,
      0.0025368649512529373,
      0.17042557895183563,
      0.02634916454553604
    ]
  ],
  "currentPrediction": [
    {
      "name": "LSTM Base Model",
      "predictions": [
        [
          5,
          0,
          8
        ],
        [
          5,
          0,
          1
        ]
      ]
    }
  ],
  "realResult": [
    9,
    9,
    5
  ],
  "newPrediction": [
    {
      "name": "LSTM Base Model",
      "predictions": [
        [
          1,
          3,
          2
        ],
        [
          1,
          7,
          5
        ]
      ]
    }
  ],
  "newPredictionRaw": [
    [
      0.01618909277021885,
      0.06642616540193558,
      0.0036591992247849703,
      0.022122381255030632,
      0.02101404219865799,
      0.028003472834825516,
      0.0008489851024933159,
      0.04580571502447128,
      0.00567921157926321,
      0.0020420225337147713
    ],
    [
      0.02102537825703621,
      0.0066114263609051704,
      0.03771517798304558,
      0.09126964211463928,
      0.0017121232813224196,
      0.001992094097658992,
      0.049499284476041794,
      0.053457725793123245,
      0.015304009430110455,
      0.0034768159966915846
    ],
    [
      0.022888706997036934,
      0.00397896533831954,
      0.3994656801223755,
      0.009710503742098808,
      0.0016128576826304197,
      0.001671475125476718,
      0.016318360343575478,
      0.0021830745972692966,
      0.016578800976276398,
      0.03173769265413284
    ]
  ],
  "matchingNumbers": {
    "model": "LSTM Base Model",
    "prediction": [
      5,
      0,
      8
    ],
    "matching_numbers": [
      5
    ],
    "match_count": 1
  },
  "labels": [
    0,
    1,
    2,
    3,
    4,
    5,
    6,
    7,
    8,
    9
  ],
  "numberFrequency": {
    "1": 0.3333333333333333,
    "3": 0.16666666666666666,
    "2": 0.16666666666666666,
    "7": 0.16666666666666666,
    "5": 0.16666666666666666
  }
}