{"currentPredictionRaw": [[2.86141307340283e-22, 1.2422841423626307e-18, 2.9659517508662248e-08, 0.0, 7.172664490626051e-35, 2.270420571316594e-23, 5.59827825263705e-20, 5.280608844167951e-19, 1.1614726472196596e-15, 1.0], [0.9999958276748657, 6.5465534539768955e-18, 1.8495649456440333e-10, 3.4288308750998232e-15, 3.1527796612160945e-15, 4.132989488425665e-06, 4.734285186103193e-10, 3.121478553066992e-12, 2.0312960151540168e-17, 1.899037549435434e-08], [0.0, 0.0, 1.0, 0.0, 0.0, 0.0, 0.0, 0.0, 0.0, 9.168869137766415e-35]], "currentPrediction": [[9, 0, 2], [2, 5, 8], [3, 4, 8], [0, 2, 4], [9, 8, 4], [5, 4, 6], [8, 9, 3], [1, 5, 8]], "realResult": [3, 5, 7], "newPrediction": [[0, 5, 9], [5, 3, 2], [2, 4, 6], [4, 6, 2], [6, 2, 4], [5, 4, 6], [9, 2, 6], [1, 5, 8]], "newPredictionRaw": [[0.9999992847442627, 1.1335319154957168e-16, 5.5941584697905e-11, 1.338176150887152e-17, 1.0743461818145481e-14, 5.051107905273966e-07, 1.5054909541234451e-09, 4.3083557012789375e-13, 4.986833581668212e-19, 1.982147352919128e-07], [6.516046827420571e-37, 0.0, 5.2235946139466365e-17, 1.5926645065505804e-30, 0.0, 1.0, 0.0, 6.270088703996005e-34, 2.0169365238504963e-38, 0.0], [2.0769716825172283e-23, 1.436369891571209e-20, 1.1420959733499103e-09, 0.0, 8.11417727923831e-37, 1.292383326844984e-24, 4.0592137920918967e-23, 2.3713489723578314e-18, 3.0734061095530254e-17, 1.0]], "matchingNumbers": {"bestMatchIndex": 1, "bestMatchSequence": [2, 5, 8], "matchingNumbers": [5]}, "labels": [0, 1, 2, 3, 4, 5, 6, 7, 8, 9], "numberFrequency": {"3": 0.09787234042553192, "2": 0.10098375657744223, "6": 0.10016014641958362, "8": 0.10066346373827499, "9": 0.10011439029970258, "0": 0.10203614733470602, "5": 0.0987874628231526, "4": 0.1013498055364905, "1": 0.10002287805994052, "7": 0.09800960878517502}}