{
  "currentPredictionRaw": [
    [
      0.007351134903728962,
      0.002845690120011568,
      0.0019173042383044958,
      0.006332325283437967,
      0.39110150933265686,
      0.013134055770933628,
      0.0008377271587960422,
      0.0043532936833798885,
      0.004090923350304365,
      0.002022074069827795
    ],
    [
      0.010290243662893772,
      0.0003749036986846477,
      0.0018032424850389361,
      0.0008891509496606886,
      0.01107707154005766,
      0.0006768601597286761,
      0.0024279505014419556,
      0.17912457883358002,
      0.0022977106273174286,
      0.0008373801247216761
    ],
    [
      0.0015475880354642868,
      0.0007958923233672976,
      0.00913158617913723,
      0.0007529262220486999,
      0.00986714381724596,
      0.012846993282437325,
      0.00024396729713771492,
      0.0014106653397902846,
      0.005123679060488939,
      0.3144945502281189
    ]
  ],
  "currentPrediction": [
    {
      "name": "LSTM Base Model",
      "predictions": [
        [
          4,
          7,
          9
        ],
        [
          4,
          5,
          0
        ]
      ]
    }
  ],
  "realResult": [
    7,
    8,
    0
  ],
  "newPrediction": [
    {
      "name": "LSTM Base Model",
      "predictions": [
        [
          7,
          8,
          0
        ],
        [
          7,
          5,
          3
        ]
      ]
    }
  ],
  "newPredictionRaw": [
    [
      0.0005623646429739892,
      0.0009407327161170542,
      0.001762780942954123,
      0.0026037758216261864,
      1.969797449419275e-05,
      0.013360591605305672,
      0.001727563445456326,
      0.20817506313323975,
      0.0018531662644818425,
      0.001482167630456388
    ],
    [
      0.0030518353451043367,
      0.005626901984214783,
      0.0017680026357993484,
      0.00011179955617990345,
      0.0011335802264511585,
      7.140706293284893e-05,
      0.0015066838823258877,
      0.009365524165332317,
      0.29206258058547974,
      0.005776268895715475
    ],
    [
      0.42862939834594727,
      0.0003379543195478618,
      0.00496020307764411,
      0.0007051973952911794,
      0.0023910333402454853,
      0.00028541695792227983,
      0.0017269530799239874,
      0.0006203814409673214,
      0.000152800785144791,
      0.007228207774460316
    ]
  ],
  "matchingNumbers": {
    "model": "LSTM Base Model",
    "prediction": [
      4,
      7,
      9
    ],
    "matching_numbers": [
      7
    ],
    "match_count": 1
  },
  "labels": [
    0,
    1,
    2,
    3,
    4,
    5,
    6,
    7,
    8,
    9
  ],
  "numberFrequency": {
    "7": 0.3333333333333333,
    "8": 0.16666666666666666,
    "0": 0.16666666666666666,
    "5": 0.16666666666666666,
    "3": 0.16666666666666666
  }
}