{
  "currentPredictionRaw": [
    [
      0.0039129494689404964,
      0.00016921649512369186,
      0.00037580079515464604,
      0.18920964002609253,
      0.008732403628528118,
      0.00815569143742323,
      0.007090623956173658,
      0.019926903769373894,
      0.016145342960953712,
      0.013534052297472954
    ],
    [
      0.021171631291508675,
      0.007306588348001242,
      0.0004286790790501982,
      0.003266935469582677,
      0.0013475923333317041,
      0.01347014494240284,
      0.006988920737057924,
      0.0010253135114908218,
      0.003960888367146254,
      0.4338454306125641
    ],
    [
      0.04478621482849121,
      0.0033510623034089804,
      0.004713654052466154,
      0.0020213183015584946,
      0.00509224459528923,
      0.16621485352516174,
      0.006329461466521025,
      0.0012676281621679664,
      0.004654767923057079,
      0.0015039696590974927
    ]
  ],
  "currentPrediction": [
    {
      "name": "LSTM Base Model",
      "predictions": [
        [
          3,
          9,
          5
        ],
        [
          3,
          7,
          8
        ]
      ]
    }
  ],
  "realResult": [
    9,
    3,
    5
  ],
  "newPrediction": [
    {
      "name": "LSTM Base Model",
      "predictions": [
        [
          2,
          8,
          4
        ],
        [
          2,
          5,
          6
        ]
      ]
    }
  ],
  "newPredictionRaw": [
    [
      0.008913001976907253,
      0.002028099028393626,
      0.38478168845176697,
      0.005278541706502438,
      0.0005679872701875865,
      0.01896575465798378,
      0.012038018554449081,
      0.01017836295068264,
      0.000893695920240134,
      0.009773880243301392
    ],
    [
      0.04206418618559837,
      0.000766916258726269,
      0.0038008091505616903,
      0.005784343928098679,
      0.02201879397034645,
      0.004660703241825104,
      0.022765513509511948,
      0.0016789581859484315,
      0.0988277941942215,
      0.004493676126003265
    ],
    [
      0.008760158903896809,
      0.008236526511609554,
      0.008052759803831577,
      0.01577439159154892,
      0.25703808665275574,
      0.007573888637125492,
      0.012758082710206509,
      0.0007833933341316879,
      0.00893549993634224,
      0.011806508526206017
    ]
  ],
  "matchingNumbers": {
    "model": "LSTM Base Model",
    "prediction": [
      3,
      9,
      5
    ],
    "matching_numbers": [
      9,
      3,
      5
    ],
    "match_count": 3
  },
  "labels": [
    0,
    1,
    2,
    3,
    4,
    5,
    6,
    7,
    8,
    9
  ],
  "numberFrequency": {
    "2": 0.3333333333333333,
    "8": 0.16666666666666666,
    "4": 0.16666666666666666,
    "5": 0.16666666666666666,
    "6": 0.16666666666666666
  }
}