{"currentPredictionRaw": [[0.10273510962724686, 0.09905649721622467, 0.10194682329893112, 0.09788703173398972, 0.10301117599010468, 0.09814516454935074, 0.10045435279607773, 0.0975055992603302, 0.09830188751220703, 0.10095633566379547], [0.10273510962724686, 0.09905649721622467, 0.10194682329893112, 0.09788703173398972, 0.10301117599010468, 0.09814516454935074, 0.10045435279607773, 0.0975055992603302, 0.09830188751220703, 0.10095633566379547], [0.10273510962724686, 0.09905649721622467, 0.10194682329893112, 0.09788703173398972, 0.10301117599010468, 0.09814516454935074, 0.10045435279607773, 0.0975055992603302, 0.09830188751220703, 0.10095633566379547]], "currentPrediction": [[5, 0, 0], [1, 0, 0], [3, 0, 0], [10, 0, 0], [7, 0, 0], [2, 0, 0], [9, 0, 0], [6, 0, 0], [4, 0, 0], [8, 0, 0]], "realResult": [6, 2, 7], "newPrediction": [[5, 0, 0], [10, 0, 0], [1, 0, 0], [3, 0, 0], [9, 0, 0], [2, 0, 0], [7, 0, 0], [4, 0, 0], [6, 0, 0], [8, 0, 0]], "newPredictionRaw": [[0.10122502595186234, 0.09995448589324951, 0.10099754482507706, 0.09875479340553284, 0.10214132815599442, 0.09869430214166641, 0.09880854189395905, 0.09722096472978592, 0.1008571907877922, 0.10134580731391907], [0.10122502595186234, 0.09995448589324951, 0.10099754482507706, 0.09875479340553284, 0.10214132815599442, 0.09869430214166641, 0.09880854189395905, 0.09722096472978592, 0.1008571907877922, 0.10134580731391907], [0.10122502595186234, 0.09995448589324951, 0.10099754482507706, 0.09875479340553284, 0.10214132815599442, 0.09869430214166641, 0.09880854189395905, 0.09722096472978592, 0.1008571907877922, 0.10134580731391907]], "matchingNumbers": {"bestMatchIndex": 4, "bestMatchSequence": [7, 0, 0], "matchingNumbers": [7]}}