{
  "currentPredictionRaw": [
    [
      0.0006241892115212977,
      0.00482251588255167,
      0.0011281912447884679,
      0.00033347346470691264,
      0.0008025260176509619,
      0.0006681288359686732,
      0.010811805725097656,
      0.00045330272405408323,
      0.4450201392173767,
      0.01300234254449606
    ],
    [
      0.004044712986797094,
      0.004312550183385611,
      0.22552667558193207,
      0.0014461843529716134,
      0.010374093428254128,
      0.0008514060755260289,
      0.0006769926403649151,
      0.0012853138614445925,
      0.0048789274878799915,
      0.00016463882639072835
    ],
    [
      0.2455754280090332,
      0.0031768805347383022,
      0.0008698275196366012,
      0.0008063073619268835,
      0.0008313618018291891,
      0.0059308516792953014,
      0.0014820279320701957,
      0.0056013972498476505,
      0.004212194588035345,
      0.0002856066566891968
    ]
  ],
  "currentPrediction": [
    {
      "name": "LSTM Base Model",
      "predictions": [
        [
          8,
          2,
          0
        ],
        [
          8,
          9,
          6
        ]
      ]
    }
  ],
  "realResult": [
    6,
    1,
    8
  ],
  "newPrediction": [
    {
      "name": "LSTM Base Model",
      "predictions": [
        [
          6,
          1,
          8
        ],
        [
          6,
          4,
          3
        ]
      ]
    }
  ],
  "newPredictionRaw": [
    [
      0.0004903451772406697,
      0.001904666773043573,
      0.0012952516553923488,
      0.004165925085544586,
      0.017454542219638824,
      0.0006727948784828186,
      0.23423725366592407,
      0.0013972031883895397,
      0.0013545167166739702,
      0.003741337452083826
    ],
    [
      0.0011183276074007154,
      0.5086454749107361,
      0.015061432495713234,
      0.00040375933167524636,
      0.003110194578766823,
      0.0029694444965571165,
      0.00031197795760817826,
      0.0006128031527623534,
      0.005456282291561365,
      0.00024046814360190183
    ],
    [
      0.0019774767570197582,
      0.0006619457853958011,
      0.0008936405065469444,
      0.004968771245330572,
      0.0008576817926950753,
      0.00273659429512918,
      0.0009798243409022689,
      0.00013351654342841357,
      0.1805674135684967,
      0.0015791370533406734
    ]
  ],
  "matchingNumbers": {
    "model": "LSTM Base Model",
    "prediction": [
      8,
      9,
      6
    ],
    "matching_numbers": [
      8,
      6
    ],
    "match_count": 2
  },
  "labels": [
    0,
    1,
    2,
    3,
    4,
    5,
    6,
    7,
    8,
    9
  ],
  "numberFrequency": {
    "6": 0.3333333333333333,
    "1": 0.16666666666666666,
    "8": 0.16666666666666666,
    "4": 0.16666666666666666,
    "3": 0.16666666666666666
  }
}