{"currentPredictionRaw": [[1.2863380314434567e-32, 0.0, 3.0021534333321976e-17, 9.477327922634593e-28, 0.0, 1.0, 0.0, 2.023356824998524e-37, 0.0, 0.0], [5.175085961504289e-33, 0.9999938011169434, 2.1206499642062295e-21, 2.8902634053621376e-26, 3.0992940919940005e-21, 0.0, 9.374124380611305e-18, 5.526191013216702e-19, 5.7700958677742165e-06, 4.6762673377998e-07], [2.1219064817653663e-31, 0.0, 1.012396640229206e-32, 1.0, 1.0932907301055776e-36, 1.3066418335771351e-14, 0.0, 2.0367528714419834e-23, 4.350087507557037e-22, 0.0]], "currentPrediction": [[5, 1, 3], [2, 8, 5], [5, 6, 1], [6, 1, 0], [6, 1, 5], [5, 4, 6], [8, 1, 7], [1, 5, 9]], "realResult": [8, 1, 7], "newPrediction": [[6, 7, 2], [2, 5, 8], [7, 0, 6], [0, 6, 8], [7, 6, 0], [5, 5, 6], [0, 1, 6], [1, 5, 9]], "newPredictionRaw": [[2.6923314249687815e-27, 9.149003012322805e-32, 1.6906573797187407e-12, 0.0, 0.0, 1.3963447013121228e-31, 1.0, 0.0, 0.0, 2.3410716670637498e-30], [3.3502604576019386e-22, 8.879345332348692e-29, 2.778932789334353e-17, 6.795953785335615e-17, 7.1085794448230555e-25, 4.469435932463739e-09, 0.0, 1.0, 3.2018350193396827e-09, 9.96498409335009e-20], [0.0, 0.0, 1.0, 0.0, 0.0, 1.7997086842929558e-35, 0.0, 0.0, 0.0, 7.288923578741515e-28]], "matchingNumbers": {"bestMatchIndex": 6, "bestMatchSequence": [8, 1, 7], "matchingNumbers": [8, 1, 7]}, "labels": [0, 1, 2, 3, 4, 5, 6, 7, 8, 9], "numberFrequency": {"3": 0.09787234042553192, "2": 0.10098375657744223, "6": 0.10016014641958362, "8": 0.10066346373827499, "9": 0.10011439029970258, "0": 0.10203614733470602, "5": 0.0987874628231526, "4": 0.1013498055364905, "1": 0.10002287805994052, "7": 0.09800960878517502}}