{
  "currentPredictionRaw": [
    [
      0.00015697252820245922,
      0.0008448678418062627,
      0.1725139319896698,
      0.0022902339696884155,
      0.005272591020911932,
      0.0008949392940849066,
      0.001102436101064086,
      0.0077787237241864204,
      0.00043685935088433325,
      0.0007606322760693729
    ],
    [
      0.003949631005525589,
      0.0006416636169888079,
      0.699486494064331,
      0.0006874529062770307,
      5.008805965189822e-05,
      0.0037987027317285538,
      0.00012753892224282026,
      0.0002747779944911599,
      0.0012559664901345968,
      0.0020913779735565186
    ],
    [
      0.0035007961560040712,
      0.0012683712411671877,
      0.00043031724635511637,
      0.0007482230430468917,
      0.0012783153215423226,
      0.008506236597895622,
      0.0005064756260253489,
      0.00041417183820158243,
      0.0007265462772920728,
      0.0782046914100647
    ]
  ],
  "currentPrediction": [
    {
      "name": "LSTM Base Model",
      "predictions": [
        [
          2,
          2,
          9
        ],
        [
          2,
          7,
          4
        ]
      ]
    }
  ],
  "realResult": [
    7,
    9,
    4
  ],
  "newPrediction": [
    {
      "name": "LSTM Base Model",
      "predictions": [
        [
          7,
          9,
          4
        ],
        [
          7,
          3,
          1
        ]
      ]
    }
  ],
  "newPredictionRaw": [
    [
      0.0006064625340513885,
      0.006091161165386438,
      0.004959480371326208,
      0.014721695333719254,
      0.0018421511631458998,
      0.005308161489665508,
      0.0018949562218040228,
      0.2308514565229416,
      0.0002117219555657357,
      0.001162117812782526
    ],
    [
      0.00881301611661911,
      0.0009953794069588184,
      0.009753731079399586,
      0.001308945007622242,
      0.0004273056401871145,
      0.008497555740177631,
      0.0007337518618442118,
      0.002775890054181218,
      0.001358382636681199,
      0.3455505073070526
    ],
    [
      0.001194579410366714,
      0.0010199501411989331,
      0.00016780848091002554,
      0.008951199240982533,
      0.30781489610671997,
      0.006408756598830223,
      0.0017119698459282517,
      0.009943523444235325,
      0.00948447734117508,
      0.005439113825559616
    ]
  ],
  "matchingNumbers": {
    "model": "LSTM Base Model",
    "prediction": [
      2,
      7,
      4
    ],
    "matching_numbers": [
      4,
      7
    ],
    "match_count": 2
  },
  "labels": [
    0,
    1,
    2,
    3,
    4,
    5,
    6,
    7,
    8,
    9
  ],
  "numberFrequency": {
    "7": 0.3333333333333333,
    "9": 0.16666666666666666,
    "4": 0.16666666666666666,
    "3": 0.16666666666666666,
    "1": 0.16666666666666666
  }
}