{"currentPredictionRaw": [[0.9996979236602783, 7.86344951430387e-36, 0.0, 2.5578803615644574e-05, 1.1303787914584973e-06, 0.0, 0.0002745573001448065, 2.019500765515558e-36, 0.0, 7.867885187806678e-07], [0.0, 0.0, 1.8320250623036648e-17, 0.0, 3.917419977273427e-14, 1.0, 1.9629782883554354e-27, 0.0, 0.0, 0.0], [9.155785960501817e-07, 0.9992914199829102, 0.000365532556315884, 0.00022570289729628712, 8.99790251196464e-08, 3.282664465587004e-06, 3.5003659693000344e-11, 5.658150712406496e-07, 0.00010854748688871041, 3.905222456523916e-06]], "currentPrediction": [[0, 5, 1], [6, 4, 2], [3, 2, 3], [4, 6, 8], [9, 9, 9], [1, 8, 5], [7, 7, 0], [8, 3, 7], [5, 1, 4], [2, 0, 6]], "realResult": [4, 0, 5], "newPrediction": [[4, 0, 4], [6, 6, 6], [5, 3, 5], [3, 4, 3], [7, 9, 7], [2, 1, 2], [0, 7, 0], [9, 8, 9], [8, 5, 8], [1, 2, 1]], "newPredictionRaw": [[2.1459941477651282e-30, 0.0, 4.283906642093777e-28, 4.883115563456941e-25, 0.9999997615814209, 2.201102855536874e-09, 2.9437526904985134e-07, 2.591819452287145e-26, 0.0, 0.0], [0.9996858835220337, 3.051829138179844e-36, 0.0, 2.45141054620035e-05, 1.144840894085064e-06, 0.0, 0.000287888222374022, 1.0469155085247247e-36, 0.0, 5.832688998452795e-07], [1.921494136520792e-29, 0.0, 1.409824341604697e-27, 1.4612585279149458e-24, 0.9999996423721313, 2.0045931581336163e-09, 4.097747705600341e-07, 1.4457989988882e-25, 0.0, 0.0]], "matchingNumbers": {"bestMatchIndex": 0, "bestMatchSequence": [0, 5, 1], "matchingNumbers": [0, 5]}, "labels": [0, 1, 2, 3, 4, 5, 6, 7, 8, 9]}