{"currentPredictionRaw": [], "currentPrediction": [], "realResult": [4, 1, 9], "newPrediction": [{"name": "LSTM Base Model", "predictions": [[7, 1, 0], [5, 8, 2]]}, {"name": "ARIMA Model", "predictions": [[5, 4, 3]]}, {"name": "Markov Model", "predictions": [[1, 5, 9]]}, {"name": "PoissonMonteCarlo Model", "predictions": [[1, 6, 9]]}], "newPredictionRaw": [[8.379601601646012e-24, 5.257805675295806e-30, 5.137820926829048e-19, 4.0772914863681224e-24, 6.547453068697067e-26, 6.874515605208298e-13, 0.0, 1.0, 3.4200702166142793e-13, 5.99846035409487e-17], [0.0, 0.9999996423721313, 2.225461495061876e-23, 1.6780225116180264e-30, 1.5031342414813992e-26, 0.0, 1.6178878309454912e-21, 1.6122567019903084e-21, 3.3208948480023537e-07, 6.692991494361422e-09], [0.9999804496765137, 3.266063692357017e-23, 1.6012956294275682e-08, 4.8139979356675287e-17, 9.943476347292074e-22, 1.9581979358918034e-05, 1.7176828848164405e-09, 1.622835097214975e-18, 2.7049904629735052e-21, 5.48236889913456e-12]], "matchingNumbers": [], "labels": [0, 1, 2, 3, 4, 5, 6, 7, 8, 9], "numberFrequency": {"3": 0.09781068604598016, "8": 0.10064445358563005, "6": 0.10009598244892362, "1": 0.09995886466474702, "4": 0.10137574843457196, "0": 0.10224416106769048, "5": 0.09872480460715755, "9": 0.10009598244892362, "7": 0.09808492161433338, "2": 0.10096439508204214}}