{"currentPredictionRaw": [[1.7537618221947278e-26, 0.0001667629403527826, 9.204879918560505e-18, 6.642258520197948e-24, 0.0, 0.0, 0.0, 0.0, 0.0, 0.9998332262039185], [0.0006981596816331148, 8.236517674156479e-16, 1.878135869048947e-08, 2.632189898577053e-05, 4.958709496349911e-07, 1.8264354366692714e-05, 0.9992073178291321, 3.036033230374713e-12, 4.950936636305414e-05, 5.66148365167829e-13], [6.501257560621375e-19, 2.00985637909077e-14, 0.000672336493153125, 1.0746839312216438e-27, 0.0, 2.6006072780303894e-31, 3.086324602769572e-20, 0.9992371797561646, 9.047616913449019e-05, 2.875792960097727e-21]], "currentPrediction": [[9, 6, 7], [1, 0, 2], [2, 8, 8], [3, 3, 1], [0, 5, 0], [8, 4, 6], [4, 2, 9], [5, 7, 3], [6, 9, 5], [7, 1, 4]], "realResult": [3, 2, 5], "newPrediction": [[3, 9, 0], [1, 1, 4], [8, 2, 3], [4, 3, 2], [5, 0, 8], [2, 8, 9], [9, 4, 5], [6, 5, 6], [0, 6, 7], [7, 7, 1]], "newPredictionRaw": [[4.3725409071708384e-17, 3.329888897951605e-07, 4.18096709597221e-13, 0.9999996423721313, 1.0582667187009065e-08, 1.962935813892841e-09, 1.314749850000446e-16, 1.2125299387412155e-18, 1.7664721241317238e-08, 8.903287314213429e-14], [3.643640669138968e-26, 0.00015530856035184115, 1.2345715310107016e-17, 3.234622773232438e-24, 0.0, 0.0, 0.0, 0.0, 0.0, 0.9998446702957153], [1.0, 0.0, 2.135614156489175e-31, 4.292840550716615e-20, 1.3638507410864864e-19, 0.0, 0.0, 0.0, 0.0, 0.0]], "matchingNumbers": {"bestMatchIndex": 7, "bestMatchSequence": [5, 7, 3], "matchingNumbers": [3, 5]}, "labels": [0, 1, 2, 3, 4, 5, 6, 7, 8, 9]}