{"currentPredictionRaw": [[0.10239849239587784, 0.09969735890626907, 0.10091444104909897, 0.09908558428287506, 0.10221773386001587, 0.09915774315595627, 0.09825130552053452, 0.097186379134655, 0.10082001984119415, 0.10027099400758743], [0.10239849239587784, 0.09969735890626907, 0.10091444104909897, 0.09908558428287506, 0.10221773386001587, 0.09915774315595627, 0.09825130552053452, 0.097186379134655, 0.10082001984119415, 0.10027099400758743], [0.10239849239587784, 0.09969735890626907, 0.10091444104909897, 0.09908558428287506, 0.10221773386001587, 0.09915774315595627, 0.09825130552053452, 0.097186379134655, 0.10082001984119415, 0.10027099400758743]], "currentPrediction": [[1, 0, 0], [5, 0, 0], [3, 0, 0], [9, 0, 0], [10, 0, 0], [2, 0, 0], [6, 0, 0], [4, 0, 0], [7, 0, 0], [8, 0, 0]], "realResult": [7, 6, 7], "newPrediction": [[1, 0, 0], [5, 0, 0], [3, 0, 0], [9, 0, 0], [10, 0, 0], [2, 0, 0], [6, 0, 0], [4, 0, 0], [7, 0, 0], [8, 0, 0]], "newPredictionRaw": [[0.10239820927381516, 0.09969698637723923, 0.10091452300548553, 0.09908568859100342, 0.10221782326698303, 0.0991576761007309, 0.09825124591588974, 0.09718646854162216, 0.1008201539516449, 0.10027118772268295], [0.10239820927381516, 0.09969698637723923, 0.10091452300548553, 0.09908568859100342, 0.10221782326698303, 0.0991576761007309, 0.09825124591588974, 0.09718646854162216, 0.1008201539516449, 0.10027118772268295], [0.10239820927381516, 0.09969698637723923, 0.10091452300548553, 0.09908568859100342, 0.10221782326698303, 0.0991576761007309, 0.09825124591588974, 0.09718646854162216, 0.1008201539516449, 0.10027118772268295]], "matchingNumbers": {"bestMatchIndex": 6, "bestMatchSequence": [6, 0, 0], "matchingNumbers": [6]}}