{
  "currentPredictionRaw": [
    [
      0.0013160479720681906,
      0.005807655863463879,
      0.004103013314306736,
      0.00046445164480246603,
      0.00013671511260326952,
      0.4746168553829193,
      0.004260869696736336,
      0.00047181922127492726,
      0.001445464906282723,
      0.001113720121793449
    ],
    [
      0.0014944854192435741,
      0.003362085437402129,
      0.0005984440795145929,
      0.0037356792017817497,
      0.0042509050108492374,
      0.003832899732515216,
      0.07892203330993652,
      0.0021782012190669775,
      0.00025839597219601274,
      0.0007082417141646147
    ],
    [
      0.3882662057876587,
      0.0006848526536487043,
      9.143288480117917e-05,
      0.004929469432681799,
      0.0004730009532067925,
      0.00012820324627682567,
      0.009077619761228561,
      0.0012756139039993286,
      0.001074686530046165,
      0.000920967198908329
    ]
  ],
  "currentPrediction": [
    {
      "name": "LSTM Base Model",
      "predictions": [
        [
          5,
          6,
          0
        ],
        [
          5,
          1,
          6
        ]
      ]
    }
  ],
  "realResult": [
    6,
    5,
    2
  ],
  "newPrediction": [
    {
      "name": "LSTM Base Model",
      "predictions": [
        [
          6,
          5,
          2
        ],
        [
          6,
          0,
          1
        ]
      ]
    }
  ],
  "newPredictionRaw": [
    [
      0.009274685755372047,
      0.007572953123599291,
      0.0016533450689166784,
      0.0018203879008069634,
      0.0004499352362472564,
      0.0009227952104993165,
      0.33686816692352295,
      0.0008401921950280666,
      0.001487435307353735,
      0.00733552360907197
    ],
    [
      0.0018138573504984379,
      0.0029346246737986803,
      0.004958269186317921,
      0.00028678090893663466,
      0.0027965956833213568,
      0.18361468613147736,
      0.011089653708040714,
      0.00338351191021502,
      0.0002957102842628956,
      8.691511175129563e-05
    ],
    [
      0.001035564811900258,
      0.00032576030935160816,
      0.39844781160354614,
      0.00690865283831954,
      0.005434534978121519,
      0.0012354453792795539,
      0.0006058583385311067,
      0.0037157877814024687,
      0.0025982654187828302,
      0.00020639828289858997
    ]
  ],
  "matchingNumbers": {
    "model": "LSTM Base Model",
    "prediction": [
      5,
      6,
      0
    ],
    "matching_numbers": [
      5,
      6
    ],
    "match_count": 2
  },
  "labels": [
    0,
    1,
    2,
    3,
    4,
    5,
    6,
    7,
    8,
    9
  ],
  "numberFrequency": {
    "6": 0.3333333333333333,
    "5": 0.16666666666666666,
    "2": 0.16666666666666666,
    "0": 0.16666666666666666,
    "1": 0.16666666666666666
  }
}