{
  "currentPredictionRaw": [
    [
      0.01040632463991642,
      0.001513083465397358,
      0.004153114277869463,
      0.0007518450147472322,
      0.20306983590126038,
      0.0016627799486741424,
      0.000914520351216197,
      0.0004103926767129451,
      0.009559991769492626,
      0.0002544329909142107
    ],
    [
      0.0028461767360568047,
      0.1781257838010788,
      0.0016973057063296437,
      0.000568854040466249,
      0.0051554166711866856,
      0.005353075452148914,
      0.00145303038880229,
      0.006133177317678928,
      0.002733594737946987,
      0.0032192955259233713
    ],
    [
      0.0015298728831112385,
      0.00908150989562273,
      0.004696480464190245,
      0.5114436149597168,
      0.0005904961726628244,
      0.0009053358226083219,
      0.02841220423579216,
      0.0028768591582775116,
      0.00041631670319475234,
      6.526102515636012e-05
    ]
  ],
  "currentPrediction": [
    {
      "name": "LSTM Base Model",
      "predictions": [
        [
          4,
          1,
          3
        ],
        [
          4,
          0,
          8
        ]
      ]
    }
  ],
  "realResult": [
    2,
    2,
    9
  ],
  "newPrediction": [
    {
      "name": "LSTM Base Model",
      "predictions": [
        [
          2,
          2,
          9
        ],
        [
          2,
          0,
          3
        ]
      ]
    }
  ],
  "newPredictionRaw": [
    [
      0.024866996333003044,
      0.0016785158077254891,
      0.35206010937690735,
      0.02158070169389248,
      0.003397081047296524,
      0.0007027348619885743,
      0.0025708551984280348,
      0.008214733563363552,
      0.0003411491052247584,
      0.005842504557222128
    ],
    [
      0.007910056039690971,
      0.0019572440069168806,
      0.24306045472621918,
      0.0020300846081227064,
      0.0009058122523128986,
      0.010210422798991203,
      0.0007180810207501054,
      0.025027504190802574,
      0.009304585866630077,
      0.015762222930788994
    ],
    [
      0.03593456745147705,
      0.0004210977931506932,
      0.002671916736289859,
      0.003225709544494748,
      0.0039566028863191605,
      0.030980492010712624,
      0.0022726913448423147,
      0.0006666405824944377,
      0.0008911529439501464,
      0.18083728849887848
    ]
  ],
  "matchingNumbers": {
    "model": null,
    "prediction": null,
    "matching_numbers": [],
    "match_count": 0
  },
  "labels": [
    0,
    1,
    2,
    3,
    4,
    5,
    6,
    7,
    8,
    9
  ],
  "numberFrequency": {
    "2": 0.5,
    "9": 0.16666666666666666,
    "0": 0.16666666666666666,
    "3": 0.16666666666666666
  }
}