{
  "currentPredictionRaw": [
    [
      0.022708909586071968,
      0.0191337987780571,
      0.007326097693294287,
      0.004751218017190695,
      0.02351873740553856,
      0.09551379084587097,
      0.0005940331029705703,
      0.002475803717970848,
      0.005440328270196915,
      0.005305666476488113
    ],
    [
      0.0027563434559851885,
      0.006948978640139103,
      0.0037394484970718622,
      0.008456249721348286,
      0.009844855405390263,
      0.010487782768905163,
      0.021365998312830925,
      0.0015935233095660806,
      0.014506826177239418,
      0.08515256643295288
    ],
    [
      0.008078831247985363,
      0.01070213969796896,
      0.0006798578542657197,
      0.021773338317871094,
      0.001973654143512249,
      0.06703037768602371,
      0.49622368812561035,
      0.013485622592270374,
      0.0046622613444924355,
      0.023769278079271317
    ]
  ],
  "currentPrediction": [
    {
      "name": "LSTM Base Model",
      "predictions": [
        [
          5,
          9,
          6
        ],
        [
          5,
          4,
          0
        ]
      ]
    }
  ],
  "realResult": [
    7,
    0,
    9
  ],
  "newPrediction": [
    {
      "name": "LSTM Base Model",
      "predictions": [
        [
          1,
          5,
          8
        ],
        [
          1,
          3,
          7
        ]
      ]
    }
  ],
  "newPredictionRaw": [
    [
      0.002513799350708723,
      0.6057520508766174,
      0.002133019035682082,
      0.05862319841980934,
      0.019136955961585045,
      0.0003496286226436496,
      0.004923367407172918,
      0.021560456603765488,
      0.0010263900039717555,
      0.00015403589350171387
    ],
    [
      0.021733028814196587,
      0.001837175921536982,
      0.0047266846522688866,
      0.004515992943197489,
      0.0011310415575280786,
      0.023954370990395546,
      0.010025907307863235,
      0.02244589850306511,
      0.0005393162718974054,
      0.002913162112236023
    ],
    [
      0.0016534418100491166,
      0.0009926604107022285,
      0.07125281542539597,
      0.005136718973517418,
      0.003049606690183282,
      0.0013913009315729141,
      0.0028014900162816048,
      0.015843460336327553,
      0.0825343206524849,
      0.005348708480596542
    ]
  ],
  "matchingNumbers": {
    "model": "LSTM Base Model",
    "prediction": [
      5,
      9,
      6
    ],
    "matching_numbers": [
      9
    ],
    "match_count": 1
  },
  "labels": [
    0,
    1,
    2,
    3,
    4,
    5,
    6,
    7,
    8,
    9
  ],
  "numberFrequency": {
    "1": 0.3333333333333333,
    "5": 0.16666666666666666,
    "8": 0.16666666666666666,
    "3": 0.16666666666666666,
    "7": 0.16666666666666666
  }
}