{
  "currentPredictionRaw": [
    [
      0.001354131498374045,
      0.0008371248841285706,
      0.022788798436522484,
      0.013108378276228905,
      0.03232026472687721,
      0.0042361486703157425,
      0.006020813249051571,
      0.08502917736768723,
      0.11846446245908737,
      0.0012017447734251618
    ],
    [
      0.014674321748316288,
      0.004919718485325575,
      0.37433671951293945,
      0.007640973664820194,
      0.015588291920721531,
      0.024035723879933357,
      0.005919162184000015,
      0.007912245579063892,
      0.003590968670323491,
      0.007090176455676556
    ],
    [
      0.002767537022009492,
      0.022966668009757996,
      0.009544328786432743,
      0.012252487242221832,
      0.053036317229270935,
      0.004884576424956322,
      0.007423921022564173,
      0.008994929492473602,
      0.0162845216691494,
      0.11077532172203064
    ]
  ],
  "currentPrediction": [
    {
      "name": "LSTM Base Model",
      "predictions": [
        [
          8,
          2,
          9
        ],
        [
          8,
          7,
          4
        ]
      ]
    }
  ],
  "realResult": [
    3,
    9,
    3
  ],
  "newPrediction": [
    {
      "name": "LSTM Base Model",
      "predictions": [
        [
          3,
          9,
          3
        ],
        [
          3,
          7,
          6
        ]
      ]
    }
  ],
  "newPredictionRaw": [
    [
      0.002259683795273304,
      0.002060654340311885,
      0.018186187371611595,
      0.10124433785676956,
      0.014166670851409435,
      0.00922232586890459,
      0.02758660726249218,
      0.04840463399887085,
      0.0018157587619498372,
      0.001615365268662572
    ],
    [
      0.0032390460837632418,
      0.00911876279860735,
      0.008360495790839195,
      0.06341552734375,
      0.033789072185754776,
      0.009264850057661533,
      0.0011753556318581104,
      0.02158624492585659,
      0.013290712609887123,
      0.17432138323783875
    ],
    [
      0.003486491274088621,
      0.0043363734148442745,
      0.03912189602851868,
      0.26694077253341675,
      0.01663961634039879,
      0.0017381798243150115,
      0.0034282116685062647,
      0.03294815495610237,
      0.0655871257185936,
      0.001649496960453689
    ]
  ],
  "matchingNumbers": {
    "model": "LSTM Base Model",
    "prediction": [
      8,
      2,
      9
    ],
    "matching_numbers": [
      9
    ],
    "match_count": 1
  },
  "labels": [
    0,
    1,
    2,
    3,
    4,
    5,
    6,
    7,
    8,
    9
  ],
  "numberFrequency": {
    "3": 0.5,
    "9": 0.16666666666666666,
    "7": 0.16666666666666666,
    "6": 0.16666666666666666
  }
}