{
  "currentPredictionRaw": [
    [
      0.008054832927882671,
      0.056021422147750854,
      0.008413097821176052,
      0.006996508222073317,
      0.003000921569764614,
      0.002938181161880493,
      0.002213533502072096,
      0.007072857115417719,
      0.0033093965612351894,
      0.0264809038490057
    ],
    [
      0.4937666654586792,
      0.004737951792776585,
      0.007950699888169765,
      0.007767125032842159,
      0.011582911014556885,
      0.014433423988521099,
      0.0016934506129473448,
      0.002659232122823596,
      0.005111793056130409,
      0.0058118016459047794
    ],
    [
      0.0016559888608753681,
      0.0017124518053606153,
      0.0015644795494154096,
      0.0021327962167561054,
      0.005491158924996853,
      0.01457984559237957,
      0.01171932090073824,
      0.1383291333913803,
      0.023476416245102882,
      0.11932175606489182
    ]
  ],
  "currentPrediction": [
    {
      "name": "LSTM Base Model",
      "predictions": [
        [
          1,
          0,
          7
        ],
        [
          1,
          9,
          2
        ]
      ]
    }
  ],
  "realResult": [
    1,
    8,
    7
  ],
  "newPrediction": [
    {
      "name": "LSTM Base Model",
      "predictions": [
        [
          5,
          7,
          3
        ],
        [
          5,
          1,
          4
        ]
      ]
    }
  ],
  "newPredictionRaw": [
    [
      0.0042435890063643456,
      0.026668671518564224,
      0.0019039694452658296,
      0.0018697226187214255,
      0.011825351044535637,
      0.29078760743141174,
      0.0016590474406257272,
      0.0033695008605718613,
      0.001329877763055265,
      0.001007042359560728
    ],
    [
      0.010363425128161907,
      0.0011914821807295084,
      0.006293714512139559,
      0.0005986691103316844,
      0.007420435082167387,
      0.0068269590847194195,
      0.0011109065962955356,
      0.3518105745315552,
      0.016827505081892014,
      0.0028308334294706583
    ],
    [
      0.008620165288448334,
      0.0020331486593931913,
      0.004328148905187845,
      0.1901991218328476,
      0.004449011757969856,
      0.004484628327190876,
      0.001573139801621437,
      0.009228266775608063,
      0.02311863750219345,
      0.0020269022788852453
    ]
  ],
  "matchingNumbers": {
    "model": "LSTM Base Model",
    "prediction": [
      1,
      0,
      7
    ],
    "matching_numbers": [
      1,
      7
    ],
    "match_count": 2
  },
  "labels": [
    0,
    1,
    2,
    3,
    4,
    5,
    6,
    7,
    8,
    9
  ],
  "numberFrequency": {
    "5": 0.3333333333333333,
    "7": 0.16666666666666666,
    "3": 0.16666666666666666,
    "1": 0.16666666666666666,
    "4": 0.16666666666666666
  }
}