{"currentPredictionRaw": [[0.9999983310699463, 8.545394497545057e-21, 5.425238234460679e-14, 3.984706411130825e-15, 1.8243584876887273e-16, 1.723470859360532e-06, 3.95425248100878e-09, 3.1730685355225584e-16, 1.0233676819278415e-25, 1.63149854737199e-10], [4.8276601825638595e-26, 5.080144575201212e-22, 4.170634050240767e-19, 8.574361529729185e-16, 2.254504086006551e-17, 5.114415141393991e-11, 0.0, 1.0, 9.274333037656568e-12, 6.831693943498316e-17], [0.0, 7.240644366895615e-29, 2.121234800674091e-16, 2.153387182916387e-34, 0.0, 5.437836279156727e-32, 0.0, 1.0805692481747307e-15, 1.0, 3.3300214974378517e-25]], "currentPrediction": [[0, 7, 8], [5, 8, 2], [7, 0, 6], [6, 7, 2], [9, 7, 0], [5, 4, 5], [8, 1, 2], [1, 5, 9]], "realResult": [7, 0, 4], "newPrediction": [[8, 1, 9], [2, 8, 9], [6, 5, 3], [7, 3, 6], [3, 9, 6], [5, 4, 6], [2, 3, 5], [1, 5, 9]], "newPredictionRaw": [[0.0, 2.1579571252700045e-36, 1.222949054038145e-19, 0.0, 0.0, 0.0, 0.0, 7.146955603041449e-22, 1.0, 3.1930308913933408e-34], [2.582044510410204e-26, 0.9999940395355225, 8.736846238726976e-18, 2.3481241277873328e-22, 5.851889889741248e-20, 5.379579366877149e-32, 2.0120253119843e-12, 4.772959189373058e-16, 5.469028565130429e-06, 4.914334681416221e-07], [1.992625822807739e-26, 0.9999942779541016, 6.5821263562197385e-18, 1.9575433163943054e-22, 5.472570710218572e-20, 2.8481073197224343e-32, 1.9502750109312572e-12, 3.533229591673047e-16, 5.244948624749668e-06, 4.6376803197745176e-07]], "matchingNumbers": {"bestMatchIndex": 0, "bestMatchSequence": [0, 7, 8], "matchingNumbers": [0, 7]}, "labels": [0, 1, 2, 3, 4, 5, 6, 7, 8, 9], "numberFrequency": {"3": 0.09787234042553192, "2": 0.10098375657744223, "6": 0.10016014641958362, "8": 0.10066346373827499, "9": 0.10011439029970258, "0": 0.10203614733470602, "5": 0.0987874628231526, "4": 0.1013498055364905, "1": 0.10002287805994052, "7": 0.09800960878517502}}