{"currentPredictionRaw": [[0.10219760984182358, 0.09985090047121048, 0.10067296028137207, 0.09924586117267609, 0.10236936807632446, 0.0992787778377533, 0.09836965054273605, 0.09718722850084305, 0.10040414333343506, 0.10042348504066467], [0.10219760984182358, 0.09985090047121048, 0.10067296028137207, 0.09924586117267609, 0.10236936807632446, 0.0992787778377533, 0.09836965054273605, 0.09718722850084305, 0.10040414333343506, 0.10042348504066467], [0.10219760984182358, 0.09985090047121048, 0.10067296028137207, 0.09924586117267609, 0.10236936807632446, 0.0992787778377533, 0.09836965054273605, 0.09718722850084305, 0.10040414333343506, 0.10042348504066467]], "currentPrediction": [[5, 0, 0], [1, 0, 0], [3, 0, 0], [10, 0, 0], [9, 0, 0], [2, 0, 0], [6, 0, 0], [4, 0, 0], [7, 0, 0], [8, 0, 0]], "realResult": [0, 2, 2], "newPrediction": [[1, 0, 0], [5, 0, 0], [9, 0, 0], [3, 0, 0], [10, 0, 0], [2, 0, 0], [6, 0, 0], [4, 0, 0], [7, 0, 0], [8, 0, 0]], "newPredictionRaw": [[0.10232292115688324, 0.10018601268529892, 0.10063911229372025, 0.09903077781200409, 0.10228823870420456, 0.09927791357040405, 0.09828166663646698, 0.09710078686475754, 0.10068329423666, 0.10018928349018097], [0.10232292115688324, 0.10018601268529892, 0.10063911229372025, 0.09903077781200409, 0.10228823870420456, 0.09927791357040405, 0.09828166663646698, 0.09710078686475754, 0.10068329423666, 0.10018928349018097], [0.10232292115688324, 0.10018601268529892, 0.10063911229372025, 0.09903077781200409, 0.10228823870420456, 0.09927791357040405, 0.09828166663646698, 0.09710078686475754, 0.10068329423666, 0.10018928349018097]], "matchingNumbers": {"bestMatchIndex": 5, "bestMatchSequence": [2, 0, 0], "matchingNumbers": [0, 2]}}