{
  "currentPredictionRaw": [
    [
      0.008913001976907253,
      0.002028099028393626,
      0.38478168845176697,
      0.005278541706502438,
      0.0005679872701875865,
      0.01896575465798378,
      0.012038018554449081,
      0.01017836295068264,
      0.000893695920240134,
      0.009773880243301392
    ],
    [
      0.04206418618559837,
      0.000766916258726269,
      0.0038008091505616903,
      0.005784343928098679,
      0.02201879397034645,
      0.004660703241825104,
      0.022765513509511948,
      0.0016789581859484315,
      0.0988277941942215,
      0.004493676126003265
    ],
    [
      0.008760158903896809,
      0.008236526511609554,
      0.008052759803831577,
      0.01577439159154892,
      0.25703808665275574,
      0.007573888637125492,
      0.012758082710206509,
      0.0007833933341316879,
      0.00893549993634224,
      0.011806508526206017
    ]
  ],
  "currentPrediction": [
    {
      "name": "LSTM Base Model",
      "predictions": [
        [
          2,
          8,
          4
        ],
        [
          2,
          5,
          6
        ]
      ]
    }
  ],
  "realResult": [
    5,
    4,
    4
  ],
  "newPrediction": [
    {
      "name": "LSTM Base Model",
      "predictions": [
        [
          3,
          2,
          7
        ],
        [
          3,
          7,
          0
        ]
      ]
    }
  ],
  "newPredictionRaw": [
    [
      0.016059400513768196,
      0.0004956520861014724,
      0.001346329227089882,
      0.2851364314556122,
      0.005188587121665478,
      0.0011695983121171594,
      0.004661405459046364,
      0.10309936851263046,
      0.005712070502340794,
      0.014139335602521896
    ],
    [
      0.0016840111929923296,
      0.0022945094387978315,
      0.06791087985038757,
      0.0398770235478878,
      0.05406597629189491,
      0.022312423214316368,
      0.03591100126504898,
      0.000965207233093679,
      0.001974799670279026,
      0.0015788638265803456
    ],
    [
      0.001990541582927108,
      0.00197232561185956,
      0.004279686603695154,
      0.0156941507011652,
      0.0014773205621168017,
      0.016618985682725906,
      0.04549640417098999,
      0.1993865668773651,
      0.0012286403216421604,
      0.04627247527241707
    ]
  ],
  "matchingNumbers": {
    "model": "LSTM Base Model",
    "prediction": [
      2,
      8,
      4
    ],
    "matching_numbers": [
      4
    ],
    "match_count": 1
  },
  "labels": [
    0,
    1,
    2,
    3,
    4,
    5,
    6,
    7,
    8,
    9
  ],
  "numberFrequency": {
    "3": 0.3333333333333333,
    "2": 0.16666666666666666,
    "7": 0.3333333333333333,
    "0": 0.16666666666666666
  }
}