{"currentPredictionRaw": [[0.0, 1.1774923221727218e-38, 1.461118924186625e-25, 0.0, 0.0, 0.0, 0.0, 1.9074393221027673e-26, 1.0, 0.0], [2.914831578460776e-24, 4.7930814128225116e-29, 1.0871331835885095e-18, 5.167626779607911e-16, 4.255364608377735e-24, 7.765985077234916e-11, 0.0, 1.0, 1.4860203345623546e-10, 1.4941916137293522e-21], [0.0, 3.121499724797836e-37, 1.3772837915161034e-24, 0.0, 0.0, 0.0, 0.0, 2.7708768878171985e-25, 1.0, 2.2753801015736188e-38]], "currentPrediction": [[8, 7, 2], [2, 8, 1], [4, 1, 2], [6, 2, 4], [2, 1, 4], [5, 4, 6], [8, 2, 5], [1, 5, 9]], "realResult": [8, 6, 0], "newPrediction": [[5, 2, 3], [2, 5, 8], [7, 5, 3], [6, 0, 7], [9, 5, 7], [5, 4, 6], [8, 3, 6], [1, 5, 9]], "newPredictionRaw": [[0.0, 0.0, 3.844482486201305e-20, 1.0091477190170855e-29, 0.0, 1.0, 0.0, 0.0, 0.0, 0.0], [0.0, 0.0, 1.0, 0.0, 0.0, 4.915503748064111e-33, 0.0, 0.0, 0.0, 9.890702688692492e-23], [4.623215841135441e-21, 8.731382663070366e-37, 1.46386825087757e-19, 1.0, 2.6442088797949828e-34, 1.0982513565238605e-08, 6.130177766409687e-32, 8.547756485934808e-21, 2.377152129031031e-20, 0.0]], "matchingNumbers": {"bestMatchIndex": 0, "bestMatchSequence": [8, 7, 2], "matchingNumbers": [8]}, "labels": [0, 1, 2, 3, 4, 5, 6, 7, 8, 9], "numberFrequency": {"3": 0.09787234042553192, "2": 0.10098375657744223, "6": 0.10016014641958362, "8": 0.10066346373827499, "9": 0.10011439029970258, "0": 0.10203614733470602, "5": 0.0987874628231526, "4": 0.1013498055364905, "1": 0.10002287805994052, "7": 0.09800960878517502}}