{"currentPredictionRaw": [[2.7994824062727346e-19, 1.8008109676191547e-21, 3.5620083849501156e-20, 1.0140714491978776e-27, 3.9820525891444414e-13, 6.146643638516025e-09, 5.253646577330073e-06, 0.9999947547912598, 3.8950556668915226e-10, 2.7817423843855054e-15], [3.332657229609265e-14, 2.270065451058707e-15, 2.389900307051923e-19, 1.5763263958024076e-11, 3.310723480846704e-14, 3.1827356838497975e-23, 2.715545974751876e-07, 3.980794304760636e-14, 7.90776515449676e-13, 0.9999997615814209], [0.0, 1.2028759400721496e-30, 1.0, 1.078873435034211e-09, 0.0, 1.1606739761217327e-25, 0.0, 0.0, 0.0, 0.0]], "currentPrediction": [[7, 9, 2], [6, 6, 3], [5, 3, 5], [8, 8, 1], [4, 7, 9], [9, 0, 8], [0, 4, 7], [2, 1, 6], [1, 2, 4], [3, 5, 0]], "realResult": [6, 6, 3], "newPrediction": [[2, 3, 1], [3, 4, 2], [5, 6, 3], [1, 9, 8], [9, 0, 9], [8, 2, 5], [7, 1, 0], [6, 5, 7], [4, 7, 4], [0, 8, 6]], "newPredictionRaw": [[0.0, 9.81990865479191e-31, 1.0, 9.706736525672e-10, 0.0, 2.0442780621359195e-25, 0.0, 0.0, 0.0, 0.0], [1.3318361630436935e-18, 1.7837661652137364e-24, 2.0815766177879954e-19, 1.0, 5.9278797148731854e-12, 1.7996611624083477e-27, 6.918657270357786e-14, 2.9656239327983362e-34, 0.0, 9.250353510991118e-17], [5.10904328621109e-07, 0.9992268085479736, 0.0004281026776880026, 0.0002264789363835007, 6.47175610879458e-08, 2.8960162126168143e-06, 2.2329698853851276e-11, 3.7002604358349345e-07, 0.00011185494804522023, 2.9169743811507942e-06]], "matchingNumbers": {"bestMatchIndex": 1, "bestMatchSequence": [6, 6, 3], "matchingNumbers": [3, 6]}, "labels": [0, 1, 2, 3, 4, 5, 6, 7, 8, 9]}