{
  "currentPredictionRaw": [
    [
      0.07308659702539444,
      0.002338182181119919,
      0.00932154431939125,
      0.0031998485792428255,
      0.0018903403542935848,
      0.007606894709169865,
      0.09424099326133728,
      0.008605211041867733,
      0.006882971152663231,
      0.0010707490146160126
    ],
    [
      0.004740928299725056,
      0.004906727001070976,
      0.023525940254330635,
      0.0075650643557310104,
      0.0015934542752802372,
      0.002835154766216874,
      0.004237405024468899,
      0.009991672821342945,
      0.005945282056927681,
      0.4725803732872009
    ],
    [
      0.021419238299131393,
      0.039959147572517395,
      0.08999618887901306,
      0.08424985408782959,
      0.001912843668833375,
      0.007723109796643257,
      0.001732215634547174,
      0.0012140583712607622,
      0.0033560057636350393,
      0.002271957928314805
    ]
  ],
  "currentPrediction": [
    {
      "name": "LSTM Base Model",
      "predictions": [
        [
          6,
          9,
          2
        ],
        [
          6,
          0,
          2
        ]
      ]
    }
  ],
  "realResult": [
    9,
    4,
    8
  ],
  "newPrediction": [
    {
      "name": "LSTM Base Model",
      "predictions": [
        [
          3,
          7,
          2
        ],
        [
          3,
          4,
          5
        ]
      ]
    }
  ],
  "newPredictionRaw": [
    [
      0.0017527545569464564,
      0.005824576131999493,
      0.0015189923578873277,
      0.20357069373130798,
      0.022213183343410492,
      0.020277928560972214,
      0.017937185242772102,
      0.01714395545423031,
      0.006462105084210634,
      0.017687706276774406
    ],
    [
      0.017749568447470665,
      0.00862709991633892,
      0.007179740816354752,
      0.008259487338364124,
      0.014828844927251339,
      0.011911993846297264,
      0.013238244690001011,
      0.3568570911884308,
      0.0041121989488601685,
      0.0034125319216400385
    ],
    [
      0.0560867041349411,
      0.052152011543512344,
      0.07413435727357864,
      0.006354548968374729,
      0.002948565175756812,
      0.006159862969070673,
      0.0053113289177417755,
      0.006194935645908117,
      0.024493981152772903,
      0.005597843322902918
    ]
  ],
  "matchingNumbers": {
    "model": "LSTM Base Model",
    "prediction": [
      6,
      9,
      2
    ],
    "matching_numbers": [
      9
    ],
    "match_count": 1
  },
  "labels": [
    0,
    1,
    2,
    3,
    4,
    5,
    6,
    7,
    8,
    9
  ],
  "numberFrequency": {
    "3": 0.3333333333333333,
    "7": 0.16666666666666666,
    "2": 0.16666666666666666,
    "4": 0.16666666666666666,
    "5": 0.16666666666666666
  }
}