{"currentPredictionRaw": [[1.0, 0.0, 1.9455201956327517e-26, 5.4770791495798365e-17, 3.178863365847411e-17, 0.0, 2.6413977034220905e-33, 0.0, 0.0, 0.0], [4.510845009281337e-18, 5.659886689640854e-14, 0.0008605954353697598, 2.3809318181950936e-26, 0.0, 6.153620015481186e-30, 3.875291797468123e-19, 0.9990173578262329, 0.00012206327664898708, 2.6212119303235153e-20], [2.2429709947836725e-28, 1.0156465512362045e-12, 1.5690649452790014e-18, 3.597334950945384e-15, 1.5847425915116318e-31, 1.59990705579649e-12, 2.4622091161697486e-21, 9.748871112502941e-18, 1.0, 1.6072906128782008e-27]], "currentPrediction": [[0, 7, 8], [3, 2, 5], [4, 8, 1], [2, 1, 3], [6, 0, 7], [9, 6, 2], [8, 9, 6], [7, 3, 9], [5, 5, 0], [1, 4, 4]], "realResult": [7, 0, 4], "newPrediction": [[8, 1, 1], [5, 8, 8], [1, 9, 9], [3, 7, 7], [7, 5, 5], [2, 6, 6], [6, 4, 4], [9, 3, 3], [0, 2, 2], [4, 0, 0]], "newPredictionRaw": [[4.114529649799048e-29, 2.6612476870628565e-13, 3.892548077515686e-19, 8.835242383527589e-16, 1.0177868695749016e-32, 4.703390454885437e-13, 5.75093887754833e-22, 2.4056895822831235e-18, 1.0, 1.2300034645557933e-28], [0.0, 1.0, 0.0, 0.0, 0.0, 0.0, 0.0, 0.0, 1.879318979077696e-29, 0.0], [0.0, 1.0, 0.0, 0.0, 0.0, 0.0, 0.0, 0.0, 3.124882460474533e-30, 0.0]], "matchingNumbers": {"bestMatchIndex": 0, "bestMatchSequence": [0, 7, 8], "matchingNumbers": [0, 7]}, "labels": [0, 1, 2, 3, 4, 5, 6, 7, 8, 9]}