{"currentPredictionRaw": [[0.10237967222929001, 0.09976793080568314, 0.10088884085416794, 0.0990765392780304, 0.1022149920463562, 0.09913955628871918, 0.0982898399233818, 0.09724270552396774, 0.1007499173283577, 0.10025004297494888], [0.10237967222929001, 0.09976793080568314, 0.10088884085416794, 0.0990765392780304, 0.1022149920463562, 0.09913955628871918, 0.0982898399233818, 0.09724270552396774, 0.1007499173283577, 0.10025004297494888], [0.10237967222929001, 0.09976793080568314, 0.10088884085416794, 0.0990765392780304, 0.1022149920463562, 0.09913955628871918, 0.0982898399233818, 0.09724270552396774, 0.1007499173283577, 0.10025004297494888]], "currentPrediction": [[1, 0, 0], [5, 0, 0], [3, 0, 0], [9, 0, 0], [10, 0, 0], [2, 0, 0], [6, 0, 0], [4, 0, 0], [7, 0, 0], [8, 0, 0]], "realResult": [2, 1, 1], "newPrediction": [[1, 0, 0], [5, 0, 0], [3, 0, 0], [9, 0, 0], [10, 0, 0], [2, 0, 0], [6, 0, 0], [4, 0, 0], [7, 0, 0], [8, 0, 0]], "newPredictionRaw": [[0.10238206386566162, 0.09973377734422684, 0.10090325772762299, 0.09907729178667068, 0.10220461338758469, 0.09915860742330551, 0.09830430150032043, 0.09721281379461288, 0.10077585279941559, 0.10024740546941757], [0.10238206386566162, 0.09973377734422684, 0.10090325772762299, 0.09907729178667068, 0.10220461338758469, 0.09915860742330551, 0.09830430150032043, 0.09721281379461288, 0.10077585279941559, 0.10024740546941757], [0.10238206386566162, 0.09973377734422684, 0.10090325772762299, 0.09907729178667068, 0.10220461338758469, 0.09915860742330551, 0.09830430150032043, 0.09721281379461288, 0.10077585279941559, 0.10024740546941757]], "matchingNumbers": {"bestMatchIndex": 0, "bestMatchSequence": [1, 0, 0], "matchingNumbers": [1]}}