{
  "currentPredictionRaw": [
    [
      0.0014277920126914978,
      0.003900636453181505,
      0.00013376565766520798,
      0.0014961824053898454,
      0.16836470365524292,
      0.004479332361370325,
      0.0024470998905599117,
      0.0106634721159935,
      0.0007495912723243237,
      0.008811852894723415
    ],
    [
      0.02484111301600933,
      0.4173310101032257,
      0.022410491481423378,
      0.002003257628530264,
      0.00045190754462964833,
      0.0021059438586235046,
      0.007104301825165749,
      0.0012705113040283322,
      0.0046777608804404736,
      0.0023986955638974905
    ],
    [
      0.026070890948176384,
      0.0057411231100559235,
      0.002472673775628209,
      0.01132375281304121,
      0.003417883301153779,
      0.0006171464920043945,
      0.0005565251340158284,
      0.0007244127918966115,
      0.000496651919092983,
      0.2615094780921936
    ]
  ],
  "currentPrediction": [
    {
      "name": "LSTM Base Model",
      "predictions": [
        [
          4,
          1,
          9
        ],
        [
          4,
          7,
          9
        ]
      ]
    }
  ],
  "realResult": [
    2,
    8,
    1
  ],
  "newPrediction": [
    {
      "name": "LSTM Base Model",
      "predictions": [
        [
          3,
          0,
          4
        ],
        [
          3,
          7,
          0
        ]
      ]
    }
  ],
  "newPredictionRaw": [
    [
      0.05580325052142143,
      0.017072191461920738,
      0.017296213656663895,
      0.061536215245723724,
      0.0007985449628904462,
      0.04322468489408493,
      0.0025248725432902575,
      0.060156796127557755,
      0.004137127660214901,
      0.0037860034499317408
    ],
    [
      0.19162440299987793,
      0.007621760945767164,
      0.0047998144291341305,
      0.024653246626257896,
      0.01807713694870472,
      0.0011518073733896017,
      0.029025442898273468,
      0.016977114602923393,
      0.05180098116397858,
      0.000991626875475049
    ],
    [
      0.04049605503678322,
      0.011145485565066338,
      0.11190139502286911,
      0.005119917914271355,
      0.1857890635728836,
      0.013291056267917156,
      0.0044867233373224735,
      0.0019508859841153026,
      0.00951169990003109,
      0.0032484421972185373
    ]
  ],
  "matchingNumbers": {
    "model": "LSTM Base Model",
    "prediction": [
      4,
      1,
      9
    ],
    "matching_numbers": [
      1
    ],
    "match_count": 1
  },
  "labels": [
    0,
    1,
    2,
    3,
    4,
    5,
    6,
    7,
    8,
    9
  ],
  "numberFrequency": {
    "3": 0.3333333333333333,
    "0": 0.3333333333333333,
    "4": 0.16666666666666666,
    "7": 0.16666666666666666
  }
}