{
  "currentPredictionRaw": [
    [
      0.006389173679053783,
      9.964245691662654e-05,
      0.0032233502715826035,
      0.001280080177821219,
      0.011114406399428844,
      0.03142659366130829,
      0.0019169201841577888,
      0.053749825805425644,
      0.0004261248977854848,
      0.01780403032898903
    ],
    [
      0.009388764388859272,
      0.0022808832582086325,
      0.010789759457111359,
      0.002159996423870325,
      0.0003502161707729101,
      0.010024101473391056,
      7.824779459042475e-05,
      0.003748776623979211,
      0.0014935781946405768,
      0.5899456143379211
    ],
    [
      0.005057191010564566,
      0.0006646407418884337,
      0.000693647947628051,
      0.0020721019245684147,
      0.20589503645896912,
      0.024541931226849556,
      0.0007931313593871891,
      0.000710624794010073,
      0.0012393883662298322,
      0.0006422277656383812
    ]
  ],
  "currentPrediction": [
    {
      "name": "LSTM Base Model",
      "predictions": [
        [
          7,
          9,
          4
        ],
        [
          7,
          5,
          9
        ]
      ]
    }
  ],
  "realResult": [
    3,
    2,
    5
  ],
  "newPrediction": [
    {
      "name": "LSTM Base Model",
      "predictions": [
        [
          3,
          2,
          7
        ],
        [
          3,
          9,
          7
        ]
      ]
    }
  ],
  "newPredictionRaw": [
    [
      0.0009950414532795548,
      4.653424912248738e-05,
      0.006626475136727095,
      0.462611585855484,
      0.002381366677582264,
      0.002940563252195716,
      0.001011654268950224,
      0.010699877515435219,
      0.0020038827788084745,
      0.014120848849415779
    ],
    [
      0.0030905839521437883,
      0.0007512024603784084,
      0.2892443537712097,
      0.002682427642866969,
      0.0009020169381983578,
      0.01136544905602932,
      0.0001442648353986442,
      0.0013739039422944188,
      0.002917526289820671,
      0.0026847245171666145
    ],
    [
      0.00018443484441377223,
      0.0005478896200656891,
      0.00036527332849800587,
      0.00096455606399104,
      0.00405740225687623,
      0.05285273864865303,
      0.0026406352408230305,
      0.11909974366426468,
      0.00044553432962857187,
      0.00024754233891144395
    ]
  ],
  "matchingNumbers": {
    "model": "LSTM Base Model",
    "prediction": [
      7,
      5,
      9
    ],
    "matching_numbers": [
      5
    ],
    "match_count": 1
  },
  "labels": [
    0,
    1,
    2,
    3,
    4,
    5,
    6,
    7,
    8,
    9
  ],
  "numberFrequency": {
    "3": 0.3333333333333333,
    "2": 0.16666666666666666,
    "7": 0.3333333333333333,
    "9": 0.16666666666666666
  }
}