{
  "currentPredictionRaw": [
    [
      0.15546493232250214,
      0.11126893013715744,
      0.004817274399101734,
      0.014075217768549919,
      0.006193901877850294,
      0.02696780115365982,
      0.005788681097328663,
      0.0012857468100264668,
      0.003538472345098853,
      0.0008975817472673953
    ],
    [
      0.02392473630607128,
      0.006072781048715115,
      0.002483890624716878,
      0.012014316394925117,
      0.010671800002455711,
      0.34657609462738037,
      0.002357185585424304,
      0.0009894651593640447,
      0.004023398272693157,
      0.021551694720983505
    ],
    [
      0.006545361131429672,
      0.0016171463066712022,
      0.0354599803686142,
      0.005147138144820929,
      0.11154105514287949,
      0.009384342469274998,
      0.0012909674551337957,
      0.005318283103406429,
      0.011044184677302837,
      0.05168763920664787
    ]
  ],
  "currentPrediction": [
    {
      "name": "LSTM Base Model",
      "predictions": [
        [
          0,
          5,
          4
        ],
        [
          0,
          1,
          5
        ]
      ]
    }
  ],
  "realResult": [
    9,
    0,
    5
  ],
  "newPrediction": [
    {
      "name": "LSTM Base Model",
      "predictions": [
        [
          0,
          9,
          2
        ],
        [
          0,
          3,
          7
        ]
      ]
    }
  ],
  "newPredictionRaw": [
    [
      0.20665699243545532,
      0.0005917390808463097,
      0.003625691868364811,
      0.010918814688920975,
      0.00238782842643559,
      0.0019919199403375387,
      0.0024336972273886204,
      0.009756796061992645,
      0.0013437422458082438,
      0.00028677177033387125
    ],
    [
      0.004978665616363287,
      0.0002991839137393981,
      0.0004810086393263191,
      0.012081194669008255,
      0.0002596121630631387,
      0.02542147971689701,
      0.012375344522297382,
      0.00018629789701662958,
      0.004178996197879314,
      0.04570414870977402
    ],
    [
      0.0023712036199867725,
      0.0014218833530321717,
      0.3877427577972412,
      0.23406827449798584,
      0.001730533316731453,
      0.0019858703017234802,
      0.0005281272460706532,
      0.000108868203824386,
      0.00012833462096750736,
      0.023954220116138458
    ]
  ],
  "matchingNumbers": {
    "model": "LSTM Base Model",
    "prediction": [
      0,
      5,
      4
    ],
    "matching_numbers": [
      0,
      5
    ],
    "match_count": 2
  },
  "labels": [
    0,
    1,
    2,
    3,
    4,
    5,
    6,
    7,
    8,
    9
  ],
  "numberFrequency": {
    "0": 0.3333333333333333,
    "9": 0.16666666666666666,
    "2": 0.16666666666666666,
    "3": 0.16666666666666666,
    "7": 0.16666666666666666
  }
}