{
  "currentPredictionRaw": [
    [
      0.02054751291871071,
      0.03922788053750992,
      0.022684136405587196,
      0.01827297732234001,
      0.03668909892439842,
      0.21418698132038116,
      0.0015528234653174877,
      0.01238065492361784,
      0.002741599688306451,
      0.022936895489692688
    ],
    [
      0.009047174826264381,
      0.011754360049962997,
      0.11520896852016449,
      0.0156405009329319,
      0.013893627561628819,
      0.026538262143731117,
      0.06255218386650085,
      0.007740424945950508,
      0.005510119255632162,
      0.02127501554787159
    ],
    [
      0.005294216331094503,
      0.014508577063679695,
      0.07527347654104233,
      0.030268656089901924,
      0.004056661389768124,
      0.005050973035395145,
      0.1256573498249054,
      0.015091595239937305,
      0.00880019087344408,
      0.03561708331108093
    ]
  ],
  "currentPrediction": [
    {
      "name": "LSTM Base Model",
      "predictions": [
        [
          5,
          2,
          6
        ],
        [
          5,
          1,
          4
        ]
      ]
    }
  ],
  "realResult": [
    9,
    4,
    6
  ],
  "newPrediction": [
    {
      "name": "LSTM Base Model",
      "predictions": [
        [
          2,
          3,
          9
        ],
        [
          2,
          3,
          9
        ]
      ]
    }
  ],
  "newPredictionRaw": [
    [
      0.0072914971970021725,
      0.029637087136507034,
      0.06775857508182526,
      0.04995337873697281,
      0.0012040373403578997,
      0.001549186185002327,
      0.0199306458234787,
      0.0057138060219585896,
      0.024728165939450264,
      0.03927421197295189
    ],
    [
      0.0016840940807014704,
      0.03135039284825325,
      0.014188617467880249,
      0.21592482924461365,
      0.07758527249097824,
      0.029717402532696724,
      0.07950190454721451,
      0.0032469751313328743,
      0.009287528693675995,
      0.004123166669160128
    ],
    [
      0.008301261812448502,
      0.0674632117152214,
      0.017293624579906464,
      0.004015272483229637,
      0.016045987606048584,
      0.01890723593533039,
      0.014029664918780327,
      0.0030883115250617266,
      0.04769372567534447,
      0.0895109549164772
    ]
  ],
  "matchingNumbers": {
    "model": "LSTM Base Model",
    "prediction": [
      5,
      2,
      6
    ],
    "matching_numbers": [
      6
    ],
    "match_count": 1
  },
  "labels": [
    0,
    1,
    2,
    3,
    4,
    5,
    6,
    7,
    8,
    9
  ],
  "numberFrequency": {
    "2": 0.3333333333333333,
    "3": 0.3333333333333333,
    "9": 0.3333333333333333
  }
}