{"currentPredictionRaw": [[8.989272828330286e-07, 0.9993021488189697, 0.00036010349867865443, 0.00022145106049720198, 1.016364237216294e-07, 2.9099810490151867e-06, 4.117040042217468e-11, 6.54434472835419e-07, 0.00010668297909433022, 4.957499186275527e-06], [3.5552005592618334e-19, 2.119568080917764e-24, 4.41359483222955e-19, 1.0, 2.7910727114915934e-12, 2.9009722306691117e-27, 2.6150200846961416e-14, 1.7006125877129362e-34, 0.0, 3.9237252799448764e-17], [1.8157811408972546e-14, 1.7073096516856157e-16, 1.548063831190303e-20, 8.76499567370459e-12, 1.4716541855042294e-14, 1.084069123426111e-24, 3.1513590670328995e-07, 4.186165574338735e-15, 5.565544498788849e-14, 0.9999996423721313]], "currentPrediction": [[1, 3, 9], [2, 4, 6], [3, 6, 3], [8, 9, 8], [9, 2, 0], [5, 0, 4], [0, 1, 7], [7, 5, 1], [4, 7, 2], [6, 8, 5]], "realResult": [5, 6, 3], "newPrediction": [[1, 2, 8], [2, 3, 9], [3, 5, 7], [8, 1, 6], [9, 9, 5], [5, 8, 4], [0, 7, 3], [7, 6, 2], [4, 4, 1], [6, 0, 0]], "newPredictionRaw": [[8.972285172603733e-07, 0.9992837309837341, 0.0003480490995571017, 0.000240541688981466, 8.73671481826932e-08, 2.6159052595176036e-06, 3.712889024010124e-11, 5.463197680910525e-07, 0.00011760691268136725, 5.955394499324029e-06], [0.0, 1.5462092519247278e-30, 1.0, 9.286059698965232e-10, 0.0, 3.9135423404381417e-26, 0.0, 0.0, 0.0, 0.0], [0.0, 0.0, 0.0, 0.0, 0.0, 0.0, 0.0, 0.0, 1.0, 5.2495083778908656e-30]], "matchingNumbers": {"bestMatchIndex": 2, "bestMatchSequence": [3, 6, 3], "matchingNumbers": [3, 6]}, "labels": [0, 1, 2, 3, 4, 5, 6, 7, 8, 9]}