{
  "currentPredictionRaw": [
    [
      0.4358358383178711,
      0.0017802257789298892,
      0.001153782126493752,
      0.0021236990578472614,
      0.0029094205237925053,
      0.0038788130041211843,
      0.00199112924747169,
      0.0049063339829444885,
      0.012994451448321342,
      0.005657721310853958
    ],
    [
      0.002111269859597087,
      0.002984796417877078,
      0.002709188498556614,
      0.003180541330948472,
      0.00153031712397933,
      0.26818859577178955,
      0.0026386380195617676,
      0.003190207527950406,
      0.0018347797449678183,
      0.03334714472293854
    ],
    [
      0.007528312969952822,
      0.002254572929814458,
      0.16770631074905396,
      0.0006359204999171197,
      0.006733383052051067,
      0.0014357817126438022,
      0.002987014362588525,
      0.010657577775418758,
      0.001236883457750082,
      0.003877420676872134
    ]
  ],
  "currentPrediction": [
    {
      "name": "LSTM Base Model",
      "predictions": [
        [
          0,
          5,
          2
        ],
        [
          0,
          8,
          9
        ]
      ]
    }
  ],
  "realResult": [
    4,
    7,
    9
  ],
  "newPrediction": [
    {
      "name": "LSTM Base Model",
      "predictions": [
        [
          5,
          1,
          3
        ],
        [
          5,
          3,
          0
        ]
      ]
    }
  ],
  "newPredictionRaw": [
    [
      0.018049338832497597,
      0.011407742276787758,
      0.01762704737484455,
      0.10543712973594666,
      0.002679203636944294,
      0.37058547139167786,
      0.009024536237120628,
      0.0037220835220068693,
      0.0005637288559228182,
      0.002313997596502304
    ],
    [
      0.010029000230133533,
      0.032902199774980545,
      0.003095765132457018,
      0.0022305669263005257,
      0.011746753938496113,
      0.028317537158727646,
      0.010323991067707539,
      0.0319615863263607,
      0.009488368406891823,
      0.0029743900522589684
    ],
    [
      0.00799715705215931,
      0.009360413998365402,
      0.0031625491101294756,
      0.20717205107212067,
      0.006626326125115156,
      0.00396249582991004,
      0.009668269194662571,
      0.0406639538705349,
      0.005433286540210247,
      0.021472977474331856
    ]
  ],
  "matchingNumbers": {
    "model": "LSTM Base Model",
    "prediction": [
      0,
      8,
      9
    ],
    "matching_numbers": [
      9
    ],
    "match_count": 1
  },
  "labels": [
    0,
    1,
    2,
    3,
    4,
    5,
    6,
    7,
    8,
    9
  ],
  "numberFrequency": {
    "5": 0.3333333333333333,
    "1": 0.16666666666666666,
    "3": 0.3333333333333333,
    "0": 0.16666666666666666
  }
}