{"currentPredictionRaw": [[0.10232292115688324, 0.10018601268529892, 0.10063911229372025, 0.09903077781200409, 0.10228823870420456, 0.09927791357040405, 0.09828166663646698, 0.09710078686475754, 0.10068329423666, 0.10018928349018097], [0.10232292115688324, 0.10018601268529892, 0.10063911229372025, 0.09903077781200409, 0.10228823870420456, 0.09927791357040405, 0.09828166663646698, 0.09710078686475754, 0.10068329423666, 0.10018928349018097], [0.10232292115688324, 0.10018601268529892, 0.10063911229372025, 0.09903077781200409, 0.10228823870420456, 0.09927791357040405, 0.09828166663646698, 0.09710078686475754, 0.10068329423666, 0.10018928349018097]], "currentPrediction": [[1, 0, 0], [5, 0, 0], [9, 0, 0], [3, 0, 0], [10, 0, 0], [2, 0, 0], [6, 0, 0], [4, 0, 0], [7, 0, 0], [8, 0, 0]], "realResult": [0, 5, 1], "newPrediction": [[1, 0, 0], [5, 0, 0], [3, 0, 0], [9, 0, 0], [10, 0, 0], [2, 0, 0], [4, 0, 0], [6, 0, 0], [7, 0, 0], [8, 0, 0]], "newPredictionRaw": [[0.10222677141427994, 0.09995094686746597, 0.10084851086139679, 0.0991017296910286, 0.1022135317325592, 0.09904950112104416, 0.09839105606079102, 0.0972495824098587, 0.10070902109146118, 0.10025931149721146], [0.10222677141427994, 0.09995094686746597, 0.10084851086139679, 0.0991017296910286, 0.1022135317325592, 0.09904950112104416, 0.09839105606079102, 0.0972495824098587, 0.10070902109146118, 0.10025931149721146], [0.10222677141427994, 0.09995094686746597, 0.10084851086139679, 0.0991017296910286, 0.1022135317325592, 0.09904950112104416, 0.09839105606079102, 0.0972495824098587, 0.10070902109146118, 0.10025931149721146]], "matchingNumbers": {"bestMatchIndex": 0, "bestMatchSequence": [1, 0, 0], "matchingNumbers": [0, 1]}}