{
  "currentPredictionRaw": [
    [
      0.011548733338713646,
      0.0026865736581385136,
      0.009982900694012642,
      0.04282430186867714,
      0.0021638250909745693,
      0.0018908428028225899,
      0.006690728012472391,
      0.0005999986315146089,
      0.02253207378089428,
      0.12363844364881516
    ],
    [
      0.005846979096531868,
      0.019960075616836548,
      0.007484325673431158,
      0.05035955086350441,
      0.2867310643196106,
      0.0015318054938688874,
      0.0034091519191861153,
      0.0028482151683419943,
      0.01193908043205738,
      0.0041111004538834095
    ],
    [
      0.002786122029647231,
      0.08740661293268204,
      0.0018012315267696977,
      0.002782834693789482,
      0.0027724404353648424,
      0.004457916598767042,
      0.005498410202562809,
      0.008472981862723827,
      0.2501465082168579,
      0.01509516779333353
    ]
  ],
  "currentPrediction": [
    {
      "name": "LSTM Base Model",
      "predictions": [
        [
          9,
          4,
          8
        ],
        [
          9,
          3,
          8
        ]
      ]
    }
  ],
  "realResult": [
    4,
    0,
    4
  ],
  "newPrediction": [
    {
      "name": "LSTM Base Model",
      "predictions": [
        [
          0,
          0,
          6
        ],
        [
          0,
          2,
          9
        ]
      ]
    }
  ],
  "newPredictionRaw": [
    [
      0.07204671949148178,
      0.008757036179304123,
      0.058731768280267715,
      0.004033416509628296,
      0.0399157777428627,
      0.00385657767765224,
      0.002706400118768215,
      0.01221336331218481,
      0.0024357764050364494,
      0.05678732693195343
    ],
    [
      0.13802100718021393,
      0.1231168657541275,
      0.00773983309045434,
      0.004057712387293577,
      0.01081598550081253,
      0.04141515865921974,
      0.007849091663956642,
      0.004669457674026489,
      0.004505868069827557,
      0.005699345376342535
    ],
    [
      0.010351953096687794,
      0.013308622874319553,
      0.1050741970539093,
      0.0037442506290972233,
      0.08964120596647263,
      0.004994360730051994,
      0.10949864238500595,
      0.024087127298116684,
      0.018697718158364296,
      0.011227435432374477
    ]
  ],
  "matchingNumbers": {
    "model": "LSTM Base Model",
    "prediction": [
      9,
      4,
      8
    ],
    "matching_numbers": [
      4
    ],
    "match_count": 1
  },
  "labels": [
    0,
    1,
    2,
    3,
    4,
    5,
    6,
    7,
    8,
    9
  ],
  "numberFrequency": {
    "0": 0.5,
    "6": 0.16666666666666666,
    "2": 0.16666666666666666,
    "9": 0.16666666666666666
  }
}