{"currentPredictionRaw": [[1.0195094546361361e-07, 0.0, 0.0, 0.0, 0.9999998807907104, 6.270014889231401e-12, 0.0, 0.0, 0.0, 0.0], [0.0007407701341435313, 4.066716882237815e-16, 1.1682139700042171e-08, 2.1426369130495004e-05, 7.036895226519846e-07, 2.1698630007449538e-05, 0.9991884827613831, 9.395853236074392e-13, 2.6919477022602223e-05, 3.7329815345647777e-13], [2.631358952953633e-08, 1.6845249639629856e-09, 1.0, 1.1131374278274334e-13, 2.1638196555599806e-27, 4.509265457489098e-37, 4.672872397909576e-24, 7.035768003293519e-17, 2.4636154661444865e-12, 2.803886567370739e-10]], "currentPrediction": [[4, 6, 2], [0, 0, 0], [5, 8, 1], [9, 5, 9], [8, 3, 8], [6, 4, 3], [7, 2, 7], [3, 7, 6], [2, 9, 4], [1, 1, 5]], "realResult": [7, 6, 7], "newPrediction": [[6, 6, 5], [0, 0, 4], [5, 5, 3], [3, 8, 8], [8, 3, 6], [4, 4, 0], [2, 2, 9], [7, 7, 7], [9, 9, 2], [1, 1, 1]], "newPredictionRaw": [[0.0007159616216085851, 3.039188360764116e-16, 7.136566448906478e-09, 2.5320965505670756e-05, 1.2303876246733125e-06, 3.163831934216432e-05, 0.9992027878761292, 4.4880052907543544e-13, 2.3091550247045234e-05, 2.73147471438126e-13], [0.0007188943563960493, 3.1688598405658886e-16, 7.60781926345544e-09, 2.4595785362180322e-05, 1.086638803826645e-06, 2.910114562837407e-05, 0.9992017149925232, 5.167331948614795e-13, 2.4701190341147594e-05, 2.7457788646934045e-13], [3.9294991812997314e-36, 0.0, 0.0, 2.898444307457157e-16, 5.12215603929605e-15, 1.0, 5.263683147049917e-31, 0.0, 7.53223261857875e-23, 0.0]], "matchingNumbers": {"bestMatchIndex": 7, "bestMatchSequence": [3, 7, 6], "matchingNumbers": [6, 7]}, "labels": [0, 1, 2, 3, 4, 5, 6, 7, 8, 9]}