{
  "currentPredictionRaw": [
    [
      0.003989974036812782,
      0.0001732321979943663,
      0.0013470248086377978,
      0.00047316570999100804,
      0.0042791906744241714,
      0.010322477668523788,
      0.0012344536371529102,
      0.0013563084648922086,
      0.07162388414144516,
      0.0038739354349672794
    ],
    [
      0.0008609977085143328,
      0.2891870439052582,
      0.000797812535893172,
      0.0007381751202046871,
      0.00033987918868660927,
      0.025530032813549042,
      0.0018207489047199488,
      0.0010322551243007183,
      0.0018228944391012192,
      0.0054305680096149445
    ],
    [
      0.012107939459383488,
      0.0023481473326683044,
      0.0015732591273263097,
      0.5485422611236572,
      0.0025989850983023643,
      0.0013554575853049755,
      0.0018930687801912427,
      0.001791655202396214,
      0.0002356816257815808,
      0.0013195028295740485
    ]
  ],
  "currentPrediction": [
    {
      "name": "LSTM Base Model",
      "predictions": [
        [
          8,
          1,
          3
        ],
        [
          8,
          5,
          4
        ]
      ]
    }
  ],
  "realResult": [
    7,
    6,
    6
  ],
  "newPrediction": [
    {
      "name": "LSTM Base Model",
      "predictions": [
        [
          7,
          6,
          6
        ],
        [
          7,
          4,
          5
        ]
      ]
    }
  ],
  "newPredictionRaw": [
    [
      0.0028879703022539616,
      0.002183441538363695,
      0.0003781744453590363,
      0.001533006434328854,
      0.03224239870905876,
      0.006173501722514629,
      0.0006981674232520163,
      0.5208674073219299,
      0.0015505764167755842,
      0.0017722937045618892
    ],
    [
      0.0055066864006221294,
      0.0015183647628873587,
      0.007010363973677158,
      0.010137386620044708,
      0.000757128291297704,
      0.000692089437507093,
      0.042742326855659485,
      0.0009239421342499554,
      0.012827868573367596,
      0.008444281294941902
    ],
    [
      0.0007281082216650248,
      0.003576367860659957,
      0.0396929495036602,
      0.0002678658638615161,
      0.0015952516114339232,
      0.025895684957504272,
      0.26159706711769104,
      0.0008183838799595833,
      0.0032560096587985754,
      0.0017249275697395205
    ]
  ],
  "matchingNumbers": {
    "model": null,
    "prediction": null,
    "matching_numbers": [],
    "match_count": 0
  },
  "labels": [
    0,
    1,
    2,
    3,
    4,
    5,
    6,
    7,
    8,
    9
  ],
  "numberFrequency": {
    "7": 0.3333333333333333,
    "6": 0.3333333333333333,
    "4": 0.16666666666666666,
    "5": 0.16666666666666666
  }
}