{"currentPredictionRaw": [[2.799514459521471e-19, 1.8008315663551118e-21, 3.5620626686778144e-20, 1.0140831010740412e-27, 3.9821133044661006e-13, 6.146714248700391e-09, 5.253636572888354e-06, 0.9999947547912598, 3.8950109804147814e-10, 2.781699820979906e-15], [3.3326446935216456e-14, 2.270074133146416e-15, 2.389918660121764e-19, 1.5763324673345736e-11, 3.310710944759085e-14, 3.182747990079919e-23, 2.715530058594595e-07, 3.9807793969807645e-14, 7.907825869818419e-13, 0.9999997615814209], [0.0, 1.2028759400721496e-30, 1.0, 1.0788714366327667e-09, 0.0, 1.160696162834692e-25, 0.0, 0.0, 0.0, 0.0]], "currentPrediction": [[7, 9, 2], [6, 6, 3], [5, 3, 5], [8, 8, 1], [4, 7, 9], [9, 0, 8], [0, 4, 7], [2, 1, 6], [1, 2, 4], [3, 5, 0]], "realResult": [6, 6, 3], "newPrediction": [[2, 3, 1], [3, 4, 2], [5, 6, 3], [1, 9, 8], [9, 0, 9], [8, 2, 5], [7, 1, 0], [6, 5, 7], [4, 7, 4], [0, 8, 6]], "newPredictionRaw": [[0.0, 9.819833423153457e-31, 1.0, 9.706755399463418e-10, 0.0, 2.0443013581845268e-25, 0.0, 0.0, 0.0, 0.0], [1.3318310965624416e-18, 1.7837661652137364e-24, 2.0815766177879954e-19, 1.0, 5.927845020403666e-12, 1.7996474883057426e-27, 6.918605093128236e-14, 2.965578933405219e-34, 0.0, 9.250353510991118e-17], [5.10904328621109e-07, 0.9992268085479736, 0.0004281026776880026, 0.0002264789363835007, 6.47175610879458e-08, 2.8960162126168143e-06, 2.2329698853851276e-11, 3.7002567410127085e-07, 0.00011185494804522023, 2.9169714252930135e-06]], "matchingNumbers": {"bestMatchIndex": 1, "bestMatchSequence": [6, 6, 3], "matchingNumbers": [3, 6]}, "labels": [0, 1, 2, 3, 4, 5, 6, 7, 8, 9]}