{
  "currentPredictionRaw": [
    [
      0.0002592074451968074,
      0.0033305007964372635,
      0.2727798521518707,
      0.0008254573913291097,
      0.002656925469636917,
      0.002472914755344391,
      0.002229175064712763,
      0.0049453978426754475,
      0.0007190541364252567,
      0.00024038381525315344
    ],
    [
      0.01152091845870018,
      0.0029185793828219175,
      0.0016135966870933771,
      0.0007958611822687089,
      0.0004104360123164952,
      0.000371796078979969,
      0.00036454349174164236,
      0.45622122287750244,
      0.000474587082862854,
      0.005095299333333969
    ],
    [
      0.0015782860573381186,
      0.0008494692156091332,
      0.0016081429785117507,
      0.0019894298166036606,
      0.2154940962791443,
      0.0037312416825443506,
      0.00015717482892796397,
      0.0011599218705669045,
      0.002291410230100155,
      0.0008950863848440349
    ]
  ],
  "currentPrediction": [
    {
      "name": "LSTM Base Model",
      "predictions": [
        [
          2,
          7,
          4
        ],
        [
          2,
          7,
          1
        ]
      ]
    }
  ],
  "realResult": [
    6,
    2,
    2
  ],
  "newPrediction": [
    {
      "name": "LSTM Base Model",
      "predictions": [
        [
          9,
          2,
          0
        ],
        [
          9,
          7,
          6
        ]
      ]
    }
  ],
  "newPredictionRaw": [
    [
      0.0018232089933007956,
      0.0007817383739165962,
      0.003108398988842964,
      0.007028727792203426,
      0.010866193100810051,
      0.007323382887989283,
      0.01310641411691904,
      0.018766943365335464,
      0.0006751131149940193,
      0.05514683201909065
    ],
    [
      0.03052683174610138,
      0.003729685675352812,
      0.4647248089313507,
      0.0004982277168892324,
      0.006448700092732906,
      0.0012048641219735146,
      0.007141382433474064,
      0.0008407181012444198,
      0.007481789216399193,
      0.023939143866300583
    ],
    [
      0.25843897461891174,
      0.0024571469984948635,
      0.053718991577625275,
      0.004128911532461643,
      0.0010373475961387157,
      0.0019125397084280849,
      0.00768462847918272,
      0.002494234126061201,
      0.0008489458123221993,
      0.002115321345627308
    ]
  ],
  "matchingNumbers": {
    "model": "LSTM Base Model",
    "prediction": [
      2,
      7,
      4
    ],
    "matching_numbers": [
      2
    ],
    "match_count": 1
  },
  "labels": [
    0,
    1,
    2,
    3,
    4,
    5,
    6,
    7,
    8,
    9
  ],
  "numberFrequency": {
    "9": 0.3333333333333333,
    "2": 0.16666666666666666,
    "0": 0.16666666666666666,
    "7": 0.16666666666666666,
    "6": 0.16666666666666666
  }
}