{
  "currentPredictionRaw": [
    [
      0.009808525443077087,
      0.0025126433465629816,
      0.0006045072805136442,
      0.00400059949606657,
      0.002305014291778207,
      0.007876820862293243,
      0.018790818750858307,
      0.00034577588667161763,
      0.001329749240539968,
      0.0016586064593866467
    ],
    [
      0.002509427024051547,
      0.0008592551457695663,
      0.0011829466093331575,
      0.0005642672185786068,
      0.0007117512868717313,
      0.05865943059325218,
      0.0010621525580063462,
      0.7410750389099121,
      0.002782290568575263,
      0.0006853610393591225
    ],
    [
      0.008474714122712612,
      0.011538759805262089,
      0.008953041397035122,
      0.07843153178691864,
      0.000684121681842953,
      0.026682225987315178,
      0.00013803495676256716,
      0.0008977451361715794,
      0.004132071975618601,
      0.0007428456447087228
    ]
  ],
  "currentPrediction": [
    {
      "name": "LSTM Base Model",
      "predictions": [
        [
          6,
          7,
          3
        ],
        [
          6,
          0,
          5
        ]
      ]
    }
  ],
  "realResult": [
    3,
    7,
    2
  ],
  "newPrediction": [
    {
      "name": "LSTM Base Model",
      "predictions": [
        [
          6,
          7,
          1
        ],
        [
          6,
          3,
          0
        ]
      ]
    }
  ],
  "newPredictionRaw": [
    [
      0.02865002676844597,
      0.02035866118967533,
      0.022863157093524933,
      0.16926826536655426,
      0.0010956836631521583,
      0.005076742731034756,
      0.17196935415267944,
      0.0075254905968904495,
      0.0006189004052430391,
      0.00206219800747931
    ],
    [
      0.004623055923730135,
      0.003935006447136402,
      0.0006558067980222404,
      0.07713067531585693,
      0.0017295799916610122,
      0.007584791164845228,
      0.018004044890403748,
      0.1407967209815979,
      0.05699264258146286,
      0.0066977608948946
    ],
    [
      0.05008172243833542,
      0.11482780426740646,
      0.011942426674067974,
      0.0058078458532691,
      0.005818549543619156,
      0.018730325624346733,
      0.01436024159193039,
      0.020965054631233215,
      0.005915673449635506,
      0.003911773674190044
    ]
  ],
  "matchingNumbers": {
    "model": "LSTM Base Model",
    "prediction": [
      6,
      7,
      3
    ],
    "matching_numbers": [
      3,
      7
    ],
    "match_count": 2
  },
  "labels": [
    0,
    1,
    2,
    3,
    4,
    5,
    6,
    7,
    8,
    9
  ],
  "numberFrequency": {
    "6": 0.3333333333333333,
    "7": 0.16666666666666666,
    "1": 0.16666666666666666,
    "3": 0.16666666666666666,
    "0": 0.16666666666666666
  }
}