{
  "currentPredictionRaw": [
    [
      0.009478342719376087,
      0.009285458363592625,
      0.0034982271026819944,
      0.02023613452911377,
      0.002896389691159129,
      0.00038227622280828655,
      0.0068417261354625225,
      0.00031408321228809655,
      0.01278450433164835,
      0.33159929513931274
    ],
    [
      0.009339953772723675,
      0.001399185974150896,
      0.0030104476027190685,
      0.15092675387859344,
      0.005941331386566162,
      0.009274205192923546,
      0.0006249209982343018,
      0.006068736780434847,
      0.014461583457887173,
      0.000561842112801969
    ],
    [
      0.04258895665407181,
      0.25119712948799133,
      0.0007626048172824085,
      0.0003114314458798617,
      0.004729949403554201,
      0.005257104989141226,
      0.0008534540538676083,
      0.0038146560546010733,
      0.03983726724982262,
      0.05172204598784447
    ]
  ],
  "currentPrediction": [
    {
      "name": "LSTM Base Model",
      "predictions": [
        [
          9,
          3,
          1
        ],
        [
          9,
          3,
          8
        ]
      ]
    }
  ],
  "realResult": [
    8,
    4,
    3
  ],
  "newPrediction": [
    {
      "name": "LSTM Base Model",
      "predictions": [
        [
          8,
          4,
          3
        ],
        [
          8,
          2,
          5
        ]
      ]
    }
  ],
  "newPredictionRaw": [
    [
      0.0005534806987270713,
      0.0008673026459291577,
      0.01184131670743227,
      0.0002266774681629613,
      0.002402379410341382,
      0.004668370354920626,
      0.00036621588515117764,
      0.001097260625101626,
      0.2889169156551361,
      0.00329511146992445
    ],
    [
      0.003395761363208294,
      0.0003535137220751494,
      0.0009569538524374366,
      0.00015456062101293355,
      0.493011474609375,
      0.0011127579491585493,
      0.0014751028502359986,
      0.014354807324707508,
      0.0001812296686694026,
      0.011974439024925232
    ],
    [
      0.0008264190400950611,
      0.0007570110028609633,
      0.005745705217123032,
      0.13365338742733002,
      0.0008071534684859216,
      0.009469250217080116,
      0.005515022203326225,
      0.0004321371961850673,
      0.001163162523880601,
      0.00042519354610703886
    ]
  ],
  "matchingNumbers": {
    "model": "LSTM Base Model",
    "prediction": [
      9,
      3,
      8
    ],
    "matching_numbers": [
      8,
      3
    ],
    "match_count": 2
  },
  "labels": [
    0,
    1,
    2,
    3,
    4,
    5,
    6,
    7,
    8,
    9
  ],
  "numberFrequency": {
    "8": 0.3333333333333333,
    "4": 0.16666666666666666,
    "3": 0.16666666666666666,
    "2": 0.16666666666666666,
    "5": 0.16666666666666666
  }
}