{"currentPredictionRaw": [[0.0, 0.0, 1.0414023586669082e-17, 0.0, 1.9649167072610142e-14, 1.0, 6.635400178125024e-28, 0.0, 0.0, 0.0], [0.0, 0.0, 0.0, 0.0, 1.8710007371846105e-28, 0.0, 1.0, 0.0, 0.0, 3.0840671568469226e-34], [0.0, 0.0, 0.0, 1.5827373283169765e-38, 9.02998435036137e-29, 0.0, 1.0, 0.0, 0.0, 2.591463392165381e-34]], "currentPrediction": [[5, 6, 6], [4, 4, 4], [2, 9, 9], [6, 8, 3], [9, 7, 8], [8, 5, 7], [7, 3, 5], [3, 2, 2], [1, 1, 1], [0, 0, 0]], "realResult": [4, 3, 8], "newPrediction": [[4, 3, 8], [6, 4, 9], [5, 6, 7], [3, 9, 6], [7, 0, 5], [2, 2, 4], [0, 1, 3], [9, 5, 2], [8, 7, 1], [1, 8, 0]], "newPredictionRaw": [[3.215993052776259e-30, 0.0, 4.95200788794182e-28, 5.229094179268772e-25, 0.9999996423721313, 2.4111663776693604e-09, 3.0587304422624584e-07, 3.5677673493474705e-26, 0.0, 0.0], [6.177167162647333e-19, 2.410183255109827e-24, 7.594042765937882e-20, 1.0, 4.948044469814394e-13, 1.3193292990826886e-28, 5.564928112913132e-15, 1.4929903240270987e-35, 0.0, 1.6272326126900722e-16], [0.0, 0.0, 0.0, 0.0, 0.0, 0.0, 0.0, 0.0, 1.0, 7.796364531037815e-30]], "matchingNumbers": {"bestMatchIndex": 3, "bestMatchSequence": [6, 8, 3], "matchingNumbers": [8, 3]}, "labels": [0, 1, 2, 3, 4, 5, 6, 7, 8, 9]}