{
  "currentPredictionRaw": [
    [
      0.0004983479739166796,
      0.000627768924459815,
      0.45569512248039246,
      0.0022990957368165255,
      0.001715105026960373,
      0.004909433890134096,
      0.014002710580825806,
      0.0028390600346028805,
      0.08298590779304504,
      0.002016486367210746
    ],
    [
      0.007217115722596645,
      0.002496657893061638,
      0.002659460762515664,
      0.001932102139107883,
      0.0020019200164824724,
      0.005864983890205622,
      0.28790074586868286,
      0.015263364650309086,
      0.0007539289072155952,
      0.00935843400657177
    ],
    [
      0.0005160642322152853,
      0.0014759375480934978,
      0.015512173064053059,
      0.010027988813817501,
      0.010953066870570183,
      0.011127184145152569,
      0.0045125242322683334,
      0.02998337522149086,
      0.007163431495428085,
      0.0056905122473835945
    ]
  ],
  "currentPrediction": [
    {
      "name": "LSTM Base Model",
      "predictions": [
        [
          2,
          6,
          7
        ],
        [
          2,
          8,
          6
        ]
      ]
    }
  ],
  "realResult": [
    4,
    5,
    6
  ],
  "newPrediction": [
    {
      "name": "LSTM Base Model",
      "predictions": [
        [
          8,
          5,
          7
        ],
        [
          8,
          6,
          4
        ]
      ]
    }
  ],
  "newPredictionRaw": [
    [
      0.0011762961512431502,
      9.263573156204075e-05,
      0.003944107796996832,
      0.0019942033104598522,
      0.007871105335652828,
      0.0006225092802196741,
      0.010035481303930283,
      0.0008530427003279328,
      0.715228259563446,
      0.0005286607192829251
    ],
    [
      0.0019496431341394782,
      0.001510242116637528,
      0.005112356040626764,
      0.0006469819927588105,
      0.004626447334885597,
      0.03547000512480736,
      0.010795190930366516,
      0.0024358388036489487,
      0.002767485100775957,
      0.0010666812304407358
    ],
    [
      0.004649090114980936,
      0.0032002851366996765,
      0.008115271106362343,
      0.0015447507612407207,
      0.000706406484823674,
      0.0002679020108189434,
      0.0005777527112513781,
      0.14156025648117065,
      0.029562130570411682,
      0.001088969875127077
    ]
  ],
  "matchingNumbers": {
    "model": "LSTM Base Model",
    "prediction": [
      2,
      6,
      7
    ],
    "matching_numbers": [
      6
    ],
    "match_count": 1
  },
  "labels": [
    0,
    1,
    2,
    3,
    4,
    5,
    6,
    7,
    8,
    9
  ],
  "numberFrequency": {
    "8": 0.3333333333333333,
    "5": 0.16666666666666666,
    "7": 0.16666666666666666,
    "6": 0.16666666666666666,
    "4": 0.16666666666666666
  }
}