{
  "currentPredictionRaw": [
    [
      0.0008817706257104874,
      0.05273178964853287,
      0.006826645229011774,
      0.01102365367114544,
      0.0007717945845797658,
      0.0016993049066513777,
      0.0037706480361521244,
      0.002720760414376855,
      0.000719006871804595,
      0.005814741365611553
    ],
    [
      0.000986662576906383,
      0.0034430355299264193,
      0.002266179770231247,
      0.40750759840011597,
      0.0129398787394166,
      0.0003609848499763757,
      0.005030983593314886,
      0.0019212476909160614,
      0.006653567776083946,
      0.00031920254696160555
    ],
    [
      0.0008365220273844898,
      0.001150837866589427,
      0.0023137053940445185,
      0.00015562662156298757,
      0.4294258952140808,
      0.0012672491138800979,
      0.0006555491127073765,
      0.003593656700104475,
      0.013168010860681534,
      0.019043471664190292
    ]
  ],
  "currentPrediction": [
    {
      "name": "LSTM Base Model",
      "predictions": [
        [
          1,
          3,
          4
        ],
        [
          1,
          3,
          2
        ]
      ]
    }
  ],
  "realResult": [
    8,
    4,
    3
  ],
  "newPrediction": [
    {
      "name": "LSTM Base Model",
      "predictions": [
        [
          5,
          5,
          9
        ],
        [
          5,
          8,
          4
        ]
      ]
    }
  ],
  "newPredictionRaw": [
    [
      0.0011258693411946297,
      0.0008227719808928668,
      9.05944689293392e-05,
      0.00021722227393183857,
      0.007918190211057663,
      0.8870694041252136,
      0.00047079892829060555,
      0.0009343283018097281,
      0.01678173616528511,
      9.018646960612386e-05
    ],
    [
      0.002091597765684128,
      0.001767808455042541,
      0.0011014096671715379,
      0.0032612255308777094,
      0.00018612442363519222,
      0.027902383357286453,
      0.0005806664703413844,
      0.00030713799060322344,
      0.0007814246928319335,
      0.010173661634325981
    ],
    [
      0.0029813058208674192,
      0.0018121461616829038,
      0.0003573079302441329,
      0.0011005827691406012,
      0.0003745335270650685,
      0.0013376163551583886,
      0.0009246726986020803,
      0.006910328287631273,
      0.0014106347225606441,
      0.01911630854010582
    ]
  ],
  "matchingNumbers": {
    "model": "LSTM Base Model",
    "prediction": [
      1,
      3,
      4
    ],
    "matching_numbers": [
      3,
      4
    ],
    "match_count": 2
  },
  "labels": [
    0,
    1,
    2,
    3,
    4,
    5,
    6,
    7,
    8,
    9
  ],
  "numberFrequency": {
    "5": 0.5,
    "9": 0.16666666666666666,
    "8": 0.16666666666666666,
    "4": 0.16666666666666666
  }
}