{
  "currentPredictionRaw": [
    [
      0.011825701221823692,
      0.021182604134082794,
      0.040384963154792786,
      0.00878214742988348,
      0.02443595789372921,
      0.003056552493944764,
      0.11679741740226746,
      0.004437977448105812,
      0.02188529632985592,
      0.006107770372182131
    ],
    [
      0.08747460693120956,
      0.010951587930321693,
      0.010157725773751736,
      0.00665345648303628,
      0.016864372417330742,
      0.015421208925545216,
      0.07365190982818604,
      0.025808658450841904,
      0.014663095586001873,
      0.0010443908395245671
    ],
    [
      0.018774526193737984,
      0.011194867081940174,
      0.005740650463849306,
      0.3640574812889099,
      0.002415212569758296,
      0.0036926735192537308,
      0.009050607681274414,
      0.00410505710169673,
      0.05716465413570404,
      0.0022168681025505066
    ]
  ],
  "currentPrediction": [
    {
      "name": "LSTM Base Model",
      "predictions": [
        [
          6,
          0,
          3
        ],
        [
          6,
          2,
          4
        ]
      ]
    }
  ],
  "realResult": [
    8,
    2,
    9
  ],
  "newPrediction": [
    {
      "name": "LSTM Base Model",
      "predictions": [
        [
          8,
          2,
          9
        ],
        [
          8,
          7,
          4
        ]
      ]
    }
  ],
  "newPredictionRaw": [
    [
      0.001354131498374045,
      0.0008371248841285706,
      0.022788798436522484,
      0.013108378276228905,
      0.03232026472687721,
      0.0042361486703157425,
      0.006020813249051571,
      0.08502917736768723,
      0.11846446245908737,
      0.0012017447734251618
    ],
    [
      0.014674321748316288,
      0.004919718485325575,
      0.37433671951293945,
      0.007640973664820194,
      0.015588291920721531,
      0.024035723879933357,
      0.005919162184000015,
      0.007912245579063892,
      0.003590968670323491,
      0.007090176455676556
    ],
    [
      0.002767537022009492,
      0.022966668009757996,
      0.009544328786432743,
      0.012252487242221832,
      0.053036317229270935,
      0.004884576424956322,
      0.007423921022564173,
      0.008994929492473602,
      0.0162845216691494,
      0.11077532172203064
    ]
  ],
  "matchingNumbers": {
    "model": "LSTM Base Model",
    "prediction": [
      6,
      2,
      4
    ],
    "matching_numbers": [
      2
    ],
    "match_count": 1
  },
  "labels": [
    0,
    1,
    2,
    3,
    4,
    5,
    6,
    7,
    8,
    9
  ],
  "numberFrequency": {
    "8": 0.3333333333333333,
    "2": 0.16666666666666666,
    "9": 0.16666666666666666,
    "7": 0.16666666666666666,
    "4": 0.16666666666666666
  }
}