{
  "currentPredictionRaw": [
    [
      0.0018722376553341746,
      0.007773656398057938,
      0.0018098207656294107,
      0.12986522912979126,
      0.0014374684542417526,
      0.0007718452252447605,
      0.0012714022304862738,
      0.0008850405574776232,
      0.004411797039210796,
      0.0009026092011481524
    ],
    [
      0.000618571531958878,
      0.0001629443868296221,
      0.0017958205426111817,
      0.003088087774813175,
      0.001471345778554678,
      0.001453687553294003,
      0.0006138081662356853,
      0.7142988443374634,
      0.001371888560242951,
      0.0033917464315891266
    ],
    [
      0.0028769762720912695,
      0.0028081918135285378,
      0.10142764449119568,
      0.003523661056533456,
      0.0012908236822113395,
      0.0008427022257819772,
      0.00018958440341521055,
      0.003343508578836918,
      0.0005488574970513582,
      0.003880272852256894
    ]
  ],
  "currentPrediction": [
    {
      "name": "LSTM Base Model",
      "predictions": [
        [
          3,
          7,
          2
        ],
        [
          3,
          1,
          8
        ]
      ]
    }
  ],
  "realResult": [
    4,
    7,
    9
  ],
  "newPrediction": [
    {
      "name": "LSTM Base Model",
      "predictions": [
        [
          4,
          7,
          9
        ],
        [
          4,
          5,
          0
        ]
      ]
    }
  ],
  "newPredictionRaw": [
    [
      0.007351134903728962,
      0.002845690120011568,
      0.0019173042383044958,
      0.006332325283437967,
      0.39110150933265686,
      0.013134055770933628,
      0.0008377271587960422,
      0.0043532936833798885,
      0.004090923350304365,
      0.002022074069827795
    ],
    [
      0.010290243662893772,
      0.0003749036986846477,
      0.0018032424850389361,
      0.0008891509496606886,
      0.01107707154005766,
      0.0006768601597286761,
      0.0024279505014419556,
      0.17912457883358002,
      0.0022977106273174286,
      0.0008373801247216761
    ],
    [
      0.0015475880354642868,
      0.0007958923233672976,
      0.00913158617913723,
      0.0007529262220486999,
      0.00986714381724596,
      0.012846993282437325,
      0.00024396729713771492,
      0.0014106653397902846,
      0.005123679060488939,
      0.3144945502281189
    ]
  ],
  "matchingNumbers": {
    "model": "LSTM Base Model",
    "prediction": [
      3,
      7,
      2
    ],
    "matching_numbers": [
      7
    ],
    "match_count": 1
  },
  "labels": [
    0,
    1,
    2,
    3,
    4,
    5,
    6,
    7,
    8,
    9
  ],
  "numberFrequency": {
    "4": 0.3333333333333333,
    "7": 0.16666666666666666,
    "9": 0.16666666666666666,
    "5": 0.16666666666666666,
    "0": 0.16666666666666666
  }
}