{
  "currentPredictionRaw": [
    [
      0.0028125843964517117,
      0.018210943788290024,
      0.005056080874055624,
      0.07824863493442535,
      0.0021390302572399378,
      0.0024677703622728586,
      0.0019247076706960797,
      0.0025748866610229015,
      0.0010677077807486057,
      0.007440854329615831
    ],
    [
      0.009409364312887192,
      0.3225545585155487,
      0.0034539387561380863,
      0.0027583593036979437,
      0.00311991386115551,
      0.001787955523468554,
      0.004069043789058924,
      0.007568626198917627,
      0.0058599174953997135,
      0.002383476821705699
    ],
    [
      0.012616170570254326,
      0.0037247599102556705,
      0.0022486497182399035,
      0.003506099572405219,
      0.0018654365558177233,
      0.004366649780422449,
      0.0008961694547906518,
      0.005368193611502647,
      0.47954705357551575,
      0.0009524582419544458
    ]
  ],
  "currentPrediction": [
    {
      "name": "LSTM Base Model",
      "predictions": [
        [
          3,
          1,
          8
        ],
        [
          3,
          1,
          9
        ]
      ]
    }
  ],
  "realResult": [
    0,
    8,
    1
  ],
  "newPrediction": [
    {
      "name": "LSTM Base Model",
      "predictions": [
        [
          0,
          8,
          1
        ],
        [
          0,
          2,
          3
        ]
      ]
    }
  ],
  "newPredictionRaw": [
    [
      0.2576480209827423,
      0.003926839679479599,
      0.015348687767982483,
      0.008138109929859638,
      0.0052546425722539425,
      0.002029517199844122,
      0.005261607468128204,
      0.0013605362037196755,
      0.00771498354151845,
      0.001526676001958549
    ],
    [
      0.007608324289321899,
      0.0029365241061896086,
      0.003499905578792095,
      0.005732621066272259,
      0.004662572871893644,
      0.0038565476424992085,
      0.003738305764272809,
      0.020840203389525414,
      0.4094287157058716,
      0.0013498569605872035
    ],
    [
      0.004205241333693266,
      0.17387093603610992,
      0.007046266458928585,
      0.014170553535223007,
      0.005163355730473995,
      0.0016071178251877427,
      0.0031738285906612873,
      0.0037104312796145678,
      0.0061838990077376366,
      0.009005086496472359
    ]
  ],
  "matchingNumbers": {
    "model": "LSTM Base Model",
    "prediction": [
      3,
      1,
      8
    ],
    "matching_numbers": [
      8,
      1
    ],
    "match_count": 2
  },
  "labels": [
    0,
    1,
    2,
    3,
    4,
    5,
    6,
    7,
    8,
    9
  ],
  "numberFrequency": {
    "0": 0.3333333333333333,
    "8": 0.16666666666666666,
    "1": 0.16666666666666666,
    "2": 0.16666666666666666,
    "3": 0.16666666666666666
  }
}