{"currentPredictionRaw": [[1.0, 1.9867660088219522e-30, 0.0, 1.6872256861120125e-32, 7.519747815918248e-37, 2.382608867146363e-12, 5.243486912780756e-29, 2.9743350461835876e-35, 4.597323766120098e-08, 6.137973527394905e-31], [0.9999998807907104, 3.184327679993356e-30, 0.0, 3.3936289748105153e-32, 1.4796933333947167e-36, 2.14600190916181e-12, 1.7621336952182333e-28, 4.846199310286765e-35, 7.555426151384381e-08, 2.252554873576774e-30], [0.9999998807907104, 3.627954075818544e-31, 0.0, 3.1237689734507165e-33, 5.516443011424826e-37, 1.8165421424021222e-12, 5.151141340471683e-28, 3.190178595677044e-36, 1.1568761948410611e-07, 2.4809218286533945e-30]], "currentPrediction": [[0, 8, 5], [8, 5, 6], [0, 6, 1], [1, 0, 7], [6, 1, 9], [7, 4, 6], [8, 0, 5], [1, 5, 9]], "realResult": [7, 6, 4], "newPrediction": [[7, 6, 4], [3, 8, 0], [6, 5, 3], [5, 6, 1], [5, 3, 6], [5, 3, 6], [0, 4, 5], [1, 5, 9]], "newPredictionRaw": [[4.465468737180345e-05, 3.0898936529411e-05, 0.0, 0.0001229581976076588, 3.1766036205900353e-27, 1.6903870664330967e-11, 0.0, 0.9998014569282532, 2.5284363635565697e-29, 0.0], [3.3322401082343895e-15, 1.5669132148239775e-33, 6.327169356378133e-16, 1.8759729038452272e-32, 5.235463911274221e-19, 1.7989179854668424e-16, 0.9999704360961914, 3.730879136966332e-37, 2.932702045654878e-05, 2.4560424094488553e-07], [0.00016963596863206476, 2.8052744589085465e-13, 8.860094453666534e-07, 2.6645243451639544e-06, 0.9998193383216858, 9.167478509652938e-08, 7.3365358730370644e-06, 1.4132123915544526e-08, 2.224160589037183e-08, 2.760928430323162e-10]], "matchingNumbers": {"bestMatchIndex": 5, "bestMatchSequence": [7, 4, 6], "matchingNumbers": [4, 6, 7]}, "labels": [0, 1, 2, 3, 4, 5, 6, 7, 8, 9], "numberFrequency": {"6": 0.10016465422612514, "4": 0.10135382363702891, "1": 0.0999817050859861, "0": 0.10217709476765459, "5": 0.09874679839004756, "3": 0.09783205268935236, "2": 0.10098792535675083, "8": 0.10062202707647273, "7": 0.09806073911452616, "9": 0.10007317965605561}}