{"currentPredictionRaw": [[0.0, 0.0, 1.2837570110386411e-36, 0.0, 0.0, 0.0, 0.0, 0.0, 1.0, 1.4355753008897425e-28], [0.0, 0.0, 0.0, 5.592600914888604e-35, 2.4753310433076407e-26, 0.0, 1.0, 0.0, 0.0, 1.498957576366306e-30], [0.9998028874397278, 5.086763648036047e-37, 0.0, 1.6632166079944e-05, 5.737404649153177e-07, 0.0, 0.00017945736180990934, 2.5083325468283314e-37, 0.0, 3.9364707049571734e-07]], "currentPrediction": [[8, 6, 0], [9, 4, 6], [2, 9, 3], [7, 3, 4], [6, 8, 9], [5, 7, 1], [4, 5, 7], [3, 2, 8], [1, 1, 5], [0, 0, 2]], "realResult": [1, 7, 7], "newPrediction": [[1, 7, 7], [2, 6, 6], [3, 5, 5], [8, 8, 8], [9, 4, 4], [5, 9, 9], [0, 0, 0], [7, 2, 2], [4, 1, 1], [6, 3, 3]], "newPredictionRaw": [[9.071242175195948e-07, 0.9992976188659668, 0.0003451096417848021, 0.00023384680389426649, 7.604374729908159e-08, 3.0529142804880394e-06, 3.043302068683751e-11, 4.749277309201716e-07, 0.00011458030348876491, 4.260045443515992e-06], [4.2015046891951876e-19, 2.43252371232643e-21, 2.3359207297869572e-20, 1.2770530423545742e-27, 2.1047364697455995e-13, 3.823089844701144e-09, 6.7010960265179165e-06, 0.9999933242797852, 1.0458006682867449e-09, 1.3933970656172887e-14], [5.8402048003662e-19, 4.901589582240811e-21, 3.876635901340036e-20, 2.432971446776008e-27, 2.7939079543827516e-13, 4.463426517276048e-09, 6.381621460604947e-06, 0.9999935626983643, 1.1486905870938813e-09, 1.6620673614535855e-14]], "matchingNumbers": {"bestMatchIndex": 5, "bestMatchSequence": [5, 7, 1], "matchingNumbers": [1, 7]}, "labels": [0, 1, 2, 3, 4, 5, 6, 7, 8, 9]}