{"currentPredictionRaw": [], "currentPrediction": [{"name": "MarkovBayesian Model", "predictions": [[0, 2, 4]]}, {"name": "PoissonMonteCarlo Model", "predictions": [[1, 3, 6]]}], "realResult": [4, 0, 0], "newPrediction": [{"name": "MarkovBayesian Model", "predictions": [[0, 4, 7]]}, {"name": "PoissonMonteCarlo Model", "predictions": [[1, 4, 8]]}], "newPredictionRaw": [], "matchingNumbers": {"model": "MarkovBayesian Model", "prediction": [0, 2, 4], "matching_numbers": [0, 4], "match_count": 2}, "labels": [], "numberFrequency": {"6": 0.10001808645324652, "4": 0.1012841381805028, "1": 0.1001989509857117, "0": 0.1024145415084102, "5": 0.09897811539157171, "3": 0.09762163139808283, "2": 0.10105805751492132, "8": 0.10065111231687467, "7": 0.0979381443298969, "9": 0.09983722192078133}}