{
  "currentPredictionRaw": [
    [
      0.007956075482070446,
      0.002547023119404912,
      0.10059115290641785,
      0.04712140932679176,
      0.08031785488128662,
      0.005091787315905094,
      0.003854108741506934,
      0.003032674314454198,
      0.030062301084399223,
      0.003411870449781418
    ],
    [
      0.026014167815446854,
      0.01288086362183094,
      0.005513119511306286,
      0.003804516512900591,
      0.016905279830098152,
      0.13867244124412537,
      0.006119785830378532,
      0.010738213546574116,
      0.0019398943986743689,
      0.004237785469740629
    ],
    [
      0.0009744349517859519,
      0.0029363466892391443,
      0.003304204437881708,
      0.004679755307734013,
      0.0068907649256289005,
      0.228922501206398,
      0.21294750273227692,
      0.015692532062530518,
      0.00958342757076025,
      0.0032561931293457747
    ]
  ],
  "currentPrediction": [
    {
      "name": "LSTM Base Model",
      "predictions": [
        [
          2,
          5,
          5
        ],
        [
          2,
          4,
          3
        ]
      ]
    }
  ],
  "realResult": [
    2,
    5,
    8
  ],
  "newPrediction": [
    {
      "name": "LSTM Base Model",
      "predictions": [
        [
          2,
          4,
          5
        ],
        [
          2,
          4,
          9
        ]
      ]
    }
  ],
  "newPredictionRaw": [
    [
      0.004335966892540455,
      0.002510119928047061,
      0.12206487357616425,
      0.004867087118327618,
      0.08078773319721222,
      0.010612052865326405,
      0.043662235140800476,
      0.006714764516800642,
      0.01088478323072195,
      0.07945772260427475
    ],
    [
      0.00747125968337059,
      0.024552196264266968,
      0.05166352912783623,
      0.008413070812821388,
      0.18860717117786407,
      0.009841930121183395,
      0.005490566603839397,
      0.006474236026406288,
      0.01614180952310562,
      0.010865673422813416
    ],
    [
      0.011748991906642914,
      0.016868332400918007,
      0.0020425489638000727,
      0.04049558937549591,
      0.013892292976379395,
      0.13847988843917847,
      0.05946189910173416,
      0.002516573527827859,
      0.009040034376084805,
      0.010035081766545773
    ]
  ],
  "matchingNumbers": {
    "model": "LSTM Base Model",
    "prediction": [
      2,
      5,
      5
    ],
    "matching_numbers": [
      2,
      5
    ],
    "match_count": 2
  },
  "labels": [
    0,
    1,
    2,
    3,
    4,
    5,
    6,
    7,
    8,
    9
  ],
  "numberFrequency": {
    "2": 0.3333333333333333,
    "4": 0.3333333333333333,
    "5": 0.16666666666666666,
    "9": 0.16666666666666666
  }
}