{
  "currentPredictionRaw": [
    [
      0.002995375543832779,
      0.0036739243660122156,
      0.007815968245267868,
      0.004454804118722677,
      0.00030657800380140543,
      0.016360661014914513,
      0.010053941048681736,
      0.002618408529087901,
      0.002291797660291195,
      0.0006057291175238788
    ],
    [
      0.00040352068026550114,
      0.0031248549930751324,
      0.0018318983493372798,
      0.0003081041795667261,
      0.009000381454825401,
      0.7897271513938904,
      0.0009368694736622274,
      0.005944538861513138,
      0.0029369760304689407,
      0.001177739119157195
    ],
    [
      0.08285963535308838,
      0.0002387834683759138,
      0.01649545133113861,
      0.0030721898656338453,
      0.0019107914995402098,
      0.0015893117524683475,
      0.003917258698493242,
      0.005290014203637838,
      0.013340811245143414,
      0.00471662450581789
    ]
  ],
  "currentPrediction": [
    {
      "name": "LSTM Base Model",
      "predictions": [
        [
          5,
          5,
          0
        ],
        [
          5,
          6,
          2
        ]
      ]
    }
  ],
  "realResult": [
    2,
    6,
    9
  ],
  "newPrediction": [
    {
      "name": "LSTM Base Model",
      "predictions": [
        [
          7,
          9,
          3
        ],
        [
          7,
          8,
          2
        ]
      ]
    }
  ],
  "newPredictionRaw": [
    [
      0.0021771087776869535,
      0.011892296373844147,
      0.01724916510283947,
      0.007473815232515335,
      0.0055331275798380375,
      0.0008535641827620566,
      0.00794022437185049,
      0.04397354647517204,
      0.025207754224538803,
      0.0017879951046779752
    ],
    [
      0.0002710373082663864,
      0.09780363738536835,
      0.0018156151054427028,
      0.046828389167785645,
      0.005538808647543192,
      0.0028109776321798563,
      0.015798622742295265,
      0.002914110431447625,
      0.0041268193162977695,
      0.13634295761585236
    ],
    [
      0.0006699506775476038,
      0.0026619448326528072,
      0.08487799018621445,
      0.4052002429962158,
      0.0026959944516420364,
      0.0395883247256279,
      0.014925516210496426,
      0.00011010387970600277,
      0.008522957563400269,
      0.0024074402172118425
    ]
  ],
  "matchingNumbers": {
    "model": "LSTM Base Model",
    "prediction": [
      5,
      6,
      2
    ],
    "matching_numbers": [
      2,
      6
    ],
    "match_count": 2
  },
  "labels": [
    0,
    1,
    2,
    3,
    4,
    5,
    6,
    7,
    8,
    9
  ],
  "numberFrequency": {
    "7": 0.3333333333333333,
    "9": 0.16666666666666666,
    "3": 0.16666666666666666,
    "8": 0.16666666666666666,
    "2": 0.16666666666666666
  }
}