{"currentPredictionRaw": [[0.0, 0.0, 0.0, 0.0, 0.0, 0.0, 0.0, 0.0, 1.0, 1.0057811784279689e-29], [2.1187885008664297e-19, 1.3760829046157809e-21, 2.3832437003193733e-20, 5.110312588615646e-28, 3.703757407106517e-13, 6.089460047320472e-09, 4.151303073740564e-06, 0.9999958276748657, 2.919814667823317e-10, 1.3536681287208046e-15], [0.0, 0.0, 0.0, 0.0, 0.0, 0.0, 0.0, 0.0, 1.0, 1.642162674064836e-29]], "currentPrediction": [[8, 7, 8], [9, 6, 9], [7, 5, 7], [6, 8, 6], [5, 4, 5], [4, 9, 4], [3, 0, 3], [2, 2, 2], [1, 1, 1], [0, 3, 0]], "realResult": [8, 6, 0], "newPrediction": [[5, 2, 3], [4, 3, 4], [2, 5, 6], [6, 1, 9], [9, 9, 0], [8, 8, 2], [7, 7, 1], [3, 6, 5], [1, 4, 7], [0, 0, 8]], "newPredictionRaw": [[0.0, 0.0, 2.4746342177997752e-17, 0.0, 2.7151793590167103e-14, 1.0, 1.3350499189208681e-27, 0.0, 0.0, 0.0], [0.0, 7.24829527406297e-30, 1.0, 9.999210348610177e-10, 0.0, 1.018288083299607e-24, 0.0, 0.0, 0.0, 0.0], [7.701287249343265e-19, 1.6429187976758246e-24, 2.5314611536508926e-19, 1.0, 4.442309367580499e-12, 2.0784815071311877e-27, 4.6855070821513745e-14, 2.087436898882968e-34, 0.0, 5.685948871694376e-17]], "matchingNumbers": {"bestMatchIndex": 3, "bestMatchSequence": [6, 8, 6], "matchingNumbers": [8, 6]}, "labels": [0, 1, 2, 3, 4, 5, 6, 7, 8, 9]}