{
  "currentPredictionRaw": [
    [
      0.037260327488183975,
      0.005076841451227665,
      0.08785706758499146,
      0.004704747349023819,
      0.0022215477656573057,
      0.022553948685526848,
      0.07162238657474518,
      0.02347664348781109,
      0.004865294322371483,
      0.069766566157341
    ],
    [
      0.056238673627376556,
      0.002801495837047696,
      0.025190172716975212,
      0.004721279256045818,
      0.1072850152850151,
      0.021473398432135582,
      0.004211899824440479,
      0.01196854654699564,
      0.0011787978000938892,
      0.027865741401910782
    ],
    [
      0.06253369897603989,
      0.001586120342835784,
      0.002258650492876768,
      0.0032486345153301954,
      0.10125844925642014,
      0.023070259019732475,
      0.007010196801275015,
      0.003607688006013632,
      0.19345757365226746,
      0.009628383442759514
    ]
  ],
  "currentPrediction": [
    {
      "name": "LSTM Base Model",
      "predictions": [
        [
          2,
          4,
          8
        ],
        [
          2,
          6,
          9
        ]
      ]
    }
  ],
  "realResult": [
    2,
    0,
    3
  ],
  "newPrediction": [
    {
      "name": "LSTM Base Model",
      "predictions": [
        [
          2,
          5,
          5
        ],
        [
          2,
          4,
          3
        ]
      ]
    }
  ],
  "newPredictionRaw": [
    [
      0.007956075482070446,
      0.002547023119404912,
      0.10059115290641785,
      0.04712140932679176,
      0.08031785488128662,
      0.005091787315905094,
      0.003854108741506934,
      0.003032674314454198,
      0.030062301084399223,
      0.003411870449781418
    ],
    [
      0.026014167815446854,
      0.01288086362183094,
      0.005513119511306286,
      0.003804516512900591,
      0.016905279830098152,
      0.13867244124412537,
      0.006119785830378532,
      0.010738213546574116,
      0.0019398943986743689,
      0.004237785469740629
    ],
    [
      0.0009744349517859519,
      0.0029363466892391443,
      0.003304204437881708,
      0.004679755307734013,
      0.0068907649256289005,
      0.228922501206398,
      0.21294750273227692,
      0.015692532062530518,
      0.00958342757076025,
      0.0032561931293457747
    ]
  ],
  "matchingNumbers": {
    "model": "LSTM Base Model",
    "prediction": [
      2,
      4,
      8
    ],
    "matching_numbers": [
      2
    ],
    "match_count": 1
  },
  "labels": [
    0,
    1,
    2,
    3,
    4,
    5,
    6,
    7,
    8,
    9
  ],
  "numberFrequency": {
    "2": 0.3333333333333333,
    "5": 0.3333333333333333,
    "4": 0.16666666666666666,
    "3": 0.16666666666666666
  }
}