{"currentPredictionRaw": [[0.0, 0.0, 0.0, 0.0, 0.0, 0.0, 0.0, 0.0, 1.0, 2.4527777103240862e-29], [1.299269911214651e-06, 0.9993535876274109, 0.00034580237115733325, 0.00019817925931420177, 1.449026285627042e-07, 3.915814431820763e-06, 5.66605616592053e-11, 1.0178021057072328e-06, 9.191509161610156e-05, 4.078386609762674e-06], [1.3302042134455405e-06, 0.999352753162384, 0.00032714492408558726, 0.00020973685604985803, 1.4487015675967996e-07, 3.20798380926135e-06, 6.237151767285454e-11, 1.0201276836596662e-06, 9.852956281974912e-05, 6.082884283387102e-06]], "currentPrediction": [[8, 1, 1], [9, 2, 2], [7, 3, 3], [6, 8, 8], [5, 9, 9], [4, 5, 5], [3, 0, 0], [2, 7, 7], [1, 4, 4], [0, 6, 6]], "realResult": [7, 1, 0], "newPrediction": [[7, 0, 4], [6, 6, 6], [5, 3, 5], [8, 4, 3], [4, 9, 7], [9, 1, 2], [0, 7, 0], [2, 8, 9], [1, 5, 8], [3, 2, 1]], "newPredictionRaw": [[1.703284951682475e-19, 1.2578928103003398e-21, 3.082931546670971e-20, 7.52220906549271e-28, 3.306909054315993e-13, 5.7828670740889265e-09, 5.3281050895748194e-06, 0.9999946355819702, 3.402398640606208e-10, 2.162030845559394e-15], [0.9997068047523499, 5.107433988685936e-35, 0.0, 2.7533025786397047e-05, 1.4807827710683341e-06, 0.0, 0.0002632038376759738, 1.5388743512598488e-35, 0.0, 8.980622396848048e-07], [1.3553583024981036e-29, 0.0, 1.0597268703840409e-27, 1.1642216315239313e-24, 0.9999996423721313, 1.7184366152278585e-09, 4.004415643521497e-07, 1.0569302621785352e-25, 0.0, 0.0]], "matchingNumbers": {"bestMatchIndex": 0, "bestMatchSequence": [8, 1, 1], "matchingNumbers": [1]}, "labels": [0, 1, 2, 3, 4, 5, 6, 7, 8, 9]}