{"currentPredictionRaw": [[2.6923314249687815e-27, 9.149003012322805e-32, 1.6906573797187407e-12, 0.0, 0.0, 1.3963447013121228e-31, 1.0, 0.0, 0.0, 2.3410716670637498e-30], [3.3502604576019386e-22, 8.879345332348692e-29, 2.778932789334353e-17, 6.795953785335615e-17, 7.1085794448230555e-25, 4.469435932463739e-09, 0.0, 1.0, 3.2018350193396827e-09, 9.96498409335009e-20], [0.0, 0.0, 1.0, 0.0, 0.0, 1.7997086842929558e-35, 0.0, 0.0, 0.0, 7.288923578741515e-28]], "currentPrediction": [[6, 7, 2], [2, 5, 8], [7, 0, 6], [0, 6, 8], [7, 6, 0], [5, 5, 6], [0, 1, 6], [1, 5, 9]], "realResult": [8, 7, 9], "newPrediction": [[8, 1, 7], [2, 8, 5], [7, 6, 8], [0, 4, 6], [6, 8, 7], [5, 4, 6], [1, 4, 7], [1, 5, 8]], "newPredictionRaw": [[0.0, 0.0, 3.3254499252325795e-26, 0.0, 0.0, 0.0, 0.0, 2.3076372223026336e-29, 1.0, 0.0], [4.694809091801042e-33, 0.9999997615814209, 2.6847322927841987e-19, 4.8257626023082536e-26, 1.9608705660317375e-24, 0.0, 1.0547970002050978e-15, 2.0286039067366141e-22, 1.9071897838784935e-07, 5.162130634062123e-08], [8.672953255432196e-23, 1.8399108256487066e-25, 2.732313882627599e-17, 1.0089807664037085e-17, 2.175279276090381e-22, 5.322861595935535e-10, 0.0, 1.0, 4.655045682255832e-09, 1.2385230555149287e-17]], "matchingNumbers": {"bestMatchIndex": 0, "bestMatchSequence": [6, 7, 2], "matchingNumbers": [7]}, "labels": [0, 1, 2, 3, 4, 5, 6, 7, 8, 9], "numberFrequency": {"3": 0.09787234042553192, "2": 0.10098375657744223, "6": 0.10016014641958362, "8": 0.10066346373827499, "9": 0.10011439029970258, "0": 0.10203614733470602, "5": 0.0987874628231526, "4": 0.1013498055364905, "1": 0.10002287805994052, "7": 0.09800960878517502}}