{
  "currentPredictionRaw": [
    [
      0.0007557183271273971,
      0.0009720941307023168,
      0.0013133956817910075,
      0.0016108728013932705,
      0.001498000812716782,
      0.0006870231591165066,
      0.0026165603194385767,
      0.002575293183326721,
      0.16365888714790344,
      0.003837984288111329
    ],
    [
      0.0018063817406073213,
      0.0012177429161965847,
      0.000575202633626759,
      0.008494610898196697,
      0.004564537666738033,
      9.388170292368159e-05,
      0.001105490722693503,
      0.0015678281197324395,
      0.652292788028717,
      0.001261938246898353
    ],
    [
      0.001544547500088811,
      0.11044686287641525,
      0.007051228079944849,
      0.018495971336960793,
      0.0008404685650020838,
      0.0006173537112772465,
      0.004852348938584328,
      0.001730181509628892,
      0.0008050075266510248,
      0.0011097947135567665
    ]
  ],
  "currentPrediction": [
    {
      "name": "LSTM Base Model",
      "predictions": [
        [
          8,
          8,
          1
        ],
        [
          8,
          9,
          6
        ]
      ]
    }
  ],
  "realResult": [
    8,
    2,
    0
  ],
  "newPrediction": [
    {
      "name": "LSTM Base Model",
      "predictions": [
        [
          8,
          4,
          0
        ],
        [
          8,
          2,
          9
        ]
      ]
    }
  ],
  "newPredictionRaw": [
    [
      0.007687445264309645,
      0.01134883239865303,
      0.05504388362169266,
      0.0011815062025561929,
      0.013364670798182487,
      0.009081248193979263,
      0.002344814594835043,
      0.008710596710443497,
      0.1784854233264923,
      0.02834094874560833
    ],
    [
      0.026750871911644936,
      0.04078920930624008,
      0.05264301225543022,
      0.01686842553317547,
      0.0886034145951271,
      0.0019798094872385263,
      0.019176770001649857,
      0.0023333996068686247,
      0.028167041018605232,
      0.0007970932056196034
    ],
    [
      0.17850901186466217,
      0.07936828583478928,
      0.0006877909763716161,
      0.06925554573535919,
      0.002114984206855297,
      0.043764498084783554,
      0.016699444502592087,
      0.00751855643466115,
      0.004892835393548012,
      0.003490581177175045
    ]
  ],
  "matchingNumbers": {
    "model": "LSTM Base Model",
    "prediction": [
      8,
      8,
      1
    ],
    "matching_numbers": [
      8
    ],
    "match_count": 1
  },
  "labels": [
    0,
    1,
    2,
    3,
    4,
    5,
    6,
    7,
    8,
    9
  ],
  "numberFrequency": {
    "8": 0.3333333333333333,
    "4": 0.16666666666666666,
    "0": 0.16666666666666666,
    "2": 0.16666666666666666,
    "9": 0.16666666666666666
  }
}