{
  "currentPredictionRaw": [
    [
      0.04466201364994049,
      0.0032776929438114166,
      0.0148969991132617,
      0.06564124673604965,
      0.1302650272846222,
      0.03020801581442356,
      0.010639386251568794,
      0.0037253170739859343,
      0.003258017124608159,
      0.004091780167073011
    ],
    [
      0.016942886635661125,
      0.002331105060875416,
      0.0031982450745999813,
      0.07670091837644577,
      0.07478605210781097,
      0.08719465881586075,
      0.08909812569618225,
      0.012352284044027328,
      0.0013424878707155585,
      0.00515941483899951
    ],
    [
      0.0013372953981161118,
      0.027712387964129448,
      0.03139406815171242,
      0.0008839215151965618,
      0.010529217310249805,
      0.006697074510157108,
      0.1096726506948471,
      0.07607441395521164,
      0.005615758243948221,
      0.05031152814626694
    ]
  ],
  "currentPrediction": [
    {
      "name": "LSTM Base Model",
      "predictions": [
        [
          4,
          6,
          6
        ],
        [
          4,
          3,
          0
        ]
      ]
    }
  ],
  "realResult": [
    9,
    4,
    6
  ],
  "newPrediction": [
    {
      "name": "LSTM Base Model",
      "predictions": [
        [
          8,
          3,
          8
        ],
        [
          8,
          3,
          2
        ]
      ]
    }
  ],
  "newPredictionRaw": [
    [
      0.005086828954517841,
      0.05678711086511612,
      0.07953201234340668,
      0.09842994809150696,
      0.0004886887036263943,
      0.0004534100298769772,
      0.006706669460982084,
      0.009917301125824451,
      0.13620442152023315,
      0.004514298867434263
    ],
    [
      0.0032007612753659487,
      0.00811580941081047,
      0.06263614445924759,
      0.20144611597061157,
      0.004630459006875753,
      0.027307026088237762,
      0.04043084383010864,
      0.002723183250054717,
      0.007129743229597807,
      0.01763433776795864
    ],
    [
      0.0073161073960363865,
      0.015665678307414055,
      0.014302799478173256,
      0.012925473041832447,
      0.008787617087364197,
      0.039645541459321976,
      0.005106713622808456,
      0.001268496154807508,
      0.06895484030246735,
      0.05265164375305176
    ]
  ],
  "matchingNumbers": {
    "model": "LSTM Base Model",
    "prediction": [
      4,
      6,
      6
    ],
    "matching_numbers": [
      4,
      6
    ],
    "match_count": 2
  },
  "labels": [
    0,
    1,
    2,
    3,
    4,
    5,
    6,
    7,
    8,
    9
  ],
  "numberFrequency": {
    "8": 0.5,
    "3": 0.3333333333333333,
    "2": 0.16666666666666666
  }
}