{
  "currentPredictionRaw": [
    [
      0.020597392693161964,
      0.001138839521445334,
      0.010686107911169529,
      0.13900801539421082,
      0.03113301284611225,
      0.0008946486632339656,
      0.02834496460855007,
      0.008101020939648151,
      0.00025171678862534463,
      0.16486509144306183
    ],
    [
      0.03190005570650101,
      0.0038329502567648888,
      0.08941615372896194,
      0.01192457228899002,
      0.00957583449780941,
      0.0016315364046022296,
      0.01971174031496048,
      0.010282006114721298,
      0.013946273364126682,
      0.06665605306625366
    ],
    [
      0.005863577127456665,
      0.016667881980538368,
      0.01848624087870121,
      0.0004027866234537214,
      0.00708757434040308,
      0.14694057404994965,
      0.03459227830171585,
      0.017195653170347214,
      0.04987192526459694,
      0.03899350389838219
    ]
  ],
  "currentPrediction": [
    {
      "name": "LSTM Base Model",
      "predictions": [
        [
          9,
          2,
          5
        ],
        [
          9,
          3,
          4
        ]
      ]
    }
  ],
  "realResult": [
    4,
    1,
    3
  ],
  "newPrediction": [
    {
      "name": "LSTM Base Model",
      "predictions": [
        [
          9,
          2,
          7
        ],
        [
          9,
          2,
          4
        ]
      ]
    }
  ],
  "newPredictionRaw": [
    [
      0.0059325797483325005,
      0.0038004897069185972,
      0.022489558905363083,
      0.0005792032461613417,
      0.006930588744580746,
      0.0035351477563381195,
      0.002226579701527953,
      0.0004047284310217947,
      0.002271590055897832,
      0.03626096621155739
    ],
    [
      0.01504503097385168,
      0.0014626093907281756,
      0.7714966535568237,
      0.0023061041720211506,
      0.013370746746659279,
      0.007209314499050379,
      0.0017929162131622434,
      0.0038833855651319027,
      0.00012221367796882987,
      0.0004764382028952241
    ],
    [
      0.00217394158244133,
      0.014614510349929333,
      0.00016615971981082112,
      0.018619321286678314,
      0.02007363922894001,
      0.015590837225317955,
      0.0013829177478328347,
      0.022645961493253708,
      0.0010643941350281239,
      0.002071425085887313
    ]
  ],
  "matchingNumbers": {
    "model": "LSTM Base Model",
    "prediction": [
      9,
      3,
      4
    ],
    "matching_numbers": [
      3,
      4
    ],
    "match_count": 2
  },
  "labels": [
    0,
    1,
    2,
    3,
    4,
    5,
    6,
    7,
    8,
    9
  ],
  "numberFrequency": {
    "9": 0.3333333333333333,
    "2": 0.3333333333333333,
    "7": 0.16666666666666666,
    "4": 0.16666666666666666
  }
}