{"currentPredictionRaw": [[0.0, 0.0, 0.0, 2.274633629881673e-38, 4.459489823263672e-28, 0.0, 1.0, 0.0, 0.0, 4.56662290221181e-34], [0.0, 0.0, 0.0, 0.0, 8.003174800511316e-29, 0.0, 1.0, 0.0, 0.0, 3.1608186727609638e-34], [1.7128461255878222e-19, 1.2414032894526893e-25, 1.6249900125706007e-20, 1.0, 6.278245610023825e-13, 3.169604923579816e-29, 7.967286769564041e-15, 1.9232846085711086e-36, 0.0, 2.0727753178427334e-17]], "currentPrediction": [[6, 6, 3], [4, 4, 4], [9, 9, 6], [3, 8, 9], [8, 7, 0], [7, 5, 2], [5, 3, 1], [2, 2, 5], [1, 1, 7], [0, 0, 8]], "realResult": [4, 6, 2], "newPrediction": [[9, 1, 3], [6, 2, 4], [3, 3, 6], [8, 8, 9], [7, 9, 2], [0, 5, 0], [4, 0, 1], [1, 7, 5], [2, 4, 7], [5, 6, 8]], "newPredictionRaw": [[2.626470953703483e-14, 7.479658266280095e-16, 7.662364653360495e-20, 8.944794557819158e-12, 2.389277333923398e-14, 1.142170247652881e-23, 3.67648425481093e-07, 2.6333934151682135e-14, 3.50210854239974e-13, 0.9999996423721313], [7.926705620775465e-07, 0.9992699027061462, 0.00037058076122775674, 0.00023570669873151928, 7.881602925863262e-08, 2.9027360142208636e-06, 3.09059271230705e-11, 4.794022743226378e-07, 0.00011510764306876808, 4.3272916627756786e-06], [3.5937893103192564e-19, 1.793803828586995e-24, 4.017321293582892e-19, 1.0, 2.980196167970406e-12, 2.667326691314813e-27, 2.9077218063888743e-14, 1.6680889319542134e-34, 0.0, 3.884956648123496e-17]], "matchingNumbers": {"bestMatchIndex": 0, "bestMatchSequence": [6, 6, 3], "matchingNumbers": [6]}, "labels": [0, 1, 2, 3, 4, 5, 6, 7, 8, 9]}