{"currentPredictionRaw": [[3.347409294196524e-10, 3.453578401035884e-08, 3.8351526320617885e-21, 2.4468619130857405e-08, 0.9999701976776123, 1.3809784297039737e-16, 8.1256752595277295e-22, 2.9835417080903426e-05, 5.99700705761208e-11, 1.0458980551205851e-13], [9.43845880449697e-28, 0.9999948740005493, 2.0118289811820714e-18, 8.398369983087804e-25, 7.711263629142023e-21, 9.992954618157039e-34, 4.523793584740657e-14, 1.0868473505006612e-15, 4.026609985885443e-06, 1.132801003222994e-06], [2.2003393517881172e-24, 5.3632523299211535e-20, 1.7529055984510933e-09, 0.0, 0.0, 2.461723963064556e-26, 4.393971781654319e-20, 8.197055760600348e-30, 1.1920787382011515e-20, 1.0]], "currentPrediction": [[4, 1, 9], [7, 8, 2], [7, 6, 0], [6, 7, 3], [9, 6, 7], [5, 4, 6], [9, 1, 7], [1, 5, 9]], "realResult": [5, 2, 3], "newPrediction": [[8, 7, 2], [2, 8, 1], [4, 1, 2], [6, 2, 4], [2, 1, 4], [5, 4, 6], [8, 2, 5], [1, 5, 9]], "newPredictionRaw": [[0.0, 1.1774923221727218e-38, 1.461118924186625e-25, 0.0, 0.0, 0.0, 0.0, 1.9074393221027673e-26, 1.0, 0.0], [2.914831578460776e-24, 4.7930814128225116e-29, 1.0871331835885095e-18, 5.167626779607911e-16, 4.255364608377735e-24, 7.765985077234916e-11, 0.0, 1.0, 1.4860203345623546e-10, 1.4941916137293522e-21], [0.0, 3.121499724797836e-37, 1.3772837915161034e-24, 0.0, 0.0, 0.0, 0.0, 2.7708768878171985e-25, 1.0, 2.2753801015736188e-38]], "matchingNumbers": {"bestMatchIndex": 1, "bestMatchSequence": [7, 8, 2], "matchingNumbers": [2]}, "labels": [0, 1, 2, 3, 4, 5, 6, 7, 8, 9], "numberFrequency": {"3": 0.09787234042553192, "2": 0.10098375657744223, "6": 0.10016014641958362, "8": 0.10066346373827499, "9": 0.10011439029970258, "0": 0.10203614733470602, "5": 0.0987874628231526, "4": 0.1013498055364905, "1": 0.10002287805994052, "7": 0.09800960878517502}}