{
  "currentPredictionRaw": [
    [
      0.0006754705682396889,
      0.00010261898569297045,
      5.353255619411357e-05,
      0.002864318899810314,
      2.262074667669367e-05,
      0.0020629637874662876,
      0.0993407815694809,
      0.0003525126667227596,
      0.00013274540833663195,
      8.74081306392327e-05
    ],
    [
      4.384999556350522e-05,
      1.8496617485652678e-05,
      3.8695102375641e-06,
      0.000696179224178195,
      0.00018419171101413667,
      0.0019104703096672893,
      0.0022008807864040136,
      0.8510692119598389,
      0.0008461446268483996,
      0.00012875208631157875
    ],
    [
      0.028840215876698494,
      0.00012040312140015885,
      0.00010645255679264665,
      0.004999714437872171,
      0.0006212435546331108,
      0.00034001944004558027,
      6.829252379247919e-05,
      0.00015443119627889246,
      0.0005329944542609155,
      0.0014192312955856323
    ]
  ],
  "currentPrediction": [
    {
      "name": "LSTM Base Model",
      "predictions": [
        [
          6,
          7,
          0
        ],
        [
          6,
          3,
          5
        ]
      ]
    }
  ],
  "realResult": [
    7,
    4,
    6
  ],
  "newPrediction": [
    {
      "name": "LSTM Base Model",
      "predictions": [
        [
          5,
          3,
          0
        ],
        [
          5,
          2,
          8
        ]
      ]
    }
  ],
  "newPredictionRaw": [
    [
      0.058584440499544144,
      0.015523543581366539,
      0.14795741438865662,
      0.0016662999987602234,
      9.306736319558695e-05,
      0.15947160124778748,
      0.0005924453143961728,
      0.00016684333968441933,
      0.060090456157922745,
      0.0005093097570352256
    ],
    [
      0.003430398413911462,
      0.0021133727859705687,
      5.8435063692741096e-05,
      0.15569818019866943,
      0.0001380077301291749,
      0.039175085723400116,
      0.0005594360991381109,
      0.001380346016958356,
      0.02750960923731327,
      0.026105070486664772
    ],
    [
      0.2101038098335266,
      0.002965527819469571,
      0.0008754361770115793,
      0.057251084595918655,
      0.016305135563015938,
      0.0012718718498945236,
      0.0003894079418387264,
      0.001945615978911519,
      0.0066381292417645454,
      0.0014306185767054558
    ]
  ],
  "matchingNumbers": {
    "model": "LSTM Base Model",
    "prediction": [
      6,
      7,
      0
    ],
    "matching_numbers": [
      6,
      7
    ],
    "match_count": 2
  },
  "labels": [
    0,
    1,
    2,
    3,
    4,
    5,
    6,
    7,
    8,
    9
  ],
  "numberFrequency": {
    "5": 0.3333333333333333,
    "3": 0.16666666666666666,
    "0": 0.16666666666666666,
    "2": 0.16666666666666666,
    "8": 0.16666666666666666
  }
}