{
  "currentPredictionRaw": [
    [
      0.004335966892540455,
      0.002510119928047061,
      0.12206487357616425,
      0.004867087118327618,
      0.08078773319721222,
      0.010612052865326405,
      0.043662235140800476,
      0.006714764516800642,
      0.01088478323072195,
      0.07945772260427475
    ],
    [
      0.00747125968337059,
      0.024552196264266968,
      0.05166352912783623,
      0.008413070812821388,
      0.18860717117786407,
      0.009841930121183395,
      0.005490566603839397,
      0.006474236026406288,
      0.01614180952310562,
      0.010865673422813416
    ],
    [
      0.011748991906642914,
      0.016868332400918007,
      0.0020425489638000727,
      0.04049558937549591,
      0.013892292976379395,
      0.13847988843917847,
      0.05946189910173416,
      0.002516573527827859,
      0.009040034376084805,
      0.010035081766545773
    ]
  ],
  "currentPrediction": [
    {
      "name": "LSTM Base Model",
      "predictions": [
        [
          2,
          4,
          5
        ],
        [
          2,
          4,
          9
        ]
      ]
    }
  ],
  "realResult": [
    8,
    8,
    1
  ],
  "newPrediction": [
    {
      "name": "LSTM Base Model",
      "predictions": [
        [
          6,
          6,
          3
        ],
        [
          6,
          2,
          8
        ]
      ]
    }
  ],
  "newPredictionRaw": [
    [
      0.008061569184064865,
      0.0036834736820310354,
      0.03888329863548279,
      0.02783130668103695,
      0.0006848875200375915,
      0.00178020098246634,
      0.12252401560544968,
      0.006355340592563152,
      0.036180637776851654,
      0.028565213084220886
    ],
    [
      0.00186431675683707,
      0.02414272166788578,
      0.02031407505273819,
      0.002269512740895152,
      0.09506309032440186,
      0.004937903489917517,
      0.24038206040859222,
      0.007552325259894133,
      0.02260511927306652,
      0.004078845493495464
    ],
    [
      0.028428196907043457,
      0.015345316380262375,
      0.06375196576118469,
      0.1412426233291626,
      0.014583335258066654,
      0.015931211411952972,
      0.0008176419069059193,
      0.0043008578941226006,
      0.002468761056661606,
      0.015370162203907967
    ]
  ],
  "matchingNumbers": {
    "model": null,
    "prediction": null,
    "matching_numbers": [],
    "match_count": 0
  },
  "labels": [
    0,
    1,
    2,
    3,
    4,
    5,
    6,
    7,
    8,
    9
  ],
  "numberFrequency": {
    "6": 0.5,
    "3": 0.16666666666666666,
    "2": 0.16666666666666666,
    "8": 0.16666666666666666
  }
}