{"currentPredictionRaw": [[0.0, 1.0, 0.0, 0.0, 0.0, 0.0, 0.0, 0.0, 1.1052631487290195e-28, 0.0], [7.68437670015249e-28, 0.00014122067659627646, 8.708110811427497e-19, 1.5252347035941107e-25, 0.0, 0.0, 0.0, 0.0, 0.0, 0.9998587369918823], [0.0, 1.0, 0.0, 0.0, 0.0, 0.0, 0.0, 0.0, 1.3768181273667153e-29, 0.0]], "currentPrediction": [[1, 9, 1], [8, 1, 8], [9, 2, 9], [7, 3, 7], [5, 0, 5], [6, 8, 6], [4, 4, 4], [3, 5, 3], [2, 6, 2], [0, 7, 0]], "realResult": [2, 3, 1], "newPrediction": [[7, 9, 2], [2, 1, 0], [8, 2, 1], [1, 3, 9], [0, 0, 8], [6, 8, 3], [9, 4, 7], [3, 5, 6], [5, 6, 4], [4, 7, 5]], "newPredictionRaw": [[2.7844973987511195e-17, 2.973629643302639e-13, 0.0010918723419308662, 1.0378231389336606e-24, 0.0, 3.5114659748373676e-28, 5.2961326461213104e-18, 0.99874347448349, 0.00016463416977785528, 5.168967378818966e-19], [1.1397706373957132e-27, 0.00014065006689634174, 1.0386806656179096e-18, 1.1177649965178837e-25, 0.0, 0.0, 0.0, 0.0, 0.0, 0.9998593330383301], [1.578161246129639e-08, 9.203274808911033e-10, 1.0, 4.341733678310533e-14, 5.485704742243398e-28, 2.9747631484696327e-37, 3.0591134491647938e-24, 5.687206186225457e-17, 2.427670260998771e-12, 1.0571262615277632e-10]], "matchingNumbers": {"bestMatchIndex": 0, "bestMatchSequence": [1, 9, 1], "matchingNumbers": [1]}, "labels": [0, 1, 2, 3, 4, 5, 6, 7, 8, 9]}