{"currentPredictionRaw": [[7.30624947209435e-07, 0.9992596507072449, 0.00037296858499757946, 0.00024040081189014018, 7.463128071094616e-08, 2.6781053747981787e-06, 2.9545570850997294e-11, 4.473800458981714e-07, 0.00011837948841275647, 4.692419224738842e-06], [2.7534789701663502e-14, 8.483034437356226e-16, 8.77191823141013e-20, 8.959119904283774e-12, 2.516317198825082e-14, 1.4053758974904062e-23, 3.7666106322831183e-07, 3.116674670081143e-14, 4.0834845812902365e-13, 0.9999996423721313], [6.729505912517197e-07, 0.9992341995239258, 0.0003793482610490173, 0.0002527501492295414, 6.169598520955333e-08, 2.668469051059219e-06, 2.399650443629664e-11, 3.547523022007226e-07, 0.00012573464482557029, 4.281756446289364e-06]], "currentPrediction": [[1, 9, 1], [2, 6, 2], [3, 3, 3], [8, 8, 8], [9, 7, 9], [5, 0, 5], [0, 4, 0], [7, 1, 7], [4, 2, 4], [6, 5, 6]], "realResult": [2, 3, 1], "newPrediction": [[7, 9, 2], [6, 6, 3], [5, 3, 5], [8, 8, 1], [4, 7, 9], [9, 0, 8], [0, 4, 7], [2, 1, 6], [1, 2, 4], [3, 5, 0]], "newPredictionRaw": [[2.799514459521471e-19, 1.8008315663551118e-21, 3.5620626686778144e-20, 1.0140831010740412e-27, 3.9821133044661006e-13, 6.146714248700391e-09, 5.253636572888354e-06, 0.9999947547912598, 3.8950109804147814e-10, 2.781699820979906e-15], [3.3326446935216456e-14, 2.270074133146416e-15, 2.389918660121764e-19, 1.5763324673345736e-11, 3.310710944759085e-14, 3.182747990079919e-23, 2.715530058594595e-07, 3.9807793969807645e-14, 7.907825869818419e-13, 0.9999997615814209], [0.0, 1.2028759400721496e-30, 1.0, 1.0788714366327667e-09, 0.0, 1.160696162834692e-25, 0.0, 0.0, 0.0, 0.0]], "matchingNumbers": {"bestMatchIndex": 0, "bestMatchSequence": [1, 9, 1], "matchingNumbers": [1]}, "labels": [0, 1, 2, 3, 4, 5, 6, 7, 8, 9]}