{
  "currentPredictionRaw": [
    [
      0.023891933262348175,
      0.0040164850652217865,
      0.018934503197669983,
      0.0003388918994460255,
      0.0016730487113818526,
      0.0048871529288589954,
      0.013188289478421211,
      0.004385635256767273,
      0.03578868508338928,
      0.00777819799259305
    ],
    [
      0.07567281275987625,
      0.007206638343632221,
      0.0034451307728886604,
      0.0024392562918365,
      0.01884838379919529,
      0.007265374064445496,
      0.03475136309862137,
      0.0010562499519437551,
      0.0016668901080265641,
      0.2779499292373657
    ],
    [
      0.35273632407188416,
      0.0012333017075434327,
      0.003527600085362792,
      0.006387697998434305,
      0.0002367616252740845,
      0.04355911165475845,
      0.010284755378961563,
      0.017462534829974174,
      0.019104111939668655,
      0.0002829010772984475
    ]
  ],
  "currentPrediction": [
    {
      "name": "LSTM Base Model",
      "predictions": [
        [
          8,
          9,
          0
        ],
        [
          8,
          0,
          2
        ]
      ]
    }
  ],
  "realResult": [
    6,
    5,
    2
  ],
  "newPrediction": [
    {
      "name": "LSTM Base Model",
      "predictions": [
        [
          6,
          4,
          7
        ],
        [
          6,
          5,
          3
        ]
      ]
    }
  ],
  "newPredictionRaw": [
    [
      0.006436734925955534,
      0.003914357628673315,
      0.002208791673183441,
      0.021146412938833237,
      0.003413675120100379,
      0.02741984836757183,
      0.11586962640285492,
      0.007464271038770676,
      0.020540375262498856,
      0.015263432636857033
    ],
    [
      0.04684903845191002,
      0.010915949009358883,
      0.035617899149656296,
      0.013290129601955414,
      0.25024738907814026,
      0.012509540654718876,
      0.02354877069592476,
      0.009620758704841137,
      0.0013266464229673147,
      0.011490393429994583
    ],
    [
      0.01804800145328045,
      0.011602387763559818,
      0.020248422399163246,
      0.04876500368118286,
      0.0030014854855835438,
      0.011256483383476734,
      0.005905626807361841,
      0.2241155058145523,
      0.014356820844113827,
      0.003606188576668501
    ]
  ],
  "matchingNumbers": {
    "model": "LSTM Base Model",
    "prediction": [
      8,
      0,
      2
    ],
    "matching_numbers": [
      2
    ],
    "match_count": 1
  },
  "labels": [
    0,
    1,
    2,
    3,
    4,
    5,
    6,
    7,
    8,
    9
  ],
  "numberFrequency": {
    "6": 0.3333333333333333,
    "4": 0.16666666666666666,
    "7": 0.16666666666666666,
    "5": 0.16666666666666666,
    "3": 0.16666666666666666
  }
}