{
  "currentPredictionRaw": [
    [
      0.005249906796962023,
      0.0023882780224084854,
      0.032085780054330826,
      0.001108480035327375,
      0.06724841892719269,
      0.004182364791631699,
      0.004315621685236692,
      0.00694840494543314,
      0.08928043395280838,
      0.009289175271987915
    ],
    [
      0.007533485069870949,
      0.005886458791792393,
      0.0016039775218814611,
      0.0888829380273819,
      0.03840238228440285,
      0.004691948648542166,
      0.05186609551310539,
      0.010884355753660202,
      0.0032625060994178057,
      0.006985979154706001
    ],
    [
      0.009149434044957161,
      0.003402302972972393,
      0.013584720902144909,
      0.006802312098443508,
      0.009711232967674732,
      0.16141226887702942,
      0.340566486120224,
      0.0004248075420036912,
      0.009742596186697483,
      0.003106913762167096
    ]
  ],
  "currentPrediction": [
    {
      "name": "LSTM Base Model",
      "predictions": [
        [
          8,
          3,
          6
        ],
        [
          8,
          4,
          2
        ]
      ]
    }
  ],
  "realResult": [
    4,
    5,
    6
  ],
  "newPrediction": [
    {
      "name": "LSTM Base Model",
      "predictions": [
        [
          8,
          5,
          7
        ],
        [
          8,
          3,
          2
        ]
      ]
    }
  ],
  "newPredictionRaw": [
    [
      0.0016774118412286043,
      0.007496424950659275,
      0.008300354704260826,
      0.009357240982353687,
      0.0013710659695789218,
      0.0013514608144760132,
      0.00512382946908474,
      0.003907995764166117,
      0.08854087442159653,
      0.0008845127304084599
    ],
    [
      0.017618030309677124,
      0.0038717715069651604,
      0.0016702914144843817,
      0.00388344912789762,
      0.0035899891518056393,
      0.4907553493976593,
      0.005951449275016785,
      0.002264925977215171,
      0.0009386608144268394,
      0.0007989074802026153
    ],
    [
      0.0008881283574737608,
      0.0011246975045651197,
      0.0009970831451937556,
      0.005162145476788282,
      0.006054829340428114,
      0.023384995758533478,
      0.008111901581287384,
      0.2895220220088959,
      0.0027272505685687065,
      0.002672838279977441
    ]
  ],
  "matchingNumbers": {
    "model": "LSTM Base Model",
    "prediction": [
      8,
      3,
      6
    ],
    "matching_numbers": [
      6
    ],
    "match_count": 1
  },
  "labels": [
    0,
    1,
    2,
    3,
    4,
    5,
    6,
    7,
    8,
    9
  ],
  "numberFrequency": {
    "8": 0.3333333333333333,
    "5": 0.16666666666666666,
    "7": 0.16666666666666666,
    "3": 0.16666666666666666,
    "2": 0.16666666666666666
  }
}