{
  "currentPredictionRaw": [
    [
      0.05388641729950905,
      0.023974193260073662,
      0.02486242726445198,
      0.12694650888442993,
      0.004345532041043043,
      0.02086992748081684,
      0.007659598719328642,
      0.021495060995221138,
      0.01832869090139866,
      0.008152883499860764
    ],
    [
      0.036160651594400406,
      0.02854347974061966,
      0.03716227784752846,
      0.09083244204521179,
      0.05005941912531853,
      0.007171357981860638,
      0.04013614356517792,
      0.0018943145405501127,
      0.03246819227933884,
      0.012024281546473503
    ],
    [
      0.07613019645214081,
      0.017319854348897934,
      0.020416399464011192,
      0.01540367491543293,
      0.007343585602939129,
      0.005936426110565662,
      0.04777369275689125,
      0.049540791660547256,
      0.002437859307974577,
      0.11072368174791336
    ]
  ],
  "currentPrediction": [
    {
      "name": "LSTM Base Model",
      "predictions": [
        [
          3,
          3,
          9
        ],
        [
          3,
          0,
          2
        ]
      ]
    }
  ],
  "realResult": [
    6,
    7,
    9
  ],
  "newPrediction": [
    {
      "name": "LSTM Base Model",
      "predictions": [
        [
          3,
          0,
          3
        ],
        [
          3,
          7,
          6
        ]
      ]
    }
  ],
  "newPredictionRaw": [
    [
      0.0020690320525318384,
      0.0009536627330817282,
      0.0008535945671610534,
      0.4114806652069092,
      0.001490469672717154,
      0.0024992492981255054,
      0.003074323758482933,
      0.003655574284493923,
      0.001781107159331441,
      0.0018547947984188795
    ],
    [
      0.20364798605442047,
      0.0014149774797260761,
      0.0003046354104299098,
      0.0035452640149742365,
      0.0015300787054002285,
      0.00199432042427361,
      0.0019871999975293875,
      0.0018081688322126865,
      0.0025120778009295464,
      0.001660980749875307
    ],
    [
      0.0020198686979711056,
      0.0028517087921500206,
      0.003367241006344557,
      0.31861796975135803,
      0.00552867678925395,
      0.0006525830249302089,
      0.00595984049141407,
      0.0030156346037983894,
      0.005597969982773066,
      0.002270353026688099
    ]
  ],
  "matchingNumbers": {
    "model": "LSTM Base Model",
    "prediction": [
      3,
      3,
      9
    ],
    "matching_numbers": [
      9
    ],
    "match_count": 1
  },
  "labels": [
    0,
    1,
    2,
    3,
    4,
    5,
    6,
    7,
    8,
    9
  ],
  "numberFrequency": {
    "3": 0.5,
    "0": 0.16666666666666666,
    "7": 0.16666666666666666,
    "6": 0.16666666666666666
  }
}