{
  "currentPredictionRaw": [
    [
      0.008347400464117527,
      0.04049362987279892,
      0.002675989642739296,
      0.0010927541879937053,
      0.020678682252764702,
      0.00834662839770317,
      0.0039641400799155235,
      0.023660020902752876,
      0.09028250724077225,
      0.009486514143645763
    ],
    [
      0.007576235104352236,
      0.007453553844243288,
      0.010559218004345894,
      0.01942284218966961,
      0.4670862853527069,
      0.010392442345619202,
      0.0016116980696097016,
      0.010737821459770203,
      0.037027060985565186,
      0.01476682536303997
    ],
    [
      0.01603555493056774,
      0.026084765791893005,
      0.0033255035523325205,
      0.002011476084589958,
      0.03462708741426468,
      0.01849418133497238,
      0.05393034964799881,
      0.012339197099208832,
      0.004965009167790413,
      0.03252469003200531
    ]
  ],
  "currentPrediction": [
    {
      "name": "LSTM Base Model",
      "predictions": [
        [
          8,
          4,
          6
        ],
        [
          8,
          1,
          7
        ]
      ]
    }
  ],
  "realResult": [
    7,
    0,
    9
  ],
  "newPrediction": [
    {
      "name": "LSTM Base Model",
      "predictions": [
        [
          0,
          0,
          1
        ],
        [
          0,
          2,
          6
        ]
      ]
    }
  ],
  "newPredictionRaw": [
    [
      0.09350771456956863,
      0.0036750384606420994,
      0.048334117978811264,
      0.001242124824784696,
      0.026044731959700584,
      0.002868956420570612,
      0.028321443125605583,
      0.004740242380648851,
      0.0011398877250030637,
      0.009885884821414948
    ],
    [
      0.3385234475135803,
      0.016720447689294815,
      0.00721364188939333,
      0.005751907825469971,
      0.007013863418251276,
      0.018942227587103844,
      0.0038121065590530634,
      0.004463028162717819,
      0.007992700673639774,
      0.009803970344364643
    ],
    [
      0.025644516572356224,
      0.17414821684360504,
      0.006883758120238781,
      0.04771037399768829,
      0.015326964668929577,
      0.0015588325913995504,
      0.04255551099777222,
      0.017895221710205078,
      0.027705207467079163,
      0.0005738480831496418
    ]
  ],
  "matchingNumbers": {
    "model": "LSTM Base Model",
    "prediction": [
      8,
      1,
      7
    ],
    "matching_numbers": [
      7
    ],
    "match_count": 1
  },
  "labels": [
    0,
    1,
    2,
    3,
    4,
    5,
    6,
    7,
    8,
    9
  ],
  "numberFrequency": {
    "0": 0.5,
    "1": 0.16666666666666666,
    "2": 0.16666666666666666,
    "6": 0.16666666666666666
  }
}