{
  "currentPredictionRaw": [
    [
      0.053589221090078354,
      0.001469139358960092,
      0.1272972971200943,
      0.028536885976791382,
      0.013794601894915104,
      0.012813315726816654,
      0.014114070683717728,
      0.01003176812082529,
      0.0048804073594510555,
      0.026831045746803284
    ],
    [
      0.00653286837041378,
      0.006352413445711136,
      0.0017895937198773026,
      0.01245116163045168,
      0.059979718178510666,
      0.015267734415829182,
      0.06630777567625046,
      0.003245801664888859,
      0.1549830138683319,
      0.007810009177774191
    ],
    [
      0.005073742941021919,
      0.0032064588740468025,
      0.047940950840711594,
      0.005185282323509455,
      0.009708159603178501,
      0.21631485223770142,
      0.039526987820863724,
      0.017842009663581848,
      0.0012344940332695842,
      0.025889189913868904
    ]
  ],
  "currentPrediction": [
    {
      "name": "LSTM Base Model",
      "predictions": [
        [
          2,
          8,
          5
        ],
        [
          2,
          0,
          3
        ]
      ]
    }
  ],
  "realResult": [
    7,
    6,
    6
  ],
  "newPrediction": [
    {
      "name": "LSTM Base Model",
      "predictions": [
        [
          5,
          0,
          8
        ],
        [
          5,
          0,
          1
        ]
      ]
    }
  ],
  "newPredictionRaw": [
    [
      0.03525169938802719,
      0.027110449969768524,
      0.013477450236678123,
      0.0032437299378216267,
      0.007188029587268829,
      0.06281736493110657,
      0.008877447806298733,
      0.011957707814872265,
      0.009553411044180393,
      0.007835847325623035
    ],
    [
      0.29561424255371094,
      0.05988617241382599,
      0.011283629573881626,
      0.08914202451705933,
      0.012480777688324451,
      0.0027970524970442057,
      0.0005695703439414501,
      0.015246950089931488,
      0.030187319964170456,
      0.004912912379950285
    ],
    [
      0.03706361725926399,
      0.0025766463950276375,
      0.011184747330844402,
      0.01817445643246174,
      0.0115861427038908,
      0.007828650996088982,
      0.002840294037014246,
      0.0025368649512529373,
      0.17042557895183563,
      0.02634916454553604
    ]
  ],
  "matchingNumbers": {
    "model": null,
    "prediction": null,
    "matching_numbers": [],
    "match_count": 0
  },
  "labels": [
    0,
    1,
    2,
    3,
    4,
    5,
    6,
    7,
    8,
    9
  ],
  "numberFrequency": {
    "5": 0.3333333333333333,
    "0": 0.3333333333333333,
    "8": 0.16666666666666666,
    "1": 0.16666666666666666
  }
}