{
  "currentPredictionRaw": [
    [
      0.0003788399917539209,
      0.0003690817393362522,
      0.006101254373788834,
      0.0017424770630896091,
      0.3426094055175781,
      0.0006818407564423978,
      0.006292299833148718,
      0.0025642337277531624,
      0.0010594940977171063,
      0.010369526222348213
    ],
    [
      0.00042560198926366866,
      0.003586207516491413,
      0.22543460130691528,
      0.0014041619142517447,
      0.0007049696869216859,
      0.000185592143679969,
      0.008825285360217094,
      0.0005346320103853941,
      0.00997932255268097,
      0.0056817312724888325
    ],
    [
      3.0912942747818306e-05,
      0.3399127423763275,
      0.006443576421588659,
      0.001975548453629017,
      0.00028202187968418,
      0.007582546677440405,
      0.002439536154270172,
      0.0004022400826215744,
      0.0014886361313983798,
      0.010511623695492744
    ]
  ],
  "currentPrediction": [
    {
      "name": "LSTM Base Model",
      "predictions": [
        [
          4,
          2,
          1
        ],
        [
          4,
          9,
          6
        ]
      ]
    }
  ],
  "realResult": [
    5,
    9,
    7
  ],
  "newPrediction": [
    {
      "name": "LSTM Base Model",
      "predictions": [
        [
          5,
          9,
          7
        ],
        [
          5,
          9,
          7
        ]
      ]
    }
  ],
  "newPredictionRaw": [
    [
      0.005760928150266409,
      0.006820661015808582,
      0.003842138685286045,
      0.00451546348631382,
      0.006928273942321539,
      0.08754248917102814,
      0.0027876258827745914,
      0.008855492807924747,
      0.003877114038914442,
      0.056199464946985245
    ],
    [
      0.05022398754954338,
      0.001039309543557465,
      0.02465657889842987,
      0.0025730503257364035,
      0.00611055176705122,
      0.006428983993828297,
      0.000978146563284099,
      0.008992042392492294,
      0.028952259570360184,
      0.26747947931289673
    ],
    [
      0.005229441449046135,
      0.0021533649414777756,
      0.0031329658813774586,
      0.006521773058921099,
      0.005173998419195414,
      0.025956781581044197,
      0.0027714415919035673,
      0.359699547290802,
      0.0026564474683254957,
      0.00214020861312747
    ]
  ],
  "matchingNumbers": {
    "model": "LSTM Base Model",
    "prediction": [
      4,
      9,
      6
    ],
    "matching_numbers": [
      9
    ],
    "match_count": 1
  },
  "labels": [
    0,
    1,
    2,
    3,
    4,
    5,
    6,
    7,
    8,
    9
  ],
  "numberFrequency": {
    "5": 0.3333333333333333,
    "9": 0.3333333333333333,
    "7": 0.3333333333333333
  }
}