{
  "currentPredictionRaw": [
    [
      0.0014136153040453792,
      0.003422042354941368,
      0.39135274291038513,
      0.0012095075799152255,
      0.009863144718110561,
      0.006570383906364441,
      0.033696822822093964,
      0.0028344374150037766,
      0.014305613934993744,
      0.0022811656817793846
    ],
    [
      0.19628676772117615,
      0.00042141403537243605,
      0.016225386410951614,
      0.0021347387228161097,
      0.001456242403946817,
      0.02705414406955242,
      0.013815467245876789,
      0.0020741894841194153,
      0.005518810823559761,
      0.01218864880502224
    ],
    [
      0.0013084548991173506,
      0.0038827182725071907,
      0.0014606353361159563,
      0.00684724748134613,
      0.18113960325717926,
      0.012002850882709026,
      0.005547471810132265,
      0.038848426192998886,
      0.002011942444369197,
      0.002825374947860837
    ]
  ],
  "currentPrediction": [
    {
      "name": "LSTM Base Model",
      "predictions": [
        [
          2,
          0,
          4
        ],
        [
          2,
          6,
          8
        ]
      ]
    }
  ],
  "realResult": [
    6,
    2,
    2
  ],
  "newPrediction": [
    {
      "name": "LSTM Base Model",
      "predictions": [
        [
          2,
          6,
          7
        ],
        [
          2,
          8,
          6
        ]
      ]
    }
  ],
  "newPredictionRaw": [
    [
      0.0004983479739166796,
      0.000627768924459815,
      0.45569512248039246,
      0.0022990957368165255,
      0.001715105026960373,
      0.004909433890134096,
      0.014002710580825806,
      0.0028390600346028805,
      0.08298590779304504,
      0.002016486367210746
    ],
    [
      0.007217115722596645,
      0.002496657893061638,
      0.002659460762515664,
      0.001932102139107883,
      0.0020019200164824724,
      0.005864983890205622,
      0.28790074586868286,
      0.015263364650309086,
      0.0007539289072155952,
      0.00935843400657177
    ],
    [
      0.0005160642322152853,
      0.0014759375480934978,
      0.015512173064053059,
      0.010027988813817501,
      0.010953066870570183,
      0.011127184145152569,
      0.0045125242322683334,
      0.02998337522149086,
      0.007163431495428085,
      0.0056905122473835945
    ]
  ],
  "matchingNumbers": {
    "model": "LSTM Base Model",
    "prediction": [
      2,
      6,
      8
    ],
    "matching_numbers": [
      2,
      6
    ],
    "match_count": 2
  },
  "labels": [
    0,
    1,
    2,
    3,
    4,
    5,
    6,
    7,
    8,
    9
  ],
  "numberFrequency": {
    "2": 0.3333333333333333,
    "6": 0.3333333333333333,
    "7": 0.16666666666666666,
    "8": 0.16666666666666666
  }
}