{"currentPredictionRaw": [[3.728661468471728e-08, 1.8784243049907445e-09, 1.0, 2.3619794271498296e-13, 8.401320877541155e-27, 9.74097601071704e-36, 5.1315029542279554e-23, 4.3046725246209856e-16, 8.16836615707972e-12, 3.907413281822869e-10], [7.968946351953174e-18, 1.1932341692499904e-07, 7.0884853434032e-14, 0.9999998807907104, 8.492732739284747e-09, 4.994419988690879e-09, 4.391782451707802e-17, 2.4076438481790683e-19, 1.009593564305078e-08, 1.077260568076166e-14], [0.0, 1.0, 0.0, 0.0, 0.0, 0.0, 0.0, 0.0, 7.214868202002423e-28, 0.0]], "currentPrediction": [[2, 3, 1], [0, 1, 8], [1, 8, 9], [9, 4, 7], [8, 5, 5], [3, 2, 6], [7, 9, 4], [6, 6, 3], [4, 0, 2], [5, 7, 0]], "realResult": [9, 1, 3], "newPrediction": [[6, 6, 3], [0, 0, 1], [5, 8, 8], [3, 5, 4], [8, 3, 5], [4, 4, 2], [2, 2, 9], [7, 7, 6], [9, 9, 0], [1, 1, 7]], "newPredictionRaw": [[0.0007162283291108906, 2.9394399080108773e-16, 6.900141347188082e-09, 2.530685560486745e-05, 1.2613944591066684e-06, 3.217824632884003e-05, 0.999202311038971, 4.2427904722516785e-13, 2.2693746359436773e-05, 2.6524686310216983e-13], [0.0006849212804809213, 5.7551161263292845e-16, 1.1425149715194038e-08, 2.793870953610167e-05, 1.0360549822507892e-06, 2.8162694434286095e-05, 0.9992278814315796, 1.1000710975830885e-12, 3.0070978027652018e-05, 4.91702598776067e-13], [5.1145738635733726e-17, 2.7334272090229206e-07, 4.857228443240491e-13, 0.9999997615814209, 1.5563514921268506e-08, 7.780447397465196e-09, 4.0229393078479567e-16, 3.2784679057176774e-18, 2.601242954369809e-08, 1.0020608474936576e-13]], "matchingNumbers": {"bestMatchIndex": 0, "bestMatchSequence": [2, 3, 1], "matchingNumbers": [1, 3]}, "labels": [0, 1, 2, 3, 4, 5, 6, 7, 8, 9]}