{"currentPredictionRaw": [[0.0, 0.0, 1.0, 0.0, 0.0, 0.0, 0.0, 0.0, 0.0, 1.0115109253368148e-28], [8.313699406755607e-30, 2.4890942026390517e-22, 3.057092079483681e-11, 0.0, 0.0, 3.934109595843492e-33, 2.204919872634283e-23, 2.0193780341908587e-37, 5.856555129357697e-25, 1.0], [2.0043562315282673e-17, 1.1456327083650124e-20, 1.74572523103933e-09, 1.5972554790835855e-33, 0.0, 2.1284098311587075e-22, 1.0, 0.0, 7.86142185474317e-27, 6.2982926267776945e-15]], "currentPrediction": [[2, 9, 6], [9, 1, 2], [0, 2, 8], [6, 8, 3], [8, 2, 0], [5, 4, 6], [8, 2, 6], [1, 5, 9]], "realResult": [1, 2, 8], "newPrediction": [[1, 3, 9], [8, 5, 2], [0, 1, 7], [6, 7, 2], [0, 1, 7], [5, 4, 6], [9, 2, 7], [1, 5, 8]], "newPredictionRaw": [[1.681807391838691e-31, 0.9999988079071045, 4.24860197836087e-21, 7.031028655457436e-27, 5.232085243998531e-24, 1.0848146007961205e-36, 4.91184273150265e-18, 1.5785986278366905e-16, 1.1407573765609413e-06, 9.279277435325639e-08], [4.658338301529483e-21, 4.3076461299745963e-38, 1.3331626505534988e-18, 0.9999998807907104, 8.346466198459776e-36, 9.489288288477837e-08, 1.0068899987392126e-30, 4.987701184270855e-23, 1.2751958494785257e-21, 0.0], [3.493117810856373e-20, 8.376836737574344e-20, 9.079801799316556e-08, 0.0, 5.631920542649643e-38, 1.7403096528355764e-20, 2.9455772366042604e-19, 1.1150265891449254e-24, 2.2856399423298106e-20, 0.9999998807907104]], "matchingNumbers": {"bestMatchIndex": 1, "bestMatchSequence": [9, 1, 2], "matchingNumbers": [1, 2]}, "labels": [0, 1, 2, 3, 4, 5, 6, 7, 8, 9], "numberFrequency": {"3": 0.09787234042553192, "2": 0.10098375657744223, "6": 0.10016014641958362, "8": 0.10066346373827499, "9": 0.10011439029970258, "0": 0.10203614733470602, "5": 0.0987874628231526, "4": 0.1013498055364905, "1": 0.10002287805994052, "7": 0.09800960878517502}}