{
  "currentPredictionRaw": [
    [
      0.007200218271464109,
      0.01078897062689066,
      0.016880763694643974,
      0.00043574930168688297,
      0.00970915611833334,
      0.0017591723008081317,
      0.004390249960124493,
      0.0050709969364106655,
      0.2720177471637726,
      0.03151601552963257
    ],
    [
      0.012754783034324646,
      0.017203398048877716,
      0.1281978040933609,
      0.008666777983307838,
      0.03905772045254707,
      0.001573485555127263,
      0.004830264952033758,
      0.0005815517506562173,
      0.01013148296624422,
      0.001033973298035562
    ],
    [
      0.3056894540786743,
      0.010262847878038883,
      0.0010662215063348413,
      0.0178801491856575,
      0.002292298013344407,
      0.043405354022979736,
      0.024487625807523727,
      0.006231328938156366,
      0.0046716476790606976,
      0.00021277088671922684
    ]
  ],
  "currentPrediction": [
    {
      "name": "LSTM Base Model",
      "predictions": [
        [
          8,
          2,
          0
        ],
        [
          8,
          9,
          2
        ]
      ]
    }
  ],
  "realResult": [
    6,
    1,
    8
  ],
  "newPrediction": [
    {
      "name": "LSTM Base Model",
      "predictions": [
        [
          6,
          1,
          8
        ],
        [
          6,
          3,
          9
        ]
      ]
    }
  ],
  "newPredictionRaw": [
    [
      0.0002820666995830834,
      0.0009780649561434984,
      0.002153037115931511,
      0.00716236000880599,
      2.0307220438553486e-06,
      0.00011427934077801183,
      0.21641165018081665,
      0.0019157910719513893,
      0.0017753412248566747,
      0.0027677544858306646
    ],
    [
      4.509607606451027e-05,
      0.3178253769874573,
      0.00014571136853192002,
      0.0005726468516513705,
      0.0020215739496052265,
      0.0032738910522311926,
      0.003670616541057825,
      0.002188405254855752,
      0.0018673907034099102,
      0.0005690184771083295
    ],
    [
      0.004013536032289267,
      0.00233700149692595,
      0.017542818561196327,
      0.001641079899854958,
      0.0032383345533162355,
      1.1754998013202567e-05,
      0.0004059489001519978,
      0.00017303256026934832,
      0.4047428369522095,
      0.00015153254207689315
    ]
  ],
  "matchingNumbers": {
    "model": "LSTM Base Model",
    "prediction": [
      8,
      2,
      0
    ],
    "matching_numbers": [
      8
    ],
    "match_count": 1
  },
  "labels": [
    0,
    1,
    2,
    3,
    4,
    5,
    6,
    7,
    8,
    9
  ],
  "numberFrequency": {
    "6": 0.3333333333333333,
    "1": 0.16666666666666666,
    "8": 0.16666666666666666,
    "3": 0.16666666666666666,
    "9": 0.16666666666666666
  }
}