{
  "currentPredictionRaw": [
    [
      0.0014070940669625998,
      0.0008240986499004066,
      0.0019919618498533964,
      0.0005797113408334553,
      4.6839864808134735e-05,
      0.51462322473526,
      0.0008026572759263217,
      0.023009860888123512,
      0.00394691014662385,
      4.001248089480214e-05
    ],
    [
      0.0006535020074807107,
      0.00045524502638727427,
      0.0033906360622495413,
      0.0006697599892504513,
      0.0013354313559830189,
      0.006056449841707945,
      0.0015881600556895137,
      0.12207204103469849,
      0.0015431041829288006,
      0.0006935749552212656
    ],
    [
      0.0012476802803575993,
      0.0010144661646336317,
      0.0002414124901406467,
      0.013688771054148674,
      0.2946462333202362,
      0.0004346241184975952,
      4.323006942286156e-05,
      0.00030751441954635084,
      0.0009116074652411044,
      0.0017340967897325754
    ]
  ],
  "currentPrediction": [
    {
      "name": "LSTM Base Model",
      "predictions": [
        [
          5,
          7,
          4
        ],
        [
          5,
          7,
          8
        ]
      ]
    }
  ],
  "realResult": [
    2,
    8,
    1
  ],
  "newPrediction": [
    {
      "name": "LSTM Base Model",
      "predictions": [
        [
          2,
          8,
          1
        ],
        [
          2,
          7,
          3
        ]
      ]
    }
  ],
  "newPredictionRaw": [
    [
      0.00031325797317549586,
      0.003519548801705241,
      0.35962483286857605,
      0.009306228719651699,
      0.002427407307550311,
      0.00017527658201288432,
      0.004876240622252226,
      0.00937364250421524,
      0.0006213202723301947,
      0.00827433168888092
    ],
    [
      0.004145130515098572,
      0.018080446869134903,
      0.005049065686762333,
      0.009215055964887142,
      0.0002586094196885824,
      0.0006291851750575006,
      0.010134444572031498,
      0.00023405125830322504,
      0.37879282236099243,
      0.002260074485093355
    ],
    [
      0.009812525473535061,
      0.11860497295856476,
      0.0021974516566842794,
      0.0001797444128897041,
      0.014799491502344608,
      0.0018173750722780824,
      0.0063450951129198074,
      0.005254227202385664,
      0.007946315221488476,
      0.00573183735832572
    ]
  ],
  "matchingNumbers": {
    "model": "LSTM Base Model",
    "prediction": [
      5,
      7,
      8
    ],
    "matching_numbers": [
      8
    ],
    "match_count": 1
  },
  "labels": [
    0,
    1,
    2,
    3,
    4,
    5,
    6,
    7,
    8,
    9
  ],
  "numberFrequency": {
    "2": 0.3333333333333333,
    "8": 0.16666666666666666,
    "1": 0.16666666666666666,
    "7": 0.16666666666666666,
    "3": 0.16666666666666666
  }
}