{
  "currentPredictionRaw": [
    [
      0.006910298950970173,
      0.0013108741259202361,
      0.009005744941532612,
      0.0005215604323893785,
      0.010002290830016136,
      0.0008127441396936774,
      0.00016940213390626013,
      0.005968383047729731,
      0.03575868159532547,
      0.318882554769516
    ],
    [
      0.0007495101890526712,
      0.0019720548298209906,
      0.0015634583542123437,
      0.005291283130645752,
      0.4392392635345459,
      0.003988264128565788,
      0.0046337260864675045,
      0.008226786740124226,
      0.003390735248103738,
      0.00012438803969416767
    ],
    [
      0.0012930320808663964,
      0.00019207278091926128,
      0.10890356451272964,
      0.0013677016831934452,
      0.00418691523373127,
      0.009549058973789215,
      0.002167433500289917,
      0.006885911803692579,
      0.002479527611285448,
      0.004452780820429325
    ]
  ],
  "currentPrediction": [
    {
      "name": "LSTM Base Model",
      "predictions": [
        [
          9,
          4,
          2
        ],
        [
          9,
          8,
          4
        ]
      ]
    }
  ],
  "realResult": [
    9,
    2,
    0
  ],
  "newPrediction": [
    {
      "name": "LSTM Base Model",
      "predictions": [
        [
          9,
          2,
          0
        ],
        [
          9,
          7,
          6
        ]
      ]
    }
  ],
  "newPredictionRaw": [
    [
      0.0004066923283971846,
      0.00011441876995377243,
      0.00184931221883744,
      0.0016749027417972684,
      0.0003307609003968537,
      0.0023194432724267244,
      0.007034006528556347,
      0.012770552188158035,
      8.492313645547256e-05,
      0.14844584465026855
    ],
    [
      0.0005505835870280862,
      0.00017191121878568083,
      0.6446924209594727,
      0.0017874576151371002,
      0.007751119323074818,
      9.248752758139744e-05,
      0.0009113208507187665,
      0.0017897057114169002,
      0.0005767835536971688,
      0.0032744440250098705
    ],
    [
      0.15136878192424774,
      0.0015487688360735774,
      0.004020098131150007,
      0.0003597926697693765,
      0.0019746229518204927,
      0.0001262436417164281,
      0.001452667755074799,
      0.0007928743725642562,
      0.0011317924363538623,
      0.000595351739320904
    ]
  ],
  "matchingNumbers": {
    "model": "LSTM Base Model",
    "prediction": [
      9,
      4,
      2
    ],
    "matching_numbers": [
      9,
      2
    ],
    "match_count": 2
  },
  "labels": [
    0,
    1,
    2,
    3,
    4,
    5,
    6,
    7,
    8,
    9
  ],
  "numberFrequency": {
    "9": 0.3333333333333333,
    "2": 0.16666666666666666,
    "0": 0.16666666666666666,
    "7": 0.16666666666666666,
    "6": 0.16666666666666666
  }
}