{
  "currentPredictionRaw": [
    [
      0.004030215088278055,
      0.002970583736896515,
      0.0044163367711007595,
      0.18299657106399536,
      0.00037234084447845817,
      0.0031963640358299017,
      0.0016557149356231093,
      0.0022811482194811106,
      0.00014329722034744918,
      0.038743335753679276
    ],
    [
      0.0006184253143146634,
      0.004524679388850927,
      0.006230643950402737,
      0.005573497619479895,
      0.42045581340789795,
      0.000792902777902782,
      0.00043363365693949163,
      0.0006454703398048878,
      0.0007345256744883955,
      0.004385220818221569
    ],
    [
      0.0056701721623539925,
      0.004144922364503145,
      0.00047805087524466217,
      0.007489757612347603,
      9.256570047000423e-05,
      0.004145956132560968,
      0.003232975024729967,
      0.28857916593551636,
      0.0007932748994790018,
      0.00017243616457562894
    ]
  ],
  "currentPrediction": [
    {
      "name": "LSTM Base Model",
      "predictions": [
        [
          3,
          4,
          7
        ],
        [
          3,
          9,
          2
        ]
      ]
    }
  ],
  "realResult": [
    9,
    3,
    1
  ],
  "newPrediction": [
    {
      "name": "LSTM Base Model",
      "predictions": [
        [
          9,
          3,
          1
        ],
        [
          9,
          3,
          8
        ]
      ]
    }
  ],
  "newPredictionRaw": [
    [
      0.009478342719376087,
      0.009285458363592625,
      0.0034982271026819944,
      0.02023613452911377,
      0.002896389691159129,
      0.00038227622280828655,
      0.0068417261354625225,
      0.00031408321228809655,
      0.01278450433164835,
      0.33159929513931274
    ],
    [
      0.009339953772723675,
      0.001399185974150896,
      0.0030104476027190685,
      0.15092675387859344,
      0.005941331386566162,
      0.009274205192923546,
      0.0006249209982343018,
      0.006068736780434847,
      0.014461583457887173,
      0.000561842112801969
    ],
    [
      0.04258895665407181,
      0.25119712948799133,
      0.0007626048172824085,
      0.0003114314458798617,
      0.004729949403554201,
      0.005257104989141226,
      0.0008534540538676083,
      0.0038146560546010733,
      0.03983726724982262,
      0.05172204598784447
    ]
  ],
  "matchingNumbers": {
    "model": "LSTM Base Model",
    "prediction": [
      3,
      9,
      2
    ],
    "matching_numbers": [
      9,
      3
    ],
    "match_count": 2
  },
  "labels": [
    0,
    1,
    2,
    3,
    4,
    5,
    6,
    7,
    8,
    9
  ],
  "numberFrequency": {
    "9": 0.3333333333333333,
    "3": 0.3333333333333333,
    "1": 0.16666666666666666,
    "8": 0.16666666666666666
  }
}