{"currentPredictionRaw": [[9.599899897239084e-08, 0.0, 0.0, 0.0, 0.9999998807907104, 3.729400468999167e-12, 0.0, 0.0, 0.0, 0.0], [1.0, 0.0, 2.015837018552816e-30, 3.868152130182539e-20, 2.355416181290353e-20, 0.0, 0.0, 0.0, 0.0, 0.0], [2.576419015979149e-36, 0.0, 0.0, 8.727813194827326e-16, 3.2878291120186625e-15, 1.0, 5.955757797085241e-31, 0.0, 3.449890686923221e-22, 0.0]], "currentPrediction": [[4, 0, 5], [0, 3, 4], [5, 4, 3], [9, 2, 8], [8, 8, 6], [6, 9, 0], [7, 5, 9], [3, 6, 7], [2, 7, 2], [1, 1, 1]], "realResult": [2, 1, 1], "newPrediction": [[2, 4, 8], [0, 0, 5], [1, 5, 1], [9, 9, 3], [8, 8, 7], [3, 6, 2], [7, 7, 6], [6, 3, 9], [4, 2, 0], [5, 1, 4]], "newPredictionRaw": [[1.812216687824275e-08, 1.3263159459597773e-09, 1.0, 6.99345976636935e-14, 1.5207945953668424e-27, 1.715217839559922e-36, 1.1991645803081033e-23, 2.305945290248366e-16, 5.3562818243257926e-12, 1.722535308834594e-10], [8.883470314913211e-08, 0.0, 0.0, 0.0, 0.9999998807907104, 4.273707689822492e-12, 0.0, 0.0, 0.0, 0.0], [6.38692115041318e-29, 1.2766889325235842e-12, 4.741115444806272e-19, 6.8990592149472795e-15, 3.2031250101573555e-31, 4.23139258007299e-12, 1.3373986804366805e-21, 2.8482851835339624e-18, 1.0, 8.564991796819027e-28]], "matchingNumbers": {"bestMatchIndex": 3, "bestMatchSequence": [9, 2, 8], "matchingNumbers": [2]}, "labels": [0, 1, 2, 3, 4, 5, 6, 7, 8, 9]}