{"currentPredictionRaw": [[2.5719599728872907e-29, 1.1209252926899782e-12, 4.1340121795836304e-19, 2.2213917615359225e-15, 4.6261362710156223e-32, 1.7245551774819345e-12, 4.5836499102780185e-22, 2.5429122284607704e-18, 1.0, 6.563751250851444e-28], [6.568102709004855e-30, 2.6345009615687254e-13, 1.1677655089292598e-19, 4.368226730142456e-16, 3.1187683470139216e-33, 4.821728953607884e-13, 1.110913685321852e-22, 6.001223778405772e-19, 1.0, 5.742916658546823e-29], [6.468740522518549e-30, 2.2353347200586987e-13, 1.248016633254594e-19, 3.4197385587461996e-16, 2.0514642921894096e-33, 3.4182701699574103e-13, 1.030941112452208e-22, 6.688646022613372e-19, 1.0, 4.246143489226718e-29]], "currentPrediction": [[8, 8, 8], [5, 5, 5], [1, 1, 1], [3, 3, 3], [7, 7, 7], [2, 2, 2], [6, 6, 6], [9, 9, 9], [0, 0, 0], [4, 4, 4]], "realResult": [0, 5, 1], "newPrediction": [[0, 2, 2], [3, 0, 0], [4, 1, 1], [2, 9, 9], [6, 8, 8], [9, 3, 3], [8, 7, 7], [7, 6, 6], [5, 4, 4], [1, 5, 5]], "newPredictionRaw": [[1.0, 0.0, 6.945598254984307e-27, 3.8927450498990504e-17, 3.516681611908352e-17, 0.0, 8.757648727042013e-34, 0.0, 0.0, 0.0], [3.1917029019723486e-08, 7.038893357069753e-10, 1.0, 1.0770742885904058e-13, 2.6860636785577676e-27, 1.3679977654742275e-35, 9.042593280779589e-23, 5.572551938834013e-16, 1.1315137195266889e-11, 1.2493465983975938e-10], [1.9789140992543253e-08, 8.832758968679855e-10, 1.0, 5.879297022099925e-14, 9.255349089104409e-28, 3.104934090030423e-36, 2.3582356206527108e-23, 3.9663313018895637e-16, 8.047113322917632e-12, 1.0993483900989531e-10]], "matchingNumbers": {"bestMatchIndex": 1, "bestMatchSequence": [5, 5, 5], "matchingNumbers": [5]}, "labels": [0, 1, 2, 3, 4, 5, 6, 7, 8, 9]}