{
  "currentPredictionRaw": [
    [
      0.015511028468608856,
      0.0460481196641922,
      0.19789381325244904,
      0.0018426794558763504,
      0.0348658412694931,
      0.003490577219054103,
      0.16246841847896576,
      0.0032581742852926254,
      0.0015438507543876767,
      0.012743139639496803
    ],
    [
      0.16774249076843262,
      0.007184447254985571,
      0.028025919571518898,
      0.013286075554788113,
      0.00618876563385129,
      0.008006841875612736,
      0.03096153773367405,
      0.029251612722873688,
      0.026368094608187675,
      0.0012391450582072139
    ],
    [
      0.06500676274299622,
      0.0080709932371974,
      0.006057546939700842,
      0.016642849892377853,
      0.006756235845386982,
      0.020866312086582184,
      0.051913436502218246,
      0.008811206556856632,
      0.016778340563178062,
      0.0011757202446460724
    ]
  ],
  "currentPrediction": [
    {
      "name": "LSTM Base Model",
      "predictions": [
        [
          2,
          0,
          0
        ],
        [
          2,
          6,
          1
        ]
      ]
    }
  ],
  "realResult": [
    2,
    5,
    8
  ],
  "newPrediction": [
    {
      "name": "LSTM Base Model",
      "predictions": [
        [
          3,
          6,
          0
        ],
        [
          3,
          7,
          5
        ]
      ]
    }
  ],
  "newPredictionRaw": [
    [
      0.000535425147973001,
      0.0002833066100720316,
      0.004404434002935886,
      0.2557937800884247,
      0.003967844881117344,
      0.027144471183419228,
      0.006130759604275227,
      0.05872093141078949,
      0.005912355612963438,
      0.012458357959985733
    ],
    [
      0.007632198743522167,
      0.0034341178834438324,
      0.06816275417804718,
      0.002810087753459811,
      0.044889532029628754,
      0.0009582562488503754,
      0.1470172107219696,
      0.006540018133819103,
      0.001873151515610516,
      0.006244411692023277
    ],
    [
      0.2628685235977173,
      0.002914315788075328,
      0.0006526500219479203,
      0.0016368188662454486,
      0.005226121749728918,
      0.0058061182498931885,
      0.0078047835268080235,
      0.02376830019056797,
      0.005777196958661079,
      0.018631746992468834
    ]
  ],
  "matchingNumbers": {
    "model": "LSTM Base Model",
    "prediction": [
      2,
      0,
      0
    ],
    "matching_numbers": [
      2
    ],
    "match_count": 1
  },
  "labels": [
    0,
    1,
    2,
    3,
    4,
    5,
    6,
    7,
    8,
    9
  ],
  "numberFrequency": {
    "3": 0.3333333333333333,
    "6": 0.16666666666666666,
    "0": 0.16666666666666666,
    "7": 0.16666666666666666,
    "5": 0.16666666666666666
  }
}