{
  "currentPredictionRaw": [
    [
      0.010267837904393673,
      0.006779058370739222,
      0.042820557951927185,
      0.0760834589600563,
      0.0030110012739896774,
      0.005195667035877705,
      0.00894452165812254,
      0.5121407508850098,
      0.004589026793837547,
      0.012427523732185364
    ],
    [
      0.006524101831018925,
      0.005638108588755131,
      0.012548543512821198,
      0.012188585475087166,
      0.011157933622598648,
      0.0017022982938215137,
      0.0028568783309310675,
      0.024376502260565758,
      0.0012765551218762994,
      0.08971018344163895
    ],
    [
      0.02696637436747551,
      0.019123481586575508,
      0.04410715401172638,
      0.001119429711252451,
      0.005028825253248215,
      0.002188679063692689,
      0.00675235828384757,
      0.008180658333003521,
      0.026886921375989914,
      0.009407012723386288
    ]
  ],
  "currentPrediction": [
    {
      "name": "LSTM Base Model",
      "predictions": [
        [
          7,
          9,
          2
        ],
        [
          7,
          3,
          2
        ]
      ]
    }
  ],
  "realResult": [
    5,
    2,
    1
  ],
  "newPrediction": [
    {
      "name": "LSTM Base Model",
      "predictions": [
        [
          1,
          1,
          3
        ],
        [
          1,
          5,
          9
        ]
      ]
    }
  ],
  "newPredictionRaw": [
    [
      0.004163541365414858,
      0.1508214920759201,
      0.0011549349874258041,
      0.002945150248706341,
      0.002630613511428237,
      0.031315673142671585,
      0.00876164622604847,
      0.003564930520951748,
      0.002355388831347227,
      0.009519465267658234
    ],
    [
      0.0015286349225789309,
      0.1746031641960144,
      0.0009161027846857905,
      0.005165051203221083,
      0.023483525961637497,
      0.005656970199197531,
      0.008275268599390984,
      0.00757813174277544,
      0.012137523852288723,
      0.003545377403497696
    ],
    [
      0.0028257821686565876,
      0.012025520205497742,
      0.001307279453612864,
      0.4589606821537018,
      0.006790199317038059,
      0.0345037542283535,
      0.0043756114318966866,
      0.002821359084919095,
      0.01324486918747425,
      0.0030223806388676167
    ]
  ],
  "matchingNumbers": {
    "model": "LSTM Base Model",
    "prediction": [
      7,
      9,
      2
    ],
    "matching_numbers": [
      2
    ],
    "match_count": 1
  },
  "labels": [
    0,
    1,
    2,
    3,
    4,
    5,
    6,
    7,
    8,
    9
  ],
  "numberFrequency": {
    "1": 0.5,
    "3": 0.16666666666666666,
    "5": 0.16666666666666666,
    "9": 0.16666666666666666
  }
}