{"currentPredictionRaw": [[0.10239829868078232, 0.09969709813594818, 0.10091451555490494, 0.09908557683229446, 0.102217897772789, 0.09915773570537567, 0.09825117141008377, 0.09718643873929977, 0.10082009434700012, 0.10027115046977997], [0.10239829868078232, 0.09969709813594818, 0.10091451555490494, 0.09908557683229446, 0.102217897772789, 0.09915773570537567, 0.09825117141008377, 0.09718643873929977, 0.10082009434700012, 0.10027115046977997], [0.10239829868078232, 0.09969709813594818, 0.10091451555490494, 0.09908557683229446, 0.102217897772789, 0.09915773570537567, 0.09825117141008377, 0.09718643873929977, 0.10082009434700012, 0.10027115046977997]], "currentPrediction": [[1, 0, 0], [5, 0, 0], [3, 0, 0], [9, 0, 0], [10, 0, 0], [2, 0, 0], [6, 0, 0], [4, 0, 0], [7, 0, 0], [8, 0, 0]], "realResult": [8, 1, 1], "newPrediction": [[1, 0, 0], [5, 0, 0], [3, 0, 0], [9, 0, 0], [10, 0, 0], [2, 0, 0], [6, 0, 0], [4, 0, 0], [7, 0, 0], [8, 0, 0]], "newPredictionRaw": [[0.10239826142787933, 0.09969711303710938, 0.10091462731361389, 0.09908562153577805, 0.10221800953149796, 0.09915762394666672, 0.09825102984905243, 0.09718641638755798, 0.1008201390504837, 0.10027115046977997], [0.10239826142787933, 0.09969711303710938, 0.10091462731361389, 0.09908562153577805, 0.10221800953149796, 0.09915762394666672, 0.09825102984905243, 0.09718641638755798, 0.1008201390504837, 0.10027115046977997], [0.10239826142787933, 0.09969711303710938, 0.10091462731361389, 0.09908562153577805, 0.10221800953149796, 0.09915762394666672, 0.09825102984905243, 0.09718641638755798, 0.1008201390504837, 0.10027115046977997]], "matchingNumbers": {"bestMatchIndex": 0, "bestMatchSequence": [1, 0, 0], "matchingNumbers": [1]}}