{"currentPredictionRaw": [[8.813598044747281e-16, 1.8334131142525717e-13, 0.999847412109375, 2.667117415811049e-09, 7.983697904168086e-12, 2.307766940480555e-16, 2.256283551105298e-07, 9.542220039040872e-22, 9.841513929131906e-06, 0.000142471311846748], [0.9999996423721313, 1.9587444327269335e-19, 3.221554621176232e-38, 2.4416440215835066e-18, 6.773007362166042e-21, 5.052253015946917e-08, 3.648278152960568e-20, 1.1660207782222324e-18, 3.5550345955925877e-07, 3.353621888582394e-22], [3.413093872950412e-05, 4.785013516084291e-05, 0.0, 1.838169919210486e-05, 8.773535305441346e-31, 1.8056347432862663e-12, 0.0, 0.9998996257781982, 2.1735791129601685e-27, 0.0]], "currentPrediction": [[2, 0, 7], [9, 8, 1], [1, 6, 8], [0, 6, 1], [1, 9, 6], [6, 4, 6], [3, 4, 7], [1, 5, 9]], "realResult": [0, 0, 0], "newPrediction": [[0, 8, 5], [8, 5, 6], [0, 6, 1], [1, 0, 7], [6, 1, 9], [7, 4, 6], [8, 0, 5], [1, 5, 9]], "newPredictionRaw": [[1.0, 1.9867660088219522e-30, 0.0, 1.6872256861120125e-32, 7.519747815918248e-37, 2.382608867146363e-12, 5.243486912780756e-29, 2.9743350461835876e-35, 4.597323766120098e-08, 6.137973527394905e-31], [0.9999998807907104, 3.184327679993356e-30, 0.0, 3.3936289748105153e-32, 1.4796933333947167e-36, 2.14600190916181e-12, 1.7621336952182333e-28, 4.846199310286765e-35, 7.555426151384381e-08, 2.252554873576774e-30], [0.9999998807907104, 3.627954075818544e-31, 0.0, 3.1237689734507165e-33, 5.516443011424826e-37, 1.8165421424021222e-12, 5.151141340471683e-28, 3.190178595677044e-36, 1.1568761948410611e-07, 2.4809218286533945e-30]], "matchingNumbers": {"bestMatchIndex": 0, "bestMatchSequence": [2, 0, 7], "matchingNumbers": [0]}, "labels": [0, 1, 2, 3, 4, 5, 6, 7, 8, 9], "numberFrequency": {"6": 0.10013265632862174, "4": 0.10132198893005809, "1": 0.09999542564384063, "0": 0.1021911166003385, "5": 0.09876034948081057, "3": 0.09784547824893647, "2": 0.10100178399890215, "8": 0.10063583550615252, "7": 0.09802845249531128, "9": 0.10008691276702804}}