{
  "currentPredictionRaw": [
    [
      0.0005623646429739892,
      0.0009407327161170542,
      0.001762780942954123,
      0.0026037758216261864,
      1.969797449419275e-05,
      0.013360591605305672,
      0.001727563445456326,
      0.20817506313323975,
      0.0018531662644818425,
      0.001482167630456388
    ],
    [
      0.0030518353451043367,
      0.005626901984214783,
      0.0017680026357993484,
      0.00011179955617990345,
      0.0011335802264511585,
      7.140706293284893e-05,
      0.0015066838823258877,
      0.009365524165332317,
      0.29206258058547974,
      0.005776268895715475
    ],
    [
      0.42862939834594727,
      0.0003379543195478618,
      0.00496020307764411,
      0.0007051973952911794,
      0.0023910333402454853,
      0.00028541695792227983,
      0.0017269530799239874,
      0.0006203814409673214,
      0.000152800785144791,
      0.007228207774460316
    ]
  ],
  "currentPrediction": [
    {
      "name": "LSTM Base Model",
      "predictions": [
        [
          7,
          8,
          0
        ],
        [
          7,
          5,
          3
        ]
      ]
    }
  ],
  "realResult": [
    5,
    2,
    3
  ],
  "newPrediction": [
    {
      "name": "LSTM Base Model",
      "predictions": [
        [
          5,
          2,
          3
        ],
        [
          5,
          6,
          1
        ]
      ]
    }
  ],
  "newPredictionRaw": [
    [
      0.00026137082022614777,
      0.004903022199869156,
      0.0003802807186730206,
      0.0031171925365924835,
      0.0014948623720556498,
      0.4409554600715637,
      0.008015913888812065,
      0.0016873429995030165,
      0.0016338652931153774,
      0.001306868507526815
    ],
    [
      0.0008236478315666318,
      0.001738846767693758,
      0.10851817578077316,
      0.005197836086153984,
      0.0017132431967183948,
      0.0005047658341936767,
      0.0008605177863501012,
      0.0016379660228267312,
      0.0006675283657386899,
      0.0018080808222293854
    ],
    [
      0.0024689226411283016,
      0.0019267820753157139,
      0.0008570714853703976,
      0.3881664574146271,
      0.005896023474633694,
      4.790315870195627e-05,
      0.0001770727540133521,
      0.0005639693117700517,
      0.008104965090751648,
      0.004563971422612667
    ]
  ],
  "matchingNumbers": {
    "model": "LSTM Base Model",
    "prediction": [
      7,
      5,
      3
    ],
    "matching_numbers": [
      3,
      5
    ],
    "match_count": 2
  },
  "labels": [
    0,
    1,
    2,
    3,
    4,
    5,
    6,
    7,
    8,
    9
  ],
  "numberFrequency": {
    "5": 0.3333333333333333,
    "2": 0.16666666666666666,
    "3": 0.16666666666666666,
    "6": 0.16666666666666666,
    "1": 0.16666666666666666
  }
}