{"currentPredictionRaw": [[2.1360953568566278e-30, 0.0, 4.416656178335528e-28, 4.8048797901435815e-25, 0.9999997615814209, 2.2939157240386976e-09, 2.922956525708287e-07, 2.6908023906673336e-26, 0.0, 0.0], [0.9996888637542725, 4.361329414516984e-36, 0.0, 2.4347751605091617e-05, 1.1822280612250324e-06, 0.0, 0.0002850565069820732, 1.486450865425975e-36, 0.0, 6.126128369032813e-07], [0.0, 0.0, 1.912730593128626e-17, 0.0, 3.975188301902528e-14, 1.0, 2.2073726353223535e-27, 0.0, 0.0, 0.0]], "currentPrediction": [[4, 0, 5], [6, 6, 4], [5, 3, 2], [3, 4, 6], [7, 9, 9], [2, 1, 8], [0, 7, 7], [9, 8, 3], [8, 5, 1], [1, 2, 0]], "realResult": [2, 1, 1], "newPrediction": [[2, 4, 8], [3, 6, 9], [5, 5, 7], [1, 3, 6], [9, 7, 5], [8, 2, 4], [7, 0, 3], [6, 9, 2], [4, 8, 1], [0, 1, 0]], "newPredictionRaw": [[0.0, 7.143025429127624e-31, 1.0, 8.670248963227323e-10, 0.0, 2.0041646083649475e-25, 0.0, 0.0, 0.0, 0.0], [7.710268541212968e-29, 0.0, 5.415015891047095e-27, 3.869072044865489e-24, 0.9999996423721313, 4.704394207522e-09, 3.8109232036731555e-07, 5.386651395716302e-25, 0.0, 0.0], [0.0, 0.0, 0.0, 0.0, 0.0, 0.0, 0.0, 0.0, 1.0, 7.917904252223571e-29]], "matchingNumbers": {"bestMatchIndex": 5, "bestMatchSequence": [2, 1, 8], "matchingNumbers": [1, 2]}, "labels": [0, 1, 2, 3, 4, 5, 6, 7, 8, 9]}