{
  "currentPredictionRaw": [
    [
      0.00016319475253112614,
      0.0023616671096533537,
      0.0010237956885248423,
      0.0006313654012046754,
      0.1130913645029068,
      0.0012291069142520428,
      0.0007378432201221585,
      0.001032239873893559,
      0.0018476927652955055,
      0.0015641481149941683
    ],
    [
      0.4564918279647827,
      0.0003130467375740409,
      0.01440087053924799,
      7.245726737892255e-05,
      0.003447934053838253,
      0.0004143076075706631,
      0.004178707953542471,
      0.0021525740157812834,
      0.00012835072993766516,
      0.0008460539975203574
    ],
    [
      0.09771504253149033,
      9.824450535234064e-05,
      0.0005437159561552107,
      0.0003618077898863703,
      0.2910282611846924,
      0.0008986517786979675,
      0.0017802774673327804,
      0.0004480878706090152,
      0.000375885225366801,
      0.0006214386085048318
    ]
  ],
  "currentPrediction": [
    {
      "name": "LSTM Base Model",
      "predictions": [
        [
          4,
          0,
          4
        ],
        [
          4,
          1,
          8
        ]
      ]
    }
  ],
  "realResult": [
    4,
    5,
    6
  ],
  "newPrediction": [
    {
      "name": "LSTM Base Model",
      "predictions": [
        [
          4,
          5,
          6
        ],
        [
          4,
          8,
          3
        ]
      ]
    }
  ],
  "newPredictionRaw": [
    [
      0.0031080441549420357,
      9.72743218881078e-05,
      0.007352668326348066,
      0.015699289739131927,
      0.13873758912086487,
      0.010157938115298748,
      0.0006294359918683767,
      0.015386815182864666,
      0.03246799856424332,
      0.0015378575772047043
    ],
    [
      0.003884495934471488,
      0.014659689739346504,
      0.006269416771829128,
      0.00808086059987545,
      0.004239249974489212,
      0.45587649941444397,
      0.0013931969879195094,
      0.00407145032659173,
      0.0027260426431894302,
      0.0071486919187009335
    ],
    [
      0.0024137080181390047,
      0.010346726514399052,
      6.665112596238032e-05,
      0.028440693393349648,
      0.027803167700767517,
      0.002064330270513892,
      0.179407000541687,
      0.0008602101588621736,
      0.010101770982146263,
      0.004971236456185579
    ]
  ],
  "matchingNumbers": {
    "model": "LSTM Base Model",
    "prediction": [
      4,
      0,
      4
    ],
    "matching_numbers": [
      4
    ],
    "match_count": 1
  },
  "labels": [
    0,
    1,
    2,
    3,
    4,
    5,
    6,
    7,
    8,
    9
  ],
  "numberFrequency": {
    "4": 0.3333333333333333,
    "5": 0.16666666666666666,
    "6": 0.16666666666666666,
    "8": 0.16666666666666666,
    "3": 0.16666666666666666
  }
}