{"currentPredictionRaw": [[0.0007206305745057762, 2.738441901303188e-16, 6.6567644729786934e-09, 2.4220098566729575e-05, 1.1951362921536202e-06, 3.1036172003950924e-05, 0.9991998076438904, 4.1211397358922874e-13, 2.31063077080762e-05, 2.4277303257991267e-13], [4.3979060393439795e-08, 1.4606738041322842e-09, 1.0, 2.0739067743951595e-13, 5.682190137396225e-27, 1.895548136336954e-36, 1.8347330089073913e-23, 1.2366825290211614e-16, 3.7858839327387095e-12, 3.412210791697845e-10], [1.325794952837489e-18, 1.861632220178256e-14, 0.0007306117913685739, 1.8660778195055137e-27, 0.0, 4.141393551336808e-31, 6.620919058996944e-20, 0.9991695880889893, 9.984664939111099e-05, 3.3528217185672357e-21]], "currentPrediction": [[6, 2, 7], [0, 0, 2], [5, 1, 8], [3, 9, 1], [8, 8, 0], [4, 3, 6], [2, 7, 9], [7, 6, 3], [9, 4, 5], [1, 5, 4]], "realResult": [8, 8, 8], "newPrediction": [[3, 5, 5], [1, 4, 4], [8, 3, 3], [4, 8, 8], [5, 6, 6], [2, 0, 0], [9, 9, 9], [6, 7, 7], [0, 2, 2], [7, 1, 1]], "newPredictionRaw": [[2.3625011176537192e-17, 2.464431929638522e-07, 2.504033222092139e-13, 0.9999997615814209, 1.1454930337606584e-08, 8.516349403464574e-09, 2.351676599070626e-16, 1.849127310981413e-18, 2.64763446722327e-08, 4.6771577089836994e-14], [2.864252491625646e-37, 0.0, 0.0, 4.8840677436124056e-17, 2.1260804379373164e-15, 1.0, 2.6358726963022334e-32, 0.0, 3.8223497856015115e-24, 0.0], [7.864317355258408e-38, 0.0, 0.0, 1.2120968683315133e-16, 9.920626696370105e-16, 1.0, 1.6237035876983085e-32, 0.0, 2.2597665314750412e-23, 0.0]], "matchingNumbers": {"bestMatchIndex": 2, "bestMatchSequence": [5, 1, 8], "matchingNumbers": [8]}, "labels": [0, 1, 2, 3, 4, 5, 6, 7, 8, 9]}