{
  "currentPredictionRaw": [
    [
      0.00901553314179182,
      0.046913031488657,
      0.014773805625736713,
      0.026801876723766327,
      0.0010293720988556743,
      0.021932242438197136,
      0.001676900894381106,
      0.0006262799142859876,
      0.00369817903265357,
      0.10389624536037445
    ],
    [
      0.04229319095611572,
      0.11707610636949539,
      0.002411644207313657,
      0.020844915881752968,
      0.006860785651952028,
      0.03578503429889679,
      0.00310209090821445,
      0.014285868965089321,
      0.013545555993914604,
      0.0030577676370739937
    ],
    [
      0.24717938899993896,
      0.10395414382219315,
      0.003956663887947798,
      0.023367533460259438,
      0.010951163247227669,
      0.003086052369326353,
      0.008649514988064766,
      0.09706209599971771,
      0.0008479804382659495,
      0.011319017969071865
    ]
  ],
  "currentPrediction": [
    {
      "name": "LSTM Base Model",
      "predictions": [
        [
          9,
          1,
          0
        ],
        [
          9,
          1,
          3
        ]
      ]
    }
  ],
  "realResult": [
    5,
    6,
    0
  ],
  "newPrediction": [
    {
      "name": "LSTM Base Model",
      "predictions": [
        [
          8,
          5,
          5
        ],
        [
          8,
          9,
          1
        ]
      ]
    }
  ],
  "newPredictionRaw": [
    [
      0.0007427866221405566,
      0.06816242635250092,
      0.012817769311368465,
      0.0007576665957458317,
      0.0031011546961963177,
      0.007456145249307156,
      0.0005307545652613044,
      0.005088476929813623,
      0.12865296006202698,
      0.0887598916888237
    ],
    [
      0.0022497568279504776,
      0.002325898502022028,
      0.002088401233777404,
      0.03202356398105621,
      0.0023477626964449883,
      0.4429875910282135,
      0.009755535051226616,
      0.009504575282335281,
      0.003687974065542221,
      0.01193921733647585
    ],
    [
      0.005115271545946598,
      0.008063261397182941,
      0.016775619238615036,
      0.013848830945789814,
      0.046441614627838135,
      0.05807571858167648,
      0.0026014368049800396,
      0.004253666382282972,
      0.006250177510082722,
      0.0035941447131335735
    ]
  ],
  "matchingNumbers": {
    "model": "LSTM Base Model",
    "prediction": [
      9,
      1,
      0
    ],
    "matching_numbers": [
      0
    ],
    "match_count": 1
  },
  "labels": [
    0,
    1,
    2,
    3,
    4,
    5,
    6,
    7,
    8,
    9
  ],
  "numberFrequency": {
    "8": 0.3333333333333333,
    "5": 0.3333333333333333,
    "9": 0.16666666666666666,
    "1": 0.16666666666666666
  }
}