{"currentPredictionRaw": [[4.095103608155415e-26, 0.0, 3.7948151371788974e-18, 3.327881156601651e-29, 0.0, 1.0, 0.0, 0.0, 0.0, 0.0], [1.6403626408046673e-18, 1.4381434242777729e-24, 1.942573163958572e-14, 2.6528829224046775e-30, 0.0, 1.2240060468717846e-23, 1.0, 0.0, 1.5478364476122688e-32, 2.653113759733543e-24], [2.710251047543338e-27, 0.0, 5.907661896307782e-20, 1.0, 1.7677409274465625e-37, 5.389739765604418e-09, 0.0, 4.0264745499122867e-22, 1.6437129549300544e-19, 0.0]], "currentPrediction": [[5, 6, 3], [2, 0, 5], [8, 1, 7], [6, 2, 7], [9, 1, 8], [5, 4, 6], [0, 4, 7], [1, 5, 9]], "realResult": [0, 5, 9], "newPrediction": [[9, 0, 2], [2, 5, 8], [3, 4, 8], [0, 2, 4], [9, 8, 4], [5, 4, 6], [8, 9, 3], [1, 5, 8]], "newPredictionRaw": [[2.86141307340283e-22, 1.2422841423626307e-18, 2.9659517508662248e-08, 0.0, 7.172664490626051e-35, 2.270420571316594e-23, 5.59827825263705e-20, 5.280608844167951e-19, 1.1614726472196596e-15, 1.0], [0.9999958276748657, 6.5465534539768955e-18, 1.8495649456440333e-10, 3.4288308750998232e-15, 3.1527796612160945e-15, 4.132989488425665e-06, 4.734285186103193e-10, 3.121478553066992e-12, 2.0312960151540168e-17, 1.899037549435434e-08], [0.0, 0.0, 1.0, 0.0, 0.0, 0.0, 0.0, 0.0, 0.0, 9.168869137766415e-35]], "matchingNumbers": {"bestMatchIndex": 1, "bestMatchSequence": [2, 0, 5], "matchingNumbers": [0, 5]}, "labels": [0, 1, 2, 3, 4, 5, 6, 7, 8, 9], "numberFrequency": {"3": 0.09787234042553192, "2": 0.10098375657744223, "6": 0.10016014641958362, "8": 0.10066346373827499, "9": 0.10011439029970258, "0": 0.10203614733470602, "5": 0.0987874628231526, "4": 0.1013498055364905, "1": 0.10002287805994052, "7": 0.09800960878517502}}