{
  "currentPredictionRaw": [
    [
      0.26352977752685547,
      0.0004983650287613273,
      0.015383082441985607,
      0.0015650124987587333,
      0.0017333247233182192,
      0.0007665808079764247,
      0.00044633468496613204,
      0.0007594345370307565,
      0.005330100189894438,
      0.004528474994003773
    ],
    [
      0.24376718699932098,
      0.000681564153637737,
      0.002066326793283224,
      0.0028560867067426443,
      0.00011654460831778124,
      0.0034557681065052748,
      0.00068908795947209,
      0.0016702343709766865,
      0.0027021269779652357,
      0.0009646102553233504
    ],
    [
      0.003839084878563881,
      0.0005198915605433285,
      0.0007886175299063325,
      0.0038205489981919527,
      0.42341867089271545,
      0.0026210800278931856,
      0.0030410524923354387,
      0.007811309304088354,
      0.00031300008413381875,
      0.0003167511022184044
    ]
  ],
  "currentPrediction": [
    {
      "name": "LSTM Base Model",
      "predictions": [
        [
          0,
          0,
          4
        ],
        [
          0,
          2,
          8
        ]
      ]
    }
  ],
  "realResult": [
    9,
    0,
    7
  ],
  "newPrediction": [
    {
      "name": "LSTM Base Model",
      "predictions": [
        [
          9,
          0,
          7
        ],
        [
          9,
          2,
          1
        ]
      ]
    }
  ],
  "newPredictionRaw": [
    [
      0.0007138614892028272,
      0.0022948484402149916,
      0.006975457537919283,
      0.0006314701167866588,
      0.0008931978372856975,
      0.0016858043381944299,
      0.002000153996050358,
      0.0020896007772535086,
      0.0003626217949204147,
      0.12602435052394867
    ],
    [
      0.30662187933921814,
      0.0008695563883520663,
      0.0026119861286133528,
      0.001659848028793931,
      0.0008177186828106642,
      0.00016356955165974796,
      0.0008477265946567059,
      0.0015342258848249912,
      0.004588500130921602,
      0.00016145635163411498
    ],
    [
      0.0016525635728612542,
      0.00015835570229683071,
      0.0025740822311490774,
      0.0014984176959842443,
      0.007296537049114704,
      0.0006019250140525401,
      0.007283060345798731,
      0.5149369835853577,
      0.00017067328735720366,
      0.0002795055042952299
    ]
  ],
  "matchingNumbers": {
    "model": "LSTM Base Model",
    "prediction": [
      0,
      0,
      4
    ],
    "matching_numbers": [
      0
    ],
    "match_count": 1
  },
  "labels": [
    0,
    1,
    2,
    3,
    4,
    5,
    6,
    7,
    8,
    9
  ],
  "numberFrequency": {
    "9": 0.3333333333333333,
    "0": 0.16666666666666666,
    "7": 0.16666666666666666,
    "2": 0.16666666666666666,
    "1": 0.16666666666666666
  }
}