{"currentPredictionRaw": [[0.10239867120981216, 0.09970682114362717, 0.10090623050928116, 0.09908448159694672, 0.10220742225646973, 0.09915012866258621, 0.09827548265457153, 0.09721112251281738, 0.10079909861087799, 0.10026057809591293], [0.10239867120981216, 0.09970682114362717, 0.10090623050928116, 0.09908448159694672, 0.10220742225646973, 0.09915012866258621, 0.09827548265457153, 0.09721112251281738, 0.10079909861087799, 0.10026057809591293], [0.10239867120981216, 0.09970682114362717, 0.10090623050928116, 0.09908448159694672, 0.10220742225646973, 0.09915012866258621, 0.09827548265457153, 0.09721112251281738, 0.10079909861087799, 0.10026057809591293]], "currentPrediction": [[1, 0, 0], [5, 0, 0], [3, 0, 0], [9, 0, 0], [10, 0, 0], [2, 0, 0], [6, 0, 0], [4, 0, 0], [7, 0, 0], [8, 0, 0]], "realResult": [0, 7, 3], "newPrediction": [[1, 0, 0], [5, 0, 0], [3, 0, 0], [9, 0, 0], [10, 0, 0], [2, 0, 0], [6, 0, 0], [4, 0, 0], [7, 0, 0], [8, 0, 0]], "newPredictionRaw": [[0.10239741206169128, 0.09970711916685104, 0.10091173648834229, 0.09908353537321091, 0.10221516340970993, 0.0991520881652832, 0.09826359897851944, 0.09719537198543549, 0.10080629587173462, 0.10026776045560837], [0.10239741206169128, 0.09970711916685104, 0.10091173648834229, 0.09908353537321091, 0.10221516340970993, 0.0991520881652832, 0.09826359897851944, 0.09719537198543549, 0.10080629587173462, 0.10026776045560837], [0.10239741206169128, 0.09970711916685104, 0.10091173648834229, 0.09908353537321091, 0.10221516340970993, 0.0991520881652832, 0.09826359897851944, 0.09719537198543549, 0.10080629587173462, 0.10026776045560837]], "matchingNumbers": {"bestMatchIndex": 2, "bestMatchSequence": [3, 0, 0], "matchingNumbers": [0, 3]}}