{"currentPredictionRaw": [[4.114529649799048e-29, 2.6612476870628565e-13, 3.892548077515686e-19, 8.835242383527589e-16, 1.0177868695749016e-32, 4.703390454885437e-13, 5.75093887754833e-22, 2.4056895822831235e-18, 1.0, 1.2300034645557933e-28], [0.0, 1.0, 0.0, 0.0, 0.0, 0.0, 0.0, 0.0, 1.879318979077696e-29, 0.0], [0.0, 1.0, 0.0, 0.0, 0.0, 0.0, 0.0, 0.0, 3.124882460474533e-30, 0.0]], "currentPrediction": [[8, 1, 1], [5, 8, 8], [1, 9, 9], [3, 7, 7], [7, 5, 5], [2, 6, 6], [6, 4, 4], [9, 3, 3], [0, 2, 2], [4, 0, 0]], "realResult": [7, 1, 0], "newPrediction": [[7, 0, 4], [2, 3, 0], [8, 4, 5], [1, 2, 9], [0, 8, 8], [6, 9, 6], [9, 5, 7], [3, 6, 3], [5, 7, 2], [4, 1, 1]], "newPredictionRaw": [[1.7239762491501506e-17, 3.342777714788331e-13, 0.0010645041475072503, 6.553720322070015e-25, 0.0, 2.361557482955643e-28, 2.9086608896490548e-18, 0.998778760433197, 0.00015663918748032302, 4.2845585340803986e-19], [1.0, 0.0, 2.9456959320871635e-30, 8.596450605267759e-20, 6.302506868187167e-20, 0.0, 0.0, 0.0, 0.0, 0.0], [9.499176201188675e-08, 0.0, 0.0, 0.0, 0.9999998807907104, 2.5043550132969328e-12, 0.0, 0.0, 0.0, 0.0]], "matchingNumbers": {"bestMatchIndex": 0, "bestMatchSequence": [8, 1, 1], "matchingNumbers": [1]}, "labels": [0, 1, 2, 3, 4, 5, 6, 7, 8, 9]}