{
  "currentPredictionRaw": [
    [
      0.008061569184064865,
      0.0036834736820310354,
      0.03888329863548279,
      0.02783130668103695,
      0.0006848875200375915,
      0.00178020098246634,
      0.12252401560544968,
      0.006355340592563152,
      0.036180637776851654,
      0.028565213084220886
    ],
    [
      0.00186431675683707,
      0.02414272166788578,
      0.02031407505273819,
      0.002269512740895152,
      0.09506309032440186,
      0.004937903489917517,
      0.24038206040859222,
      0.007552325259894133,
      0.02260511927306652,
      0.004078845493495464
    ],
    [
      0.028428196907043457,
      0.015345316380262375,
      0.06375196576118469,
      0.1412426233291626,
      0.014583335258066654,
      0.015931211411952972,
      0.0008176419069059193,
      0.0043008578941226006,
      0.002468761056661606,
      0.015370162203907967
    ]
  ],
  "currentPrediction": [
    {
      "name": "LSTM Base Model",
      "predictions": [
        [
          6,
          6,
          3
        ],
        [
          6,
          2,
          8
        ]
      ]
    }
  ],
  "realResult": [
    8,
    2,
    0
  ],
  "newPrediction": [
    {
      "name": "LSTM Base Model",
      "predictions": [
        [
          2,
          1,
          5
        ],
        [
          2,
          8,
          0
        ]
      ]
    }
  ],
  "newPredictionRaw": [
    [
      0.027102960273623466,
      0.00948319397866726,
      0.13975557684898376,
      0.008868350647389889,
      0.01658247783780098,
      0.009483935311436653,
      0.0031983123626559973,
      0.007643371820449829,
      0.042935408651828766,
      0.008124059066176414
    ],
    [
      0.07541579753160477,
      0.10563349723815918,
      0.002833411330357194,
      0.008532370440661907,
      0.015873922035098076,
      0.006564523559063673,
      0.00775443110615015,
      0.002709957305341959,
      0.002228063065558672,
      0.006321224849671125
    ],
    [
      0.0015267457347363234,
      0.021830573678016663,
      0.02151530608534813,
      0.01002374105155468,
      0.0033651331905275583,
      0.3515472710132599,
      0.06853213906288147,
      0.0036613221745938063,
      0.006884904578328133,
      0.00406804820522666
    ]
  ],
  "matchingNumbers": {
    "model": "LSTM Base Model",
    "prediction": [
      6,
      2,
      8
    ],
    "matching_numbers": [
      8,
      2
    ],
    "match_count": 2
  },
  "labels": [
    0,
    1,
    2,
    3,
    4,
    5,
    6,
    7,
    8,
    9
  ],
  "numberFrequency": {
    "2": 0.3333333333333333,
    "1": 0.16666666666666666,
    "5": 0.16666666666666666,
    "8": 0.16666666666666666,
    "0": 0.16666666666666666
  }
}