{"currentPredictionRaw": [[0.0, 0.0, 0.0, 2.274651146112477e-38, 4.459489823263672e-28, 0.0, 1.0, 0.0, 0.0, 4.566657340522869e-34], [0.0, 0.0, 0.0, 0.0, 8.003236189528293e-29, 0.0, 1.0, 0.0, 0.0, 3.1608186727609638e-34], [1.7128461255878222e-19, 1.2414080965738305e-25, 1.6249900125706007e-20, 1.0, 6.278209831352133e-13, 3.1696289977041206e-29, 7.967257123410888e-15, 1.9232846085711086e-36, 0.0, 2.0727753178427334e-17]], "currentPrediction": [[6, 6, 3], [4, 4, 4], [9, 9, 6], [3, 8, 9], [8, 7, 0], [7, 5, 2], [5, 3, 1], [2, 2, 5], [1, 1, 7], [0, 0, 8]], "realResult": [4, 6, 2], "newPrediction": [[9, 1, 3], [6, 2, 4], [3, 3, 6], [8, 8, 9], [7, 9, 2], [0, 5, 0], [4, 0, 1], [1, 7, 5], [2, 4, 7], [5, 6, 8]], "newPredictionRaw": [[2.6264911130876277e-14, 7.479630208313717e-16, 7.662364653360495e-20, 8.94482838492694e-12, 2.389286312472639e-14, 1.142170247652881e-23, 3.6764913602382876e-07, 2.633403410156991e-14, 3.502095260923127e-13, 0.9999996423721313], [7.926728358143009e-07, 0.9992699027061462, 0.0003705804410856217, 0.00023570669873151928, 7.881632768658164e-08, 2.9027416985627497e-06, 3.090598957311563e-11, 4.794040933120414e-07, 0.00011510753392940387, 4.327287570049521e-06], [3.593803010498152e-19, 1.7937969260540742e-24, 4.017321293582892e-19, 1.0, 2.980201805821703e-12, 2.667326691314813e-27, 2.907733326036957e-14, 1.6680889319542134e-34, 0.0, 3.884956648123496e-17]], "matchingNumbers": {"bestMatchIndex": 0, "bestMatchSequence": [6, 6, 3], "matchingNumbers": [6]}, "labels": [0, 1, 2, 3, 4, 5, 6, 7, 8, 9]}