{
  "currentPredictionRaw": [
    [
      0.0011258693411946297,
      0.0008227719808928668,
      9.05944689293392e-05,
      0.00021722227393183857,
      0.007918190211057663,
      0.8870694041252136,
      0.00047079892829060555,
      0.0009343283018097281,
      0.01678173616528511,
      9.018646960612386e-05
    ],
    [
      0.002091597765684128,
      0.001767808455042541,
      0.0011014096671715379,
      0.0032612255308777094,
      0.00018612442363519222,
      0.027902383357286453,
      0.0005806664703413844,
      0.00030713799060322344,
      0.0007814246928319335,
      0.010173661634325981
    ],
    [
      0.0029813058208674192,
      0.0018121461616829038,
      0.0003573079302441329,
      0.0011005827691406012,
      0.0003745335270650685,
      0.0013376163551583886,
      0.0009246726986020803,
      0.006910328287631273,
      0.0014106347225606441,
      0.01911630854010582
    ]
  ],
  "currentPrediction": [
    {
      "name": "LSTM Base Model",
      "predictions": [
        [
          5,
          5,
          9
        ],
        [
          5,
          8,
          4
        ]
      ]
    }
  ],
  "realResult": [
    6,
    0,
    3
  ],
  "newPrediction": [
    {
      "name": "LSTM Base Model",
      "predictions": [
        [
          8,
          0,
          8
        ],
        [
          8,
          2,
          1
        ]
      ]
    }
  ],
  "newPredictionRaw": [
    [
      0.019544482231140137,
      0.02677907608449459,
      0.04387516528367996,
      0.0027760029770433903,
      0.018827851861715317,
      0.006933812517672777,
      0.0025495141744613647,
      0.013632498681545258,
      0.11251217871904373,
      0.016989266499876976
    ],
    [
      0.24965712428092957,
      0.00037178670754656196,
      0.04329558461904526,
      0.0006547219818457961,
      0.05831484869122505,
      0.047456808388233185,
      0.032359033823013306,
      0.008027306757867336,
      0.008667879737913609,
      0.0247503612190485
    ],
    [
      0.003834003349766135,
      0.006635916884988546,
      0.002879330888390541,
      0.015095877461135387,
      0.011117649264633656,
      0.007668933365494013,
      0.009826169349253178,
      0.008739146403968334,
      0.114781454205513,
      0.08144621551036835
    ]
  ],
  "matchingNumbers": {
    "model": null,
    "prediction": null,
    "matching_numbers": [],
    "match_count": 0
  },
  "labels": [
    0,
    1,
    2,
    3,
    4,
    5,
    6,
    7,
    8,
    9
  ],
  "numberFrequency": {
    "8": 0.5,
    "0": 0.16666666666666666,
    "2": 0.16666666666666666,
    "1": 0.16666666666666666
  }
}