{"currentPredictionRaw": [], "currentPrediction": [], "realResult": [4, 0, 4], "newPrediction": [{"name": "LSTM Base Model", "predictions": [[4, 0, 4], [4, 1, 2]]}], "newPredictionRaw": [[0.00031726545421406627, 0.005459473934024572, 0.00538242980837822, 0.001833646441809833, 0.22771556675434113, 0.0013995451154187322, 0.00022728268231730908, 0.00027102380408905447, 0.0009357358794659376, 0.0011811163276433945], [0.478607714176178, 0.0061884126625955105, 0.014546612277626991, 0.0001342831237707287, 0.002003507688641548, 0.00022379164875019342, 0.0037358864210546017, 0.002016922691836953, 0.0003504334599711001, 0.0005066883168183267], [0.0038088522851467133, 0.0002295279991813004, 0.0003057932772208005, 0.0006337477243505418, 0.22911906242370605, 0.0037755751982331276, 0.0023939937818795443, 0.0035475045442581177, 0.0022153197787702084, 0.0009333215421065688]], "matchingNumbers": {"model": null, "prediction": null, "matching_numbers": [], "match_count": 0}, "labels": [0, 1, 2, 3, 4, 5, 6, 7, 8, 9], "numberFrequency": {"4": 0.5, "0": 0.16666666666666666, "1": 0.16666666666666666, "2": 0.16666666666666666}}