{"currentPredictionRaw": [[2.2635170445930192e-33, 1.3667524906753224e-18, 1.006519086826918e-12, 0.0, 0.0, 8.017501161421849e-30, 1.3533300376705776e-19, 1.115142928602483e-29, 6.940113840214379e-20, 1.0], [2.2563294645109932e-23, 0.9999960660934448, 7.314975705307525e-18, 4.1233790313032027e-20, 5.702524380029857e-16, 4.3211165715843105e-27, 1.5958475430011276e-08, 1.0005613958891102e-14, 2.7685839540936286e-06, 1.2092556289644563e-06], [2.359208570138774e-22, 1.8598067508653458e-29, 2.960301311496537e-26, 1.0, 7.55214929908634e-21, 1.9738005674341252e-10, 0.0, 3.9173309041018456e-10, 1.572908736953069e-15, 3.9581569680378225e-37]], "currentPrediction": [[9, 1, 3], [2, 8, 7], [3, 5, 1], [5, 1, 0], [5, 3, 1], [5, 4, 5], [8, 0, 2], [1, 5, 9]], "realResult": [6, 6, 5], "newPrediction": [[4, 6, 2], [7, 9, 5], [5, 4, 1], [3, 4, 1], [1, 4, 5], [5, 4, 5], [0, 8, 6], [1, 4, 9]], "newPredictionRaw": [[2.4764115202913217e-09, 8.802685869113702e-08, 6.822265090982451e-26, 3.079695076735334e-08, 0.9999929666519165, 8.054902692957724e-16, 3.6271882785147335e-20, 6.94971868142602e-06, 3.255330575414883e-13, 8.878228352688679e-15], [1.5819272703842396e-13, 1.61204514650968e-17, 5.103467019644536e-13, 2.5278314378352853e-35, 1.0627419527470126e-37, 1.3156788626927037e-23, 1.0, 0.0, 5.570936211456548e-31, 5.049469956747155e-12], [0.0, 0.0, 1.0, 0.0, 0.0, 3.1099360027840535e-29, 0.0, 0.0, 0.0, 1.3927154153566775e-18]], "matchingNumbers": {"bestMatchIndex": 2, "bestMatchSequence": [3, 5, 1], "matchingNumbers": [5]}, "labels": [0, 1, 2, 3, 4, 5, 6, 7, 8, 9], "numberFrequency": {"3": 0.09787234042553192, "2": 0.10098375657744223, "6": 0.10016014641958362, "8": 0.10066346373827499, "9": 0.10011439029970258, "0": 0.10203614733470602, "5": 0.0987874628231526, "4": 0.1013498055364905, "1": 0.10002287805994052, "7": 0.09800960878517502}}