{
  "currentPredictionRaw": [
    [
      0.12442067265510559,
      0.0030260663479566574,
      0.005781898275017738,
      0.0017132024513557553,
      0.039877526462078094,
      0.022987158969044685,
      0.0058358502574265,
      0.0049193003214895725,
      0.001892853295430541,
      0.0003631848667282611
    ],
    [
      0.09006433188915253,
      0.004315496888011694,
      0.002737483475357294,
      0.0052323173731565475,
      0.006657814607024193,
      0.046168599277734756,
      0.00021818533423356712,
      0.0003603616787586361,
      0.0036183386109769344,
      0.01481826975941658
    ],
    [
      0.000997764291241765,
      0.000948074331972748,
      0.05782068148255348,
      0.35895660519599915,
      0.1712140440940857,
      0.0035808300599455833,
      0.016590941697359085,
      0.002590930787846446,
      0.0012573180720210075,
      0.001033867010846734
    ]
  ],
  "currentPrediction": [
    {
      "name": "LSTM Base Model",
      "predictions": [
        [
          0,
          0,
          3
        ],
        [
          0,
          4,
          5
        ]
      ]
    }
  ],
  "realResult": [
    8,
    2,
    0
  ],
  "newPrediction": [
    {
      "name": "LSTM Base Model",
      "predictions": [
        [
          8,
          1,
          2
        ],
        [
          8,
          7,
          1
        ]
      ]
    }
  ],
  "newPredictionRaw": [
    [
      0.0006012279191054404,
      0.020337436348199844,
      0.01865820400416851,
      0.0037394710816442966,
      0.007509205956012011,
      0.002947855042293668,
      0.0014367102412506938,
      0.02307061292231083,
      0.20450708270072937,
      0.00014046432625036687
    ],
    [
      0.0006228298880159855,
      0.039896462112665176,
      0.0037040419410914183,
      0.01800054870545864,
      0.0003143477370031178,
      0.0006741384859196842,
      0.01992378570139408,
      0.01694084331393242,
      0.038547489792108536,
      0.007458546664565802
    ],
    [
      0.00014872950850985944,
      0.018765725195407867,
      0.4671674370765686,
      0.0019080289639532566,
      0.0031625551637262106,
      0.013723836280405521,
      0.0001732852979330346,
      0.055170938372612,
      0.004205792210996151,
      0.00654248520731926
    ]
  ],
  "matchingNumbers": {
    "model": "LSTM Base Model",
    "prediction": [
      0,
      0,
      3
    ],
    "matching_numbers": [
      0
    ],
    "match_count": 1
  },
  "labels": [
    0,
    1,
    2,
    3,
    4,
    5,
    6,
    7,
    8,
    9
  ],
  "numberFrequency": {
    "8": 0.3333333333333333,
    "1": 0.3333333333333333,
    "2": 0.16666666666666666,
    "7": 0.16666666666666666
  }
}