{"currentPredictionRaw": [[0.00010339299478800967, 6.531155122502241e-06, 0.0, 0.0007423078059218824, 5.585298625603357e-20, 2.673548882281551e-10, 0.0, 0.9991477727890015, 2.0319345151958693e-26, 0.0], [7.700870557109692e-19, 9.226624388247728e-05, 2.3449831124324052e-24, 0.9999077320098877, 4.356377174090898e-30, 5.436743126819942e-21, 0.0, 4.0247899088529794e-26, 6.685840769904416e-10, 1.2300129179754065e-19], [9.641455108067021e-05, 6.984746505622752e-06, 0.0, 0.0007045305101200938, 2.068949641113888e-20, 1.877893951451881e-10, 0.0, 0.9991920590400696, 1.324858764323646e-26, 0.0]], "currentPrediction": [[7, 3, 0], [3, 8, 0], [6, 2, 8], [1, 3, 8], [7, 2, 6], [3, 3, 4], [0, 3, 6], [1, 5, 9]], "realResult": [4, 9, 2], "newPrediction": [[4, 9, 2], [3, 8, 9], [3, 8, 1], [4, 3, 8], [1, 8, 3], [4, 3, 4], [0, 2, 3], [1, 5, 9]], "newPredictionRaw": [[7.984251055859204e-07, 4.910587453159365e-13, 3.49641204877571e-08, 8.902557624423935e-07, 0.9999980926513672, 2.9062849193906004e-07, 1.5545804643579686e-08, 2.805182530707384e-09, 6.815514819180635e-10, 7.408965801980472e-12], [0.0, 0.0, 3.292445488724233e-24, 0.0, 0.0, 0.0, 0.0, 0.0, 3.3819499308099027e-15, 1.0], [2.1551107882424785e-32, 7.032855665792842e-17, 0.9997996687889099, 7.421545474527169e-14, 1.7009471223669944e-26, 2.7755654949333313e-27, 2.5114301996360967e-19, 0.0, 2.7733815954888996e-07, 0.00020010689331684262]], "matchingNumbers": {"bestMatchIndex": 2, "bestMatchSequence": [6, 2, 8], "matchingNumbers": [2]}, "labels": [0, 1, 2, 3, 4, 5, 6, 7, 8, 9], "numberFrequency": {"6": 0.10009598244892362, "4": 0.10137574843457196, "1": 0.09995886466474702, "0": 0.10224416106769048, "5": 0.09872480460715755, "3": 0.09781068604598016, "2": 0.10096439508204214, "8": 0.10064445358563005, "7": 0.09808492161433338, "9": 0.10009598244892362}}