{
  "currentPredictionRaw": [
    [
      0.010524710640311241,
      0.003750795731320977,
      0.015899717807769775,
      0.009332150220870972,
      0.019912397488951683,
      0.0008261388866230845,
      0.01942279003560543,
      0.00486896513029933,
      0.0671289935708046,
      0.00403829850256443
    ],
    [
      0.0032069836743175983,
      0.0033085367176681757,
      0.002618190599605441,
      0.009002567268908024,
      0.013293142430484295,
      0.49737077951431274,
      0.03748057410120964,
      0.032834410667419434,
      0.001612901221960783,
      0.0029105280991643667
    ],
    [
      0.0546741709113121,
      0.0020955961663275957,
      0.04338105767965317,
      0.0013540434883907437,
      0.0046672215685248375,
      0.005358212161809206,
      0.012600407004356384,
      0.018599972128868103,
      0.09552164375782013,
      0.0024040546268224716
    ]
  ],
  "currentPrediction": [
    {
      "name": "LSTM Base Model",
      "predictions": [
        [
          8,
          5,
          8
        ],
        [
          8,
          4,
          6
        ]
      ]
    }
  ],
  "realResult": [
    1,
    0,
    4
  ],
  "newPrediction": [
    {
      "name": "LSTM Base Model",
      "predictions": [
        [
          2,
          0,
          4
        ],
        [
          2,
          1,
          6
        ]
      ]
    }
  ],
  "newPredictionRaw": [
    [
      0.00030489361961372197,
      0.029487159103155136,
      0.15852847695350647,
      0.0029160974081605673,
      0.003472430631518364,
      0.0018657005857676268,
      0.008476349525153637,
      0.0017727459780871868,
      0.0014399284264072776,
      0.0009148396202363074
    ],
    [
      0.21565790474414825,
      0.0018936294363811612,
      0.002009190618991852,
      0.002112363465130329,
      0.0008429682347923517,
      0.0018709131982177496,
      0.004298557993024588,
      0.02177426777780056,
      0.0030527301132678986,
      0.0009597783209756017
    ],
    [
      0.006192423403263092,
      0.008028212003409863,
      0.0006416750838980079,
      0.005176472943276167,
      0.5070874094963074,
      0.00033038854598999023,
      0.0012450643116608262,
      0.0015935326227918267,
      0.005551514215767384,
      0.0005023423582315445
    ]
  ],
  "matchingNumbers": {
    "model": "LSTM Base Model",
    "prediction": [
      8,
      4,
      6
    ],
    "matching_numbers": [
      4
    ],
    "match_count": 1
  },
  "labels": [
    0,
    1,
    2,
    3,
    4,
    5,
    6,
    7,
    8,
    9
  ],
  "numberFrequency": {
    "2": 0.3333333333333333,
    "0": 0.16666666666666666,
    "4": 0.16666666666666666,
    "1": 0.16666666666666666,
    "6": 0.16666666666666666
  }
}