{
  "currentPredictionRaw": [
    [
      0.00031325797317549586,
      0.003519548801705241,
      0.35962483286857605,
      0.009306228719651699,
      0.002427407307550311,
      0.00017527658201288432,
      0.004876240622252226,
      0.00937364250421524,
      0.0006213202723301947,
      0.00827433168888092
    ],
    [
      0.004145130515098572,
      0.018080446869134903,
      0.005049065686762333,
      0.009215055964887142,
      0.0002586094196885824,
      0.0006291851750575006,
      0.010134444572031498,
      0.00023405125830322504,
      0.37879282236099243,
      0.002260074485093355
    ],
    [
      0.009812525473535061,
      0.11860497295856476,
      0.0021974516566842794,
      0.0001797444128897041,
      0.014799491502344608,
      0.0018173750722780824,
      0.0063450951129198074,
      0.005254227202385664,
      0.007946315221488476,
      0.00573183735832572
    ]
  ],
  "currentPrediction": [
    {
      "name": "LSTM Base Model",
      "predictions": [
        [
          2,
          8,
          1
        ],
        [
          2,
          7,
          3
        ]
      ]
    }
  ],
  "realResult": [
    7,
    4,
    6
  ],
  "newPrediction": [
    {
      "name": "LSTM Base Model",
      "predictions": [
        [
          7,
          4,
          6
        ],
        [
          7,
          3,
          2
        ]
      ]
    }
  ],
  "newPredictionRaw": [
    [
      5.130093632033095e-05,
      0.0018713464960455894,
      0.0029331829864531755,
      0.004814332351088524,
      0.0020180661231279373,
      0.0013119082432240248,
      0.0013983187964186072,
      0.19323328137397766,
      5.7001721870619804e-05,
      0.0010686294408515096
    ],
    [
      0.0008888080483302474,
      0.018898453563451767,
      0.0016009605024009943,
      0.003709592157974839,
      0.41573265194892883,
      8.262872142950073e-05,
      0.0021089683286845684,
      8.038219675654545e-06,
      0.0007190168835222721,
      0.001653267303481698
    ],
    [
      0.0026745181530714035,
      0.001119869644753635,
      0.0003061487805098295,
      0.0026922523975372314,
      0.00024126566131599247,
      4.119622826692648e-05,
      0.31013622879981995,
      0.003424760652706027,
      0.02421136572957039,
      0.000992615707218647
    ]
  ],
  "matchingNumbers": {
    "model": "LSTM Base Model",
    "prediction": [
      2,
      7,
      3
    ],
    "matching_numbers": [
      7
    ],
    "match_count": 1
  },
  "labels": [
    0,
    1,
    2,
    3,
    4,
    5,
    6,
    7,
    8,
    9
  ],
  "numberFrequency": {
    "7": 0.3333333333333333,
    "4": 0.16666666666666666,
    "6": 0.16666666666666666,
    "3": 0.16666666666666666,
    "2": 0.16666666666666666
  }
}