{"currentPredictionRaw": [[1.5870035153054843e-33, 2.0614111041063092e-26, 2.134989511709877e-21, 2.5557406003495796e-17, 1.590916815435504e-21, 1.1572458215227538e-13, 0.0, 1.0, 6.506271910122763e-11, 2.1563360625616086e-21], [9.613433302367334e-21, 1.623519379067987e-15, 2.0583815413862533e-15, 4.021641034933187e-36, 0.0, 1.112135167697147e-29, 1.0, 0.0, 3.0016672629919623e-28, 1.4433437186048542e-15], [4.022560476423481e-29, 9.445045028846563e-24, 1.1054826215896528e-20, 1.52857429133995e-15, 2.7835891130795056e-18, 1.362384055396404e-12, 0.0, 1.0, 6.476902347785085e-11, 1.2693635799251733e-19]], "currentPrediction": [[7, 6, 8], [8, 2, 5], [3, 6, 7], [6, 7, 5], [6, 9, 7], [5, 4, 6], [2, 6, 7], [1, 5, 9]], "realResult": [8, 1, 1], "newPrediction": [[0, 7, 8], [5, 8, 2], [7, 0, 6], [6, 7, 2], [9, 7, 0], [5, 4, 5], [8, 1, 2], [1, 5, 9]], "newPredictionRaw": [[0.9999983310699463, 8.545394497545057e-21, 5.425238234460679e-14, 3.984706411130825e-15, 1.8243584876887273e-16, 1.723470859360532e-06, 3.95425248100878e-09, 3.1730685355225584e-16, 1.0233676819278415e-25, 1.63149854737199e-10], [4.8276601825638595e-26, 5.080144575201212e-22, 4.170634050240767e-19, 8.574361529729185e-16, 2.254504086006551e-17, 5.114415141393991e-11, 0.0, 1.0, 9.274333037656568e-12, 6.831693943498316e-17], [0.0, 7.240644366895615e-29, 2.121234800674091e-16, 2.153387182916387e-34, 0.0, 5.437836279156727e-32, 0.0, 1.0805692481747307e-15, 1.0, 3.3300214974378517e-25]], "matchingNumbers": {"bestMatchIndex": 0, "bestMatchSequence": [7, 6, 8], "matchingNumbers": [8]}, "labels": [0, 1, 2, 3, 4, 5, 6, 7, 8, 9], "numberFrequency": {"3": 0.09787234042553192, "2": 0.10098375657744223, "6": 0.10016014641958362, "8": 0.10066346373827499, "9": 0.10011439029970258, "0": 0.10203614733470602, "5": 0.0987874628231526, "4": 0.1013498055364905, "1": 0.10002287805994052, "7": 0.09800960878517502}}