{"currentPredictionRaw": [[0.10238206386566162, 0.09973377734422684, 0.10090325772762299, 0.09907729178667068, 0.10220461338758469, 0.09915860742330551, 0.09830430150032043, 0.09721281379461288, 0.10077585279941559, 0.10024740546941757], [0.10238206386566162, 0.09973377734422684, 0.10090325772762299, 0.09907729178667068, 0.10220461338758469, 0.09915860742330551, 0.09830430150032043, 0.09721281379461288, 0.10077585279941559, 0.10024740546941757], [0.10238206386566162, 0.09973377734422684, 0.10090325772762299, 0.09907729178667068, 0.10220461338758469, 0.09915860742330551, 0.09830430150032043, 0.09721281379461288, 0.10077585279941559, 0.10024740546941757]], "currentPrediction": [[1, 0, 0], [5, 0, 0], [3, 0, 0], [9, 0, 0], [10, 0, 0], [2, 0, 0], [6, 0, 0], [4, 0, 0], [7, 0, 0], [8, 0, 0]], "realResult": [8, 5, 7], "newPrediction": [[1, 0, 0], [5, 0, 0], [3, 0, 0], [9, 0, 0], [10, 0, 0], [2, 0, 0], [6, 0, 0], [4, 0, 0], [7, 0, 0], [8, 0, 0]], "newPredictionRaw": [[0.10239268839359283, 0.09971415996551514, 0.10090858489274979, 0.09907081723213196, 0.10220377892255783, 0.09915181249380112, 0.09829120337963104, 0.09720847010612488, 0.10079097747802734, 0.10026750713586807], [0.10239268839359283, 0.09971415996551514, 0.10090858489274979, 0.09907081723213196, 0.10220377892255783, 0.09915181249380112, 0.09829120337963104, 0.09720847010612488, 0.10079097747802734, 0.10026750713586807], [0.10239268839359283, 0.09971415996551514, 0.10090858489274979, 0.09907081723213196, 0.10220377892255783, 0.09915181249380112, 0.09829120337963104, 0.09720847010612488, 0.10079097747802734, 0.10026750713586807]], "matchingNumbers": {"bestMatchIndex": 1, "bestMatchSequence": [5, 0, 0], "matchingNumbers": [5]}}