{
  "currentPredictionRaw": [
    [
      0.0018590936670079827,
      0.0052249850705266,
      0.009543322958052158,
      0.0036804385017603636,
      0.01008638646453619,
      0.2142854779958725,
      0.0021136037539690733,
      0.0012541344622150064,
      0.0027194228023290634,
      0.001315142260864377
    ],
    [
      0.25507181882858276,
      0.01766444928944111,
      0.27224886417388916,
      0.0032302767504006624,
      0.00938930083066225,
      0.0006836438551545143,
      0.0003653855819720775,
      0.0019372468814253807,
      0.00044207696919329464,
      0.029537620022892952
    ],
    [
      0.0013573495671153069,
      0.08700022101402283,
      0.004697480238974094,
      0.022623980417847633,
      0.013503770343959332,
      0.003172822529450059,
      0.015557391569018364,
      0.0036935063544660807,
      0.00397525867447257,
      0.0017656083218753338
    ]
  ],
  "currentPrediction": [
    {
      "name": "LSTM Base Model",
      "predictions": [
        [
          5,
          2,
          1
        ],
        [
          5,
          4,
          2
        ]
      ]
    }
  ],
  "realResult": [
    0,
    0,
    4
  ],
  "newPrediction": [
    {
      "name": "LSTM Base Model",
      "predictions": [
        [
          8,
          7,
          6
        ],
        [
          8,
          1,
          9
        ]
      ]
    }
  ],
  "newPredictionRaw": [
    [
      0.005717790219932795,
      0.016945285722613335,
      0.006174147594720125,
      0.0042144604958593845,
      0.00016465123917441815,
      0.0015942268073558807,
      0.00018240860663354397,
      0.0007500086794607341,
      0.5603910684585571,
      0.006306841503828764
    ],
    [
      0.06285440921783447,
      0.04285397380590439,
      0.0009770998731255531,
      0.05017448216676712,
      0.0005230437382124364,
      0.0001619233371457085,
      0.00042014301288872957,
      0.09007412940263748,
      0.00302327168174088,
      0.004508113022893667
    ],
    [
      0.003727077506482601,
      0.004973632283508778,
      0.03253413736820221,
      0.004822184797376394,
      0.00018903515592683107,
      0.0028827155474573374,
      0.07094147801399231,
      0.018531084060668945,
      0.002081736922264099,
      0.0013054562732577324
    ]
  ],
  "matchingNumbers": {
    "model": "LSTM Base Model",
    "prediction": [
      5,
      4,
      2
    ],
    "matching_numbers": [
      4
    ],
    "match_count": 1
  },
  "labels": [
    0,
    1,
    2,
    3,
    4,
    5,
    6,
    7,
    8,
    9
  ],
  "numberFrequency": {
    "8": 0.3333333333333333,
    "7": 0.16666666666666666,
    "6": 0.16666666666666666,
    "1": 0.16666666666666666,
    "9": 0.16666666666666666
  }
}