{
  "currentPredictionRaw": [
    [
      0.0034889013040810823,
      0.004672745708376169,
      0.009819678030908108,
      0.00044016880565322936,
      0.0017707045190036297,
      0.24290689826011658,
      0.0008308723336085677,
      0.0010096264304593205,
      0.015966761857271194,
      0.003026416525244713
    ],
    [
      0.007640976458787918,
      0.009713414125144482,
      0.0002782715600915253,
      0.008860534057021141,
      0.002139877527952194,
      0.0009514894336462021,
      0.299309104681015,
      0.006983221508562565,
      0.04187972843647003,
      0.0022023275960236788
    ],
    [
      0.2363152652978897,
      0.008648625575006008,
      0.002215021289885044,
      0.0034592486917972565,
      0.050472985953092575,
      0.0005209214286878705,
      0.0062911915592849255,
      0.020404664799571037,
      0.0025646178983151913,
      0.00521573331207037
    ]
  ],
  "currentPrediction": [
    {
      "name": "LSTM Base Model",
      "predictions": [
        [
          5,
          6,
          0
        ],
        [
          5,
          8,
          2
        ]
      ]
    }
  ],
  "realResult": [
    6,
    5,
    2
  ],
  "newPrediction": [
    {
      "name": "LSTM Base Model",
      "predictions": [
        [
          6,
          5,
          2
        ],
        [
          6,
          3,
          8
        ]
      ]
    }
  ],
  "newPredictionRaw": [
    [
      0.0025386682245880365,
      0.0008700434118509293,
      0.00474741542711854,
      0.05311049520969391,
      0.007893716916441917,
      0.0009680691291578114,
      0.17696072161197662,
      0.00756265502423048,
      0.00878781359642744,
      0.006884152535349131
    ],
    [
      0.010125917382538319,
      0.0023328911047428846,
      0.0013179093366488814,
      0.031817734241485596,
      0.0017013110918924212,
      0.07851375639438629,
      0.0021869633346796036,
      0.010203900747001171,
      0.0014515125658363104,
      0.003437535837292671
    ],
    [
      0.0053940629586577415,
      0.0004578149819280952,
      0.5466110706329346,
      0.003084068652242422,
      0.011023767292499542,
      0.008173804730176926,
      0.0015031116781756282,
      0.0009572878479957581,
      0.004867637064307928,
      0.0045141843147575855
    ]
  ],
  "matchingNumbers": {
    "model": "LSTM Base Model",
    "prediction": [
      5,
      6,
      0
    ],
    "matching_numbers": [
      5,
      6
    ],
    "match_count": 2
  },
  "labels": [
    0,
    1,
    2,
    3,
    4,
    5,
    6,
    7,
    8,
    9
  ],
  "numberFrequency": {
    "6": 0.3333333333333333,
    "5": 0.16666666666666666,
    "2": 0.16666666666666666,
    "3": 0.16666666666666666,
    "8": 0.16666666666666666
  }
}