{
  "currentPredictionRaw": [
    [
      0.00395782757550478,
      0.04597151651978493,
      0.036904819309711456,
      0.01600470021367073,
      0.003103768453001976,
      0.02161332219839096,
      0.0025606860872358084,
      0.0019157429924234748,
      0.007147516589611769,
      0.027951158583164215
    ],
    [
      0.011228159070014954,
      0.022928884252905846,
      0.00615300377830863,
      0.0070884390734136105,
      0.020813416689634323,
      0.006298975087702274,
      0.0008763636578805745,
      0.011321836151182652,
      0.03485608100891113,
      0.11620460450649261
    ],
    [
      0.15021586418151855,
      0.02759905904531479,
      0.004562120418995619,
      0.03370155021548271,
      0.003921068273484707,
      0.019153932109475136,
      0.0027345456182956696,
      0.33935004472732544,
      0.0016502945218235254,
      0.012210696004331112
    ]
  ],
  "currentPrediction": [
    {
      "name": "LSTM Base Model",
      "predictions": [
        [
          1,
          9,
          7
        ],
        [
          1,
          2,
          9
        ]
      ]
    }
  ],
  "realResult": [
    5,
    6,
    0
  ],
  "newPrediction": [
    {
      "name": "LSTM Base Model",
      "predictions": [
        [
          5,
          3,
          0
        ],
        [
          5,
          9,
          8
        ]
      ]
    }
  ],
  "newPredictionRaw": [
    [
      0.003562906989827752,
      0.030549779534339905,
      0.0324331670999527,
      0.006377805024385452,
      0.004562821704894304,
      0.2877724766731262,
      0.0034743084106594324,
      0.009318278171122074,
      0.04385092854499817,
      0.05433395504951477
    ],
    [
      0.006168898195028305,
      0.004924220498651266,
      0.004317667800933123,
      0.10971061885356903,
      0.013772308826446533,
      0.02186044305562973,
      0.07253789901733398,
      0.01244072150439024,
      0.007409956306219101,
      0.02417282573878765
    ],
    [
      0.06358139216899872,
      0.01381902676075697,
      0.02390963025391102,
      0.0365782305598259,
      0.02813194878399372,
      0.046640053391456604,
      0.004975609015673399,
      0.015187084674835205,
      0.007733488921076059,
      0.005891553591936827
    ]
  ],
  "matchingNumbers": {
    "model": null,
    "prediction": null,
    "matching_numbers": [],
    "match_count": 0
  },
  "labels": [
    0,
    1,
    2,
    3,
    4,
    5,
    6,
    7,
    8,
    9
  ],
  "numberFrequency": {
    "5": 0.3333333333333333,
    "3": 0.16666666666666666,
    "0": 0.16666666666666666,
    "9": 0.16666666666666666,
    "8": 0.16666666666666666
  }
}