{"currentPredictionRaw": [[1.0, 0.0, 3.1934441446167518e-27, 3.33842981473134e-17, 5.939101873338065e-17, 0.0, 3.425636657425849e-33, 0.0, 0.0, 0.0], [2.046138978486089e-36, 0.0, 0.0, 5.727487499776625e-16, 4.683083382076101e-15, 1.0, 2.6416821069334323e-31, 0.0, 5.697373076382161e-23, 0.0], [0.0, 1.0, 0.0, 0.0, 0.0, 0.0, 0.0, 0.0, 6.081437364871768e-29, 0.0]], "currentPrediction": [[0, 5, 1], [4, 4, 8], [3, 3, 9], [2, 8, 7], [6, 6, 5], [9, 0, 6], [8, 9, 4], [7, 7, 3], [5, 2, 2], [1, 1, 0]], "realResult": [4, 0, 5], "newPrediction": [[4, 0, 4], [0, 3, 0], [5, 4, 5], [9, 2, 9], [8, 8, 8], [6, 9, 6], [7, 5, 7], [3, 6, 3], [2, 7, 2], [1, 1, 1]], "newPredictionRaw": [[9.644276843800981e-08, 0.0, 0.0, 0.0, 0.9999998807907104, 3.5652086751575274e-12, 0.0, 0.0, 0.0, 0.0], [1.0, 0.0, 6.957675830878667e-31, 1.8779588075542224e-20, 1.118432683378796e-20, 0.0, 0.0, 0.0, 0.0, 0.0], [8.893507441598558e-08, 0.0, 0.0, 0.0, 0.9999998807907104, 2.0435504417132266e-12, 0.0, 0.0, 0.0, 0.0]], "matchingNumbers": {"bestMatchIndex": 0, "bestMatchSequence": [0, 5, 1], "matchingNumbers": [0, 5]}, "labels": [0, 1, 2, 3, 4, 5, 6, 7, 8, 9]}