{
  "currentPredictionRaw": [
    [
      0.012283124029636383,
      0.002335182623937726,
      0.0028098137117922306,
      0.00025928515242412686,
      0.0006123592611402273,
      0.0008716540760360658,
      0.0017374376766383648,
      0.0037722366396337748,
      0.00114215980283916,
      0.24673691391944885
    ],
    [
      0.009881271049380302,
      0.0002442696422804147,
      0.0014395060716196895,
      0.0004316229315008968,
      0.004816009197384119,
      0.0016742232255637646,
      0.003244863823056221,
      0.0015251209260895848,
      0.001137293060310185,
      0.5632537007331848
    ],
    [
      0.0011074754875153303,
      0.0006593525176867843,
      0.01188611425459385,
      0.004195451270788908,
      0.0010652717901393771,
      0.11066913604736328,
      0.0004971096641384065,
      0.0029002041555941105,
      0.00048749209963716567,
      0.006324442103505135
    ]
  ],
  "currentPrediction": [
    {
      "name": "LSTM Base Model",
      "predictions": [
        [
          9,
          9,
          5
        ],
        [
          9,
          0,
          7
        ]
      ]
    }
  ],
  "realResult": [
    5,
    6,
    0
  ],
  "newPrediction": [
    {
      "name": "LSTM Base Model",
      "predictions": [
        [
          5,
          6,
          0
        ],
        [
          5,
          1,
          6
        ]
      ]
    }
  ],
  "newPredictionRaw": [
    [
      0.0013160479720681906,
      0.005807655863463879,
      0.004103013314306736,
      0.00046445164480246603,
      0.00013671511260326952,
      0.4746168553829193,
      0.004260869696736336,
      0.00047181922127492726,
      0.001445464906282723,
      0.001113720121793449
    ],
    [
      0.0014944854192435741,
      0.003362085437402129,
      0.0005984440795145929,
      0.0037356792017817497,
      0.0042509050108492374,
      0.003832899732515216,
      0.07892203330993652,
      0.0021782012190669775,
      0.00025839597219601274,
      0.0007082417141646147
    ],
    [
      0.3882662057876587,
      0.0006848526536487043,
      9.143288480117917e-05,
      0.004929469432681799,
      0.0004730009532067925,
      0.00012820324627682567,
      0.009077619761228561,
      0.0012756139039993286,
      0.001074686530046165,
      0.000920967198908329
    ]
  ],
  "matchingNumbers": {
    "model": "LSTM Base Model",
    "prediction": [
      9,
      9,
      5
    ],
    "matching_numbers": [
      5
    ],
    "match_count": 1
  },
  "labels": [
    0,
    1,
    2,
    3,
    4,
    5,
    6,
    7,
    8,
    9
  ],
  "numberFrequency": {
    "5": 0.3333333333333333,
    "6": 0.3333333333333333,
    "0": 0.16666666666666666,
    "1": 0.16666666666666666
  }
}