{"currentPredictionRaw": [[0.9996978044509888, 7.724368242696661e-36, 0.0, 2.5546110919094644e-05, 1.1289824897176004e-06, 0.0, 0.000274812919087708, 1.987827025749833e-36, 0.0, 7.843342473279336e-07], [0.0, 0.0, 1.8288969960992342e-17, 0.0, 4.121088033001187e-14, 1.0, 2.205840750644588e-27, 0.0, 0.0, 0.0], [2.6485251505511433e-14, 6.310840678737438e-16, 5.730532800356915e-20, 5.917235017943723e-12, 2.447178303912039e-14, 1.5376672402072457e-23, 4.906864319309534e-07, 4.1367655964153274e-14, 4.080323047755269e-13, 0.9999995231628418]], "currentPrediction": [[0, 5, 9], [6, 4, 6], [3, 2, 3], [4, 6, 8], [9, 9, 7], [1, 8, 0], [7, 7, 4], [8, 3, 1], [5, 1, 2], [2, 0, 5]], "realResult": [0, 0, 4], "newPrediction": [[3, 5, 7], [4, 4, 6], [6, 2, 5], [9, 6, 8], [2, 9, 4], [0, 8, 9], [1, 7, 0], [5, 3, 2], [7, 1, 1], [8, 0, 3]], "newPredictionRaw": [[2.1574736701640035e-19, 1.6048973783735954e-24, 3.5951055614689814e-19, 1.0, 1.6894324481042666e-12, 1.515987089039663e-27, 1.6738299385855165e-14, 8.300400365643226e-35, 0.0, 4.1827151988629843e-17], [0.0, 0.0, 1.4559996953006594e-18, 0.0, 1.0290117291039008e-15, 1.0, 5.637231177616935e-30, 0.0, 0.0, 0.0], [9.861099901936233e-20, 1.3150219908387006e-21, 3.813470968048809e-20, 7.592818953561293e-28, 4.3080765192195225e-13, 7.9158510857269e-09, 4.579200322041288e-06, 0.9999954700469971, 2.024429512914594e-10, 8.548750429777767e-16]], "matchingNumbers": {"bestMatchIndex": 0, "bestMatchSequence": [0, 5, 9], "matchingNumbers": [0]}, "labels": [0, 1, 2, 3, 4, 5, 6, 7, 8, 9]}