{
  "currentPredictionRaw": [
    [
      0.0078087239526212215,
      0.001339370384812355,
      0.03437083214521408,
      0.002591990167275071,
      0.0983010083436966,
      0.0005823916289955378,
      0.001418810454197228,
      0.007974410429596901,
      0.011231156066060066,
      0.004732869099825621
    ],
    [
      0.017434241250157356,
      0.00026562903076410294,
      0.0023055020719766617,
      0.015878817066550255,
      0.011215384118258953,
      0.4544183015823364,
      0.0035363088827580214,
      0.010369913652539253,
      0.005265571177005768,
      0.0008735379087738693
    ],
    [
      0.030797889456152916,
      0.00027324468828737736,
      0.00534141156822443,
      0.0003144571674056351,
      0.0334070585668087,
      0.0009416834218427539,
      0.04101850092411041,
      0.014070326462388039,
      0.1604897677898407,
      0.02143094874918461
    ]
  ],
  "currentPrediction": [
    {
      "name": "LSTM Base Model",
      "predictions": [
        [
          4,
          5,
          8
        ],
        [
          4,
          2,
          8
        ]
      ]
    }
  ],
  "realResult": [
    4,
    5,
    6
  ],
  "newPrediction": [
    {
      "name": "LSTM Base Model",
      "predictions": [
        [
          6,
          0,
          3
        ],
        [
          6,
          1,
          4
        ]
      ]
    }
  ],
  "newPredictionRaw": [
    [
      0.0027309672441333532,
      0.024959562346339226,
      0.004808217287063599,
      0.001544903265312314,
      0.023581035435199738,
      0.001115819439291954,
      0.16066406667232513,
      0.015193484723567963,
      0.0011353875743225217,
      0.01604076288640499
    ],
    [
      0.3372945785522461,
      0.004614345729351044,
      0.10990416258573532,
      0.0008022782858461142,
      0.0020407577976584435,
      0.04872212931513786,
      0.0018212533323094249,
      0.006064696703106165,
      0.0023804805241525173,
      0.0007680743001401424
    ],
    [
      0.0009683601092547178,
      0.005225854460150003,
      0.00410976679995656,
      0.18080668151378632,
      0.002865725662559271,
      0.010405462235212326,
      0.01804722100496292,
      0.00656290864571929,
      0.001049003447405994,
      0.003772028489038348
    ]
  ],
  "matchingNumbers": {
    "model": "LSTM Base Model",
    "prediction": [
      4,
      5,
      8
    ],
    "matching_numbers": [
      4,
      5
    ],
    "match_count": 2
  },
  "labels": [
    0,
    1,
    2,
    3,
    4,
    5,
    6,
    7,
    8,
    9
  ],
  "numberFrequency": {
    "6": 0.3333333333333333,
    "0": 0.16666666666666666,
    "3": 0.16666666666666666,
    "1": 0.16666666666666666,
    "4": 0.16666666666666666
  }
}