{
  "currentPredictionRaw": [
    [
      0.0002995896793436259,
      0.09288470447063446,
      0.02372797764837742,
      0.00207169889472425,
      0.013763836584985256,
      0.0020210088696330786,
      4.4110573071520776e-05,
      0.001434162724763155,
      0.0189908929169178,
      0.0024043808225542307
    ],
    [
      0.004012222867459059,
      0.02839328907430172,
      0.0026856837794184685,
      0.0017693263944238424,
      0.00019016962323803455,
      0.0049664354883134365,
      0.17004115879535675,
      0.0023888687137514353,
      0.005329165607690811,
      0.001973057398572564
    ],
    [
      0.00040555320447310805,
      0.013292151503264904,
      0.46619921922683716,
      0.00018397757958155125,
      0.0025876748841255903,
      0.0013726087054237723,
      0.051445409655570984,
      0.0004258685512468219,
      0.004774305038154125,
      0.07992144674062729
    ]
  ],
  "currentPrediction": [
    {
      "name": "LSTM Base Model",
      "predictions": [
        [
          1,
          6,
          2
        ],
        [
          1,
          2,
          8
        ]
      ]
    }
  ],
  "realResult": [
    5,
    4,
    4
  ],
  "newPrediction": [
    {
      "name": "LSTM Base Model",
      "predictions": [
        [
          8,
          1,
          2
        ],
        [
          8,
          2,
          9
        ]
      ]
    }
  ],
  "newPredictionRaw": [
    [
      0.0004273211816325784,
      0.007687903940677643,
      0.09013533592224121,
      0.002068230649456382,
      0.004284958355128765,
      0.0006861728616058826,
      0.0016405971255153418,
      0.005751869175583124,
      0.10597190260887146,
      0.047660306096076965
    ],
    [
      0.0035062527749687433,
      0.30595019459724426,
      0.0004892080323770642,
      0.05364315211772919,
      0.002892073942348361,
      0.0006886203773319721,
      0.018363744020462036,
      0.006824449170380831,
      0.02974601835012436,
      0.006453422363847494
    ],
    [
      0.002526114461943507,
      0.0065834252163767815,
      0.1919032782316208,
      0.005160708911716938,
      0.00507477018982172,
      0.009021895006299019,
      0.014895173721015453,
      0.00040331040509045124,
      0.002371403155848384,
      0.06718815863132477
    ]
  ],
  "matchingNumbers": {
    "model": null,
    "prediction": null,
    "matching_numbers": [],
    "match_count": 0
  },
  "labels": [
    0,
    1,
    2,
    3,
    4,
    5,
    6,
    7,
    8,
    9
  ],
  "numberFrequency": {
    "8": 0.3333333333333333,
    "1": 0.16666666666666666,
    "2": 0.3333333333333333,
    "9": 0.16666666666666666
  }
}