{
  "currentPredictionRaw": [
    [
      0.10236259549856186,
      0.004966591484844685,
      0.01326445210725069,
      0.0017589675262570381,
      0.026830272749066353,
      0.06338343024253845,
      0.006578173954039812,
      0.007141296751797199,
      0.0061671859584748745,
      0.002346416236832738
    ],
    [
      0.05839022994041443,
      0.01048186793923378,
      0.007823022082448006,
      0.004802766256034374,
      0.004530029837042093,
      0.036995477974414825,
      0.0008594681858085096,
      0.0013551695737987757,
      0.015834368765354156,
      0.01682623103260994
    ],
    [
      0.002021446358412504,
      0.003783736377954483,
      0.019739069044589996,
      0.34003230929374695,
      0.19283805787563324,
      0.0062924036756157875,
      0.03289339691400528,
      0.0041734399273991585,
      0.003994290251284838,
      0.001533834496513009
    ]
  ],
  "currentPrediction": [
    {
      "name": "LSTM Base Model",
      "predictions": [
        [
          0,
          0,
          3
        ],
        [
          0,
          5,
          4
        ]
      ]
    }
  ],
  "realResult": [
    8,
    2,
    0
  ],
  "newPrediction": [
    {
      "name": "LSTM Base Model",
      "predictions": [
        [
          8,
          8,
          2
        ],
        [
          8,
          2,
          7
        ]
      ]
    }
  ],
  "newPredictionRaw": [
    [
      0.001150290248915553,
      0.008146412670612335,
      0.03487587720155716,
      0.00902595929801464,
      0.009071333333849907,
      0.005234489217400551,
      0.006116913631558418,
      0.02179601415991783,
      0.06099919602274895,
      0.007594787050038576
    ],
    [
      0.005579774267971516,
      0.018644507974386215,
      0.029931340366601944,
      0.041430115699768066,
      0.0024445587769150734,
      0.0019463087664917111,
      0.017523370683193207,
      0.004851986188441515,
      0.08961611986160278,
      0.00454217242076993
    ],
    [
      0.005342766642570496,
      0.004932132549583912,
      0.49783018231391907,
      0.002415491733700037,
      0.002981998724862933,
      0.013991585932672024,
      0.002680831588804722,
      0.02309251017868519,
      0.014943955466151237,
      0.05126691609621048
    ]
  ],
  "matchingNumbers": {
    "model": "LSTM Base Model",
    "prediction": [
      0,
      0,
      3
    ],
    "matching_numbers": [
      0
    ],
    "match_count": 1
  },
  "labels": [
    0,
    1,
    2,
    3,
    4,
    5,
    6,
    7,
    8,
    9
  ],
  "numberFrequency": {
    "8": 0.5,
    "2": 0.3333333333333333,
    "7": 0.16666666666666666
  }
}