{
  "currentPredictionRaw": [
    [
      0.0042435890063643456,
      0.026668671518564224,
      0.0019039694452658296,
      0.0018697226187214255,
      0.011825351044535637,
      0.29078760743141174,
      0.0016590474406257272,
      0.0033695008605718613,
      0.001329877763055265,
      0.001007042359560728
    ],
    [
      0.010363425128161907,
      0.0011914821807295084,
      0.006293714512139559,
      0.0005986691103316844,
      0.007420435082167387,
      0.0068269590847194195,
      0.0011109065962955356,
      0.3518105745315552,
      0.016827505081892014,
      0.0028308334294706583
    ],
    [
      0.008620165288448334,
      0.0020331486593931913,
      0.004328148905187845,
      0.1901991218328476,
      0.004449011757969856,
      0.004484628327190876,
      0.001573139801621437,
      0.009228266775608063,
      0.02311863750219345,
      0.0020269022788852453
    ]
  ],
  "currentPrediction": [
    {
      "name": "LSTM Base Model",
      "predictions": [
        [
          5,
          7,
          3
        ],
        [
          5,
          1,
          4
        ]
      ]
    }
  ],
  "realResult": [
    3,
    7,
    2
  ],
  "newPrediction": [
    {
      "name": "LSTM Base Model",
      "predictions": [
        [
          6,
          7,
          0
        ],
        [
          6,
          3,
          0
        ]
      ]
    }
  ],
  "newPredictionRaw": [
    [
      0.04085281491279602,
      0.005778900813311338,
      0.009564312174916267,
      0.1309012472629547,
      0.0027200730983167887,
      0.006771998945623636,
      0.17959138751029968,
      0.00262749707326293,
      0.0014059144305065274,
      0.006011579651385546
    ],
    [
      0.017613133415579796,
      0.004038372542709112,
      0.004486716352403164,
      0.02803228236734867,
      0.002365101594477892,
      0.004856442101299763,
      0.012928142212331295,
      0.2164589762687683,
      0.017092499881982803,
      0.0038955779746174812
    ],
    [
      0.17255516350269318,
      0.021332310512661934,
      0.02876521460711956,
      0.004003586247563362,
      0.00961748231202364,
      0.025700807571411133,
      0.004680680111050606,
      0.028874404728412628,
      0.0013918394688516855,
      0.005085520446300507
    ]
  ],
  "matchingNumbers": {
    "model": "LSTM Base Model",
    "prediction": [
      5,
      7,
      3
    ],
    "matching_numbers": [
      3,
      7
    ],
    "match_count": 2
  },
  "labels": [
    0,
    1,
    2,
    3,
    4,
    5,
    6,
    7,
    8,
    9
  ],
  "numberFrequency": {
    "6": 0.3333333333333333,
    "7": 0.16666666666666666,
    "0": 0.3333333333333333,
    "3": 0.16666666666666666
  }
}