{"currentPredictionRaw": [[1.0, 1.2590777848020101e-33, 0.0, 8.916616114384459e-36, 1.3838532176957657e-36, 5.0931615695748444e-12, 2.042698098904134e-30, 2.716881743664428e-38, 4.259544383877767e-10, 7.43249502724784e-33], [1.0, 7.084125888780131e-35, 0.0, 4.703600106910838e-38, 0.0, 9.634527333921006e-13, 1.1755239103726134e-35, 0.0, 4.820290000484562e-11, 5.654677853918032e-37], [5.5120566685218364e-05, 2.2583988498747765e-11, 2.373319596404855e-10, 1.9815206542261876e-05, 0.9999109506607056, 6.668561127298744e-06, 2.035948354350836e-10, 7.380136594292708e-06, 1.0604266076352786e-10, 6.794529674135352e-14]], "currentPrediction": [[0, 8, 4], [8, 5, 0], [3, 2, 1], [1, 2, 8], [7, 9, 3], [5, 4, 4], [9, 5, 6], [1, 4, 9]], "realResult": [1, 5, 8], "newPrediction": [[1, 5, 8], [3, 0, 9], [0, 4, 1], [5, 6, 7], [6, 7, 1], [4, 3, 4], [0, 9, 4], [1, 5, 9]], "newPredictionRaw": [[0.0, 1.0, 0.0, 4.2298253116225537e-13, 0.0, 0.0, 0.0, 0.0, 0.0, 0.0], [7.204250381261034e-21, 0.0, 0.0, 0.0, 0.0, 1.0, 0.0, 0.0, 4.503474619611245e-36, 0.0], [1.3501585504450944e-27, 0.0, 0.0, 0.0, 0.0, 0.0, 0.0, 0.0, 1.0, 6.23694934675561e-28]], "matchingNumbers": {"bestMatchIndex": 1, "bestMatchSequence": [8, 5, 0], "matchingNumbers": [8, 5]}, "labels": [0, 1, 2, 3, 4, 5, 6, 7, 8, 9], "numberFrequency": {"6": 0.10012343985735839, "4": 0.10135783843094226, "1": 0.0999862844602935, "0": 0.10227220774470809, "5": 0.09875188588670965, "3": 0.09779179810725552, "2": 0.10094637223974763, "8": 0.10067206144561788, "7": 0.09802039043569698, "9": 0.1000777213916701}}