{
  "currentPredictionRaw": [
    [
      0.0005927467136643827,
      0.0041553545743227005,
      0.0012426329776644707,
      0.001892659580335021,
      0.0028913565911352634,
      0.003614638699218631,
      0.0016586114652454853,
      0.0007515137549489737,
      0.024686314165592194,
      0.0021726214326918125
    ],
    [
      0.001018854440189898,
      0.0009406827157363296,
      0.0014365793904289603,
      0.005263162311166525,
      0.001481911283917725,
      0.009263518266379833,
      0.7827783823013306,
      0.0005595670081675053,
      0.00038415059680119157,
      0.003611792577430606
    ],
    [
      0.0038675612304359674,
      0.000822578149382025,
      0.0015485367039218545,
      0.0008666536305099726,
      0.001594667905010283,
      0.011860063299536705,
      0.0019344697939231992,
      0.12155001610517502,
      0.005044089630246162,
      0.0005142795853316784
    ]
  ],
  "currentPrediction": [
    {
      "name": "LSTM Base Model",
      "predictions": [
        [
          8,
          6,
          7
        ],
        [
          8,
          1,
          5
        ]
      ]
    }
  ],
  "realResult": [
    6,
    2,
    2
  ],
  "newPrediction": [
    {
      "name": "LSTM Base Model",
      "predictions": [
        [
          6,
          7,
          7
        ],
        [
          6,
          8,
          3
        ]
      ]
    }
  ],
  "newPredictionRaw": [
    [
      0.0037109977565705776,
      0.0042177001014351845,
      0.006755023263394833,
      0.008639834821224213,
      0.008584916591644287,
      0.005197261460125446,
      0.06124697998166084,
      0.0043449681252241135,
      0.05620746687054634,
      0.005507584661245346
    ],
    [
      0.048964593559503555,
      0.010044137947261333,
      0.007954607717692852,
      0.0096913892775774,
      0.019607048481702805,
      0.012339575216174126,
      0.01541942823678255,
      0.16562196612358093,
      0.003544298931956291,
      0.0021231190767139196
    ],
    [
      0.002011022297665477,
      0.0060493662022054195,
      0.031683359295129776,
      0.00668475404381752,
      0.03254760056734085,
      0.010326890274882317,
      0.004992862232029438,
      0.43434521555900574,
      0.006312258075922728,
      0.005323763936758041
    ]
  ],
  "matchingNumbers": {
    "model": "LSTM Base Model",
    "prediction": [
      8,
      6,
      7
    ],
    "matching_numbers": [
      6
    ],
    "match_count": 1
  },
  "labels": [
    0,
    1,
    2,
    3,
    4,
    5,
    6,
    7,
    8,
    9
  ],
  "numberFrequency": {
    "6": 0.3333333333333333,
    "7": 0.3333333333333333,
    "8": 0.16666666666666666,
    "3": 0.16666666666666666
  }
}