{
  "currentPredictionRaw": [
    [
      0.003724236972630024,
      0.0014441446401178837,
      0.015023942105472088,
      0.05970986559987068,
      0.0013177396031096578,
      0.0007638016832061112,
      0.008073457516729832,
      0.0007237448589876294,
      0.007887003943324089,
      0.0003278613730799407
    ],
    [
      0.0012109320377930999,
      0.000444841047283262,
      0.7463948130607605,
      0.004820596892386675,
      0.0030836565420031548,
      0.0055329930037260056,
      0.004730650223791599,
      0.0025707995519042015,
      0.0006581363268196583,
      0.00116125144995749
    ],
    [
      0.020157916471362114,
      0.07434164732694626,
      0.0015936819836497307,
      0.00661635585129261,
      0.001598440227098763,
      0.018068447709083557,
      0.0013797917636111379,
      0.0016200992977246642,
      0.0005905397702008486,
      0.0044286237098276615
    ]
  ],
  "currentPrediction": [
    {
      "name": "LSTM Base Model",
      "predictions": [
        [
          3,
          2,
          1
        ],
        [
          3,
          2,
          6
        ]
      ]
    }
  ],
  "realResult": [
    7,
    9,
    4
  ],
  "newPrediction": [
    {
      "name": "LSTM Base Model",
      "predictions": [
        [
          4,
          2,
          7
        ],
        [
          4,
          3,
          9
        ]
      ]
    }
  ],
  "newPredictionRaw": [
    [
      0.010058271698653698,
      0.0008842675015330315,
      0.0034192665480077267,
      0.03637971729040146,
      0.06922305375337601,
      0.014079438522458076,
      0.002718812320381403,
      0.0060188365168869495,
      0.0036163590848445892,
      0.014317063614726067
    ],
    [
      0.012332177720963955,
      0.014125038869678974,
      0.37220498919487,
      0.005011360626667738,
      0.0018592809792608023,
      0.06548625975847244,
      0.01904362067580223,
      0.006564989220350981,
      0.0005636113928630948,
      0.005260908976197243
    ],
    [
      0.024149734526872635,
      0.008016427047550678,
      0.0007123401155695319,
      0.0952211543917656,
      0.007094271015375853,
      0.011039409786462784,
      0.0023793461732566357,
      0.17814679443836212,
      0.00786108523607254,
      0.0022121313959360123
    ]
  ],
  "matchingNumbers": {
    "model": null,
    "prediction": null,
    "matching_numbers": [],
    "match_count": 0
  },
  "labels": [
    0,
    1,
    2,
    3,
    4,
    5,
    6,
    7,
    8,
    9
  ],
  "numberFrequency": {
    "4": 0.3333333333333333,
    "2": 0.16666666666666666,
    "7": 0.16666666666666666,
    "3": 0.16666666666666666,
    "9": 0.16666666666666666
  }
}