{
  "currentPredictionRaw": [
    [
      0.001116379164159298,
      4.7867102693999186e-05,
      0.3797267973423004,
      0.002693716436624527,
      0.00021948579524178058,
      0.0005720930057577789,
      0.0004961413214914501,
      0.0003578498144634068,
      0.0013853084528818727,
      0.0006882595480419695
    ],
    [
      0.0008721883641555905,
      0.4967291057109833,
      0.0031183501705527306,
      0.00038153212517499924,
      0.0012268126010894775,
      0.00013083011435810477,
      0.0002460844989400357,
      0.0014544306322932243,
      0.0011552793439477682,
      0.00533669488504529
    ],
    [
      0.00020692049292847514,
      0.00474671320989728,
      0.00039572923560626805,
      0.005642409436404705,
      0.002233720850199461,
      0.08589927852153778,
      0.0015476015396416187,
      0.0009574333089403808,
      9.106529614655301e-05,
      0.00032391544664278626
    ]
  ],
  "currentPrediction": [
    {
      "name": "LSTM Base Model",
      "predictions": [
        [
          2,
          1,
          5
        ],
        [
          2,
          3,
          8
        ]
      ]
    }
  ],
  "realResult": [
    9,
    3,
    1
  ],
  "newPrediction": [
    {
      "name": "LSTM Base Model",
      "predictions": [
        [
          1,
          3,
          4
        ],
        [
          1,
          3,
          2
        ]
      ]
    }
  ],
  "newPredictionRaw": [
    [
      0.0008817706257104874,
      0.05273178964853287,
      0.006826645229011774,
      0.01102365367114544,
      0.0007717945845797658,
      0.0016993049066513777,
      0.0037706480361521244,
      0.002720760414376855,
      0.000719006871804595,
      0.005814741365611553
    ],
    [
      0.000986662576906383,
      0.0034430355299264193,
      0.002266179770231247,
      0.40750759840011597,
      0.0129398787394166,
      0.0003609848499763757,
      0.005030983593314886,
      0.0019212476909160614,
      0.006653567776083946,
      0.00031920254696160555
    ],
    [
      0.0008365220273844898,
      0.001150837866589427,
      0.0023137053940445185,
      0.00015562662156298757,
      0.4294258952140808,
      0.0012672491138800979,
      0.0006555491127073765,
      0.003593656700104475,
      0.013168010860681534,
      0.019043471664190292
    ]
  ],
  "matchingNumbers": {
    "model": "LSTM Base Model",
    "prediction": [
      2,
      1,
      5
    ],
    "matching_numbers": [
      1
    ],
    "match_count": 1
  },
  "labels": [
    0,
    1,
    2,
    3,
    4,
    5,
    6,
    7,
    8,
    9
  ],
  "numberFrequency": {
    "1": 0.3333333333333333,
    "3": 0.3333333333333333,
    "4": 0.16666666666666666,
    "2": 0.16666666666666666
  }
}