{"currentPredictionRaw": [], "currentPrediction": [], "realResult": [], "newPrediction": [[2, 1, 6], [3, 2, 4], [5, 3, 9], [1, 8, 3], [9, 9, 8], [8, 5, 7], [7, 0, 5], [6, 7, 2], [4, 4, 1], [0, 6, 0]], "newPredictionRaw": [[0.0, 7.04748312908375e-31, 1.0, 9.332883355028798e-10, 0.0, 1.2687062584204543e-25, 0.0, 0.0, 0.0, 0.0], [8.688321031513624e-07, 0.9993085861206055, 0.0003708737203851342, 0.0002107151667587459, 1.0934099492487803e-07, 3.0668759336549556e-06, 4.313175858139395e-11, 7.142497224776889e-07, 0.00010075496538775042, 4.3468457988637965e-06], [0.0, 0.0, 0.0, 3.805435165708795e-36, 1.4106002410013923e-26, 0.0, 1.0, 0.0, 0.0, 8.725873094358371e-33]], "matchingNumbers": [], "labels": [0, 1, 2, 3, 4, 5, 6, 7, 8, 9]}