{
  "currentPredictionRaw": [
    [
      0.0031080441549420357,
      9.72743218881078e-05,
      0.007352668326348066,
      0.015699289739131927,
      0.13873758912086487,
      0.010157938115298748,
      0.0006294359918683767,
      0.015386815182864666,
      0.03246799856424332,
      0.0015378575772047043
    ],
    [
      0.003884495934471488,
      0.014659689739346504,
      0.006269416771829128,
      0.00808086059987545,
      0.004239249974489212,
      0.45587649941444397,
      0.0013931969879195094,
      0.00407145032659173,
      0.0027260426431894302,
      0.0071486919187009335
    ],
    [
      0.0024137080181390047,
      0.010346726514399052,
      6.665112596238032e-05,
      0.028440693393349648,
      0.027803167700767517,
      0.002064330270513892,
      0.179407000541687,
      0.0008602101588621736,
      0.010101770982146263,
      0.004971236456185579
    ]
  ],
  "currentPrediction": [
    {
      "name": "LSTM Base Model",
      "predictions": [
        [
          4,
          5,
          6
        ],
        [
          4,
          8,
          3
        ]
      ]
    }
  ],
  "realResult": [
    0,
    0,
    4
  ],
  "newPrediction": [
    {
      "name": "LSTM Base Model",
      "predictions": [
        [
          0,
          0,
          4
        ],
        [
          0,
          5,
          1
        ]
      ]
    }
  ],
  "newPredictionRaw": [
    [
      0.024563737213611603,
      0.010708106681704521,
      0.008988081477582455,
      0.0007866475498303771,
      0.0038633078802376986,
      0.022023797035217285,
      0.0010510467691347003,
      0.010201402939856052,
      0.0017601678846403956,
      0.0012334034545347095
    ],
    [
      0.510480523109436,
      0.0011117506073787808,
      0.013998114503920078,
      0.0004682420112658292,
      0.023360705003142357,
      0.012811107560992241,
      0.0008028431911952794,
      0.0024267856497317553,
      0.004202253185212612,
      0.00452309800311923
    ],
    [
      0.006448294967412949,
      0.0002801694208756089,
      0.0007425733492709696,
      0.004219808615744114,
      0.290794312953949,
      0.009489737451076508,
      0.0029474832117557526,
      0.004814654588699341,
      0.0016093801241368055,
      0.019288524985313416
    ]
  ],
  "matchingNumbers": {
    "model": "LSTM Base Model",
    "prediction": [
      4,
      5,
      6
    ],
    "matching_numbers": [
      4
    ],
    "match_count": 1
  },
  "labels": [
    0,
    1,
    2,
    3,
    4,
    5,
    6,
    7,
    8,
    9
  ],
  "numberFrequency": {
    "0": 0.5,
    "4": 0.16666666666666666,
    "5": 0.16666666666666666,
    "1": 0.16666666666666666
  }
}