{"currentPredictionRaw": [[3.9449962360141224e-15, 2.798055778210022e-19, 1.9606547288497644e-12, 9.357068010343845e-33, 0.0, 2.6038870201345043e-21, 1.0, 0.0, 4.5957616145398094e-31, 1.3268591547753797e-14], [2.2904029238805194e-15, 4.1314897957032265e-19, 1.9381044078642384e-12, 7.927015215063207e-33, 0.0, 1.4890309235527198e-21, 1.0, 0.0, 7.514150154580535e-31, 1.4339380106486582e-14], [9.51458663002718e-16, 8.189351178969149e-26, 2.5134750482714646e-20, 0.9999998807907104, 4.502155890536774e-19, 1.612419282537303e-07, 4.677290919895928e-33, 2.651215080806679e-10, 3.5057664012428985e-16, 4.728336688611989e-30]], "currentPrediction": [[6, 2, 3], [2, 9, 5], [5, 4, 5], [0, 5, 6], [1, 5, 9]], "realResult": [4, 6, 2], "newPrediction": [[9, 1, 3], [2, 8, 7], [3, 5, 1], [5, 1, 0], [5, 3, 1], [5, 4, 5], [8, 0, 2], [1, 5, 9]], "newPredictionRaw": [[2.2635170445930192e-33, 1.3667524906753224e-18, 1.006519086826918e-12, 0.0, 0.0, 8.017501161421849e-30, 1.3533300376705776e-19, 1.115142928602483e-29, 6.940113840214379e-20, 1.0], [2.2563294645109932e-23, 0.9999960660934448, 7.314975705307525e-18, 4.1233790313032027e-20, 5.702524380029857e-16, 4.3211165715843105e-27, 1.5958475430011276e-08, 1.0005613958891102e-14, 2.7685839540936286e-06, 1.2092556289644563e-06], [2.359208570138774e-22, 1.8598067508653458e-29, 2.960301311496537e-26, 1.0, 7.55214929908634e-21, 1.9738005674341252e-10, 0.0, 3.9173309041018456e-10, 1.572908736953069e-15, 3.9581569680378225e-37]], "matchingNumbers": {"bestMatchIndex": 0, "bestMatchSequence": [6, 2, 3], "matchingNumbers": [2, 6]}, "labels": [0, 1, 2, 3, 4, 5, 6, 7, 8, 9], "numberFrequency": {"3": 0.09787234042553192, "2": 0.10098375657744223, "6": 0.10016014641958362, "8": 0.10066346373827499, "9": 0.10011439029970258, "0": 0.10203614733470602, "5": 0.0987874628231526, "4": 0.1013498055364905, "1": 0.10002287805994052, "7": 0.09800960878517502}}