{
  "currentPredictionRaw": [
    [
      0.018633808940649033,
      0.0010533523745834827,
      0.004859139211475849,
      0.003915540408343077,
      0.003633331274613738,
      0.2859004735946655,
      0.003609301522374153,
      0.0018632481805980206,
      0.004470365587621927,
      0.0059356726706027985
    ],
    [
      0.009386110119521618,
      0.006903391797095537,
      0.019453220069408417,
      0.005448611918836832,
      0.007675626315176487,
      0.0008555005770176649,
      0.00015567628724966198,
      0.005448575597256422,
      0.007727215066552162,
      0.35237258672714233
    ],
    [
      0.006787964142858982,
      0.0018916690023615956,
      0.009641928598284721,
      0.0018293143948540092,
      0.0038185734301805496,
      0.0021887857001274824,
      0.0016801322344690561,
      0.21666985750198364,
      0.003712000325322151,
      0.0024790000170469284
    ]
  ],
  "currentPrediction": [
    {
      "name": "LSTM Base Model",
      "predictions": [
        [
          5,
          9,
          7
        ],
        [
          5,
          0,
          9
        ]
      ]
    }
  ],
  "realResult": [
    4,
    1,
    3
  ],
  "newPrediction": [
    {
      "name": "LSTM Base Model",
      "predictions": [
        [
          4,
          1,
          3
        ],
        [
          4,
          6,
          3
        ]
      ]
    }
  ],
  "newPredictionRaw": [
    [
      0.0038240456487983465,
      3.206990731996484e-05,
      0.0009365321602672338,
      0.003918134607374668,
      0.4175505042076111,
      0.00035991324693895876,
      0.004251568112522364,
      0.002907535759732127,
      0.0024953430984169245,
      0.00042301122448407114
    ],
    [
      0.00047469514538533986,
      0.07748943567276001,
      0.0011294168652966619,
      0.000912135059479624,
      0.00024326718994416296,
      0.0008122122380882502,
      0.0005760633503086865,
      0.0005282794591039419,
      0.0023624023888260126,
      0.00045159016735851765
    ],
    [
      0.0010010130936279893,
      0.001084931311197579,
      0.0004039357299916446,
      0.4650125503540039,
      0.001143555506132543,
      0.0014469412853941321,
      0.0011706998338922858,
      3.3719479688443244e-05,
      0.002461338182911277,
      0.004563148599117994
    ]
  ],
  "matchingNumbers": {
    "model": null,
    "prediction": null,
    "matching_numbers": [],
    "match_count": 0
  },
  "labels": [
    0,
    1,
    2,
    3,
    4,
    5,
    6,
    7,
    8,
    9
  ],
  "numberFrequency": {
    "4": 0.3333333333333333,
    "1": 0.16666666666666666,
    "3": 0.3333333333333333,
    "6": 0.16666666666666666
  }
}