{
  "currentPredictionRaw": [
    [
      0.0038838970940560102,
      0.05445156618952751,
      0.0006832813960500062,
      0.0009485577465966344,
      0.2927187979221344,
      0.0035469424910843372,
      0.0031236589420586824,
      0.0027064215391874313,
      0.14152118563652039,
      0.0006948620430193841
    ],
    [
      0.019120175391435623,
      0.029962319880723953,
      0.0034330133348703384,
      0.018999462947249413,
      0.020879561081528664,
      0.002098656026646495,
      0.09126314520835876,
      0.00667463568970561,
      0.0016912923892959952,
      0.0025930097326636314
    ],
    [
      0.2183254063129425,
      0.0109695540741086,
      0.009346562437713146,
      0.023062938824295998,
      0.0075619881972670555,
      0.0035426628310233355,
      0.006603727117180824,
      0.011422940529882908,
      9.285184933105484e-05,
      0.008076873607933521
    ]
  ],
  "currentPrediction": [
    {
      "name": "LSTM Base Model",
      "predictions": [
        [
          4,
          6,
          0
        ],
        [
          4,
          8,
          1
        ]
      ]
    }
  ],
  "realResult": [
    3,
    2,
    5
  ],
  "newPrediction": [
    {
      "name": "LSTM Base Model",
      "predictions": [
        [
          0,
          5,
          0
        ],
        [
          0,
          5,
          7
        ]
      ]
    }
  ],
  "newPredictionRaw": [
    [
      0.23073050379753113,
      0.002980476478114724,
      0.008078102022409439,
      0.009036457166075706,
      0.00586468493565917,
      0.018903853371739388,
      0.0030881394632160664,
      0.01704399473965168,
      0.0005741611821576953,
      0.012607038021087646
    ],
    [
      0.0003024641773663461,
      0.005999369081109762,
      0.00809856504201889,
      0.0062578413635492325,
      0.001705549075268209,
      0.4059341549873352,
      0.0021595873404294252,
      0.02478673681616783,
      0.02038377895951271,
      0.018334414809942245
    ],
    [
      0.049238789826631546,
      0.0010615176288411021,
      0.039354074746370316,
      0.013839212246239185,
      0.0006736653740517795,
      0.04568515717983246,
      0.011752696707844734,
      0.02781125344336033,
      0.0004946218687109649,
      0.007219132501631975
    ]
  ],
  "matchingNumbers": {
    "model": null,
    "prediction": null,
    "matching_numbers": [],
    "match_count": 0
  },
  "labels": [
    0,
    1,
    2,
    3,
    4,
    5,
    6,
    7,
    8,
    9
  ],
  "numberFrequency": {
    "0": 0.5,
    "5": 0.3333333333333333,
    "7": 0.16666666666666666
  }
}