{
  "currentPredictionRaw": [
    [
      0.29160410165786743,
      0.0002663146879058331,
      0.009874599985778332,
      0.000911859970074147,
      0.001953373197466135,
      0.0007405274664051831,
      0.0007902203360572457,
      0.003131732577458024,
      0.005208955146372318,
      0.00013842576299794018
    ],
    [
      0.2672271728515625,
      0.0004311406519263983,
      0.0024687463883310556,
      0.0001166538568213582,
      0.00033917580731213093,
      0.0006453435635194182,
      0.0010763847967609763,
      0.003794608172029257,
      0.0014575532404705882,
      0.004371146205812693
    ],
    [
      0.0002626667555887252,
      0.0029214047826826572,
      0.0006194887682795525,
      0.005612227134406567,
      0.3876371681690216,
      0.0029418207705020905,
      0.0019149037543684244,
      0.0008303429931402206,
      0.00037474444252438843,
      0.0003372002101968974
    ]
  ],
  "currentPrediction": [
    {
      "name": "LSTM Base Model",
      "predictions": [
        [
          0,
          0,
          4
        ],
        [
          0,
          2,
          8
        ]
      ]
    }
  ],
  "realResult": [
    2,
    0,
    3
  ],
  "newPrediction": [
    {
      "name": "LSTM Base Model",
      "predictions": [
        [
          2,
          0,
          3
        ],
        [
          2,
          3,
          0
        ]
      ]
    }
  ],
  "newPredictionRaw": [
    [
      0.004315935540944338,
      0.0003959099412895739,
      0.27255645394325256,
      0.016732197254896164,
      0.00104222958907485,
      0.0024655144661664963,
      0.003479989478364587,
      0.0005836517666466534,
      0.0030396156944334507,
      0.0005701837362721562
    ],
    [
      0.2970147728919983,
      0.007911572232842445,
      0.0010065415408462286,
      0.00020846797269769013,
      0.0005183342145755887,
      0.004297582432627678,
      0.0002887809241656214,
      0.0028729145415127277,
      0.0011638686992228031,
      0.007850902155041695
    ],
    [
      0.0004214982036501169,
      0.000385221210308373,
      0.002402022946625948,
      0.35305652022361755,
      0.003744132351130247,
      0.0021276818588376045,
      0.0036741995718330145,
      0.000781637558247894,
      0.0007334375404752791,
      0.004358215257525444
    ]
  ],
  "matchingNumbers": {
    "model": "LSTM Base Model",
    "prediction": [
      0,
      2,
      8
    ],
    "matching_numbers": [
      0,
      2
    ],
    "match_count": 2
  },
  "labels": [
    0,
    1,
    2,
    3,
    4,
    5,
    6,
    7,
    8,
    9
  ],
  "numberFrequency": {
    "2": 0.3333333333333333,
    "0": 0.3333333333333333,
    "3": 0.3333333333333333
  }
}