{
  "currentPredictionRaw": [
    [
      0.010022212751209736,
      0.021454043686389923,
      0.00709307799115777,
      0.006100589409470558,
      0.02398514561355114,
      0.0015654555754736066,
      0.0020017786882817745,
      0.0025261957198381424,
      0.010732216760516167,
      0.17100898921489716
    ],
    [
      0.002633718540892005,
      0.01754375733435154,
      0.009741370566189289,
      0.46635207533836365,
      0.0023670520167797804,
      0.0024892115034163,
      0.025108013302087784,
      0.0034463517367839813,
      0.020291533321142197,
      0.004390600603073835
    ],
    [
      0.010595787316560745,
      0.09734971821308136,
      0.041950177401304245,
      0.0019484249642118812,
      0.00961411651223898,
      0.002522348891943693,
      0.007558078039437532,
      0.005246804095804691,
      0.005586463958024979,
      0.00677466532215476
    ]
  ],
  "currentPrediction": [
    {
      "name": "LSTM Base Model",
      "predictions": [
        [
          9,
          3,
          1
        ],
        [
          9,
          4,
          1
        ]
      ]
    }
  ],
  "realResult": [
    8,
    4,
    3
  ],
  "newPrediction": [
    {
      "name": "LSTM Base Model",
      "predictions": [
        [
          8,
          4,
          3
        ],
        [
          8,
          5,
          0
        ]
      ]
    }
  ],
  "newPredictionRaw": [
    [
      0.012121198698878288,
      0.0029746585059911013,
      0.004743641242384911,
      0.004469909705221653,
      0.0049149454571306705,
      0.13122960925102234,
      0.010726102627813816,
      0.008238975889980793,
      0.1696544736623764,
      0.002538993488997221
    ],
    [
      0.001196941826492548,
      0.004039274528622627,
      0.01958261802792549,
      0.005248361732810736,
      0.06997865438461304,
      0.013671193271875381,
      0.008160922676324844,
      0.0034697323571890593,
      0.046971395611763,
      0.042393431067466736
    ],
    [
      0.008638101629912853,
      0.006975778844207525,
      0.00790414959192276,
      0.33240652084350586,
      0.0004143433761782944,
      0.028848325833678246,
      0.004943493753671646,
      0.006456310860812664,
      0.016365911811590195,
      0.020722119137644768
    ]
  ],
  "matchingNumbers": {
    "model": "LSTM Base Model",
    "prediction": [
      9,
      3,
      1
    ],
    "matching_numbers": [
      3
    ],
    "match_count": 1
  },
  "labels": [
    0,
    1,
    2,
    3,
    4,
    5,
    6,
    7,
    8,
    9
  ],
  "numberFrequency": {
    "8": 0.3333333333333333,
    "4": 0.16666666666666666,
    "3": 0.16666666666666666,
    "5": 0.16666666666666666,
    "0": 0.16666666666666666
  }
}