{
  "currentPredictionRaw": [
    [
      0.011805914342403412,
      0.00048273394349962473,
      0.07683679461479187,
      0.001874070381745696,
      0.014173132367432117,
      0.0026389993727207184,
      0.004682697355747223,
      0.0015814837533980608,
      0.018128585070371628,
      0.00035151708289049566
    ],
    [
      0.023394251242280006,
      0.002971334382891655,
      0.002221203874796629,
      0.0007097177440300584,
      0.006191827356815338,
      0.02602345682680607,
      0.0009532789117656648,
      0.005357659887522459,
      0.016833201050758362,
      0.0038406113162636757
    ],
    [
      0.00603821873664856,
      9.015625983010978e-05,
      0.0008203483885154128,
      0.0006366020534187555,
      0.04380352422595024,
      0.001221757149323821,
      0.012456044554710388,
      0.6435501575469971,
      0.05678010359406471,
      0.013550637289881706
    ]
  ],
  "currentPrediction": [
    {
      "name": "LSTM Base Model",
      "predictions": [
        [
          2,
          5,
          7
        ],
        [
          2,
          8,
          4
        ]
      ]
    }
  ],
  "realResult": [
    4,
    5,
    6
  ],
  "newPrediction": [
    {
      "name": "LSTM Base Model",
      "predictions": [
        [
          6,
          0,
          3
        ],
        [
          6,
          1,
          2
        ]
      ]
    }
  ],
  "newPredictionRaw": [
    [
      0.0011965868761762977,
      0.01779642142355442,
      0.015910161659121513,
      0.00037358017289079726,
      0.0013729216298088431,
      0.0005099230911582708,
      0.41524967551231384,
      0.005839278921484947,
      0.0012762139085680246,
      0.011211511678993702
    ],
    [
      0.35350826382637024,
      0.0036606318317353725,
      0.025754697620868683,
      0.00218430464155972,
      0.0014698869781568646,
      0.0004147333384025842,
      0.002229225356131792,
      0.02448645792901516,
      0.005952268373221159,
      0.00018702741363085806
    ],
    [
      0.006323669571429491,
      0.005817767232656479,
      0.0015392513014376163,
      0.08633769303560257,
      0.0013084671227261424,
      0.0018250695429742336,
      0.003017829265445471,
      0.0012396584497764707,
      0.0006847278564237058,
      0.0013222285779193044
    ]
  ],
  "matchingNumbers": {
    "model": "LSTM Base Model",
    "prediction": [
      2,
      5,
      7
    ],
    "matching_numbers": [
      5
    ],
    "match_count": 1
  },
  "labels": [
    0,
    1,
    2,
    3,
    4,
    5,
    6,
    7,
    8,
    9
  ],
  "numberFrequency": {
    "6": 0.3333333333333333,
    "0": 0.16666666666666666,
    "3": 0.16666666666666666,
    "1": 0.16666666666666666,
    "2": 0.16666666666666666
  }
}