{
  "currentPredictionRaw": [
    [
      0.0038240456487983465,
      3.206990731996484e-05,
      0.0009365321602672338,
      0.003918134607374668,
      0.4175505042076111,
      0.00035991324693895876,
      0.004251568112522364,
      0.002907535759732127,
      0.0024953430984169245,
      0.00042301122448407114
    ],
    [
      0.00047469514538533986,
      0.07748943567276001,
      0.0011294168652966619,
      0.000912135059479624,
      0.00024326718994416296,
      0.0008122122380882502,
      0.0005760633503086865,
      0.0005282794591039419,
      0.0023624023888260126,
      0.00045159016735851765
    ],
    [
      0.0010010130936279893,
      0.001084931311197579,
      0.0004039357299916446,
      0.4650125503540039,
      0.001143555506132543,
      0.0014469412853941321,
      0.0011706998338922858,
      3.3719479688443244e-05,
      0.002461338182911277,
      0.004563148599117994
    ]
  ],
  "currentPrediction": [
    {
      "name": "LSTM Base Model",
      "predictions": [
        [
          4,
          1,
          3
        ],
        [
          4,
          6,
          3
        ]
      ]
    }
  ],
  "realResult": [
    2,
    2,
    9
  ],
  "newPrediction": [
    {
      "name": "LSTM Base Model",
      "predictions": [
        [
          2,
          2,
          9
        ],
        [
          2,
          7,
          4
        ]
      ]
    }
  ],
  "newPredictionRaw": [
    [
      0.00015697252820245922,
      0.0008448678418062627,
      0.1725139319896698,
      0.0022902339696884155,
      0.005272591020911932,
      0.0008949392940849066,
      0.001102436101064086,
      0.0077787237241864204,
      0.00043685935088433325,
      0.0007606322760693729
    ],
    [
      0.003949631005525589,
      0.0006416636169888079,
      0.699486494064331,
      0.0006874529062770307,
      5.008805965189822e-05,
      0.0037987027317285538,
      0.00012753892224282026,
      0.0002747779944911599,
      0.0012559664901345968,
      0.0020913779735565186
    ],
    [
      0.0035007961560040712,
      0.0012683712411671877,
      0.00043031724635511637,
      0.0007482230430468917,
      0.0012783153215423226,
      0.008506236597895622,
      0.0005064756260253489,
      0.00041417183820158243,
      0.0007265462772920728,
      0.0782046914100647
    ]
  ],
  "matchingNumbers": {
    "model": null,
    "prediction": null,
    "matching_numbers": [],
    "match_count": 0
  },
  "labels": [
    0,
    1,
    2,
    3,
    4,
    5,
    6,
    7,
    8,
    9
  ],
  "numberFrequency": {
    "2": 0.5,
    "9": 0.16666666666666666,
    "7": 0.16666666666666666,
    "4": 0.16666666666666666
  }
}