{
  "currentPredictionRaw": [
    [
      0.0018242578953504562,
      0.0005598257412202656,
      0.12434087693691254,
      0.11574581265449524,
      0.0014571353094652295,
      0.006482299417257309,
      0.0022655348293483257,
      0.007912526838481426,
      0.013008281588554382,
      0.008673873730003834
    ],
    [
      0.003005386097356677,
      0.052973486483097076,
      0.009203280322253704,
      0.0029624600429087877,
      0.20053409039974213,
      0.006720936391502619,
      0.018658172339200974,
      0.00265106069855392,
      0.0024241656064987183,
      0.011113809421658516
    ],
    [
      0.001224197680130601,
      0.007716170512139797,
      0.014695147052407265,
      0.00695296935737133,
      0.025313876569271088,
      0.07800233364105225,
      0.0035028273705393076,
      0.2634091079235077,
      0.003061676863580942,
      0.003604436758905649
    ]
  ],
  "currentPrediction": [
    {
      "name": "LSTM Base Model",
      "predictions": [
        [
          2,
          4,
          7
        ],
        [
          2,
          3,
          8
        ]
      ]
    }
  ],
  "realResult": [
    9,
    3,
    1
  ],
  "newPrediction": [
    {
      "name": "LSTM Base Model",
      "predictions": [
        [
          9,
          3,
          1
        ],
        [
          9,
          4,
          1
        ]
      ]
    }
  ],
  "newPredictionRaw": [
    [
      0.010022212751209736,
      0.021454043686389923,
      0.00709307799115777,
      0.006100589409470558,
      0.02398514561355114,
      0.0015654555754736066,
      0.0020017786882817745,
      0.0025261957198381424,
      0.010732216760516167,
      0.17100898921489716
    ],
    [
      0.002633718540892005,
      0.01754375733435154,
      0.009741370566189289,
      0.46635207533836365,
      0.0023670520167797804,
      0.0024892115034163,
      0.025108013302087784,
      0.0034463517367839813,
      0.020291533321142197,
      0.004390600603073835
    ],
    [
      0.010595787316560745,
      0.09734971821308136,
      0.041950177401304245,
      0.0019484249642118812,
      0.00961411651223898,
      0.002522348891943693,
      0.007558078039437532,
      0.005246804095804691,
      0.005586463958024979,
      0.00677466532215476
    ]
  ],
  "matchingNumbers": {
    "model": "LSTM Base Model",
    "prediction": [
      2,
      3,
      8
    ],
    "matching_numbers": [
      3
    ],
    "match_count": 1
  },
  "labels": [
    0,
    1,
    2,
    3,
    4,
    5,
    6,
    7,
    8,
    9
  ],
  "numberFrequency": {
    "9": 0.3333333333333333,
    "3": 0.16666666666666666,
    "1": 0.3333333333333333,
    "4": 0.16666666666666666
  }
}