{"currentPredictionRaw": [], "currentPrediction": [{"name": "MarkovBayesian Model", "predictions": [[2, 5, 7]]}, {"name": "PoissonMonteCarlo Model", "predictions": [[1, 5, 8]]}], "realResult": [1, 5, 5], "newPrediction": [{"name": "MarkovBayesian Model", "predictions": [[0, 1, 5]]}, {"name": "PoissonMonteCarlo Model", "predictions": [[5, 7, 8]]}], "newPredictionRaw": [], "matchingNumbers": {"model": "PoissonMonteCarlo Model", "prediction": [1, 5, 8], "matching_numbers": [1, 5], "match_count": 2}, "labels": [], "numberFrequency": {"6": 0.10004522840343735, "4": 0.10122116689280869, "1": 0.1002261420171868, "0": 0.10230664857530529, "5": 0.09900497512437811, "3": 0.09764812302125735, "2": 0.10104025327905924, "8": 0.10067842605156038, "7": 0.09796472184531886, "9": 0.09986431478968792}}