{
  "currentPredictionRaw": [
    [
      0.0027885246090590954,
      0.001735852682031691,
      0.0012006706092506647,
      0.0029423367232084274,
      0.006187045481055975,
      0.3410071134567261,
      0.005683934316039085,
      0.003141026711091399,
      0.0009208223782479763,
      0.0004177259688731283
    ],
    [
      0.007913299836218357,
      0.0025594262406229973,
      0.0002164429024560377,
      0.00014131204807199538,
      0.0034732536878436804,
      0.4492504894733429,
      0.0034792774822562933,
      0.0048801591619849205,
      0.00040788223850540817,
      0.0011774655431509018
    ],
    [
      0.00032224287861026824,
      5.725777737097815e-05,
      0.0004596469225361943,
      0.001049145357683301,
      0.13240960240364075,
      0.015613478608429432,
      0.0027733545284718275,
      0.003865922801196575,
      0.0015481369337067008,
      0.002377163851633668
    ]
  ],
  "currentPrediction": [
    {
      "name": "LSTM Base Model",
      "predictions": [
        [
          5,
          5,
          4
        ],
        [
          5,
          4,
          6
        ]
      ]
    }
  ],
  "realResult": [
    9,
    0,
    5
  ],
  "newPrediction": [
    {
      "name": "LSTM Base Model",
      "predictions": [
        [
          9,
          0,
          5
        ],
        [
          9,
          8,
          6
        ]
      ]
    }
  ],
  "newPredictionRaw": [
    [
      0.0008326999959535897,
      0.0019572332967072725,
      0.0013877730816602707,
      0.00027961694286204875,
      0.0005784814711660147,
      0.00023067045549396425,
      0.0026012782473117113,
      0.0009540840401314199,
      0.011596228927373886,
      0.2981628179550171
    ],
    [
      0.3375493586063385,
      0.0010367324575781822,
      0.0014515172224491835,
      0.0005593186942860484,
      0.0006021333392709494,
      0.00019198776863049716,
      0.003991889767348766,
      0.0006849397323094308,
      0.010077927261590958,
      0.007279421668499708
    ],
    [
      0.0017850612057372928,
      0.0010752353118732572,
      0.0035059968940913677,
      0.0022248276509344578,
      0.005492678843438625,
      0.3000493049621582,
      0.0010924856178462505,
      0.000683995196595788,
      0.00019285482994746417,
      0.0018915338441729546
    ]
  ],
  "matchingNumbers": {
    "model": "LSTM Base Model",
    "prediction": [
      5,
      5,
      4
    ],
    "matching_numbers": [
      5
    ],
    "match_count": 1
  },
  "labels": [
    0,
    1,
    2,
    3,
    4,
    5,
    6,
    7,
    8,
    9
  ],
  "numberFrequency": {
    "9": 0.3333333333333333,
    "0": 0.16666666666666666,
    "5": 0.16666666666666666,
    "8": 0.16666666666666666,
    "6": 0.16666666666666666
  }
}