{
  "currentPredictionRaw": [
    [
      0.004467683378607035,
      0.00011862899555126205,
      0.002044307067990303,
      0.0022600539959967136,
      0.000130228087073192,
      0.0004840977198909968,
      0.0008167088381014764,
      0.16533175110816956,
      0.0006756392540410161,
      0.0030422459822148085
    ],
    [
      0.002236494794487953,
      0.0012195705203339458,
      0.005965982563793659,
      0.0002970531350001693,
      0.2430066466331482,
      0.00010240003757644445,
      0.0018436773680150509,
      0.0011838267091661692,
      0.0001751374511513859,
      0.0015606668312102556
    ],
    [
      0.006244183052331209,
      0.0001223678409587592,
      0.001734632533043623,
      0.0011760505149140954,
      0.00038396596210077405,
      0.0008398561039939523,
      0.5451917052268982,
      0.006425753701478243,
      0.0005394124891608953,
      0.0003793046635109931
    ]
  ],
  "currentPrediction": [
    {
      "name": "LSTM Base Model",
      "predictions": [
        [
          7,
          4,
          6
        ],
        [
          7,
          0,
          9
        ]
      ]
    }
  ],
  "realResult": [
    6,
    7,
    9
  ],
  "newPrediction": [
    {
      "name": "LSTM Base Model",
      "predictions": [
        [
          6,
          7,
          9
        ],
        [
          6,
          2,
          5
        ]
      ]
    }
  ],
  "newPredictionRaw": [
    [
      0.0016477640019729733,
      0.0006733255577273667,
      0.008895567618310452,
      0.0023458567447960377,
      0.0015798663953319192,
      0.0033217365853488445,
      0.5225239396095276,
      0.00299199135042727,
      0.003015673253685236,
      0.0010748296044766903
    ],
    [
      0.004273292142897844,
      0.0013928470434620976,
      0.0019151566084474325,
      0.0019422599580138922,
      0.001306542195379734,
      0.002468928461894393,
      0.003336929017677903,
      0.26160311698913574,
      0.0030965914484113455,
      0.002546000061556697
    ],
    [
      0.0032882681116461754,
      0.0020512896589934826,
      0.0010658700484782457,
      0.0042372094467282295,
      0.005434536840766668,
      0.002224111231043935,
      0.00014071783516556025,
      0.00246397010050714,
      0.004396078642457724,
      0.1427457183599472
    ]
  ],
  "matchingNumbers": {
    "model": "LSTM Base Model",
    "prediction": [
      7,
      4,
      6
    ],
    "matching_numbers": [
      6,
      7
    ],
    "match_count": 2
  },
  "labels": [
    0,
    1,
    2,
    3,
    4,
    5,
    6,
    7,
    8,
    9
  ],
  "numberFrequency": {
    "6": 0.3333333333333333,
    "7": 0.16666666666666666,
    "9": 0.16666666666666666,
    "2": 0.16666666666666666,
    "5": 0.16666666666666666
  }
}