{"currentPredictionRaw": [[0.0, 5.632263162332168e-31, 1.0, 8.697345621477837e-10, 0.0, 8.947464381516425e-26, 0.0, 0.0, 0.0, 0.0], [3.6058809204601167e-14, 4.2372370553165185e-16, 3.509383865237831e-20, 6.637374243972927e-12, 2.825713939908197e-14, 8.327494972273449e-24, 5.787308623439458e-07, 2.8061315546072142e-14, 2.0142467880256143e-13, 0.9999994039535522], [0.0, 0.0, 0.0, 5.6896251165795215e-36, 8.974566992140216e-27, 0.0, 1.0, 0.0, 0.0, 1.691065879219355e-32]], "currentPrediction": [[2, 9, 6], [3, 6, 4], [5, 3, 9], [1, 8, 3], [9, 0, 8], [8, 4, 7], [7, 7, 5], [6, 1, 2], [4, 2, 1], [0, 5, 0]], "realResult": [1, 2, 8], "newPrediction": [[1, 3, 9], [2, 4, 6], [3, 6, 3], [8, 9, 8], [9, 2, 0], [5, 0, 4], [0, 1, 7], [7, 5, 1], [4, 7, 2], [6, 8, 5]], "newPredictionRaw": [[8.989272828330286e-07, 0.9993021488189697, 0.00036010349867865443, 0.00022145106049720198, 1.016364237216294e-07, 2.9099810490151867e-06, 4.117040042217468e-11, 6.54434472835419e-07, 0.00010668297909433022, 4.957499186275527e-06], [3.5552005592618334e-19, 2.119568080917764e-24, 4.41359483222955e-19, 1.0, 2.7910727114915934e-12, 2.9009722306691117e-27, 2.6150200846961416e-14, 1.7006125877129362e-34, 0.0, 3.9237252799448764e-17], [1.8157811408972546e-14, 1.7073096516856157e-16, 1.548063831190303e-20, 8.76499567370459e-12, 1.4716541855042294e-14, 1.084069123426111e-24, 3.1513590670328995e-07, 4.186165574338735e-15, 5.565544498788849e-14, 0.9999996423721313]], "matchingNumbers": {"bestMatchIndex": 3, "bestMatchSequence": [1, 8, 3], "matchingNumbers": [8, 1]}, "labels": [0, 1, 2, 3, 4, 5, 6, 7, 8, 9]}