{
  "currentPredictionRaw": [
    [
      0.0002850968739949167,
      0.0010006605880334973,
      0.00031258747912943363,
      0.20865952968597412,
      0.005066704470664263,
      0.0017157448455691338,
      0.006863741669803858,
      0.017124012112617493,
      0.0014213969698175788,
      0.00016416927974205464
    ],
    [
      0.0001734812540234998,
      0.0011962299467995763,
      0.0004263489390723407,
      0.0012560435570776463,
      0.0020217043347656727,
      0.2807857096195221,
      0.0006574350409209728,
      0.002387257758527994,
      0.00012390072515700012,
      0.0006455096299760044
    ],
    [
      0.00040933495620265603,
      0.00030590835376642644,
      0.0002998836862388998,
      0.007198029663413763,
      0.00666107377037406,
      0.44770732522010803,
      0.0023827631957829,
      0.0008531842613592744,
      0.0012925999471917748,
      0.000602676416747272
    ]
  ],
  "currentPrediction": [
    {
      "name": "LSTM Base Model",
      "predictions": [
        [
          3,
          5,
          5
        ],
        [
          3,
          7,
          6
        ]
      ]
    }
  ],
  "realResult": [
    0,
    0,
    4
  ],
  "newPrediction": [
    {
      "name": "LSTM Base Model",
      "predictions": [
        [
          0,
          0,
          4
        ],
        [
          0,
          2,
          8
        ]
      ]
    }
  ],
  "newPredictionRaw": [
    [
      0.26352977752685547,
      0.0004983650287613273,
      0.015383082441985607,
      0.0015650124987587333,
      0.0017333247233182192,
      0.0007665808079764247,
      0.00044633468496613204,
      0.0007594345370307565,
      0.005330100189894438,
      0.004528474994003773
    ],
    [
      0.24376718699932098,
      0.000681564153637737,
      0.002066326793283224,
      0.0028560867067426443,
      0.00011654460831778124,
      0.0034557681065052748,
      0.00068908795947209,
      0.0016702343709766865,
      0.0027021269779652357,
      0.0009646102553233504
    ],
    [
      0.003839084878563881,
      0.0005198915605433285,
      0.0007886175299063325,
      0.0038205489981919527,
      0.42341867089271545,
      0.0026210800278931856,
      0.0030410524923354387,
      0.007811309304088354,
      0.00031300008413381875,
      0.0003167511022184044
    ]
  ],
  "matchingNumbers": {
    "model": null,
    "prediction": null,
    "matching_numbers": [],
    "match_count": 0
  },
  "labels": [
    0,
    1,
    2,
    3,
    4,
    5,
    6,
    7,
    8,
    9
  ],
  "numberFrequency": {
    "0": 0.5,
    "4": 0.16666666666666666,
    "2": 0.16666666666666666,
    "8": 0.16666666666666666
  }
}