{
  "currentPredictionRaw": [
    [
      0.0034616554621607065,
      0.01235122885555029,
      0.03653442859649658,
      0.08669745922088623,
      0.0037300484254956245,
      0.006346429698169231,
      0.013839083723723888,
      0.007302968297153711,
      0.007962017320096493,
      0.012924019247293472
    ],
    [
      0.02026522159576416,
      0.006728871259838343,
      0.006151766981929541,
      0.006958695128560066,
      0.10241885483264923,
      0.0017150286585092545,
      0.09786375612020493,
      0.018847566097974777,
      0.09567006677389145,
      0.015884093940258026
    ],
    [
      0.01466902531683445,
      0.16661743819713593,
      0.003507608314976096,
      0.011691305786371231,
      0.005921713076531887,
      0.0019302830332890153,
      0.03988580033183098,
      0.17706671357154846,
      0.005370065104216337,
      0.009686862118542194
    ]
  ],
  "currentPrediction": [
    {
      "name": "LSTM Base Model",
      "predictions": [
        [
          3,
          4,
          7
        ],
        [
          3,
          2,
          6
        ]
      ]
    }
  ],
  "realResult": [
    7,
    7,
    7
  ],
  "newPrediction": [
    {
      "name": "LSTM Base Model",
      "predictions": [
        [
          3,
          2,
          5
        ],
        [
          3,
          6,
          4
        ]
      ]
    }
  ],
  "newPredictionRaw": [
    [
      0.004762816242873669,
      0.0018159843748435378,
      0.0008809891878627241,
      0.14879527688026428,
      0.027106724679470062,
      0.003660511923953891,
      0.05559235438704491,
      0.026835711672902107,
      0.02570062316954136,
      0.0062499940395355225
    ],
    [
      0.02890598773956299,
      0.012359768152236938,
      0.1696574091911316,
      0.0012769183376803994,
      0.007691835518926382,
      0.017924455925822258,
      0.014466296881437302,
      0.07838739454746246,
      0.002397337229922414,
      0.0011548222973942757
    ],
    [
      0.023204101249575615,
      0.023860745131969452,
      0.0003711949393618852,
      0.0794316977262497,
      0.03821270912885666,
      0.1808595061302185,
      0.004085347522050142,
      0.0016308252234011889,
      0.005004252772778273,
      0.007716434076428413
    ]
  ],
  "matchingNumbers": {
    "model": "LSTM Base Model",
    "prediction": [
      3,
      4,
      7
    ],
    "matching_numbers": [
      7
    ],
    "match_count": 1
  },
  "labels": [
    0,
    1,
    2,
    3,
    4,
    5,
    6,
    7,
    8,
    9
  ],
  "numberFrequency": {
    "3": 0.3333333333333333,
    "2": 0.16666666666666666,
    "5": 0.16666666666666666,
    "6": 0.16666666666666666,
    "4": 0.16666666666666666
  }
}