{
  "currentPredictionRaw": [
    [
      0.00024030801432672888,
      0.0015052835224196315,
      0.0023824460804462433,
      0.0009337661904282868,
      0.0013288692571222782,
      0.2131713330745697,
      0.005930168088525534,
      0.0008453463087789714,
      0.0040670703165233135,
      0.0005480736144818366
    ],
    [
      0.001629100413993001,
      0.0061362022534012794,
      0.4970817267894745,
      0.0012759071541950107,
      0.0011877937940880656,
      0.0006779009709134698,
      0.00891674030572176,
      0.0007838795427232981,
      0.0001615313085494563,
      0.008015039376914501
    ],
    [
      0.005394126754254103,
      0.2147025167942047,
      0.0001203968859044835,
      0.01516563817858696,
      0.001997157000005245,
      0.0008927070302888751,
      0.0007148394943214953,
      0.0020105878356844187,
      0.0012388620525598526,
      0.0009446829790249467
    ]
  ],
  "currentPrediction": [
    {
      "name": "LSTM Base Model",
      "predictions": [
        [
          5,
          2,
          1
        ],
        [
          5,
          6,
          8
        ]
      ]
    }
  ],
  "realResult": [
    7,
    4,
    6
  ],
  "newPrediction": [
    {
      "name": "LSTM Base Model",
      "predictions": [
        [
          7,
          4,
          6
        ],
        [
          7,
          0,
          9
        ]
      ]
    }
  ],
  "newPredictionRaw": [
    [
      0.004467683378607035,
      0.00011862899555126205,
      0.002044307067990303,
      0.0022600539959967136,
      0.000130228087073192,
      0.0004840977198909968,
      0.0008167088381014764,
      0.16533175110816956,
      0.0006756392540410161,
      0.0030422459822148085
    ],
    [
      0.002236494794487953,
      0.0012195705203339458,
      0.005965982563793659,
      0.0002970531350001693,
      0.2430066466331482,
      0.00010240003757644445,
      0.0018436773680150509,
      0.0011838267091661692,
      0.0001751374511513859,
      0.0015606668312102556
    ],
    [
      0.006244183052331209,
      0.0001223678409587592,
      0.001734632533043623,
      0.0011760505149140954,
      0.00038396596210077405,
      0.0008398561039939523,
      0.5451917052268982,
      0.006425753701478243,
      0.0005394124891608953,
      0.0003793046635109931
    ]
  ],
  "matchingNumbers": {
    "model": "LSTM Base Model",
    "prediction": [
      5,
      6,
      8
    ],
    "matching_numbers": [
      6
    ],
    "match_count": 1
  },
  "labels": [
    0,
    1,
    2,
    3,
    4,
    5,
    6,
    7,
    8,
    9
  ],
  "numberFrequency": {
    "7": 0.3333333333333333,
    "4": 0.16666666666666666,
    "6": 0.16666666666666666,
    "0": 0.16666666666666666,
    "9": 0.16666666666666666
  }
}