{
  "currentPredictionRaw": [
    [
      0.0016477640019729733,
      0.0006733255577273667,
      0.008895567618310452,
      0.0023458567447960377,
      0.0015798663953319192,
      0.0033217365853488445,
      0.5225239396095276,
      0.00299199135042727,
      0.003015673253685236,
      0.0010748296044766903
    ],
    [
      0.004273292142897844,
      0.0013928470434620976,
      0.0019151566084474325,
      0.0019422599580138922,
      0.001306542195379734,
      0.002468928461894393,
      0.003336929017677903,
      0.26160311698913574,
      0.0030965914484113455,
      0.002546000061556697
    ],
    [
      0.0032882681116461754,
      0.0020512896589934826,
      0.0010658700484782457,
      0.0042372094467282295,
      0.005434536840766668,
      0.002224111231043935,
      0.00014071783516556025,
      0.00246397010050714,
      0.004396078642457724,
      0.1427457183599472
    ]
  ],
  "currentPrediction": [
    {
      "name": "LSTM Base Model",
      "predictions": [
        [
          6,
          7,
          9
        ],
        [
          6,
          2,
          5
        ]
      ]
    }
  ],
  "realResult": [
    5,
    5,
    4
  ],
  "newPrediction": [
    {
      "name": "LSTM Base Model",
      "predictions": [
        [
          5,
          5,
          4
        ],
        [
          5,
          4,
          6
        ]
      ]
    }
  ],
  "newPredictionRaw": [
    [
      0.0027885246090590954,
      0.001735852682031691,
      0.0012006706092506647,
      0.0029423367232084274,
      0.006187045481055975,
      0.3410071134567261,
      0.005683934316039085,
      0.003141026711091399,
      0.0009208223782479763,
      0.0004177259688731283
    ],
    [
      0.007913299836218357,
      0.0025594262406229973,
      0.0002164429024560377,
      0.00014131204807199538,
      0.0034732536878436804,
      0.4492504894733429,
      0.0034792774822562933,
      0.0048801591619849205,
      0.00040788223850540817,
      0.0011774655431509018
    ],
    [
      0.00032224287861026824,
      5.725777737097815e-05,
      0.0004596469225361943,
      0.001049145357683301,
      0.13240960240364075,
      0.015613478608429432,
      0.0027733545284718275,
      0.003865922801196575,
      0.0015481369337067008,
      0.002377163851633668
    ]
  ],
  "matchingNumbers": {
    "model": "LSTM Base Model",
    "prediction": [
      6,
      2,
      5
    ],
    "matching_numbers": [
      5
    ],
    "match_count": 1
  },
  "labels": [
    0,
    1,
    2,
    3,
    4,
    5,
    6,
    7,
    8,
    9
  ],
  "numberFrequency": {
    "5": 0.5,
    "4": 0.3333333333333333,
    "6": 0.16666666666666666
  }
}