{
  "currentPredictionRaw": [
    [
      0.019544482231140137,
      0.02677907608449459,
      0.04387516528367996,
      0.0027760029770433903,
      0.018827851861715317,
      0.006933812517672777,
      0.0025495141744613647,
      0.013632498681545258,
      0.11251217871904373,
      0.016989266499876976
    ],
    [
      0.24965712428092957,
      0.00037178670754656196,
      0.04329558461904526,
      0.0006547219818457961,
      0.05831484869122505,
      0.047456808388233185,
      0.032359033823013306,
      0.008027306757867336,
      0.008667879737913609,
      0.0247503612190485
    ],
    [
      0.003834003349766135,
      0.006635916884988546,
      0.002879330888390541,
      0.015095877461135387,
      0.011117649264633656,
      0.007668933365494013,
      0.009826169349253178,
      0.008739146403968334,
      0.114781454205513,
      0.08144621551036835
    ]
  ],
  "currentPrediction": [
    {
      "name": "LSTM Base Model",
      "predictions": [
        [
          8,
          0,
          8
        ],
        [
          8,
          2,
          1
        ]
      ]
    }
  ],
  "realResult": [
    8,
    2,
    9
  ],
  "newPrediction": [
    {
      "name": "LSTM Base Model",
      "predictions": [
        [
          7,
          0,
          4
        ],
        [
          7,
          4,
          2
        ]
      ]
    }
  ],
  "newPredictionRaw": [
    [
      0.001856829971075058,
      0.0011686647776514292,
      0.004340142011642456,
      0.0010543310781940818,
      0.07621688395738602,
      0.003118319669738412,
      0.0013760955771431327,
      0.1367868185043335,
      0.00040635562618263066,
      0.0008668164373375475
    ],
    [
      0.3418925702571869,
      0.0003885699843522161,
      0.006475765723735094,
      0.001513801165856421,
      0.0017229621298611164,
      0.017063358798623085,
      0.00020987383322790265,
      0.012509219348430634,
      0.0009425728349015117,
      0.0028158468194305897
    ],
    [
      0.0003114111896138638,
      0.00462794816121459,
      0.0024458589032292366,
      0.002586825517937541,
      0.350106805562973,
      0.0004392380069475621,
      0.002779137110337615,
      0.0007704090676270425,
      0.005541892256587744,
      0.017664669081568718
    ]
  ],
  "matchingNumbers": {
    "model": "LSTM Base Model",
    "prediction": [
      8,
      2,
      1
    ],
    "matching_numbers": [
      8,
      2
    ],
    "match_count": 2
  },
  "labels": [
    0,
    1,
    2,
    3,
    4,
    5,
    6,
    7,
    8,
    9
  ],
  "numberFrequency": {
    "7": 0.3333333333333333,
    "0": 0.16666666666666666,
    "4": 0.3333333333333333,
    "2": 0.16666666666666666
  }
}