{
  "currentPredictionRaw": [
    [
      0.0009454775135964155,
      0.0002773715532384813,
      0.0025064502842724323,
      0.0004938777419738472,
      0.00024158884480129927,
      0.0011396214831620455,
      0.001020532101392746,
      0.002648173598572612,
      0.00018794980132952332,
      0.08254395425319672
    ],
    [
      0.0016479617916047573,
      0.0025008847005665302,
      0.00021890080824960023,
      0.0001197251258417964,
      0.6034182906150818,
      0.005131939426064491,
      0.0011430125450715423,
      9.862939805316273e-06,
      0.0003406167379580438,
      0.0006968320230953395
    ],
    [
      0.0022747197654098272,
      0.00026781338965520263,
      0.00035571795888245106,
      0.003974903840571642,
      0.00024098699213936925,
      0.0001191578630823642,
      0.28241071105003357,
      0.0009911926463246346,
      0.00023956010409165174,
      0.0018921303562819958
    ]
  ],
  "currentPrediction": [
    {
      "name": "LSTM Base Model",
      "predictions": [
        [
          9,
          4,
          6
        ],
        [
          9,
          7,
          2
        ]
      ]
    }
  ],
  "realResult": [
    3,
    2,
    0
  ],
  "newPrediction": [
    {
      "name": "LSTM Base Model",
      "predictions": [
        [
          3,
          2,
          0
        ],
        [
          3,
          5,
          6
        ]
      ]
    }
  ],
  "newPredictionRaw": [
    [
      0.0062864553183317184,
      0.001649552257731557,
      0.000594384444411844,
      0.32497286796569824,
      0.0054685319773852825,
      0.021332083269953728,
      0.010900713503360748,
      0.0027187441010028124,
      0.0003260908415541053,
      0.0038442148361355066
    ],
    [
      0.005705045536160469,
      0.0005550839123316109,
      0.19373250007629395,
      0.0027813641354441643,
      0.005760908592492342,
      0.0020686991047114134,
      0.0008290037512779236,
      0.005196388810873032,
      0.0037681518588215113,
      0.0034676368813961744
    ],
    [
      0.35588255524635315,
      0.00770033011212945,
      0.005518943537026644,
      0.0003812513023149222,
      0.010451615788042545,
      0.0012867141049355268,
      0.007801476866006851,
      0.004420503508299589,
      0.002423087367787957,
      0.0021751446183770895
    ]
  ],
  "matchingNumbers": {
    "model": "LSTM Base Model",
    "prediction": [
      9,
      7,
      2
    ],
    "matching_numbers": [
      2
    ],
    "match_count": 1
  },
  "labels": [
    0,
    1,
    2,
    3,
    4,
    5,
    6,
    7,
    8,
    9
  ],
  "numberFrequency": {
    "3": 0.3333333333333333,
    "2": 0.16666666666666666,
    "0": 0.16666666666666666,
    "5": 0.16666666666666666,
    "6": 0.16666666666666666
  }
}