{
  "currentPredictionRaw": [
    [
      0.0018109093653038144,
      0.007745488081127405,
      0.007499081548303366,
      0.0033578549046069384,
      0.009965337812900543,
      0.00626210356131196,
      0.0012233242159709334,
      0.08382204920053482,
      0.018939895555377007,
      0.0005742639768868685
    ],
    [
      0.0012632296420633793,
      0.005361744202673435,
      0.0004368408117443323,
      0.005695109721273184,
      0.4332968592643738,
      0.005030550993978977,
      0.0005316897295415401,
      0.006505672354251146,
      0.025007572025060654,
      0.006765729282051325
    ],
    [
      0.002754039131104946,
      0.009496046230196953,
      0.002450618427246809,
      0.002328797709196806,
      0.0049761016853153706,
      0.0018305781995877624,
      0.31951606273651123,
      0.00630404707044363,
      0.018035324290394783,
      0.0012130601098760962
    ]
  ],
  "currentPrediction": [
    {
      "name": "LSTM Base Model",
      "predictions": [
        [
          7,
          4,
          6
        ],
        [
          7,
          8,
          4
        ]
      ]
    }
  ],
  "realResult": [
    6,
    6,
    0
  ],
  "newPrediction": [
    {
      "name": "LSTM Base Model",
      "predictions": [
        [
          6,
          6,
          0
        ],
        [
          6,
          4,
          0
        ]
      ]
    }
  ],
  "newPredictionRaw": [
    [
      0.030615532770752907,
      0.007957268506288528,
      0.025187335908412933,
      0.0013735860120505095,
      0.032628756016492844,
      0.003599361749365926,
      0.44072869420051575,
      0.001123408554121852,
      0.001034154905937612,
      0.023056508973240852
    ],
    [
      0.013557563535869122,
      0.002024250105023384,
      0.0024779620580375195,
      0.00412957277148962,
      0.04527759924530983,
      0.006163299083709717,
      0.08917391300201416,
      0.016588570550084114,
      0.02620495669543743,
      0.010410242713987827
    ],
    [
      0.08320766687393188,
      0.03342604264616966,
      0.010263660922646523,
      0.005929974373430014,
      0.005041821859776974,
      0.0031399072613567114,
      0.0058245970867574215,
      0.05265705659985542,
      0.0026217284612357616,
      0.014575056731700897
    ]
  ],
  "matchingNumbers": {
    "model": "LSTM Base Model",
    "prediction": [
      7,
      4,
      6
    ],
    "matching_numbers": [
      6
    ],
    "match_count": 1
  },
  "labels": [
    0,
    1,
    2,
    3,
    4,
    5,
    6,
    7,
    8,
    9
  ],
  "numberFrequency": {
    "6": 0.5,
    "0": 0.3333333333333333,
    "4": 0.16666666666666666
  }
}