{"currentPredictionRaw": [[0.0, 0.0, 2.369991919813392e-26, 8.36966986252541e-38, 0.0, 1.0, 0.0, 0.0, 0.0, 0.0], [9.406178841890056e-31, 2.329684042030272e-32, 1.878761686155417e-12, 0.0, 0.0, 5.120365574488683e-35, 1.0, 0.0, 0.0, 6.313998634255399e-31], [3.278065654513238e-27, 7.579749663752829e-34, 2.7766406795332044e-12, 0.0, 0.0, 2.1413989992884418e-30, 1.0, 0.0, 0.0, 4.458051746044368e-32]], "currentPrediction": [[5, 6, 2], [2, 0, 5], [3, 2, 7], [0, 1, 2], [3, 2, 7], [5, 4, 6], [2, 3, 6], [1, 4, 9]], "realResult": [2, 7, 0], "newPrediction": [[4, 3, 8], [7, 5, 2], [1, 6, 5], [3, 1, 7], [1, 6, 9], [5, 5, 6], [8, 6, 7], [1, 4, 8]], "newPredictionRaw": [[3.155007088917472e-10, 1.4950249038747643e-08, 7.305355439687169e-21, 1.321639899742877e-07, 0.9999556541442871, 2.0425696385466784e-14, 2.5414599577990687e-19, 4.4177173549542204e-05, 1.5616034854115668e-10, 4.306177268063871e-14], [2.8737771867920657e-35, 4.218918153291092e-38, 4.18623753460305e-27, 1.0, 1.6898020758554273e-32, 1.1712527649143656e-14, 0.0, 1.6094858690814867e-21, 1.0712928609737569e-16, 0.0], [0.0, 0.0, 6.947658061133954e-29, 0.0, 0.0, 0.0, 0.0, 4.996695805812894e-36, 1.0, 0.0]], "matchingNumbers": {"bestMatchIndex": 1, "bestMatchSequence": [2, 0, 5], "matchingNumbers": [0, 2]}, "labels": [0, 1, 2, 3, 4, 5, 6, 7, 8, 9], "numberFrequency": {"3": 0.09787234042553192, "2": 0.10098375657744223, "6": 0.10016014641958362, "8": 0.10066346373827499, "9": 0.10011439029970258, "0": 0.10203614733470602, "5": 0.0987874628231526, "4": 0.1013498055364905, "1": 0.10002287805994052, "7": 0.09800960878517502}}