{
  "currentPredictionRaw": [
    [
      0.24671882390975952,
      0.021735267713665962,
      0.009103984571993351,
      0.0059972801245749,
      0.007292451802641153,
      0.010884955525398254,
      0.01856834627687931,
      0.00040637757047079504,
      0.0003280107630416751,
      0.12502144277095795
    ],
    [
      0.13663162291049957,
      0.0010178840020671487,
      0.010318771004676819,
      0.1719115525484085,
      0.041636914014816284,
      0.013473031111061573,
      0.0013471327256411314,
      0.00037586825783364475,
      0.003179253311827779,
      0.00842144712805748
    ],
    [
      0.011294410564005375,
      0.02341598831117153,
      0.06380794942378998,
      0.024800950661301613,
      0.004404700361192226,
      0.0020580480340868235,
      0.003794050309807062,
      0.023029007017612457,
      0.001248018117621541,
      0.007776379585266113
    ]
  ],
  "currentPrediction": [
    {
      "name": "LSTM Base Model",
      "predictions": [
        [
          0,
          3,
          2
        ],
        [
          0,
          9,
          1
        ]
      ]
    }
  ],
  "realResult": [
    7,
    7,
    7
  ],
  "newPrediction": [
    {
      "name": "LSTM Base Model",
      "predictions": [
        [
          5,
          5,
          0
        ],
        [
          5,
          6,
          2
        ]
      ]
    }
  ],
  "newPredictionRaw": [
    [
      0.002995375543832779,
      0.0036739243660122156,
      0.007815968245267868,
      0.004454804118722677,
      0.00030657800380140543,
      0.016360661014914513,
      0.010053941048681736,
      0.002618408529087901,
      0.002291797660291195,
      0.0006057291175238788
    ],
    [
      0.00040352068026550114,
      0.0031248549930751324,
      0.0018318983493372798,
      0.0003081041795667261,
      0.009000381454825401,
      0.7897271513938904,
      0.0009368694736622274,
      0.005944538861513138,
      0.0029369760304689407,
      0.001177739119157195
    ],
    [
      0.08285963535308838,
      0.0002387834683759138,
      0.01649545133113861,
      0.0030721898656338453,
      0.0019107914995402098,
      0.0015893117524683475,
      0.003917258698493242,
      0.005290014203637838,
      0.013340811245143414,
      0.00471662450581789
    ]
  ],
  "matchingNumbers": {
    "model": null,
    "prediction": null,
    "matching_numbers": [],
    "match_count": 0
  },
  "labels": [
    0,
    1,
    2,
    3,
    4,
    5,
    6,
    7,
    8,
    9
  ],
  "numberFrequency": {
    "5": 0.5,
    "0": 0.16666666666666666,
    "6": 0.16666666666666666,
    "2": 0.16666666666666666
  }
}