{"currentPredictionRaw": [[0.10239820927381516, 0.09969691932201385, 0.10091468691825867, 0.09908594191074371, 0.10221772640943527, 0.09915751963853836, 0.09825081378221512, 0.09718634188175201, 0.10082037001848221, 0.10027146339416504], [0.10239820927381516, 0.09969691932201385, 0.10091468691825867, 0.09908594191074371, 0.10221772640943527, 0.09915751963853836, 0.09825081378221512, 0.09718634188175201, 0.10082037001848221, 0.10027146339416504], [0.10239820927381516, 0.09969691932201385, 0.10091468691825867, 0.09908594191074371, 0.10221772640943527, 0.09915751963853836, 0.09825081378221512, 0.09718634188175201, 0.10082037001848221, 0.10027146339416504]], "currentPrediction": [[0, 0, 0], [4, 4, 4], [2, 2, 2], [8, 8, 8], [9, 9, 9], [1, 1, 1], [5, 5, 5], [3, 3, 3], [6, 6, 6], [7, 7, 7]], "realResult": [8, 6, 0], "newPrediction": [[8, 6, 0], [9, 4, 6], [2, 9, 3], [7, 3, 4], [6, 8, 9], [5, 7, 1], [4, 5, 7], [3, 2, 8], [1, 1, 5], [0, 0, 2]], "newPredictionRaw": [[0.0, 0.0, 1.2837570110386411e-36, 0.0, 0.0, 0.0, 0.0, 0.0, 1.0, 1.4355753008897425e-28], [0.0, 0.0, 0.0, 5.592600914888604e-35, 2.4753310433076407e-26, 0.0, 1.0, 0.0, 0.0, 1.498957576366306e-30], [0.9998028874397278, 5.086763648036047e-37, 0.0, 1.6632166079944e-05, 5.737404649153177e-07, 0.0, 0.00017945736180990934, 2.5083325468283314e-37, 0.0, 3.9364707049571734e-07]], "matchingNumbers": {"bestMatchIndex": 0, "bestMatchSequence": [0, 0, 0], "matchingNumbers": [0]}, "labels": [0, 1, 2, 3, 4, 5, 6, 7, 8, 9]}