{"currentPredictionRaw": [[2.5599009430964423e-29, 1.1062527846897319e-12, 4.054068533801619e-19, 2.5831582627588133e-15, 5.173679776387118e-32, 1.7137051326610031e-12, 4.981410491868261e-22, 2.6963831834107964e-18, 1.0, 4.929487026137128e-28], [1.306263344146876e-36, 0.0, 0.0, 1.4886881980680146e-16, 3.1512056622418592e-15, 1.0, 1.7146530549893674e-31, 0.0, 3.737098534207363e-23, 0.0], [3.2222841441518507e-19, 2.5039920224095846e-14, 0.0006776417721994221, 4.6037477538881096e-28, 0.0, 1.1986553511154092e-31, 1.126979947110655e-20, 0.9992363452911377, 8.602305024396628e-05, 1.9149732012614097e-21]], "currentPrediction": [[8, 5, 7], [5, 4, 2], [1, 3, 8], [3, 8, 1], [7, 6, 0], [2, 0, 6], [6, 9, 9], [9, 7, 3], [0, 2, 5], [4, 1, 4]], "realResult": [0, 7, 3], "newPrediction": [[2, 1, 6], [0, 8, 0], [1, 9, 5], [9, 7, 3], [8, 5, 8], [3, 6, 4], [7, 4, 2], [6, 3, 9], [4, 2, 7], [5, 0, 1]], "newPredictionRaw": [[3.5739514459010024e-08, 9.226773789450249e-10, 1.0, 1.2598304561031726e-13, 3.132764640230921e-27, 4.8010244970223916e-36, 4.2249578858999005e-23, 3.0973236730055267e-16, 7.112668093389729e-12, 1.8264770251796847e-10], [0.0, 1.0, 0.0, 0.0, 0.0, 0.0, 0.0, 0.0, 2.819621022040568e-29, 0.0], [0.0007732179947197437, 5.4582518570936396e-17, 1.7015709952161728e-09, 1.8105030903825536e-05, 1.8758408941721427e-06, 4.2319457861594856e-05, 0.9991509914398193, 4.7531484228136717e-14, 1.3406550351646729e-05, 5.025594876232123e-14]], "matchingNumbers": {"bestMatchIndex": 4, "bestMatchSequence": [7, 6, 0], "matchingNumbers": [0, 7]}, "labels": [0, 1, 2, 3, 4, 5, 6, 7, 8, 9]}