{
  "currentPredictionRaw": [
    [
      0.3818301558494568,
      0.0017546146409586072,
      0.0017818260239437222,
      0.00771903432905674,
      0.004938564263284206,
      0.015653885900974274,
      0.01278694998472929,
      0.007703914772719145,
      0.024332409724593163,
      0.0037752389907836914
    ],
    [
      0.005217362195253372,
      0.016042247414588928,
      0.12854497134685516,
      0.002503241179510951,
      0.018876833841204643,
      0.0025076852180063725,
      0.029461754485964775,
      0.008146352134644985,
      0.005821479018777609,
      0.04149436950683594
    ],
    [
      0.004869855009019375,
      0.11174002289772034,
      0.08787592500448227,
      0.012553403154015541,
      0.03296537324786186,
      0.0015223248628899455,
      0.013864854350686073,
      0.0008660216117277741,
      0.0077273063361644745,
      0.005121978465467691
    ]
  ],
  "currentPrediction": [
    {
      "name": "LSTM Base Model",
      "predictions": [
        [
          0,
          2,
          1
        ],
        [
          0,
          8,
          5
        ]
      ]
    }
  ],
  "realResult": [
    7,
    4,
    6
  ],
  "newPrediction": [
    {
      "name": "LSTM Base Model",
      "predictions": [
        [
          9,
          2,
          9
        ],
        [
          9,
          0,
          1
        ]
      ]
    }
  ],
  "newPredictionRaw": [
    [
      0.02392004057765007,
      0.011596259661018848,
      0.003602336859330535,
      0.003556550480425358,
      0.006228282116353512,
      0.0029899573419243097,
      0.005332491360604763,
      0.004534578416496515,
      0.009220398962497711,
      0.30395185947418213
    ],
    [
      0.15422172844409943,
      0.0030275555327534676,
      0.18204417824745178,
      0.002764310920611024,
      0.005908222869038582,
      0.02949821576476097,
      0.0009301151148974895,
      0.003926281817257404,
      0.0749579593539238,
      0.0050540706142783165
    ],
    [
      0.010186311788856983,
      0.0011014192132279277,
      0.016487888991832733,
      0.005835182499140501,
      0.026607878506183624,
      0.027521450072526932,
      0.0275367870926857,
      0.0165016520768404,
      0.0027233390137553215,
      0.028232617303729057
    ]
  ],
  "matchingNumbers": {
    "model": null,
    "prediction": null,
    "matching_numbers": [],
    "match_count": 0
  },
  "labels": [
    0,
    1,
    2,
    3,
    4,
    5,
    6,
    7,
    8,
    9
  ],
  "numberFrequency": {
    "9": 0.5,
    "2": 0.16666666666666666,
    "0": 0.16666666666666666,
    "1": 0.16666666666666666
  }
}