{
  "currentPredictionRaw": [
    [
      0.001389775425195694,
      0.0011984623270109296,
      0.0017467858269810677,
      0.0005697309388779104,
      0.0014831700827926397,
      0.0023418052587658167,
      0.03888051211833954,
      0.00017573717923369259,
      0.0002369565627304837,
      0.005844165571033955
    ],
    [
      0.0012802935671061277,
      0.0005247603985480964,
      0.0016009623650461435,
      0.0009274225449189544,
      0.002529687713831663,
      0.01816210150718689,
      0.0034429661463946104,
      0.00022389476362150162,
      0.002065559383481741,
      0.005403923336416483
    ],
    [
      0.0005076542729511857,
      0.0030219063628464937,
      0.8974263072013855,
      0.0012694570468738675,
      5.0894246669486165e-05,
      0.003959084860980511,
      0.001203557476401329,
      0.00024168657546397299,
      0.00026290028472431004,
      0.002027917420491576
    ]
  ],
  "currentPrediction": [
    {
      "name": "LSTM Base Model",
      "predictions": [
        [
          6,
          5,
          2
        ],
        [
          6,
          9,
          5
        ]
      ]
    }
  ],
  "realResult": [
    3,
    4,
    7
  ],
  "newPrediction": [
    {
      "name": "LSTM Base Model",
      "predictions": [
        [
          2,
          8,
          8
        ],
        [
          2,
          9,
          5
        ]
      ]
    }
  ],
  "newPredictionRaw": [
    [
      0.0015194969018921256,
      0.0003155487938784063,
      0.8639984130859375,
      0.0004371262330096215,
      0.0007181090186350048,
      0.00253067328594625,
      0.0003763632266782224,
      0.0007294569513760507,
      0.0002792198210954666,
      0.002680267672985792
    ],
    [
      0.0007708087796345353,
      0.00021806987933814526,
      0.0003427238261792809,
      0.006317440420389175,
      0.005532084032893181,
      0.00043281872058287263,
      0.0004462607321329415,
      0.0003653760068118572,
      0.06364371627569199,
      0.0011852586176246405
    ],
    [
      0.0012059248983860016,
      0.0007669014157727361,
      0.0007294430397450924,
      0.0004664456646423787,
      0.01824769750237465,
      0.003590963315218687,
      0.0007359999581240118,
      0.0002488985483068973,
      0.019628742709755898,
      0.0015397868119180202
    ]
  ],
  "matchingNumbers": {
    "model": null,
    "prediction": null,
    "matching_numbers": [],
    "match_count": 0
  },
  "labels": [
    0,
    1,
    2,
    3,
    4,
    5,
    6,
    7,
    8,
    9
  ],
  "numberFrequency": {
    "2": 0.3333333333333333,
    "8": 0.3333333333333333,
    "9": 0.16666666666666666,
    "5": 0.16666666666666666
  }
}