{
  "currentPredictionRaw": [
    [
      0.006436734925955534,
      0.003914357628673315,
      0.002208791673183441,
      0.021146412938833237,
      0.003413675120100379,
      0.02741984836757183,
      0.11586962640285492,
      0.007464271038770676,
      0.020540375262498856,
      0.015263432636857033
    ],
    [
      0.04684903845191002,
      0.010915949009358883,
      0.035617899149656296,
      0.013290129601955414,
      0.25024738907814026,
      0.012509540654718876,
      0.02354877069592476,
      0.009620758704841137,
      0.0013266464229673147,
      0.011490393429994583
    ],
    [
      0.01804800145328045,
      0.011602387763559818,
      0.020248422399163246,
      0.04876500368118286,
      0.0030014854855835438,
      0.011256483383476734,
      0.005905626807361841,
      0.2241155058145523,
      0.014356820844113827,
      0.003606188576668501
    ]
  ],
  "currentPrediction": [
    {
      "name": "LSTM Base Model",
      "predictions": [
        [
          6,
          4,
          7
        ],
        [
          6,
          5,
          3
        ]
      ]
    }
  ],
  "realResult": [
    2,
    7,
    4
  ],
  "newPrediction": [
    {
      "name": "LSTM Base Model",
      "predictions": [
        [
          8,
          6,
          7
        ],
        [
          8,
          1,
          5
        ]
      ]
    }
  ],
  "newPredictionRaw": [
    [
      0.0005927467136643827,
      0.0041553545743227005,
      0.0012426329776644707,
      0.001892659580335021,
      0.0028913565911352634,
      0.003614638699218631,
      0.0016586114652454853,
      0.0007515137549489737,
      0.024686314165592194,
      0.0021726214326918125
    ],
    [
      0.001018854440189898,
      0.0009406827157363296,
      0.0014365793904289603,
      0.005263162311166525,
      0.001481911283917725,
      0.009263518266379833,
      0.7827783823013306,
      0.0005595670081675053,
      0.00038415059680119157,
      0.003611792577430606
    ],
    [
      0.0038675612304359674,
      0.000822578149382025,
      0.0015485367039218545,
      0.0008666536305099726,
      0.001594667905010283,
      0.011860063299536705,
      0.0019344697939231992,
      0.12155001610517502,
      0.005044089630246162,
      0.0005142795853316784
    ]
  ],
  "matchingNumbers": {
    "model": "LSTM Base Model",
    "prediction": [
      6,
      4,
      7
    ],
    "matching_numbers": [
      4,
      7
    ],
    "match_count": 2
  },
  "labels": [
    0,
    1,
    2,
    3,
    4,
    5,
    6,
    7,
    8,
    9
  ],
  "numberFrequency": {
    "8": 0.3333333333333333,
    "6": 0.16666666666666666,
    "7": 0.16666666666666666,
    "1": 0.16666666666666666,
    "5": 0.16666666666666666
  }
}