{
  "currentPredictionRaw": [
    [
      0.011234937235713005,
      0.004261006135493517,
      0.003323073498904705,
      0.01443956047296524,
      0.015770459547638893,
      0.029335252940654755,
      0.057620808482170105,
      0.10534851998090744,
      0.006595694925636053,
      0.004892372991889715
    ],
    [
      0.02621663734316826,
      0.014263294637203217,
      0.02640906721353531,
      0.002689049579203129,
      0.006600447464734316,
      0.007466120645403862,
      0.00615995517000556,
      0.0322718471288681,
      0.14729464054107666,
      0.012413919903337955
    ],
    [
      0.009536185301840305,
      0.08378180116415024,
      0.0018294124165549874,
      0.014752857387065887,
      0.03195479139685631,
      0.005170903168618679,
      0.014806044287979603,
      0.009177898056805134,
      0.0055684782564640045,
      0.2888149917125702
    ]
  ],
  "currentPrediction": [
    {
      "name": "LSTM Base Model",
      "predictions": [
        [
          7,
          8,
          9
        ],
        [
          7,
          6,
          5
        ]
      ]
    }
  ],
  "realResult": [
    4,
    2,
    1
  ],
  "newPrediction": [
    {
      "name": "LSTM Base Model",
      "predictions": [
        [
          4,
          2,
          1
        ],
        [
          4,
          2,
          8
        ]
      ]
    }
  ],
  "newPredictionRaw": [
    [
      0.008001871407032013,
      0.00789428036659956,
      0.03318282961845398,
      0.025457734242081642,
      0.04561833664774895,
      0.03004639223217964,
      0.001390877179801464,
      0.01322601456195116,
      0.031114785000681877,
      0.004376190714538097
    ],
    [
      0.024950524792075157,
      0.019012615084648132,
      0.24298635125160217,
      0.01519683189690113,
      0.00751351285725832,
      0.09855256974697113,
      0.0016367685748264194,
      0.0068459054455161095,
      0.014535151422023773,
      0.005119605455547571
    ],
    [
      0.0008207028731703758,
      0.12858934700489044,
      0.018329549580812454,
      0.02550729736685753,
      0.11192219704389572,
      0.02092631161212921,
      0.009172474965453148,
      0.022732064127922058,
      0.008140478283166885,
      0.01720036193728447
    ]
  ],
  "matchingNumbers": {
    "model": null,
    "prediction": null,
    "matching_numbers": [],
    "match_count": 0
  },
  "labels": [
    0,
    1,
    2,
    3,
    4,
    5,
    6,
    7,
    8,
    9
  ],
  "numberFrequency": {
    "4": 0.3333333333333333,
    "2": 0.3333333333333333,
    "1": 0.16666666666666666,
    "8": 0.16666666666666666
  }
}