{
  "currentPredictionRaw": [
    [
      0.0005236456636339426,
      0.0015771127073094249,
      0.0229380801320076,
      0.015090228989720345,
      0.0022391234524548054,
      0.0006238889181986451,
      0.002971199108287692,
      0.006521272007375956,
      0.004651251714676619,
      0.16347484290599823
    ],
    [
      0.0033934295643121004,
      0.007697129622101784,
      0.0002901023835875094,
      0.5020573735237122,
      0.007801241707056761,
      0.0013264026492834091,
      0.012830418534576893,
      0.0005707847303710878,
      0.00892610289156437,
      0.0026317215524613857
    ],
    [
      0.008259890601038933,
      0.0014373803278431296,
      0.006263678427785635,
      0.007327135186642408,
      0.014202315360307693,
      0.18479487299919128,
      0.004950598813593388,
      0.0004228452453389764,
      0.0004365493368823081,
      0.0037693879567086697
    ]
  ],
  "currentPrediction": [
    {
      "name": "LSTM Base Model",
      "predictions": [
        [
          9,
          3,
          5
        ],
        [
          9,
          2,
          3
        ]
      ]
    }
  ],
  "realResult": [
    5,
    4,
    4
  ],
  "newPrediction": [
    {
      "name": "LSTM Base Model",
      "predictions": [
        [
          5,
          1,
          4
        ],
        [
          5,
          4,
          9
        ]
      ]
    }
  ],
  "newPredictionRaw": [
    [
      0.0019327475456520915,
      0.006666622124612331,
      0.0016830984968692064,
      0.00666953157633543,
      0.03731086477637291,
      0.2265949547290802,
      0.004121354781091213,
      0.005691325291991234,
      0.0036327065899968147,
      0.013622380793094635
    ],
    [
      0.013326998800039291,
      0.03088485263288021,
      0.021003345027565956,
      0.009209963493049145,
      0.03074416145682335,
      0.0014289628015831113,
      0.00017965349252335727,
      0.003927864134311676,
      0.0016580818919464946,
      0.0029123257845640182
    ],
    [
      0.006678375415503979,
      0.003173430683091283,
      0.008613316342234612,
      0.008953194133937359,
      0.509713351726532,
      0.004457269329577684,
      0.012072599492967129,
      0.0018737987847998738,
      0.0011667603394016623,
      0.02009609341621399
    ]
  ],
  "matchingNumbers": {
    "model": "LSTM Base Model",
    "prediction": [
      9,
      3,
      5
    ],
    "matching_numbers": [
      5
    ],
    "match_count": 1
  },
  "labels": [
    0,
    1,
    2,
    3,
    4,
    5,
    6,
    7,
    8,
    9
  ],
  "numberFrequency": {
    "5": 0.3333333333333333,
    "1": 0.16666666666666666,
    "4": 0.3333333333333333,
    "9": 0.16666666666666666
  }
}