{
  "currentPredictionRaw": [
    [
      0.006901713088154793,
      0.019381077960133553,
      0.012983279302716255,
      0.00018190762784797698,
      0.00554406363517046,
      0.0015042880550026894,
      0.03807777538895607,
      0.06128992512822151,
      0.016367629170417786,
      0.041830874979496
    ],
    [
      0.0007277758559212089,
      0.34360411763191223,
      0.026105942204594612,
      0.0009690810111351311,
      0.02028474770486355,
      0.01207809615880251,
      0.0020003209356218576,
      0.0017531781923025846,
      0.08378259092569351,
      0.0025215253699570894
    ],
    [
      0.1468650847673416,
      0.0026498406659811735,
      0.0018971918616443872,
      0.004050439689308405,
      0.003074837848544121,
      0.001449288916774094,
      0.02926529012620449,
      0.07850363105535507,
      0.0342380590736866,
      0.00011643436300801113
    ]
  ],
  "currentPrediction": [
    {
      "name": "LSTM Base Model",
      "predictions": [
        [
          7,
          1,
          0
        ],
        [
          7,
          9,
          6
        ]
      ]
    }
  ],
  "realResult": [
    0,
    8,
    1
  ],
  "newPrediction": [
    {
      "name": "LSTM Base Model",
      "predictions": [
        [
          2,
          5,
          3
        ],
        [
          2,
          0,
          7
        ]
      ]
    }
  ],
  "newPredictionRaw": [
    [
      0.0062354677356779575,
      0.002440264681354165,
      0.28543806076049805,
      0.0003942583280149847,
      0.0006616136524826288,
      0.0022592847235500813,
      0.0005219214945100248,
      0.003903490724042058,
      9.24409250728786e-05,
      0.000659589481074363
    ],
    [
      0.003115694737061858,
      0.0008620998705737293,
      0.0016647587763145566,
      0.002231018617749214,
      0.0006948806694708765,
      0.01535797119140625,
      0.0011311671696603298,
      0.0007807092624716461,
      0.0016740420833230019,
      0.004227185156196356
    ],
    [
      0.0037369730416685343,
      0.0040588295087218285,
      0.005656399764120579,
      0.6414356231689453,
      0.0010962258093059063,
      0.0012120262254029512,
      0.001781653380021453,
      0.00030434789368882775,
      0.0002395721385255456,
      0.0061324588023126125
    ]
  ],
  "matchingNumbers": {
    "model": "LSTM Base Model",
    "prediction": [
      7,
      1,
      0
    ],
    "matching_numbers": [
      0,
      1
    ],
    "match_count": 2
  },
  "labels": [
    0,
    1,
    2,
    3,
    4,
    5,
    6,
    7,
    8,
    9
  ],
  "numberFrequency": {
    "2": 0.3333333333333333,
    "5": 0.16666666666666666,
    "3": 0.16666666666666666,
    "0": 0.16666666666666666,
    "7": 0.16666666666666666
  }
}