{
  "currentPredictionRaw": [
    [
      0.0004795218410436064,
      0.004600883927196264,
      0.004149735439568758,
      0.0005463166162371635,
      0.3656979501247406,
      0.0008968605543486774,
      0.000544257287401706,
      0.00252486951649189,
      0.002624426269903779,
      0.0008985137101262808
    ],
    [
      0.0012457609409466386,
      0.0016559730283915997,
      0.19020549952983856,
      0.0020412784069776535,
      0.004509223625063896,
      0.0005066112498752773,
      7.371132232947275e-05,
      0.00037492363480851054,
      0.001241545076481998,
      0.0002930833143182099
    ],
    [
      0.00029012042796239257,
      0.38490283489227295,
      0.0008287481032311916,
      0.00043516361620277166,
      0.0006449460634030402,
      0.006818282883614302,
      0.0016803696053102612,
      0.002230960177257657,
      0.014506609179079533,
      0.00255106040276587
    ]
  ],
  "currentPrediction": [
    {
      "name": "LSTM Base Model",
      "predictions": [
        [
          4,
          2,
          1
        ],
        [
          4,
          1,
          2
        ]
      ]
    }
  ],
  "realResult": [
    5,
    9,
    7
  ],
  "newPrediction": [
    {
      "name": "LSTM Base Model",
      "predictions": [
        [
          5,
          9,
          7
        ],
        [
          5,
          0,
          9
        ]
      ]
    }
  ],
  "newPredictionRaw": [
    [
      0.018633808940649033,
      0.0010533523745834827,
      0.004859139211475849,
      0.003915540408343077,
      0.003633331274613738,
      0.2859004735946655,
      0.003609301522374153,
      0.0018632481805980206,
      0.004470365587621927,
      0.0059356726706027985
    ],
    [
      0.009386110119521618,
      0.006903391797095537,
      0.019453220069408417,
      0.005448611918836832,
      0.007675626315176487,
      0.0008555005770176649,
      0.00015567628724966198,
      0.005448575597256422,
      0.007727215066552162,
      0.35237258672714233
    ],
    [
      0.006787964142858982,
      0.0018916690023615956,
      0.009641928598284721,
      0.0018293143948540092,
      0.0038185734301805496,
      0.0021887857001274824,
      0.0016801322344690561,
      0.21666985750198364,
      0.003712000325322151,
      0.0024790000170469284
    ]
  ],
  "matchingNumbers": {
    "model": null,
    "prediction": null,
    "matching_numbers": [],
    "match_count": 0
  },
  "labels": [
    0,
    1,
    2,
    3,
    4,
    5,
    6,
    7,
    8,
    9
  ],
  "numberFrequency": {
    "5": 0.3333333333333333,
    "9": 0.3333333333333333,
    "7": 0.16666666666666666,
    "0": 0.16666666666666666
  }
}