{
  "currentPredictionRaw": [
    [
      0.23073050379753113,
      0.002980476478114724,
      0.008078102022409439,
      0.009036457166075706,
      0.00586468493565917,
      0.018903853371739388,
      0.0030881394632160664,
      0.01704399473965168,
      0.0005741611821576953,
      0.012607038021087646
    ],
    [
      0.0003024641773663461,
      0.005999369081109762,
      0.00809856504201889,
      0.0062578413635492325,
      0.001705549075268209,
      0.4059341549873352,
      0.0021595873404294252,
      0.02478673681616783,
      0.02038377895951271,
      0.018334414809942245
    ],
    [
      0.049238789826631546,
      0.0010615176288411021,
      0.039354074746370316,
      0.013839212246239185,
      0.0006736653740517795,
      0.04568515717983246,
      0.011752696707844734,
      0.02781125344336033,
      0.0004946218687109649,
      0.007219132501631975
    ]
  ],
  "currentPrediction": [
    {
      "name": "LSTM Base Model",
      "predictions": [
        [
          0,
          5,
          0
        ],
        [
          0,
          5,
          7
        ]
      ]
    }
  ],
  "realResult": [
    8,
    1,
    3
  ],
  "newPrediction": [
    {
      "name": "LSTM Base Model",
      "predictions": [
        [
          2,
          8,
          5
        ],
        [
          2,
          0,
          3
        ]
      ]
    }
  ],
  "newPredictionRaw": [
    [
      0.053589221090078354,
      0.001469139358960092,
      0.1272972971200943,
      0.028536885976791382,
      0.013794601894915104,
      0.012813315726816654,
      0.014114070683717728,
      0.01003176812082529,
      0.0048804073594510555,
      0.026831045746803284
    ],
    [
      0.00653286837041378,
      0.006352413445711136,
      0.0017895937198773026,
      0.01245116163045168,
      0.059979718178510666,
      0.015267734415829182,
      0.06630777567625046,
      0.003245801664888859,
      0.1549830138683319,
      0.007810009177774191
    ],
    [
      0.005073742941021919,
      0.0032064588740468025,
      0.047940950840711594,
      0.005185282323509455,
      0.009708159603178501,
      0.21631485223770142,
      0.039526987820863724,
      0.017842009663581848,
      0.0012344940332695842,
      0.025889189913868904
    ]
  ],
  "matchingNumbers": {
    "model": null,
    "prediction": null,
    "matching_numbers": [],
    "match_count": 0
  },
  "labels": [
    0,
    1,
    2,
    3,
    4,
    5,
    6,
    7,
    8,
    9
  ],
  "numberFrequency": {
    "2": 0.3333333333333333,
    "8": 0.16666666666666666,
    "5": 0.16666666666666666,
    "0": 0.16666666666666666,
    "3": 0.16666666666666666
  }
}