{"currentPredictionRaw": [], "currentPrediction": [], "realResult": [8, 2, 0], "newPrediction": [{"name": "LSTM Base Model", "predictions": [[8, 2, 0], [8, 9, 2]]}], "newPredictionRaw": [[0.007200218271464109, 0.01078897062689066, 0.016880763694643974, 0.00043574930168688297, 0.00970915611833334, 0.0017591723008081317, 0.004390249960124493, 0.0050709969364106655, 0.2720177471637726, 0.03151601552963257], [0.012754783034324646, 0.017203398048877716, 0.1281978040933609, 0.008666777983307838, 0.03905772045254707, 0.001573485555127263, 0.004830264952033758, 0.0005815517506562173, 0.01013148296624422, 0.001033973298035562], [0.3056894540786743, 0.010262847878038883, 0.0010662215063348413, 0.0178801491856575, 0.002292298013344407, 0.043405354022979736, 0.024487625807523727, 0.006231328938156366, 0.0046716476790606976, 0.00021277088671922684]], "matchingNumbers": {"model": null, "prediction": null, "matching_numbers": [], "match_count": 0}, "labels": [0, 1, 2, 3, 4, 5, 6, 7, 8, 9], "numberFrequency": {"8": 0.3333333333333333, "2": 0.3333333333333333, "0": 0.16666666666666666, "9": 0.16666666666666666}}