{"currentPredictionRaw": [[0.999686598777771, 1.7206165829170693e-36, 0.0, 2.5104985979851335e-05, 9.705559023132082e-07, 0.0, 0.0002867102448362857, 4.497889156036324e-37, 0.0, 6.457711378970998e-07], [6.02173462642282e-20, 5.010254780659996e-22, 1.1527412109747832e-20, 2.2750143764571443e-28, 1.2635124066809333e-13, 3.3844709257380146e-09, 5.564710136241047e-06, 0.9999943971633911, 4.2504227915074466e-10, 2.5305251177240888e-15], [2.570668739204082e-19, 2.8544217936303087e-24, 7.041318612678418e-19, 1.0, 1.4995546037538388e-12, 4.39866837784094e-27, 1.3030579524740075e-14, 1.3892179352841216e-34, 0.0, 3.445782638117452e-17]], "currentPrediction": [[0, 7, 3], [6, 6, 4], [3, 5, 6], [4, 8, 9], [9, 4, 2], [1, 9, 0], [7, 0, 1], [8, 2, 5], [5, 1, 7], [2, 3, 8]], "realResult": [7, 9, 2], "newPrediction": [[1, 9, 1], [2, 6, 2], [3, 3, 3], [8, 8, 8], [9, 7, 9], [5, 0, 5], [0, 4, 0], [7, 1, 7], [4, 2, 4], [6, 5, 6]], "newPredictionRaw": [[7.306159091058362e-07, 0.9992596507072449, 0.0003729689051397145, 0.00024040127755142748, 7.463042095423589e-08, 2.6780796815728536e-06, 2.9545345336945417e-11, 4.4737532789440593e-07, 0.00011837993952212855, 4.692454695032211e-06], [2.7532953334233855e-14, 8.483132375540752e-16, 8.772218730617034e-20, 8.958999341002194e-12, 2.51620674572876e-14, 1.4053812617445617e-23, 3.766459713006043e-07, 3.116632996060138e-14, 4.0836791955801977e-13, 0.9999996423721313], [6.729499659741123e-07, 0.9992341995239258, 0.00037934770807623863, 0.0002527501492295414, 6.16958715227156e-08, 2.6684513159125345e-06, 2.399655127383049e-11, 3.547523022007226e-07, 0.0001257347612408921, 4.281801466277102e-06]], "matchingNumbers": {"bestMatchIndex": 4, "bestMatchSequence": [9, 4, 2], "matchingNumbers": [9, 2]}, "labels": [0, 1, 2, 3, 4, 5, 6, 7, 8, 9]}