{
  "currentPredictionRaw": [
    [
      0.19508111476898193,
      0.008923709392547607,
      0.021042633801698685,
      0.014531510882079601,
      0.005089284852147102,
      0.0051231225952506065,
      0.01211511343717575,
      0.001397396088577807,
      0.00103370298165828,
      0.07341437041759491
    ],
    [
      0.019995983690023422,
      0.0016719617415219545,
      0.012327788397669792,
      0.06799343973398209,
      0.26239013671875,
      0.02139224298298359,
      0.0005368890124373138,
      0.002582630142569542,
      0.11756868660449982,
      0.00430349912494421
    ],
    [
      0.02189856953918934,
      0.0013963808305561543,
      0.016028016805648804,
      0.004929933696985245,
      0.017064621672034264,
      0.003901675110682845,
      0.05192316323518753,
      0.008448148146271706,
      0.017850929871201515,
      0.008043311536312103
    ]
  ],
  "currentPrediction": [
    {
      "name": "LSTM Base Model",
      "predictions": [
        [
          0,
          4,
          6
        ],
        [
          0,
          9,
          2
        ]
      ]
    }
  ],
  "realResult": [
    8,
    4,
    3
  ],
  "newPrediction": [
    {
      "name": "LSTM Base Model",
      "predictions": [
        [
          5,
          0,
          7
        ],
        [
          5,
          2,
          0
        ]
      ]
    }
  ],
  "newPredictionRaw": [
    [
      0.01598035916686058,
      0.012995835393667221,
      0.023528410121798515,
      0.014364231377840042,
      0.0014146517496556044,
      0.041666366159915924,
      0.015428820624947548,
      0.0006129365647211671,
      0.004319730680435896,
      0.015649842098355293
    ],
    [
      0.4699622392654419,
      0.005520568694919348,
      0.014895159751176834,
      0.015016871504485607,
      0.019801544025540352,
      0.008993354625999928,
      0.02013462595641613,
      0.000570980366319418,
      0.00277340249158442,
      0.009188930504024029
    ],
    [
      0.07908163964748383,
      0.015731628984212875,
      0.015517338179051876,
      0.002194975968450308,
      0.033866941928863525,
      0.0029103842098265886,
      0.0006398917175829411,
      0.1277817040681839,
      0.0033815987408161163,
      0.006074986886233091
    ]
  ],
  "matchingNumbers": {
    "model": "LSTM Base Model",
    "prediction": [
      0,
      4,
      6
    ],
    "matching_numbers": [
      4
    ],
    "match_count": 1
  },
  "labels": [
    0,
    1,
    2,
    3,
    4,
    5,
    6,
    7,
    8,
    9
  ],
  "numberFrequency": {
    "5": 0.3333333333333333,
    "0": 0.3333333333333333,
    "7": 0.16666666666666666,
    "2": 0.16666666666666666
  }
}