{
  "currentPredictionRaw": [
    [
      5.130093632033095e-05,
      0.0018713464960455894,
      0.0029331829864531755,
      0.004814332351088524,
      0.0020180661231279373,
      0.0013119082432240248,
      0.0013983187964186072,
      0.19323328137397766,
      5.7001721870619804e-05,
      0.0010686294408515096
    ],
    [
      0.0008888080483302474,
      0.018898453563451767,
      0.0016009605024009943,
      0.003709592157974839,
      0.41573265194892883,
      8.262872142950073e-05,
      0.0021089683286845684,
      8.038219675654545e-06,
      0.0007190168835222721,
      0.001653267303481698
    ],
    [
      0.0026745181530714035,
      0.001119869644753635,
      0.0003061487805098295,
      0.0026922523975372314,
      0.00024126566131599247,
      4.119622826692648e-05,
      0.31013622879981995,
      0.003424760652706027,
      0.02421136572957039,
      0.000992615707218647
    ]
  ],
  "currentPrediction": [
    {
      "name": "LSTM Base Model",
      "predictions": [
        [
          7,
          4,
          6
        ],
        [
          7,
          3,
          2
        ]
      ]
    }
  ],
  "realResult": [
    6,
    6,
    0
  ],
  "newPrediction": [
    {
      "name": "LSTM Base Model",
      "predictions": [
        [
          6,
          6,
          0
        ],
        [
          6,
          9,
          8
        ]
      ]
    }
  ],
  "newPredictionRaw": [
    [
      0.0004099688376300037,
      0.0007615916547365487,
      0.00013959503849036992,
      0.00023128670000005513,
      0.0001174384233308956,
      0.00011856851779157296,
      0.09265154600143433,
      0.0043846056796610355,
      0.007082839030772448,
      0.0112469382584095
    ],
    [
      9.108623635256663e-05,
      0.0006688269786536694,
      0.002667537424713373,
      0.0002709914406295866,
      0.001214872463606298,
      0.0009815390221774578,
      0.3131793141365051,
      0.0001369140954921022,
      0.004276065155863762,
      0.005562343634665012
    ],
    [
      0.5410007238388062,
      0.001786337816156447,
      0.0004676773678511381,
      2.1286625269567594e-05,
      0.00034757054527290165,
      0.00051852100295946,
      0.0029905885457992554,
      0.0008726892410777509,
      0.0031146265100687742,
      0.002686184598132968
    ]
  ],
  "matchingNumbers": {
    "model": "LSTM Base Model",
    "prediction": [
      7,
      4,
      6
    ],
    "matching_numbers": [
      6
    ],
    "match_count": 1
  },
  "labels": [
    0,
    1,
    2,
    3,
    4,
    5,
    6,
    7,
    8,
    9
  ],
  "numberFrequency": {
    "6": 0.5,
    "0": 0.16666666666666666,
    "9": 0.16666666666666666,
    "8": 0.16666666666666666
  }
}