{
  "currentPredictionRaw": [
    [
      0.009274685755372047,
      0.007572953123599291,
      0.0016533450689166784,
      0.0018203879008069634,
      0.0004499352362472564,
      0.0009227952104993165,
      0.33686816692352295,
      0.0008401921950280666,
      0.001487435307353735,
      0.00733552360907197
    ],
    [
      0.0018138573504984379,
      0.0029346246737986803,
      0.004958269186317921,
      0.00028678090893663466,
      0.0027965956833213568,
      0.18361468613147736,
      0.011089653708040714,
      0.00338351191021502,
      0.0002957102842628956,
      8.691511175129563e-05
    ],
    [
      0.001035564811900258,
      0.00032576030935160816,
      0.39844781160354614,
      0.00690865283831954,
      0.005434534978121519,
      0.0012354453792795539,
      0.0006058583385311067,
      0.0037157877814024687,
      0.0025982654187828302,
      0.00020639828289858997
    ]
  ],
  "currentPrediction": [
    {
      "name": "LSTM Base Model",
      "predictions": [
        [
          6,
          5,
          2
        ],
        [
          6,
          0,
          1
        ]
      ]
    }
  ],
  "realResult": [
    2,
    7,
    4
  ],
  "newPrediction": [
    {
      "name": "LSTM Base Model",
      "predictions": [
        [
          2,
          7,
          4
        ],
        [
          2,
          4,
          1
        ]
      ]
    }
  ],
  "newPredictionRaw": [
    [
      0.005211011040955782,
      0.01126876287162304,
      0.18777996301651,
      0.0016193387564271688,
      0.02055143006145954,
      0.00636667525395751,
      0.007526126690208912,
      0.0020617987029254436,
      0.0011090339394286275,
      0.001437750761397183
    ],
    [
      0.01731451041996479,
      0.0005543609731830657,
      0.0026512211188673973,
      0.0015856194077059627,
      0.0016162545653060079,
      0.003464751411229372,
      0.023637406527996063,
      0.39864444732666016,
      0.0042148372158408165,
      0.011052197776734829
    ],
    [
      0.0013495918828994036,
      0.0003818926925305277,
      0.005282687023282051,
      0.010500382632017136,
      0.2529502809047699,
      0.0035771559923887253,
      0.0036090370267629623,
      0.007073665503412485,
      0.003533035283908248,
      0.002074693562462926
    ]
  ],
  "matchingNumbers": {
    "model": "LSTM Base Model",
    "prediction": [
      6,
      5,
      2
    ],
    "matching_numbers": [
      2
    ],
    "match_count": 1
  },
  "labels": [
    0,
    1,
    2,
    3,
    4,
    5,
    6,
    7,
    8,
    9
  ],
  "numberFrequency": {
    "2": 0.3333333333333333,
    "7": 0.16666666666666666,
    "4": 0.3333333333333333,
    "1": 0.16666666666666666
  }
}