{
  "currentPredictionRaw": [
    [
      0.004315935540944338,
      0.0003959099412895739,
      0.27255645394325256,
      0.016732197254896164,
      0.00104222958907485,
      0.0024655144661664963,
      0.003479989478364587,
      0.0005836517666466534,
      0.0030396156944334507,
      0.0005701837362721562
    ],
    [
      0.2970147728919983,
      0.007911572232842445,
      0.0010065415408462286,
      0.00020846797269769013,
      0.0005183342145755887,
      0.004297582432627678,
      0.0002887809241656214,
      0.0028729145415127277,
      0.0011638686992228031,
      0.007850902155041695
    ],
    [
      0.0004214982036501169,
      0.000385221210308373,
      0.002402022946625948,
      0.35305652022361755,
      0.003744132351130247,
      0.0021276818588376045,
      0.0036741995718330145,
      0.000781637558247894,
      0.0007334375404752791,
      0.004358215257525444
    ]
  ],
  "currentPrediction": [
    {
      "name": "LSTM Base Model",
      "predictions": [
        [
          2,
          0,
          3
        ],
        [
          2,
          3,
          0
        ]
      ]
    }
  ],
  "realResult": [
    2,
    5,
    8
  ],
  "newPrediction": [
    {
      "name": "LSTM Base Model",
      "predictions": [
        [
          2,
          5,
          8
        ],
        [
          2,
          3,
          1
        ]
      ]
    }
  ],
  "newPredictionRaw": [
    [
      0.0010031522251665592,
      0.002258479129523039,
      0.07372613251209259,
      0.005955733358860016,
      0.0011726919328793883,
      0.00013046347885392606,
      0.001130665885284543,
      0.00018295070913154632,
      0.0006820992566645145,
      0.00045291244168765843
    ],
    [
      0.00045417610090225935,
      0.0017384459497407079,
      0.002337509533390403,
      0.0003920219896826893,
      0.0005532224313355982,
      0.07125821709632874,
      0.0009408253245055676,
      0.004259176552295685,
      0.00025468808598816395,
      0.0006325363065116107
    ],
    [
      0.00039950257632881403,
      0.00039038079557940364,
      0.00031887818477116525,
      0.004948889371007681,
      0.000901548657566309,
      4.787346551893279e-05,
      0.0007073364104144275,
      0.0005563398008234799,
      0.8212676048278809,
      0.0009455535328015685
    ]
  ],
  "matchingNumbers": {
    "model": "LSTM Base Model",
    "prediction": [
      2,
      0,
      3
    ],
    "matching_numbers": [
      2
    ],
    "match_count": 1
  },
  "labels": [
    0,
    1,
    2,
    3,
    4,
    5,
    6,
    7,
    8,
    9
  ],
  "numberFrequency": {
    "2": 0.3333333333333333,
    "5": 0.16666666666666666,
    "8": 0.16666666666666666,
    "3": 0.16666666666666666,
    "1": 0.16666666666666666
  }
}