{"currentPredictionRaw": [[1.0, 0.0, 6.945598254984307e-27, 3.8927450498990504e-17, 3.516681611908352e-17, 0.0, 8.757648727042013e-34, 0.0, 0.0, 0.0], [3.1917029019723486e-08, 7.038893357069753e-10, 1.0, 1.0770742885904058e-13, 2.6860636785577676e-27, 1.3679977654742275e-35, 9.042593280779589e-23, 5.572551938834013e-16, 1.1315137195266889e-11, 1.2493465983975938e-10], [1.9789140992543253e-08, 8.832758968679855e-10, 1.0, 5.879297022099925e-14, 9.255349089104409e-28, 3.104934090030423e-36, 2.3582356206527108e-23, 3.9663313018895637e-16, 8.047113322917632e-12, 1.0993483900989531e-10]], "currentPrediction": [[0, 2, 2], [3, 0, 0], [4, 1, 1], [2, 9, 9], [6, 8, 8], [9, 3, 3], [8, 7, 7], [7, 6, 6], [5, 4, 4], [1, 5, 5]], "realResult": [4, 0, 4], "newPrediction": [[0, 5, 1], [4, 4, 8], [3, 3, 9], [2, 8, 7], [6, 6, 5], [9, 0, 6], [8, 9, 4], [7, 7, 3], [5, 2, 2], [1, 1, 0]], "newPredictionRaw": [[1.0, 0.0, 3.1934441446167518e-27, 3.33842981473134e-17, 5.939101873338065e-17, 0.0, 3.425636657425849e-33, 0.0, 0.0, 0.0], [2.046138978486089e-36, 0.0, 0.0, 5.727487499776625e-16, 4.683083382076101e-15, 1.0, 2.6416821069334323e-31, 0.0, 5.697373076382161e-23, 0.0], [0.0, 1.0, 0.0, 0.0, 0.0, 0.0, 0.0, 0.0, 6.081437364871768e-29, 0.0]], "matchingNumbers": {"bestMatchIndex": 0, "bestMatchSequence": [0, 2, 2], "matchingNumbers": [0]}, "labels": [0, 1, 2, 3, 4, 5, 6, 7, 8, 9]}