{"currentPredictionRaw": [[0.10239826142787933, 0.09969711303710938, 0.10091462731361389, 0.09908562153577805, 0.10221800953149796, 0.09915762394666672, 0.09825102984905243, 0.09718641638755798, 0.1008201390504837, 0.10027115046977997], [0.10239826142787933, 0.09969711303710938, 0.10091462731361389, 0.09908562153577805, 0.10221800953149796, 0.09915762394666672, 0.09825102984905243, 0.09718641638755798, 0.1008201390504837, 0.10027115046977997], [0.10239826142787933, 0.09969711303710938, 0.10091462731361389, 0.09908562153577805, 0.10221800953149796, 0.09915762394666672, 0.09825102984905243, 0.09718641638755798, 0.1008201390504837, 0.10027115046977997]], "currentPrediction": [[1, 0, 0], [5, 0, 0], [3, 0, 0], [9, 0, 0], [10, 0, 0], [2, 0, 0], [6, 0, 0], [4, 0, 0], [7, 0, 0], [8, 0, 0]], "realResult": [7, 0, 4], "newPrediction": [[1, 0, 0], [5, 0, 0], [3, 0, 0], [9, 0, 0], [10, 0, 0], [2, 0, 0], [6, 0, 0], [4, 0, 0], [7, 0, 0], [8, 0, 0]], "newPredictionRaw": [[0.10239821672439575, 0.09969696402549744, 0.10091464966535568, 0.09908590465784073, 0.10221772640943527, 0.09915752708911896, 0.0982508510351181, 0.09718640148639679, 0.10082033276557922, 0.10027143359184265], [0.10239821672439575, 0.09969696402549744, 0.10091464966535568, 0.09908590465784073, 0.10221772640943527, 0.09915752708911896, 0.0982508510351181, 0.09718640148639679, 0.10082033276557922, 0.10027143359184265], [0.10239821672439575, 0.09969696402549744, 0.10091464966535568, 0.09908590465784073, 0.10221772640943527, 0.09915752708911896, 0.0982508510351181, 0.09718640148639679, 0.10082033276557922, 0.10027143359184265]], "matchingNumbers": {"bestMatchIndex": 7, "bestMatchSequence": [4, 0, 0], "matchingNumbers": [0, 4]}}