{
  "currentPredictionRaw": [
    [
      0.0010950624709948897,
      0.0028667428996413946,
      0.005446074064821005,
      0.00136229966301471,
      0.03601556271314621,
      0.03427969291806221,
      0.007293651811778545,
      0.002762625692412257,
      0.004273681435734034,
      0.08657848834991455
    ],
    [
      0.0059906672686338425,
      0.011584929190576077,
      0.2398827075958252,
      0.013562679290771484,
      0.017438307404518127,
      0.0008691769908182323,
      0.000540139910299331,
      0.00152643455658108,
      0.01246960274875164,
      0.014697953127324581
    ],
    [
      0.4177432060241699,
      0.0022808874491602182,
      0.012838248163461685,
      0.0066690207459032536,
      0.002447289414703846,
      0.039250265806913376,
      0.005295447073876858,
      0.00497730728238821,
      0.005895971320569515,
      0.002065849956125021
    ]
  ],
  "currentPrediction": [
    {
      "name": "LSTM Base Model",
      "predictions": [
        [
          9,
          2,
          0
        ],
        [
          9,
          4,
          5
        ]
      ]
    }
  ],
  "realResult": [
    9,
    4,
    8
  ],
  "newPrediction": [
    {
      "name": "LSTM Base Model",
      "predictions": [
        [
          9,
          4,
          8
        ],
        [
          9,
          3,
          8
        ]
      ]
    }
  ],
  "newPredictionRaw": [
    [
      0.011548733338713646,
      0.0026865736581385136,
      0.009982900694012642,
      0.04282430186867714,
      0.0021638250909745693,
      0.0018908428028225899,
      0.006690728012472391,
      0.0005999986315146089,
      0.02253207378089428,
      0.12363844364881516
    ],
    [
      0.005846979096531868,
      0.019960075616836548,
      0.007484325673431158,
      0.05035955086350441,
      0.2867310643196106,
      0.0015318054938688874,
      0.0034091519191861153,
      0.0028482151683419943,
      0.01193908043205738,
      0.0041111004538834095
    ],
    [
      0.002786122029647231,
      0.08740661293268204,
      0.0018012315267696977,
      0.002782834693789482,
      0.0027724404353648424,
      0.004457916598767042,
      0.005498410202562809,
      0.008472981862723827,
      0.2501465082168579,
      0.01509516779333353
    ]
  ],
  "matchingNumbers": {
    "model": "LSTM Base Model",
    "prediction": [
      9,
      4,
      5
    ],
    "matching_numbers": [
      9,
      4
    ],
    "match_count": 2
  },
  "labels": [
    0,
    1,
    2,
    3,
    4,
    5,
    6,
    7,
    8,
    9
  ],
  "numberFrequency": {
    "9": 0.3333333333333333,
    "4": 0.16666666666666666,
    "8": 0.3333333333333333,
    "3": 0.16666666666666666
  }
}