{"currentPredictionRaw": [[9.685233677611422e-31, 0.0, 3.4842265846689268e-28, 3.8261250273748664e-25, 0.9999997615814209, 1.9876091883475056e-09, 2.7627638132798893e-07, 1.62127571465077e-26, 0.0, 0.0], [0.0, 0.0, 0.0, 1.1598662632002217e-36, 4.0130313361705175e-27, 0.0, 1.0, 0.0, 0.0, 8.461315894951926e-32], [0.0, 3.4227256926028317e-32, 1.0, 5.039661465922052e-10, 0.0, 1.463477649108115e-26, 0.0, 0.0, 0.0, 0.0]], "currentPrediction": [[4, 6, 2], [6, 4, 3], [5, 9, 5], [3, 3, 1], [7, 8, 9], [2, 7, 8], [0, 5, 7], [9, 2, 6], [8, 1, 4], [1, 0, 0]], "realResult": [7, 6, 7], "newPrediction": [[6, 6, 5], [4, 4, 4], [9, 9, 2], [3, 3, 6], [8, 8, 9], [7, 7, 8], [5, 5, 7], [2, 2, 3], [1, 1, 1], [0, 0, 0]], "newPredictionRaw": [[0.0, 0.0, 0.0, 1.9066855836638876e-38, 4.055643499155057e-28, 0.0, 1.0, 0.0, 0.0, 3.497213013542647e-34], [0.0, 0.0, 0.0, 3.727104431267011e-38, 1.8391640318682958e-28, 0.0, 1.0, 0.0, 0.0, 1.0552463296854562e-33], [0.0, 0.0, 8.895769968274952e-18, 0.0, 1.174191969241338e-14, 1.0, 2.0385046422378016e-28, 0.0, 0.0, 0.0]], "matchingNumbers": {"bestMatchIndex": 0, "bestMatchSequence": [4, 6, 2], "matchingNumbers": [6]}, "labels": [0, 1, 2, 3, 4, 5, 6, 7, 8, 9]}