{
  "currentPredictionRaw": [
    [
      0.005341844633221626,
      0.15359342098236084,
      0.016097158193588257,
      0.020192043855786324,
      0.011499738320708275,
      0.022841541096568108,
      0.009130259975790977,
      0.02009475789964199,
      0.0008766445098444819,
      0.009359223768115044
    ],
    [
      0.022088736295700073,
      0.2563251852989197,
      0.08565455675125122,
      0.012780046090483665,
      0.025589456781744957,
      0.03501555323600769,
      0.003457343438640237,
      0.012151890434324741,
      0.00210105930455029,
      0.0033091919030994177
    ],
    [
      0.10657668858766556,
      0.017117269337177277,
      0.016287006437778473,
      0.03977236524224281,
      0.0031240929383784533,
      0.007782591972500086,
      0.046734970062971115,
      0.016698146238923073,
      0.0034658689983189106,
      0.014941354282200336
    ]
  ],
  "currentPrediction": [
    {
      "name": "LSTM Base Model",
      "predictions": [
        [
          1,
          1,
          0
        ],
        [
          1,
          5,
          3
        ]
      ]
    }
  ],
  "realResult": [
    9,
    4,
    2
  ],
  "newPrediction": [
    {
      "name": "LSTM Base Model",
      "predictions": [
        [
          9,
          4,
          2
        ],
        [
          9,
          8,
          3
        ]
      ]
    }
  ],
  "newPredictionRaw": [
    [
      0.009009157307446003,
      0.004592605400830507,
      0.0014658340951427817,
      0.019102219492197037,
      0.002426445484161377,
      0.000475570879643783,
      0.004831457510590553,
      0.0032312367111444473,
      0.05310603231191635,
      0.46705153584480286
    ],
    [
      0.0011671733809635043,
      0.006379580125212669,
      0.0006929011433385313,
      0.023697983473539352,
      0.10976837575435638,
      0.008683321997523308,
      0.029864247888326645,
      0.028201425448060036,
      0.01117622945457697,
      0.0013905635569244623
    ],
    [
      0.009052954614162445,
      0.010129034519195557,
      0.08685337752103806,
      0.0030374813359230757,
      0.001993816578760743,
      0.002271070843562484,
      0.0038344485219568014,
      0.014876238070428371,
      0.07426880300045013,
      0.007368776015937328
    ]
  ],
  "matchingNumbers": {
    "model": null,
    "prediction": null,
    "matching_numbers": [],
    "match_count": 0
  },
  "labels": [
    0,
    1,
    2,
    3,
    4,
    5,
    6,
    7,
    8,
    9
  ],
  "numberFrequency": {
    "9": 0.3333333333333333,
    "4": 0.16666666666666666,
    "2": 0.16666666666666666,
    "8": 0.16666666666666666,
    "3": 0.16666666666666666
  }
}