{
  "currentPredictionRaw": [
    [
      0.0010969536378979683,
      0.0003443315508775413,
      0.004767009988427162,
      0.0032664937898516655,
      0.008565445430576801,
      0.01579076237976551,
      0.15266765654087067,
      0.0017112878849729896,
      0.005050899460911751,
      0.09322258085012436
    ],
    [
      0.04396039992570877,
      0.0060920207761228085,
      0.019925815984606743,
      0.014584866352379322,
      0.004327453672885895,
      0.001856979331932962,
      0.000317700527375564,
      0.0005359562928788364,
      0.218341663479805,
      0.004060541745275259
    ],
    [
      0.17097637057304382,
      0.002422577003017068,
      0.12783539295196533,
      0.057441338896751404,
      0.002075230935588479,
      0.002378022763878107,
      0.012614427134394646,
      0.022067155689001083,
      0.0009330376051366329,
      0.0007696899701841176
    ]
  ],
  "currentPrediction": [
    {
      "name": "LSTM Base Model",
      "predictions": [
        [
          6,
          8,
          0
        ],
        [
          6,
          9,
          5
        ]
      ]
    }
  ],
  "realResult": [
    9,
    4,
    8
  ],
  "newPrediction": [
    {
      "name": "LSTM Base Model",
      "predictions": [
        [
          3,
          0,
          1
        ],
        [
          3,
          6,
          8
        ]
      ]
    }
  ],
  "newPredictionRaw": [
    [
      0.0035763385239988565,
      0.0002934954536613077,
      0.004459703341126442,
      0.5544691681861877,
      0.001091594691388309,
      0.0004683317383751273,
      0.036980509757995605,
      3.40175574820023e-05,
      0.012566599994897842,
      0.0017011333256959915
    ],
    [
      0.09724530577659607,
      0.07894379645586014,
      0.01007318776100874,
      0.0010757396230474114,
      0.01884819194674492,
      0.0005866059218533337,
      0.001954084262251854,
      0.00046067137736827135,
      0.003003310179337859,
      0.0012234378373250365
    ],
    [
      0.0010697863763198256,
      0.11444662511348724,
      0.0009069553925655782,
      0.0017407871782779694,
      0.000321626546792686,
      0.02937360666692257,
      0.006442126352339983,
      0.007233592681586742,
      0.006319889798760414,
      0.0030898298136889935
    ]
  ],
  "matchingNumbers": {
    "model": "LSTM Base Model",
    "prediction": [
      6,
      8,
      0
    ],
    "matching_numbers": [
      8
    ],
    "match_count": 1
  },
  "labels": [
    0,
    1,
    2,
    3,
    4,
    5,
    6,
    7,
    8,
    9
  ],
  "numberFrequency": {
    "3": 0.3333333333333333,
    "0": 0.16666666666666666,
    "1": 0.16666666666666666,
    "6": 0.16666666666666666,
    "8": 0.16666666666666666
  }
}