{"currentPredictionRaw": [[1.1998605044372294e-19, 8.190573899567176e-22, 2.6618429773886347e-20, 5.783891660708012e-28, 3.381167687412784e-13, 6.357077975138736e-09, 5.461442469822941e-06, 0.9999945163726807, 2.534526477582233e-10, 1.3818611968536903e-15], [0.0, 0.0, 0.0, 3.7173107562998447e-36, 1.6398617089860844e-26, 0.0, 1.0, 0.0, 0.0, 2.0364629638920018e-33], [3.568377675666774e-20, 8.9051844395984e-23, 7.281082858587566e-21, 5.14605050577556e-29, 2.138927056305473e-13, 4.97033836310834e-09, 3.998007287009386e-06, 0.9999959468841553, 8.192913014681835e-11, 1.4550845481658644e-16]], "currentPrediction": [[7, 6, 7], [6, 4, 6], [5, 9, 5], [8, 3, 8], [4, 8, 4], [9, 7, 9], [0, 5, 0], [2, 2, 2], [1, 1, 1], [3, 0, 3]], "realResult": [8, 1, 1], "newPrediction": [[0, 7, 8], [6, 6, 9], [3, 5, 7], [4, 8, 6], [9, 4, 5], [1, 9, 4], [7, 0, 3], [8, 2, 2], [5, 1, 1], [2, 3, 0]], "newPredictionRaw": [[0.9996845722198486, 1.3537020279478866e-36, 0.0, 2.4582832338637672e-05, 9.526000894766185e-07, 0.0, 0.00028931020642630756, 3.631395465893933e-37, 0.0, 6.173666520226107e-07], [6.657773832695303e-20, 4.768594247430378e-22, 9.698276668497272e-21, 2.2475479672965088e-28, 1.0847349223280095e-13, 3.0410949314330082e-09, 6.173365363792982e-06, 0.9999938011169434, 5.407641001653474e-10, 3.981285245056865e-15], [0.0, 0.0, 0.0, 0.0, 0.0, 0.0, 0.0, 0.0, 1.0, 1.6514853787018855e-29]], "matchingNumbers": {"bestMatchIndex": 3, "bestMatchSequence": [8, 3, 8], "matchingNumbers": [8]}, "labels": [0, 1, 2, 3, 4, 5, 6, 7, 8, 9]}