{
  "currentPredictionRaw": [
    [
      0.04085281491279602,
      0.005778900813311338,
      0.009564312174916267,
      0.1309012472629547,
      0.0027200730983167887,
      0.006771998945623636,
      0.17959138751029968,
      0.00262749707326293,
      0.0014059144305065274,
      0.006011579651385546
    ],
    [
      0.017613133415579796,
      0.004038372542709112,
      0.004486716352403164,
      0.02803228236734867,
      0.002365101594477892,
      0.004856442101299763,
      0.012928142212331295,
      0.2164589762687683,
      0.017092499881982803,
      0.0038955779746174812
    ],
    [
      0.17255516350269318,
      0.021332310512661934,
      0.02876521460711956,
      0.004003586247563362,
      0.00961748231202364,
      0.025700807571411133,
      0.004680680111050606,
      0.028874404728412628,
      0.0013918394688516855,
      0.005085520446300507
    ]
  ],
  "currentPrediction": [
    {
      "name": "LSTM Base Model",
      "predictions": [
        [
          6,
          7,
          0
        ],
        [
          6,
          3,
          0
        ]
      ]
    }
  ],
  "realResult": [
    4,
    7,
    9
  ],
  "newPrediction": [
    {
      "name": "LSTM Base Model",
      "predictions": [
        [
          4,
          7,
          9
        ],
        [
          4,
          1,
          9
        ]
      ]
    }
  ],
  "newPredictionRaw": [
    [
      0.004730616696178913,
      0.018332887440919876,
      0.005471205338835716,
      0.0017838565399870276,
      0.5092427134513855,
      0.0039589121006429195,
      0.002498410176485777,
      0.0028938218019902706,
      0.007007722742855549,
      0.014317283406853676
    ],
    [
      0.07400022447109222,
      0.014015598222613335,
      0.002877639839425683,
      0.004393935669213533,
      0.006128848064690828,
      0.0037205738481134176,
      0.007048978004604578,
      0.08718797564506531,
      0.0011563381412997842,
      0.012575728818774223
    ],
    [
      0.01163750234991312,
      0.0027922140434384346,
      0.0042264717631042,
      0.009384984150528908,
      0.03256626054644585,
      0.0016139457002282143,
      0.0036412887275218964,
      0.01529750321060419,
      0.0042680236510932446,
      0.1312284916639328
    ]
  ],
  "matchingNumbers": {
    "model": "LSTM Base Model",
    "prediction": [
      6,
      7,
      0
    ],
    "matching_numbers": [
      7
    ],
    "match_count": 1
  },
  "labels": [
    0,
    1,
    2,
    3,
    4,
    5,
    6,
    7,
    8,
    9
  ],
  "numberFrequency": {
    "4": 0.3333333333333333,
    "7": 0.16666666666666666,
    "9": 0.3333333333333333,
    "1": 0.16666666666666666
  }
}