{
  "currentPredictionRaw": [
    [
      0.01431049220263958,
      0.008967588655650616,
      0.004068194888532162,
      0.07595887780189514,
      0.002433933550491929,
      0.011835084296762943,
      0.07043959945440292,
      0.12346947938203812,
      0.014289818704128265,
      0.03281408175826073
    ],
    [
      0.09282653033733368,
      0.004729859530925751,
      0.006218782626092434,
      0.01196388527750969,
      0.04648583382368088,
      0.07389318943023682,
      0.003742382163181901,
      0.014600683934986591,
      0.005711060017347336,
      0.04209144413471222
    ],
    [
      0.010290018282830715,
      0.003425169037654996,
      0.10680430382490158,
      0.007119412999600172,
      0.018035005778074265,
      0.013959198258817196,
      0.010014723055064678,
      0.016969619318842888,
      0.011978189460933208,
      0.14055360853672028
    ]
  ],
  "currentPrediction": [
    {
      "name": "LSTM Base Model",
      "predictions": [
        [
          7,
          0,
          9
        ],
        [
          7,
          3,
          6
        ]
      ]
    }
  ],
  "realResult": [
    9,
    0,
    5
  ],
  "newPrediction": [
    {
      "name": "LSTM Base Model",
      "predictions": [
        [
          3,
          6,
          1
        ],
        [
          3,
          6,
          8
        ]
      ]
    }
  ],
  "newPredictionRaw": [
    [
      0.0027361109387129545,
      0.005549202207475901,
      0.007318899966776371,
      0.5108424425125122,
      0.003143754554912448,
      0.004353193566203117,
      0.03235476464033127,
      0.004753174260258675,
      0.01188147533684969,
      0.0009457098785787821
    ],
    [
      0.006696619559079409,
      0.006828542798757553,
      0.0023830102290958166,
      0.004494063090533018,
      0.003966817632317543,
      0.009515405632555485,
      0.15603992342948914,
      0.002243111142888665,
      0.007568721193820238,
      0.01683763600885868
    ],
    [
      0.0016460191691294312,
      0.13647453486919403,
      0.012396065518260002,
      0.004927548114210367,
      0.01596803218126297,
      0.007634364068508148,
      0.003622470423579216,
      0.012926594354212284,
      0.001303102821111679,
      0.002648608759045601
    ]
  ],
  "matchingNumbers": {
    "model": "LSTM Base Model",
    "prediction": [
      7,
      0,
      9
    ],
    "matching_numbers": [
      0,
      9
    ],
    "match_count": 2
  },
  "labels": [
    0,
    1,
    2,
    3,
    4,
    5,
    6,
    7,
    8,
    9
  ],
  "numberFrequency": {
    "3": 0.3333333333333333,
    "6": 0.3333333333333333,
    "1": 0.16666666666666666,
    "8": 0.16666666666666666
  }
}