{
  "currentPredictionRaw": [
    [
      0.07204671949148178,
      0.008757036179304123,
      0.058731768280267715,
      0.004033416509628296,
      0.0399157777428627,
      0.00385657767765224,
      0.002706400118768215,
      0.01221336331218481,
      0.0024357764050364494,
      0.05678732693195343
    ],
    [
      0.13802100718021393,
      0.1231168657541275,
      0.00773983309045434,
      0.004057712387293577,
      0.01081598550081253,
      0.04141515865921974,
      0.007849091663956642,
      0.004669457674026489,
      0.004505868069827557,
      0.005699345376342535
    ],
    [
      0.010351953096687794,
      0.013308622874319553,
      0.1050741970539093,
      0.0037442506290972233,
      0.08964120596647263,
      0.004994360730051994,
      0.10949864238500595,
      0.024087127298116684,
      0.018697718158364296,
      0.011227435432374477
    ]
  ],
  "currentPrediction": [
    {
      "name": "LSTM Base Model",
      "predictions": [
        [
          0,
          0,
          6
        ],
        [
          0,
          2,
          9
        ]
      ]
    }
  ],
  "realResult": [
    7,
    7,
    8
  ],
  "newPrediction": [
    {
      "name": "LSTM Base Model",
      "predictions": [
        [
          8,
          4,
          5
        ],
        [
          8,
          7,
          1
        ]
      ]
    }
  ],
  "newPredictionRaw": [
    [
      0.006008441094309092,
      0.04909437894821167,
      0.006443277932703495,
      0.0009787107119336724,
      0.035651855170726776,
      0.004124176688492298,
      0.005294701550155878,
      0.11867937445640564,
      0.12385731190443039,
      0.00413766922429204
    ],
    [
      0.0034428038634359837,
      0.002676944248378277,
      0.01908944547176361,
      0.014865265227854252,
      0.11412478238344193,
      0.03964484483003616,
      0.0019101914949715137,
      0.052267592400312424,
      0.06700639426708221,
      0.0036953617818653584
    ],
    [
      0.010466939769685268,
      0.003194907447323203,
      0.004190859850496054,
      0.005051697604358196,
      0.01117364689707756,
      0.13483384251594543,
      0.05173911899328232,
      0.0084321154281497,
      0.09103283286094666,
      0.006890527904033661
    ]
  ],
  "matchingNumbers": {
    "model": null,
    "prediction": null,
    "matching_numbers": [],
    "match_count": 0
  },
  "labels": [
    0,
    1,
    2,
    3,
    4,
    5,
    6,
    7,
    8,
    9
  ],
  "numberFrequency": {
    "8": 0.3333333333333333,
    "4": 0.16666666666666666,
    "5": 0.16666666666666666,
    "7": 0.16666666666666666,
    "1": 0.16666666666666666
  }
}