{
  "currentPredictionRaw": [
    [
      0.009724062867462635,
      0.00437795789912343,
      0.0005551646463572979,
      0.08255121856927872,
      0.01215315144509077,
      0.020471179857850075,
      0.01253334991633892,
      0.04254469275474548,
      0.0046216268092393875,
      0.35808947682380676
    ],
    [
      0.014399123378098011,
      0.0062493616715073586,
      0.029529700055718422,
      0.013366003520786762,
      0.007035126443952322,
      0.010695124976336956,
      0.010899947956204414,
      0.030733194202184677,
      0.009836974553763866,
      0.004698153119534254
    ],
    [
      0.0797504186630249,
      0.003412000136449933,
      0.017631111666560173,
      0.003768211230635643,
      0.107113778591156,
      0.007674046326428652,
      0.0058285994455218315,
      0.003433831734582782,
      0.020739929750561714,
      0.0655834823846817
    ]
  ],
  "currentPrediction": [
    {
      "name": "LSTM Base Model",
      "predictions": [
        [
          9,
          7,
          4
        ],
        [
          9,
          3,
          7
        ]
      ]
    }
  ],
  "realResult": [
    4,
    1,
    3
  ],
  "newPrediction": [
    {
      "name": "LSTM Base Model",
      "predictions": [
        [
          0,
          8,
          5
        ],
        [
          0,
          4,
          2
        ]
      ]
    }
  ],
  "newPredictionRaw": [
    [
      0.09468401968479156,
      0.003244163701310754,
      0.03985796868801117,
      0.00671502947807312,
      0.0437738411128521,
      0.004894632380455732,
      0.00645836628973484,
      0.023369336500763893,
      0.008985108695924282,
      0.006031669210642576
    ],
    [
      0.00377456727437675,
      0.00515436427667737,
      0.008566340431571007,
      0.003630693070590496,
      0.00835984107106924,
      0.04876626282930374,
      0.008043277077376842,
      0.014942427165806293,
      0.19994336366653442,
      0.022686894983053207
    ],
    [
      0.0021947885397821665,
      0.004340526647865772,
      0.007853586226701736,
      0.04083242267370224,
      0.005251935683190823,
      0.21870285272598267,
      0.003370624268427491,
      0.03453800454735756,
      0.0034548963885754347,
      0.1175781860947609
    ]
  ],
  "matchingNumbers": {
    "model": "LSTM Base Model",
    "prediction": [
      9,
      7,
      4
    ],
    "matching_numbers": [
      4
    ],
    "match_count": 1
  },
  "labels": [
    0,
    1,
    2,
    3,
    4,
    5,
    6,
    7,
    8,
    9
  ],
  "numberFrequency": {
    "0": 0.3333333333333333,
    "8": 0.16666666666666666,
    "5": 0.16666666666666666,
    "4": 0.16666666666666666,
    "2": 0.16666666666666666
  }
}