{
  "currentPredictionRaw": [
    [
      0.0020463159307837486,
      0.011809440329670906,
      0.0076522184535861015,
      0.00039135958650149405,
      0.04422274976968765,
      0.033738162368535995,
      0.03905955329537392,
      0.006135913543403149,
      0.10142224282026291,
      0.03568296507000923
    ],
    [
      0.1445479542016983,
      0.010662287473678589,
      0.004249787889420986,
      0.006597325671464205,
      0.041426364332437515,
      0.01435275748372078,
      0.0038905928377062082,
      0.0350029356777668,
      0.03847077116370201,
      0.008723744191229343
    ],
    [
      0.00804837141185999,
      0.0013373014517128468,
      0.006556028034538031,
      0.009325684048235416,
      0.19624391198158264,
      0.01781034655869007,
      0.002537466585636139,
      0.029139509424567223,
      0.02372736483812332,
      0.11518853902816772
    ]
  ],
  "currentPrediction": [
    {
      "name": "LSTM Base Model",
      "predictions": [
        [
          8,
          0,
          4
        ],
        [
          8,
          4,
          6
        ]
      ]
    }
  ],
  "realResult": [
    9,
    4,
    2
  ],
  "newPrediction": [
    {
      "name": "LSTM Base Model",
      "predictions": [
        [
          3,
          3,
          2
        ],
        [
          3,
          8,
          9
        ]
      ]
    }
  ],
  "newPredictionRaw": [
    [
      0.0041547114960849285,
      0.003410543082281947,
      0.00033870802144519985,
      0.23710159957408905,
      0.015018783509731293,
      0.010936612263321877,
      0.002785999560728669,
      0.0025893093552440405,
      0.12651605904102325,
      0.024968955665826797
    ],
    [
      0.00705160666257143,
      0.0019208414014428854,
      0.003884498029947281,
      0.11851860582828522,
      0.008709564805030823,
      0.060336094349622726,
      0.01782841607928276,
      0.005205153487622738,
      0.002520107664167881,
      0.004482146818190813
    ],
    [
      0.006132752634584904,
      0.02137952297925949,
      0.23705865442752838,
      0.0023686315398663282,
      0.0017391322180628777,
      0.0101981395855546,
      0.0008697742596268654,
      0.015795990824699402,
      0.013318480923771858,
      0.0328606478869915
    ]
  ],
  "matchingNumbers": {
    "model": "LSTM Base Model",
    "prediction": [
      8,
      0,
      4
    ],
    "matching_numbers": [
      4
    ],
    "match_count": 1
  },
  "labels": [
    0,
    1,
    2,
    3,
    4,
    5,
    6,
    7,
    8,
    9
  ],
  "numberFrequency": {
    "3": 0.5,
    "2": 0.16666666666666666,
    "8": 0.16666666666666666,
    "9": 0.16666666666666666
  }
}