{"currentPredictionRaw": [[4.3725409071708384e-17, 3.329888897951605e-07, 4.18096709597221e-13, 0.9999996423721313, 1.0582667187009065e-08, 1.962935813892841e-09, 1.314749850000446e-16, 1.2125299387412155e-18, 1.7664721241317238e-08, 8.903287314213429e-14], [3.643640669138968e-26, 0.00015530856035184115, 1.2345715310107016e-17, 3.234622773232438e-24, 0.0, 0.0, 0.0, 0.0, 0.0, 0.9998446702957153], [1.0, 0.0, 2.135614156489175e-31, 4.292840550716615e-20, 1.3638507410864864e-19, 0.0, 0.0, 0.0, 0.0, 0.0]], "currentPrediction": [[3, 9, 0], [1, 1, 4], [8, 2, 3], [4, 3, 2], [5, 0, 8], [2, 8, 9], [9, 4, 5], [6, 5, 6], [0, 6, 7], [7, 7, 1]], "realResult": [6, 2, 7], "newPrediction": [[3, 2, 5], [1, 0, 3], [8, 1, 4], [4, 9, 8], [5, 8, 6], [2, 3, 0], [9, 7, 9], [6, 6, 7], [0, 4, 2], [7, 5, 1]], "newPredictionRaw": [[4.364375641908205e-17, 2.3900972223600547e-07, 3.9249151346544553e-13, 0.9999997615814209, 1.2525926074147264e-08, 4.5780437218923e-09, 2.1532338525367863e-16, 1.61024323694281e-18, 1.91019768891465e-08, 7.336228250321569e-14], [2.3044728791887792e-08, 1.6267791558277622e-09, 1.0, 1.3542948229874896e-13, 4.4938848135474896e-27, 1.325231122857153e-35, 5.151704735377579e-23, 6.236892055464177e-16, 1.0668117431111845e-11, 2.4535173892559214e-10], [4.4311667220210674e-37, 0.0, 0.0, 1.5235329629961292e-15, 1.3666449911100957e-15, 1.0, 2.6708851481897805e-31, 0.0, 1.5614198294416759e-21, 0.0]], "matchingNumbers": {"bestMatchIndex": 8, "bestMatchSequence": [0, 6, 7], "matchingNumbers": [6, 7]}, "labels": [0, 1, 2, 3, 4, 5, 6, 7, 8, 9]}