{
  "currentPredictionRaw": [
    [
      0.0006064625340513885,
      0.006091161165386438,
      0.004959480371326208,
      0.014721695333719254,
      0.0018421511631458998,
      0.005308161489665508,
      0.0018949562218040228,
      0.2308514565229416,
      0.0002117219555657357,
      0.001162117812782526
    ],
    [
      0.00881301611661911,
      0.0009953794069588184,
      0.009753731079399586,
      0.001308945007622242,
      0.0004273056401871145,
      0.008497555740177631,
      0.0007337518618442118,
      0.002775890054181218,
      0.001358382636681199,
      0.3455505073070526
    ],
    [
      0.001194579410366714,
      0.0010199501411989331,
      0.00016780848091002554,
      0.008951199240982533,
      0.30781489610671997,
      0.006408756598830223,
      0.0017119698459282517,
      0.009943523444235325,
      0.00948447734117508,
      0.005439113825559616
    ]
  ],
  "currentPrediction": [
    {
      "name": "LSTM Base Model",
      "predictions": [
        [
          7,
          9,
          4
        ],
        [
          7,
          3,
          1
        ]
      ]
    }
  ],
  "realResult": [
    3,
    2,
    5
  ],
  "newPrediction": [
    {
      "name": "LSTM Base Model",
      "predictions": [
        [
          3,
          2,
          5
        ],
        [
          3,
          7,
          0
        ]
      ]
    }
  ],
  "newPredictionRaw": [
    [
      0.003364692674949765,
      0.0002879334206227213,
      0.0031905523501336575,
      0.411674827337265,
      0.002082608640193939,
      0.000422051758505404,
      0.00290133454836905,
      0.004411517176777124,
      0.0022544153034687042,
      0.0004437075986061245
    ],
    [
      0.0001029973936965689,
      0.000677497882861644,
      0.3162853717803955,
      0.0005574505776166916,
      0.0002056814992101863,
      0.007181481458246708,
      0.001334121567197144,
      0.0033100552391260862,
      0.0019531468860805035,
      0.0006610788987018168
    ],
    [
      0.00041141847032122314,
      0.0030449426267296076,
      0.0033808231819421053,
      0.010830431245267391,
      0.0012270428705960512,
      0.21367645263671875,
      0.0005914713838137686,
      0.0009702817187644541,
      0.0009589866967871785,
      0.0016056381864473224
    ]
  ],
  "matchingNumbers": {
    "model": "LSTM Base Model",
    "prediction": [
      7,
      3,
      1
    ],
    "matching_numbers": [
      3
    ],
    "match_count": 1
  },
  "labels": [
    0,
    1,
    2,
    3,
    4,
    5,
    6,
    7,
    8,
    9
  ],
  "numberFrequency": {
    "3": 0.3333333333333333,
    "2": 0.16666666666666666,
    "5": 0.16666666666666666,
    "7": 0.16666666666666666,
    "0": 0.16666666666666666
  }
}