{
  "currentPredictionRaw": [
    [
      0.0009248700807802379,
      0.0023237208370119333,
      0.00532298581674695,
      0.08725926280021667,
      0.005764642730355263,
      0.01254250854253769,
      0.0049148015677928925,
      0.018253598362207413,
      0.050714436918497086,
      0.017317697405815125
    ],
    [
      0.011775380000472069,
      0.0011311057023704052,
      0.09273458272218704,
      0.0021334870252758265,
      0.09035580605268478,
      0.003796231234446168,
      0.166993647813797,
      0.008150051347911358,
      0.0024208545219153166,
      0.005697757937014103
    ],
    [
      0.2928474545478821,
      0.004215623717755079,
      0.002022661967203021,
      0.0038448350969702005,
      0.005190426018089056,
      0.010934015735983849,
      0.004917825572192669,
      0.009326775558292866,
      0.041141122579574585,
      0.03503190353512764
    ]
  ],
  "currentPrediction": [
    {
      "name": "LSTM Base Model",
      "predictions": [
        [
          3,
          6,
          0
        ],
        [
          3,
          8,
          7
        ]
      ]
    }
  ],
  "realResult": [
    8,
    8,
    1
  ],
  "newPrediction": [
    {
      "name": "LSTM Base Model",
      "predictions": [
        [
          0,
          0,
          3
        ],
        [
          0,
          5,
          4
        ]
      ]
    }
  ],
  "newPredictionRaw": [
    [
      0.10236259549856186,
      0.004966591484844685,
      0.01326445210725069,
      0.0017589675262570381,
      0.026830272749066353,
      0.06338343024253845,
      0.006578173954039812,
      0.007141296751797199,
      0.0061671859584748745,
      0.002346416236832738
    ],
    [
      0.05839022994041443,
      0.01048186793923378,
      0.007823022082448006,
      0.004802766256034374,
      0.004530029837042093,
      0.036995477974414825,
      0.0008594681858085096,
      0.0013551695737987757,
      0.015834368765354156,
      0.01682623103260994
    ],
    [
      0.002021446358412504,
      0.003783736377954483,
      0.019739069044589996,
      0.34003230929374695,
      0.19283805787563324,
      0.0062924036756157875,
      0.03289339691400528,
      0.0041734399273991585,
      0.003994290251284838,
      0.001533834496513009
    ]
  ],
  "matchingNumbers": {
    "model": "LSTM Base Model",
    "prediction": [
      3,
      8,
      7
    ],
    "matching_numbers": [
      8
    ],
    "match_count": 1
  },
  "labels": [
    0,
    1,
    2,
    3,
    4,
    5,
    6,
    7,
    8,
    9
  ],
  "numberFrequency": {
    "0": 0.5,
    "3": 0.16666666666666666,
    "5": 0.16666666666666666,
    "4": 0.16666666666666666
  }
}