{
  "currentPredictionRaw": [
    [
      0.0035763385239988565,
      0.0002934954536613077,
      0.004459703341126442,
      0.5544691681861877,
      0.001091594691388309,
      0.0004683317383751273,
      0.036980509757995605,
      3.40175574820023e-05,
      0.012566599994897842,
      0.0017011333256959915
    ],
    [
      0.09724530577659607,
      0.07894379645586014,
      0.01007318776100874,
      0.0010757396230474114,
      0.01884819194674492,
      0.0005866059218533337,
      0.001954084262251854,
      0.00046067137736827135,
      0.003003310179337859,
      0.0012234378373250365
    ],
    [
      0.0010697863763198256,
      0.11444662511348724,
      0.0009069553925655782,
      0.0017407871782779694,
      0.000321626546792686,
      0.02937360666692257,
      0.006442126352339983,
      0.007233592681586742,
      0.006319889798760414,
      0.0030898298136889935
    ]
  ],
  "currentPrediction": [
    {
      "name": "LSTM Base Model",
      "predictions": [
        [
          3,
          0,
          1
        ],
        [
          3,
          6,
          8
        ]
      ]
    }
  ],
  "realResult": [
    4,
    0,
    4
  ],
  "newPrediction": [
    {
      "name": "LSTM Base Model",
      "predictions": [
        [
          0,
          1,
          2
        ],
        [
          0,
          2,
          3
        ]
      ]
    }
  ],
  "newPredictionRaw": [
    [
      0.1540726125240326,
      0.0018610021797940135,
      0.07726233452558517,
      0.03745796158909798,
      0.0006856404943391681,
      0.0018559613963589072,
      0.0037360142450779676,
      0.006104424595832825,
      0.0005182723980396986,
      0.013627740554511547
    ],
    [
      0.007534044329077005,
      0.2401798516511917,
      0.004356637597084045,
      0.007990422658622265,
      0.0043935091234743595,
      0.06962231546640396,
      0.003950249869376421,
      0.000331324728904292,
      0.001892655622214079,
      0.012452736496925354
    ],
    [
      0.0023516265209764242,
      0.007660373579710722,
      0.22793090343475342,
      0.014016076922416687,
      0.008380623534321785,
      0.000899151898920536,
      0.020474817603826523,
      0.05727612227201462,
      0.00932761188596487,
      0.001796941738575697
    ]
  ],
  "matchingNumbers": {
    "model": "LSTM Base Model",
    "prediction": [
      3,
      0,
      1
    ],
    "matching_numbers": [
      0
    ],
    "match_count": 1
  },
  "labels": [
    0,
    1,
    2,
    3,
    4,
    5,
    6,
    7,
    8,
    9
  ],
  "numberFrequency": {
    "0": 0.3333333333333333,
    "1": 0.16666666666666666,
    "2": 0.3333333333333333,
    "3": 0.16666666666666666
  }
}