{
  "currentPredictionRaw": [
    [
      0.0027309672441333532,
      0.024959562346339226,
      0.004808217287063599,
      0.001544903265312314,
      0.023581035435199738,
      0.001115819439291954,
      0.16066406667232513,
      0.015193484723567963,
      0.0011353875743225217,
      0.01604076288640499
    ],
    [
      0.3372945785522461,
      0.004614345729351044,
      0.10990416258573532,
      0.0008022782858461142,
      0.0020407577976584435,
      0.04872212931513786,
      0.0018212533323094249,
      0.006064696703106165,
      0.0023804805241525173,
      0.0007680743001401424
    ],
    [
      0.0009683601092547178,
      0.005225854460150003,
      0.00410976679995656,
      0.18080668151378632,
      0.002865725662559271,
      0.010405462235212326,
      0.01804722100496292,
      0.00656290864571929,
      0.001049003447405994,
      0.003772028489038348
    ]
  ],
  "currentPrediction": [
    {
      "name": "LSTM Base Model",
      "predictions": [
        [
          6,
          0,
          3
        ],
        [
          6,
          1,
          4
        ]
      ]
    }
  ],
  "realResult": [
    0,
    0,
    4
  ],
  "newPrediction": [
    {
      "name": "LSTM Base Model",
      "predictions": [
        [
          2,
          4,
          5
        ],
        [
          2,
          0,
          5
        ]
      ]
    }
  ],
  "newPredictionRaw": [
    [
      0.07416828721761703,
      0.026476465165615082,
      0.13818423449993134,
      0.005351560655981302,
      0.06639806181192398,
      0.06932412832975388,
      0.02278262935578823,
      0.003955706488341093,
      0.004128398839384317,
      0.008052385412156582
    ],
    [
      0.04022444784641266,
      0.011213446967303753,
      0.015566284768283367,
      0.004293460864573717,
      0.07894410938024521,
      0.015338286757469177,
      0.00813730712980032,
      0.05313537269830704,
      0.022155148908495903,
      0.04315847158432007
    ],
    [
      0.049825605005025864,
      0.014684558846056461,
      0.003714929800480604,
      0.04856586083769798,
      0.05331079661846161,
      0.05624949187040329,
      0.01971755549311638,
      0.013475907035171986,
      0.010208455845713615,
      0.019258694723248482
    ]
  ],
  "matchingNumbers": {
    "model": "LSTM Base Model",
    "prediction": [
      6,
      0,
      3
    ],
    "matching_numbers": [
      0
    ],
    "match_count": 1
  },
  "labels": [
    0,
    1,
    2,
    3,
    4,
    5,
    6,
    7,
    8,
    9
  ],
  "numberFrequency": {
    "2": 0.3333333333333333,
    "4": 0.16666666666666666,
    "5": 0.3333333333333333,
    "0": 0.16666666666666666
  }
}