{"currentPredictionRaw": [[0.10239789634943008, 0.09969867020845413, 0.10091262310743332, 0.0990859791636467, 0.10221970826387405, 0.09915688633918762, 0.09825459867715836, 0.0971900075674057, 0.1008157730102539, 0.10026784241199493], [0.10239789634943008, 0.09969867020845413, 0.10091262310743332, 0.0990859791636467, 0.10221970826387405, 0.09915688633918762, 0.09825459867715836, 0.0971900075674057, 0.1008157730102539, 0.10026784241199493], [0.10239789634943008, 0.09969867020845413, 0.10091262310743332, 0.0990859791636467, 0.10221970826387405, 0.09915688633918762, 0.09825459867715836, 0.0971900075674057, 0.1008157730102539, 0.10026784241199493]], "currentPrediction": [[1, 0, 0], [5, 0, 0], [3, 0, 0], [9, 0, 0], [10, 0, 0], [2, 0, 0], [6, 0, 0], [4, 0, 0], [7, 0, 0], [8, 0, 0]], "realResult": [2, 3, 1], "newPrediction": [[1, 0, 0], [5, 0, 0], [3, 0, 0], [9, 0, 0], [10, 0, 0], [2, 0, 0], [6, 0, 0], [4, 0, 0], [7, 0, 0], [8, 0, 0]], "newPredictionRaw": [[0.10239990055561066, 0.099697045981884, 0.10091138631105423, 0.09908672422170639, 0.10221771895885468, 0.09915795922279358, 0.09825266897678375, 0.09718865901231766, 0.10081954300403595, 0.1002684161067009], [0.10239990055561066, 0.099697045981884, 0.10091138631105423, 0.09908672422170639, 0.10221771895885468, 0.09915795922279358, 0.09825266897678375, 0.09718865901231766, 0.10081954300403595, 0.1002684161067009], [0.10239990055561066, 0.099697045981884, 0.10091138631105423, 0.09908672422170639, 0.10221771895885468, 0.09915795922279358, 0.09825266897678375, 0.09718865901231766, 0.10081954300403595, 0.1002684161067009]], "matchingNumbers": {"bestMatchIndex": 0, "bestMatchSequence": [1, 0, 0], "matchingNumbers": [1]}}