{
  "currentPredictionRaw": [
    [
      0.000535425147973001,
      0.0002833066100720316,
      0.004404434002935886,
      0.2557937800884247,
      0.003967844881117344,
      0.027144471183419228,
      0.006130759604275227,
      0.05872093141078949,
      0.005912355612963438,
      0.012458357959985733
    ],
    [
      0.007632198743522167,
      0.0034341178834438324,
      0.06816275417804718,
      0.002810087753459811,
      0.044889532029628754,
      0.0009582562488503754,
      0.1470172107219696,
      0.006540018133819103,
      0.001873151515610516,
      0.006244411692023277
    ],
    [
      0.2628685235977173,
      0.002914315788075328,
      0.0006526500219479203,
      0.0016368188662454486,
      0.005226121749728918,
      0.0058061182498931885,
      0.0078047835268080235,
      0.02376830019056797,
      0.005777196958661079,
      0.018631746992468834
    ]
  ],
  "currentPrediction": [
    {
      "name": "LSTM Base Model",
      "predictions": [
        [
          3,
          6,
          0
        ],
        [
          3,
          7,
          5
        ]
      ]
    }
  ],
  "realResult": [
    8,
    8,
    1
  ],
  "newPrediction": [
    {
      "name": "LSTM Base Model",
      "predictions": [
        [
          0,
          0,
          3
        ],
        [
          0,
          4,
          5
        ]
      ]
    }
  ],
  "newPredictionRaw": [
    [
      0.12442067265510559,
      0.0030260663479566574,
      0.005781898275017738,
      0.0017132024513557553,
      0.039877526462078094,
      0.022987158969044685,
      0.0058358502574265,
      0.0049193003214895725,
      0.001892853295430541,
      0.0003631848667282611
    ],
    [
      0.09006433188915253,
      0.004315496888011694,
      0.002737483475357294,
      0.0052323173731565475,
      0.006657814607024193,
      0.046168599277734756,
      0.00021818533423356712,
      0.0003603616787586361,
      0.0036183386109769344,
      0.01481826975941658
    ],
    [
      0.000997764291241765,
      0.000948074331972748,
      0.05782068148255348,
      0.35895660519599915,
      0.1712140440940857,
      0.0035808300599455833,
      0.016590941697359085,
      0.002590930787846446,
      0.0012573180720210075,
      0.001033867010846734
    ]
  ],
  "matchingNumbers": {
    "model": null,
    "prediction": null,
    "matching_numbers": [],
    "match_count": 0
  },
  "labels": [
    0,
    1,
    2,
    3,
    4,
    5,
    6,
    7,
    8,
    9
  ],
  "numberFrequency": {
    "0": 0.5,
    "3": 0.16666666666666666,
    "4": 0.16666666666666666,
    "5": 0.16666666666666666
  }
}