{"currentPredictionRaw": [[1.703284951682475e-19, 1.2578928103003398e-21, 3.082931546670971e-20, 7.52220906549271e-28, 3.306909054315993e-13, 5.7828670740889265e-09, 5.3281050895748194e-06, 0.9999946355819702, 3.402398640606208e-10, 2.162030845559394e-15], [0.9997068047523499, 5.107433988685936e-35, 0.0, 2.7533025786397047e-05, 1.4807827710683341e-06, 0.0, 0.0002632038376759738, 1.5388743512598488e-35, 0.0, 8.980622396848048e-07], [1.3553583024981036e-29, 0.0, 1.0597268703840409e-27, 1.1642216315239313e-24, 0.9999996423721313, 1.7184366152278585e-09, 4.004415643521497e-07, 1.0569302621785352e-25, 0.0, 0.0]], "currentPrediction": [[7, 0, 4], [6, 6, 6], [5, 3, 5], [8, 4, 3], [4, 9, 7], [9, 1, 2], [0, 7, 0], [2, 8, 9], [1, 5, 8], [3, 2, 1]], "realResult": [4, 1, 9], "newPrediction": [[7, 1, 0], [6, 2, 6], [5, 3, 3], [8, 8, 4], [4, 9, 9], [9, 5, 1], [0, 0, 7], [2, 7, 8], [1, 4, 5], [3, 6, 2]], "newPredictionRaw": [[5.554814564338334e-19, 3.632580623691527e-21, 6.050727953127657e-20, 2.0406660652661388e-27, 6.504222616228461e-13, 7.884580099926097e-09, 4.948155492456863e-06, 0.9999949932098389, 3.9419026376386057e-10, 3.028077776655422e-15], [6.682808475488855e-07, 0.9992488026618958, 0.0003820632118731737, 0.00024146665236912668, 7.020678793878687e-08, 2.6248303583997767e-06, 2.7453506482033596e-11, 4.13741418014979e-07, 0.00011943552090087906, 4.455968337424565e-06], [0.9996969699859619, 6.673107229161351e-36, 0.0, 2.637760371726472e-05, 1.1009466334144236e-06, 0.0, 0.00027480642893351614, 1.647814172704025e-36, 0.0, 7.900766263446712e-07]], "matchingNumbers": {"bestMatchIndex": 4, "bestMatchSequence": [4, 9, 7], "matchingNumbers": [9, 4]}, "labels": [0, 1, 2, 3, 4, 5, 6, 7, 8, 9]}