{"currentPredictionRaw": [[0.0, 7.143025429127624e-31, 1.0, 8.670248963227323e-10, 0.0, 2.0041646083649475e-25, 0.0, 0.0, 0.0, 0.0], [7.710268541212968e-29, 0.0, 5.415015891047095e-27, 3.869072044865489e-24, 0.9999996423721313, 4.704394207522e-09, 3.8109232036731555e-07, 5.386651395716302e-25, 0.0, 0.0], [0.0, 0.0, 0.0, 0.0, 0.0, 0.0, 0.0, 0.0, 1.0, 7.917904252223571e-29]], "currentPrediction": [[2, 4, 8], [3, 6, 9], [5, 5, 7], [1, 3, 6], [9, 7, 5], [8, 2, 4], [7, 0, 3], [6, 9, 2], [4, 8, 1], [0, 1, 0]], "realResult": [8, 5, 7], "newPrediction": [[2, 1, 1], [3, 2, 2], [5, 3, 3], [1, 8, 8], [9, 9, 9], [8, 5, 5], [7, 0, 0], [6, 7, 7], [4, 4, 4], [0, 6, 6]], "newPredictionRaw": [[0.0, 7.062823800559721e-31, 1.0, 9.229554898126935e-10, 0.0, 1.2220965350949872e-25, 0.0, 0.0, 0.0, 0.0], [9.386205874761799e-07, 0.9993138313293457, 0.00035438378108665347, 0.00021729360742028803, 1.1246031306200166e-07, 2.8240090159670217e-06, 4.685426005512916e-11, 7.409919362544315e-07, 0.00010430873226141557, 5.492269337992184e-06], [1.2025825526507106e-06, 0.9993416666984558, 0.00033087132032960653, 0.0002141273143934086, 1.3565346534960554e-07, 2.9350358090596274e-06, 5.912263040253052e-11, 9.382421808368235e-07, 0.00010152948379982263, 6.5418362282798626e-06]], "matchingNumbers": {"bestMatchIndex": 2, "bestMatchSequence": [5, 5, 7], "matchingNumbers": [5, 7]}, "labels": [0, 1, 2, 3, 4, 5, 6, 7, 8, 9]}