{
  "currentPredictionRaw": [
    [
      0.004696938209235668,
      0.0006310736062005162,
      0.0007766577182337642,
      0.006136130541563034,
      0.19272373616695404,
      0.0016000033356249332,
      0.003594597103074193,
      0.0026690245140343904,
      0.0027903595473617315,
      0.001380923786200583
    ],
    [
      0.16555002331733704,
      0.0012287156423553824,
      0.002770938677713275,
      0.0035913558676838875,
      0.0032811390701681376,
      0.009656181558966637,
      0.0006268230499699712,
      0.0014193863607943058,
      0.0030809121672064066,
      0.00013202721311245114
    ],
    [
      0.0014968592440709472,
      0.007618992123752832,
      0.005021282006055117,
      0.0020194712560623884,
      0.5625720620155334,
      0.006337914150208235,
      0.004479735158383846,
      8.681153849465773e-05,
      0.0015301869716495275,
      0.0004997011856175959
    ]
  ],
  "currentPrediction": [
    {
      "name": "LSTM Base Model",
      "predictions": [
        [
          4,
          0,
          4
        ],
        [
          4,
          3,
          0
        ]
      ]
    }
  ],
  "realResult": [
    3,
    7,
    2
  ],
  "newPrediction": [
    {
      "name": "LSTM Base Model",
      "predictions": [
        [
          0,
          5,
          2
        ],
        [
          0,
          8,
          9
        ]
      ]
    }
  ],
  "newPredictionRaw": [
    [
      0.4358358383178711,
      0.0017802257789298892,
      0.001153782126493752,
      0.0021236990578472614,
      0.0029094205237925053,
      0.0038788130041211843,
      0.00199112924747169,
      0.0049063339829444885,
      0.012994451448321342,
      0.005657721310853958
    ],
    [
      0.002111269859597087,
      0.002984796417877078,
      0.002709188498556614,
      0.003180541330948472,
      0.00153031712397933,
      0.26818859577178955,
      0.0026386380195617676,
      0.003190207527950406,
      0.0018347797449678183,
      0.03334714472293854
    ],
    [
      0.007528312969952822,
      0.002254572929814458,
      0.16770631074905396,
      0.0006359204999171197,
      0.006733383052051067,
      0.0014357817126438022,
      0.002987014362588525,
      0.010657577775418758,
      0.001236883457750082,
      0.003877420676872134
    ]
  ],
  "matchingNumbers": {
    "model": "LSTM Base Model",
    "prediction": [
      4,
      3,
      0
    ],
    "matching_numbers": [
      3
    ],
    "match_count": 1
  },
  "labels": [
    0,
    1,
    2,
    3,
    4,
    5,
    6,
    7,
    8,
    9
  ],
  "numberFrequency": {
    "0": 0.3333333333333333,
    "5": 0.16666666666666666,
    "2": 0.16666666666666666,
    "8": 0.16666666666666666,
    "9": 0.16666666666666666
  }
}