{
  "currentPredictionRaw": [
    [
      0.00026137082022614777,
      0.004903022199869156,
      0.0003802807186730206,
      0.0031171925365924835,
      0.0014948623720556498,
      0.4409554600715637,
      0.008015913888812065,
      0.0016873429995030165,
      0.0016338652931153774,
      0.001306868507526815
    ],
    [
      0.0008236478315666318,
      0.001738846767693758,
      0.10851817578077316,
      0.005197836086153984,
      0.0017132431967183948,
      0.0005047658341936767,
      0.0008605177863501012,
      0.0016379660228267312,
      0.0006675283657386899,
      0.0018080808222293854
    ],
    [
      0.0024689226411283016,
      0.0019267820753157139,
      0.0008570714853703976,
      0.3881664574146271,
      0.005896023474633694,
      4.790315870195627e-05,
      0.0001770727540133521,
      0.0005639693117700517,
      0.008104965090751648,
      0.004563971422612667
    ]
  ],
  "currentPrediction": [
    {
      "name": "LSTM Base Model",
      "predictions": [
        [
          5,
          2,
          3
        ],
        [
          5,
          6,
          1
        ]
      ]
    }
  ],
  "realResult": [
    9,
    4,
    6
  ],
  "newPrediction": [
    {
      "name": "LSTM Base Model",
      "predictions": [
        [
          9,
          4,
          6
        ],
        [
          9,
          7,
          2
        ]
      ]
    }
  ],
  "newPredictionRaw": [
    [
      0.0009454775135964155,
      0.0002773715532384813,
      0.0025064502842724323,
      0.0004938777419738472,
      0.00024158884480129927,
      0.0011396214831620455,
      0.001020532101392746,
      0.002648173598572612,
      0.00018794980132952332,
      0.08254395425319672
    ],
    [
      0.0016479617916047573,
      0.0025008847005665302,
      0.00021890080824960023,
      0.0001197251258417964,
      0.6034182906150818,
      0.005131939426064491,
      0.0011430125450715423,
      9.862939805316273e-06,
      0.0003406167379580438,
      0.0006968320230953395
    ],
    [
      0.0022747197654098272,
      0.00026781338965520263,
      0.00035571795888245106,
      0.003974903840571642,
      0.00024098699213936925,
      0.0001191578630823642,
      0.28241071105003357,
      0.0009911926463246346,
      0.00023956010409165174,
      0.0018921303562819958
    ]
  ],
  "matchingNumbers": {
    "model": "LSTM Base Model",
    "prediction": [
      5,
      6,
      1
    ],
    "matching_numbers": [
      6
    ],
    "match_count": 1
  },
  "labels": [
    0,
    1,
    2,
    3,
    4,
    5,
    6,
    7,
    8,
    9
  ],
  "numberFrequency": {
    "9": 0.3333333333333333,
    "4": 0.16666666666666666,
    "6": 0.16666666666666666,
    "7": 0.16666666666666666,
    "2": 0.16666666666666666
  }
}