{"currentPredictionRaw": [[4.465468737180345e-05, 3.0898936529411e-05, 0.0, 0.0001229581976076588, 3.1766036205900353e-27, 1.6903870664330967e-11, 0.0, 0.9998014569282532, 2.5284363635565697e-29, 0.0], [3.3322401082343895e-15, 1.5669132148239775e-33, 6.327169356378133e-16, 1.8759729038452272e-32, 5.235463911274221e-19, 1.7989179854668424e-16, 0.9999704360961914, 3.730879136966332e-37, 2.932702045654878e-05, 2.4560424094488553e-07], [0.00016963596863206476, 2.8052744589085465e-13, 8.860094453666534e-07, 2.6645243451639544e-06, 0.9998193383216858, 9.167478509652938e-08, 7.3365358730370644e-06, 1.4132123915544526e-08, 2.224160589037183e-08, 2.760928430323162e-10]], "currentPrediction": [[7, 6, 4], [3, 8, 0], [6, 5, 3], [5, 6, 1], [5, 3, 6], [5, 3, 6], [0, 4, 5], [1, 5, 9]], "realResult": [9, 8, 0], "newPrediction": [[9, 8, 0], [8, 0, 1], [8, 7, 0], [3, 5, 7], [7, 8, 9], [5, 3, 5], [3, 4, 5], [1, 5, 9]], "newPredictionRaw": [[0.0, 0.0, 3.419551786761713e-26, 0.0, 0.0, 0.0, 0.0, 0.0, 2.315814207065614e-12, 1.0], [5.8945624323638056e-27, 0.0, 0.0, 0.0, 0.0, 0.0, 1.0596467422782365e-34, 0.0, 1.0, 6.0180677283050235e-21], [1.0, 5.921466012572318e-29, 0.0, 3.343722080857513e-30, 9.669901219902227e-34, 2.3691106368350923e-11, 3.9382878758198102e-31, 1.518744137923768e-32, 1.368657742695234e-09, 5.028831248248567e-32]], "matchingNumbers": {"bestMatchIndex": 1, "bestMatchSequence": [3, 8, 0], "matchingNumbers": [8, 0]}, "labels": [0, 1, 2, 3, 4, 5, 6, 7, 8, 9], "numberFrequency": {"6": 0.10015091233365345, "4": 0.10133991859880184, "1": 0.0999679882928614, "0": 0.10220880779256414, "5": 0.09873325101751498, "3": 0.09781863081355467, "2": 0.10097407051721773, "8": 0.10065395344583161, "7": 0.09804728586454475, "9": 0.10010518132345543}}