{"currentPredictionRaw": [[0.0, 0.0, 3.419551786761713e-26, 0.0, 0.0, 0.0, 0.0, 0.0, 2.315814207065614e-12, 1.0], [5.8945624323638056e-27, 0.0, 0.0, 0.0, 0.0, 0.0, 1.0596467422782365e-34, 0.0, 1.0, 6.0180677283050235e-21], [1.0, 5.921466012572318e-29, 0.0, 3.343722080857513e-30, 9.669901219902227e-34, 2.3691106368350923e-11, 3.9382878758198102e-31, 1.518744137923768e-32, 1.368657742695234e-09, 5.028831248248567e-32]], "currentPrediction": [[9, 8, 0], [8, 0, 1], [8, 7, 0], [3, 5, 7], [7, 8, 9], [5, 3, 5], [3, 4, 5], [1, 5, 9]], "realResult": [0, 0, 4], "newPrediction": [[0, 8, 4], [8, 5, 0], [3, 2, 1], [1, 2, 8], [7, 9, 3], [5, 4, 4], [9, 5, 6], [1, 4, 9]], "newPredictionRaw": [[1.0, 1.2590777848020101e-33, 0.0, 8.916616114384459e-36, 1.3838532176957657e-36, 5.0931615695748444e-12, 2.042698098904134e-30, 2.716881743664428e-38, 4.259544383877767e-10, 7.43249502724784e-33], [1.0, 7.084125888780131e-35, 0.0, 4.703600106910838e-38, 0.0, 9.634527333921006e-13, 1.1755239103726134e-35, 0.0, 4.820290000484562e-11, 5.654677853918032e-37], [5.5120566685218364e-05, 2.2583988498747765e-11, 2.373319596404855e-10, 1.9815206542261876e-05, 0.9999109506607056, 6.668561127298744e-06, 2.035948354350836e-10, 7.380136594292708e-06, 1.0604266076352786e-10, 6.794529674135352e-14]], "matchingNumbers": {"bestMatchIndex": 0, "bestMatchSequence": [9, 8, 0], "matchingNumbers": [0]}, "labels": [0, 1, 2, 3, 4, 5, 6, 7, 8, 9], "numberFrequency": {"6": 0.10013717421124829, "4": 0.10137174211248286, "1": 0.09995427526291724, "0": 0.10228623685413808, "5": 0.09871970736168267, "3": 0.09780521262002743, "2": 0.100960219478738, "8": 0.10064014631915867, "7": 0.09803383630544124, "9": 0.10009144947416553}}