{"currentPredictionRaw": [[1.1876834749239301e-30, 0.0, 0.0, 0.0, 0.0, 1.0, 0.0, 0.0, 0.0, 0.0], [0.0, 1.0, 0.0, 1.8672920943318093e-14, 0.0, 0.0, 0.0, 0.0, 0.0, 0.0], [4.348185401214827e-17, 0.00031401708838529885, 3.22668519737503e-20, 0.9996860027313232, 2.423859948606346e-19, 7.067264711678933e-15, 8.942395916578597e-35, 1.546303649007927e-20, 8.506339079297764e-13, 6.41720192246618e-20]], "currentPrediction": [[5, 1, 3], [0, 3, 8], [3, 1, 6], [7, 0, 6], [7, 1, 3], [3, 3, 4], [0, 9, 2], [1, 5, 8]], "realResult": [2, 1, 5], "newPrediction": [[4, 2, 0], [0, 9, 3], [7, 0, 3], [1, 3, 4], [3, 0, 1], [3, 3, 4], [8, 0, 7], [1, 5, 9]], "newPredictionRaw": [[8.181924204109237e-05, 1.1145654711663955e-11, 2.2825072392151924e-06, 2.2610898668062873e-05, 0.9998733997344971, 6.301982466538902e-06, 1.3034744370088447e-05, 3.6701496242130816e-07, 2.3268142967936e-07, 7.624670894657015e-10], [2.0867870295004427e-16, 5.111512883966551e-13, 0.9999045133590698, 4.111872620171653e-09, 5.307243360064273e-12, 5.504979610181093e-13, 3.3316590020149306e-07, 7.25557203092403e-22, 9.800815860216971e-06, 8.531520143151283e-05], [6.51569789624773e-05, 1.179584294824787e-11, 2.9468978937075008e-06, 2.3748838430037722e-05, 0.9998883008956909, 6.143291557236807e-06, 1.2989384231332224e-05, 3.141041418075474e-07, 2.3015088856936927e-07, 8.636964476949061e-10]], "matchingNumbers": {"bestMatchIndex": 0, "bestMatchSequence": [5, 1, 3], "matchingNumbers": [1, 5]}, "labels": [0, 1, 2, 3, 4, 5, 6, 7, 8, 9], "numberFrequency": {"6": 0.10005482456140351, "4": 0.10142543859649122, "1": 0.10000913742690058, "0": 0.10220211988304094, "5": 0.09877558479532164, "3": 0.09781615497076024, "2": 0.10101425438596491, "8": 0.1006030701754386, "7": 0.09804459064327485, "9": 0.10005482456140351}}