{"currentPredictionRaw": [[0.0, 0.0, 1.2313199214507346e-25, 0.0, 0.0, 0.0, 0.0, 2.9350574543806737e-26, 1.0, 0.0], [1.183223713008895e-24, 3.3872134200283093e-25, 4.451325309185415e-23, 9.26940937028267e-21, 9.199524725425443e-20, 1.6647484960173532e-15, 0.0, 1.0, 1.1844508880642923e-11, 1.2137005285549487e-19], [2.4305998509725516e-22, 8.535415662053856e-19, 2.573644852787993e-09, 0.0, 3.319072871379965e-35, 1.1318077067069492e-25, 4.8462741405983145e-20, 1.3671726386497754e-21, 6.3769508227208604e-18, 1.0]], "currentPrediction": [[8, 7, 9], [2, 8, 1], [4, 5, 3], [6, 0, 3], [2, 5, 4], [5, 4, 6], [8, 3, 5], [1, 7, 9]], "realResult": [4, 3, 8], "newPrediction": [[5, 6, 2], [2, 0, 5], [3, 2, 7], [0, 1, 2], [3, 2, 7], [5, 4, 6], [2, 3, 6], [1, 4, 9]], "newPredictionRaw": [[0.0, 0.0, 2.369991919813392e-26, 8.36966986252541e-38, 0.0, 1.0, 0.0, 0.0, 0.0, 0.0], [9.406178841890056e-31, 2.329684042030272e-32, 1.878761686155417e-12, 0.0, 0.0, 5.120365574488683e-35, 1.0, 0.0, 0.0, 6.313998634255399e-31], [3.278065654513238e-27, 7.579749663752829e-34, 2.7766406795332044e-12, 0.0, 0.0, 2.1413989992884418e-30, 1.0, 0.0, 0.0, 4.458051746044368e-32]], "matchingNumbers": {"bestMatchIndex": 2, "bestMatchSequence": [4, 5, 3], "matchingNumbers": [3, 4]}, "labels": [0, 1, 2, 3, 4, 5, 6, 7, 8, 9], "numberFrequency": {"3": 0.09787234042553192, "2": 0.10098375657744223, "6": 0.10016014641958362, "8": 0.10066346373827499, "9": 0.10011439029970258, "0": 0.10203614733470602, "5": 0.0987874628231526, "4": 0.1013498055364905, "1": 0.10002287805994052, "7": 0.09800960878517502}}