{"currentPredictionRaw": [[8.181924204109237e-05, 1.1145654711663955e-11, 2.2825072392151924e-06, 2.2610898668062873e-05, 0.9998733997344971, 6.301982466538902e-06, 1.3034744370088447e-05, 3.6701496242130816e-07, 2.3268142967936e-07, 7.624670894657015e-10], [2.0867870295004427e-16, 5.111512883966551e-13, 0.9999045133590698, 4.111872620171653e-09, 5.307243360064273e-12, 5.504979610181093e-13, 3.3316590020149306e-07, 7.25557203092403e-22, 9.800815860216971e-06, 8.531520143151283e-05], [6.51569789624773e-05, 1.179584294824787e-11, 2.9468978937075008e-06, 2.3748838430037722e-05, 0.9998883008956909, 6.143291557236807e-06, 1.2989384231332224e-05, 3.141041418075474e-07, 2.3015088856936927e-07, 8.636964476949061e-10]], "currentPrediction": [[4, 2, 0], [0, 9, 3], [7, 0, 3], [1, 3, 4], [3, 0, 1], [3, 3, 4], [8, 0, 7], [1, 5, 9]], "realResult": [3, 3, 8], "newPrediction": [[3, 1, 8], [1, 8, 7], [2, 5, 7], [5, 7, 6], [0, 7, 2], [4, 3, 4], [0, 8, 4], [1, 5, 8]], "newPredictionRaw": [[1.4043647023282216e-14, 4.951251685270108e-05, 8.588351343848128e-21, 0.9999505281448364, 3.361474651795071e-22, 2.4935523413346754e-14, 4.039579753832426e-31, 3.0628347413245977e-19, 6.143008324244192e-09, 1.4993287847701008e-16], [4.5938666722912264e-15, 7.72074781707488e-05, 1.6939524499995427e-22, 0.9999227523803711, 1.5764148256942534e-23, 9.141642893790557e-15, 4.7503276899903785e-33, 8.324428383420574e-20, 2.5964761452001994e-09, 1.6570093611190826e-17], [0.0, 0.0, 0.0, 0.0, 0.0, 0.0, 0.0, 0.0, 1.0, 4.422905170251392e-31]], "matchingNumbers": {"bestMatchIndex": 1, "bestMatchSequence": [0, 9, 3], "matchingNumbers": [3]}, "labels": [0, 1, 2, 3, 4, 5, 6, 7, 8, 9], "numberFrequency": {"6": 0.10004111278607647, "4": 0.10141153898862547, "1": 0.09999543191265817, "0": 0.10218811383673655, "5": 0.09876204833036407, "3": 0.09789411173541639, "2": 0.10100041112786076, "8": 0.10063496414051437, "7": 0.09803115435567128, "9": 0.10004111278607647}}