{
  "currentPredictionRaw": [
    [
      0.027102960273623466,
      0.00948319397866726,
      0.13975557684898376,
      0.008868350647389889,
      0.01658247783780098,
      0.009483935311436653,
      0.0031983123626559973,
      0.007643371820449829,
      0.042935408651828766,
      0.008124059066176414
    ],
    [
      0.07541579753160477,
      0.10563349723815918,
      0.002833411330357194,
      0.008532370440661907,
      0.015873922035098076,
      0.006564523559063673,
      0.00775443110615015,
      0.002709957305341959,
      0.002228063065558672,
      0.006321224849671125
    ],
    [
      0.0015267457347363234,
      0.021830573678016663,
      0.02151530608534813,
      0.01002374105155468,
      0.0033651331905275583,
      0.3515472710132599,
      0.06853213906288147,
      0.0036613221745938063,
      0.006884904578328133,
      0.00406804820522666
    ]
  ],
  "currentPrediction": [
    {
      "name": "LSTM Base Model",
      "predictions": [
        [
          2,
          1,
          5
        ],
        [
          2,
          8,
          0
        ]
      ]
    }
  ],
  "realResult": [
    6,
    1,
    8
  ],
  "newPrediction": [
    {
      "name": "LSTM Base Model",
      "predictions": [
        [
          7,
          9,
          2
        ],
        [
          7,
          3,
          2
        ]
      ]
    }
  ],
  "newPredictionRaw": [
    [
      0.010267837904393673,
      0.006779058370739222,
      0.042820557951927185,
      0.0760834589600563,
      0.0030110012739896774,
      0.005195667035877705,
      0.00894452165812254,
      0.5121407508850098,
      0.004589026793837547,
      0.012427523732185364
    ],
    [
      0.006524101831018925,
      0.005638108588755131,
      0.012548543512821198,
      0.012188585475087166,
      0.011157933622598648,
      0.0017022982938215137,
      0.0028568783309310675,
      0.024376502260565758,
      0.0012765551218762994,
      0.08971018344163895
    ],
    [
      0.02696637436747551,
      0.019123481586575508,
      0.04410715401172638,
      0.001119429711252451,
      0.005028825253248215,
      0.002188679063692689,
      0.00675235828384757,
      0.008180658333003521,
      0.026886921375989914,
      0.009407012723386288
    ]
  ],
  "matchingNumbers": {
    "model": "LSTM Base Model",
    "prediction": [
      2,
      1,
      5
    ],
    "matching_numbers": [
      1
    ],
    "match_count": 1
  },
  "labels": [
    0,
    1,
    2,
    3,
    4,
    5,
    6,
    7,
    8,
    9
  ],
  "numberFrequency": {
    "7": 0.3333333333333333,
    "9": 0.16666666666666666,
    "2": 0.3333333333333333,
    "3": 0.16666666666666666
  }
}