{"currentPredictionRaw": [[1.1602220460977602e-30, 0.9999984502792358, 7.689529135429765e-20, 1.8174104172200238e-26, 4.446687501260312e-22, 2.47355913485952e-36, 7.377887257667491e-16, 7.142629150523529e-17, 1.293900140808546e-06, 3.010010800608143e-07], [0.0, 0.0, 1.0, 0.0, 0.0, 0.0, 0.0, 0.0, 0.0, 9.987112377590992e-24], [0.0, 0.0, 1.0880456479898136e-26, 0.0, 0.0, 0.0, 0.0, 7.578377097039407e-30, 1.0, 0.0]], "currentPrediction": [[1, 2, 8], [8, 9, 7], [4, 5, 2], [5, 2, 1], [2, 5, 4], [5, 4, 6], [1, 4, 5], [1, 5, 9]], "realResult": [9, 0, 2], "newPrediction": [[5, 6, 3], [2, 0, 5], [8, 1, 7], [6, 2, 7], [9, 1, 8], [5, 4, 6], [0, 4, 7], [1, 5, 9]], "newPredictionRaw": [[4.095103608155415e-26, 0.0, 3.7948151371788974e-18, 3.327881156601651e-29, 0.0, 1.0, 0.0, 0.0, 0.0, 0.0], [1.6403626408046673e-18, 1.4381434242777729e-24, 1.942573163958572e-14, 2.6528829224046775e-30, 0.0, 1.2240060468717846e-23, 1.0, 0.0, 1.5478364476122688e-32, 2.653113759733543e-24], [2.710251047543338e-27, 0.0, 5.907661896307782e-20, 1.0, 1.7677409274465625e-37, 5.389739765604418e-09, 0.0, 4.0264745499122867e-22, 1.6437129549300544e-19, 0.0]], "matchingNumbers": {"bestMatchIndex": 0, "bestMatchSequence": [1, 2, 8], "matchingNumbers": [2]}, "labels": [0, 1, 2, 3, 4, 5, 6, 7, 8, 9], "numberFrequency": {"3": 0.09787234042553192, "2": 0.10098375657744223, "6": 0.10016014641958362, "8": 0.10066346373827499, "9": 0.10011439029970258, "0": 0.10203614733470602, "5": 0.0987874628231526, "4": 0.1013498055364905, "1": 0.10002287805994052, "7": 0.09800960878517502}}