{
  "currentPredictionRaw": [
    [
      0.0017658964497968554,
      8.743550279177725e-05,
      0.023686764761805534,
      0.0026659739669412374,
      0.0001899196649901569,
      0.001199584687128663,
      0.00030740044894628227,
      0.754392147064209,
      0.0009381158743053675,
      0.0028152791783213615
    ],
    [
      0.0014857579953968525,
      0.0074276430532336235,
      0.00025625378475524485,
      0.0010525494581088424,
      0.06569763273000717,
      0.0053147124126553535,
      0.05191242694854736,
      0.00016627875447738916,
      0.0033287827391177416,
      0.0013476654421538115
    ],
    [
      0.0036771674640476704,
      0.005353666841983795,
      0.0008631290984340012,
      0.0010836896253749728,
      0.004683318082243204,
      0.00033471157075837255,
      0.047650083899497986,
      0.0059015932492911816,
      0.0019085583044216037,
      0.002505893586203456
    ]
  ],
  "currentPrediction": [
    {
      "name": "LSTM Base Model",
      "predictions": [
        [
          7,
          4,
          6
        ],
        [
          7,
          2,
          9
        ]
      ]
    }
  ],
  "realResult": [
    6,
    7,
    9
  ],
  "newPrediction": [
    {
      "name": "LSTM Base Model",
      "predictions": [
        [
          1,
          0,
          4
        ],
        [
          1,
          2,
          6
        ]
      ]
    }
  ],
  "newPredictionRaw": [
    [
      0.010337047278881073,
      0.08191503584384918,
      0.04231743514537811,
      0.02843003161251545,
      0.0010358092840760946,
      0.013433587737381458,
      0.03988082706928253,
      0.0020845201797783375,
      0.025417335331439972,
      0.012257002294063568
    ],
    [
      0.09913661330938339,
      0.001705395057797432,
      0.07602225244045258,
      0.00742011982947588,
      0.008584875613451004,
      0.009126965887844563,
      0.008914451114833355,
      0.012137560173869133,
      0.002605754416435957,
      0.07720928639173508
    ],
    [
      0.008513166569173336,
      0.0003658804052975029,
      0.01833345741033554,
      0.011604873463511467,
      0.23025394976139069,
      0.02095339074730873,
      0.0010487233521416783,
      0.09142016619443893,
      0.0035482642706483603,
      0.05398620665073395
    ]
  ],
  "matchingNumbers": {
    "model": "LSTM Base Model",
    "prediction": [
      7,
      4,
      6
    ],
    "matching_numbers": [
      6,
      7
    ],
    "match_count": 2
  },
  "labels": [
    0,
    1,
    2,
    3,
    4,
    5,
    6,
    7,
    8,
    9
  ],
  "numberFrequency": {
    "1": 0.3333333333333333,
    "0": 0.16666666666666666,
    "4": 0.16666666666666666,
    "2": 0.16666666666666666,
    "6": 0.16666666666666666
  }
}