{
  "currentPredictionRaw": [
    [
      0.0033243577927351,
      0.005776914302259684,
      0.00495280884206295,
      0.004176741000264883,
      0.010385003872215748,
      0.02850632555782795,
      0.0359978973865509,
      0.014167067594826221,
      0.0013278296682983637,
      0.02135387249290943
    ],
    [
      0.013073472306132317,
      0.37206748127937317,
      0.1899363249540329,
      0.011079719290137291,
      0.019221581518650055,
      0.0050283027812838554,
      0.0035756679717451334,
      0.0005391963059082627,
      0.0015160812763497233,
      0.015751466155052185
    ],
    [
      0.011450406163930893,
      0.030446000397205353,
      0.01727965660393238,
      0.058808501809835434,
      0.014611775055527687,
      0.01916399411857128,
      0.07243919372558594,
      0.011504906229674816,
      0.0011477656662464142,
      0.001389712793752551
    ]
  ],
  "currentPrediction": [
    {
      "name": "LSTM Base Model",
      "predictions": [
        [
          6,
          1,
          6
        ],
        [
          6,
          5,
          9
        ]
      ]
    }
  ],
  "realResult": [
    9,
    4,
    2
  ],
  "newPrediction": [
    {
      "name": "LSTM Base Model",
      "predictions": [
        [
          8,
          4,
          0
        ],
        [
          8,
          9,
          6
        ]
      ]
    }
  ],
  "newPredictionRaw": [
    [
      0.001152580720372498,
      0.0005656540160998702,
      0.0005864644190296531,
      0.0014437857316806912,
      0.0002530809724703431,
      9.661596413934603e-05,
      0.0022517871111631393,
      0.0003760887775570154,
      0.7428439855575562,
      0.006455817725509405
    ],
    [
      0.00011433614417910576,
      0.0008926355512812734,
      0.0007940117502585053,
      0.01642005518078804,
      0.04665016382932663,
      0.03248210623860359,
      0.004225990269333124,
      0.00014798906340729445,
      0.006832945626229048,
      0.00019273125508334488
    ],
    [
      0.06148706376552582,
      0.0014456863282248378,
      0.002505488460883498,
      0.00017731357365846634,
      5.10079444211442e-05,
      0.000134775647893548,
      0.0009779456304386258,
      0.006436987314373255,
      0.0595274344086647,
      0.0024775234051048756
    ]
  ],
  "matchingNumbers": {
    "model": "LSTM Base Model",
    "prediction": [
      6,
      5,
      9
    ],
    "matching_numbers": [
      9
    ],
    "match_count": 1
  },
  "labels": [
    0,
    1,
    2,
    3,
    4,
    5,
    6,
    7,
    8,
    9
  ],
  "numberFrequency": {
    "8": 0.3333333333333333,
    "4": 0.16666666666666666,
    "0": 0.16666666666666666,
    "9": 0.16666666666666666,
    "6": 0.16666666666666666
  }
}