{"currentPredictionRaw": [[0.10239773988723755, 0.09969872981309891, 0.10091312229633331, 0.09908605366945267, 0.10221784561872482, 0.09915778785943985, 0.09825186431407928, 0.09718748182058334, 0.10082005709409714, 0.10026931762695312], [0.10239773988723755, 0.09969872981309891, 0.10091312229633331, 0.09908605366945267, 0.10221784561872482, 0.09915778785943985, 0.09825186431407928, 0.09718748182058334, 0.10082005709409714, 0.10026931762695312], [0.10239773988723755, 0.09969872981309891, 0.10091312229633331, 0.09908605366945267, 0.10221784561872482, 0.09915778785943985, 0.09825186431407928, 0.09718748182058334, 0.10082005709409714, 0.10026931762695312]], "currentPrediction": [[1, 0, 0], [5, 0, 0], [3, 0, 0], [9, 0, 0], [10, 0, 0], [2, 0, 0], [6, 0, 0], [4, 0, 0], [7, 0, 0], [8, 0, 0]], "realResult": [9, 1, 3], "newPrediction": [[1, 0, 0], [5, 0, 0], [3, 0, 0], [9, 0, 0], [10, 0, 0], [2, 0, 0], [6, 0, 0], [4, 0, 0], [7, 0, 0], [8, 0, 0]], "newPredictionRaw": [[0.10239800065755844, 0.09969770908355713, 0.10091418772935867, 0.09908530116081238, 0.10221786051988602, 0.09915773570537567, 0.09825211018323898, 0.0971871018409729, 0.10081987828016281, 0.10027015209197998], [0.10239800065755844, 0.09969770908355713, 0.10091418772935867, 0.09908530116081238, 0.10221786051988602, 0.09915773570537567, 0.09825211018323898, 0.0971871018409729, 0.10081987828016281, 0.10027015209197998], [0.10239800065755844, 0.09969770908355713, 0.10091418772935867, 0.09908530116081238, 0.10221786051988602, 0.09915773570537567, 0.09825211018323898, 0.0971871018409729, 0.10081987828016281, 0.10027015209197998]], "matchingNumbers": {"bestMatchIndex": 0, "bestMatchSequence": [1, 0, 0], "matchingNumbers": [1]}}