{
  "currentPredictionRaw": [
    [
      0.2435762584209442,
      0.002643011976033449,
      0.0019179120426997542,
      0.005302756559103727,
      0.0025288579054176807,
      0.0033661944326013327,
      0.005361862480640411,
      0.005941212177276611,
      0.03495168313384056,
      0.0076006436720490456
    ],
    [
      0.0016020177863538265,
      0.024141034111380577,
      0.12617245316505432,
      0.0025717138778418303,
      0.00937948003411293,
      0.003371267346665263,
      0.007978870533406734,
      0.0014007417485117912,
      0.0024813921190798283,
      0.08595694601535797
    ],
    [
      0.005933407694101334,
      0.06595134735107422,
      0.27684876322746277,
      0.02069057896733284,
      0.03655440732836723,
      0.005575692746788263,
      0.0038054543547332287,
      0.000622039136942476,
      0.0034584037493914366,
      0.0023136187810450792
    ]
  ],
  "currentPrediction": [
    {
      "name": "LSTM Base Model",
      "predictions": [
        [
          0,
          2,
          2
        ],
        [
          0,
          8,
          9
        ]
      ]
    }
  ],
  "realResult": [
    7,
    4,
    6
  ],
  "newPrediction": [
    {
      "name": "LSTM Base Model",
      "predictions": [
        [
          9,
          0,
          2
        ],
        [
          9,
          3,
          6
        ]
      ]
    }
  ],
  "newPredictionRaw": [
    [
      0.006473110057413578,
      0.004329269751906395,
      0.00022346120385918766,
      0.07968807965517044,
      0.0012850930215790868,
      0.0023496325593441725,
      0.02069799229502678,
      0.001796956523321569,
      0.006266431417316198,
      0.2937901020050049
    ],
    [
      0.1396566778421402,
      0.0006050767842680216,
      0.06496454775333405,
      0.016263941302895546,
      0.007505712099373341,
      0.10737287998199463,
      0.0004710792563855648,
      0.0001944247487699613,
      0.01841134764254093,
      0.005124545190483332
    ],
    [
      0.003500275081023574,
      0.0009158518514595926,
      0.1274196207523346,
      0.022971872240304947,
      0.0008558341069146991,
      0.011612617410719395,
      0.022332726046442986,
      0.004847835283726454,
      0.0005598986754193902,
      0.027513068169355392
    ]
  ],
  "matchingNumbers": {
    "model": null,
    "prediction": null,
    "matching_numbers": [],
    "match_count": 0
  },
  "labels": [
    0,
    1,
    2,
    3,
    4,
    5,
    6,
    7,
    8,
    9
  ],
  "numberFrequency": {
    "9": 0.3333333333333333,
    "0": 0.16666666666666666,
    "2": 0.16666666666666666,
    "3": 0.16666666666666666,
    "6": 0.16666666666666666
  }
}