{
  "currentPredictionRaw": [
    [
      0.07348854094743729,
      0.0021636043675243855,
      0.005649042781442404,
      0.0024882445577532053,
      0.0088158268481493,
      0.001144617097452283,
      0.0037339050322771072,
      0.0026643897872418165,
      0.3779032826423645,
      0.0071907504461705685
    ],
    [
      0.009270839393138885,
      0.004511997103691101,
      0.027405332773923874,
      0.001971013145521283,
      0.009280133992433548,
      0.003027799306437373,
      0.005847796332091093,
      0.026569774374365807,
      0.08205433934926987,
      0.00254795397631824
    ],
    [
      0.004967281129211187,
      0.009760226123034954,
      0.0020834680180996656,
      0.0013412375701591372,
      0.005007763393223286,
      0.2689911127090454,
      0.012603184208273888,
      0.005583195481449366,
      0.014878739602863789,
      0.01705458201467991
    ]
  ],
  "currentPrediction": [
    {
      "name": "LSTM Base Model",
      "predictions": [
        [
          8,
          8,
          5
        ],
        [
          8,
          0,
          4
        ]
      ]
    }
  ],
  "realResult": [
    5,
    5,
    4
  ],
  "newPrediction": [
    {
      "name": "LSTM Base Model",
      "predictions": [
        [
          7,
          0,
          9
        ],
        [
          7,
          3,
          6
        ]
      ]
    }
  ],
  "newPredictionRaw": [
    [
      0.01431049220263958,
      0.008967588655650616,
      0.004068194888532162,
      0.07595887780189514,
      0.002433933550491929,
      0.011835084296762943,
      0.07043959945440292,
      0.12346947938203812,
      0.014289818704128265,
      0.03281408175826073
    ],
    [
      0.09282653033733368,
      0.004729859530925751,
      0.006218782626092434,
      0.01196388527750969,
      0.04648583382368088,
      0.07389318943023682,
      0.003742382163181901,
      0.014600683934986591,
      0.005711060017347336,
      0.04209144413471222
    ],
    [
      0.010290018282830715,
      0.003425169037654996,
      0.10680430382490158,
      0.007119412999600172,
      0.018035005778074265,
      0.013959198258817196,
      0.010014723055064678,
      0.016969619318842888,
      0.011978189460933208,
      0.14055360853672028
    ]
  ],
  "matchingNumbers": {
    "model": "LSTM Base Model",
    "prediction": [
      8,
      8,
      5
    ],
    "matching_numbers": [
      5
    ],
    "match_count": 1
  },
  "labels": [
    0,
    1,
    2,
    3,
    4,
    5,
    6,
    7,
    8,
    9
  ],
  "numberFrequency": {
    "7": 0.3333333333333333,
    "0": 0.16666666666666666,
    "9": 0.16666666666666666,
    "3": 0.16666666666666666,
    "6": 0.16666666666666666
  }
}