{
  "currentPredictionRaw": [
    [
      0.02878776378929615,
      0.054495956748723984,
      0.04751873388886452,
      0.052035778760910034,
      0.0004747010534629226,
      0.03148059546947479,
      0.030532414093613625,
      0.0018371305195614696,
      0.008915427140891552,
      0.005619901232421398
    ],
    [
      0.10370779037475586,
      0.0023808053229004145,
      0.05106130242347717,
      0.005311956629157066,
      0.01622520200908184,
      0.005011858884245157,
      0.005379501264542341,
      0.0054915654473006725,
      0.004551401361823082,
      0.11257433891296387
    ],
    [
      0.010961302556097507,
      0.001015269197523594,
      0.014483124017715454,
      0.008500032126903534,
      0.14008007943630219,
      0.009387042373418808,
      0.0006747032748535275,
      0.09433846920728683,
      0.0013095428002998233,
      0.1458563357591629
    ]
  ],
  "currentPrediction": [
    {
      "name": "LSTM Base Model",
      "predictions": [
        [
          1,
          9,
          9
        ],
        [
          1,
          3,
          2
        ]
      ]
    }
  ],
  "realResult": [
    5,
    5,
    4
  ],
  "newPrediction": [
    {
      "name": "LSTM Base Model",
      "predictions": [
        [
          1,
          5,
          4
        ],
        [
          1,
          0,
          3
        ]
      ]
    }
  ],
  "newPredictionRaw": [
    [
      0.1088903471827507,
      0.16358740627765656,
      0.0034119049087166786,
      0.021059328690171242,
      0.013330223970115185,
      0.015591660514473915,
      0.00693505397066474,
      0.0014642581809312105,
      0.0023830102290958166,
      0.0011550715425983071
    ],
    [
      0.014106540009379387,
      0.0052591776475310326,
      0.003951823338866234,
      0.020160220563411713,
      0.009164677001535892,
      0.2873876690864563,
      0.0034179233480244875,
      0.0007383794873021543,
      0.002452487824484706,
      0.04537016153335571
    ],
    [
      0.005219527054578066,
      0.0009428866906091571,
      0.05582292377948761,
      0.007130513433367014,
      0.1537473350763321,
      0.010122033767402172,
      0.0011342650977894664,
      0.004663886036723852,
      0.010119164362549782,
      0.021280160173773766
    ]
  ],
  "matchingNumbers": {
    "model": null,
    "prediction": null,
    "matching_numbers": [],
    "match_count": 0
  },
  "labels": [
    0,
    1,
    2,
    3,
    4,
    5,
    6,
    7,
    8,
    9
  ],
  "numberFrequency": {
    "1": 0.3333333333333333,
    "5": 0.16666666666666666,
    "4": 0.16666666666666666,
    "0": 0.16666666666666666,
    "3": 0.16666666666666666
  }
}