date;model;symbol;predicted_bin;actual_bin;return;hit_exact;hit_adjacent;hit_direction;pnl;pnl_cash
2026-03-13;Autoencoder Model;NVDA;9;5;0.01357297;0;0;1;0.01257297;1.1652
2026-03-13;Autoencoder Model;AAPL;9;1;-0.02892357;0;0;0;-0.02992357;-3.0481
2026-03-13;Autoencoder Model;MSFT;0;1;-0.03334015;0;1;1;0.00000000;0.0000
2026-03-13;Autoencoder Model;ASML;9;8;0.04009648;0;1;1;0.03909648;3.8870
2026-03-13;CatBoost Model;NVDA;9;5;0.01357297;0;0;1;0.01257297;1.1652
2026-03-13;CatBoost Model;AAPL;7;1;-0.02892357;0;0;0;-0.02992357;-3.0481
2026-03-13;CatBoost Model;MSFT;6;1;-0.03334015;0;0;0;-0.03434015;-3.4758
2026-03-13;CatBoost Model;ASML;9;8;0.04009648;0;1;1;0.03909648;3.8870
2026-03-13;GARCH Model;NVDA;7;5;0.01357297;0;0;1;0.01257297;1.1652
2026-03-13;GARCH Model;AAPL;9;1;-0.02892357;0;0;0;-0.02992357;-3.0481
2026-03-13;GARCH Model;MSFT;9;1;-0.03334015;0;0;0;-0.03434015;-3.4758
2026-03-13;GARCH Model;ASML;2;8;0.04009648;0;0;0;0.00000000;0.0000
2026-03-13;GNN Model;NVDA;9;5;0.01357297;0;0;1;0.01257297;1.1652
2026-03-13;GNN Model;AAPL;9;1;-0.02892357;0;0;0;-0.02992357;-3.0481
2026-03-13;GNN Model;MSFT;0;1;-0.03334015;0;1;1;0.00000000;0.0000
2026-03-13;GNN Model;ASML;9;8;0.04009648;0;1;1;0.03909648;3.8870
2026-03-13;LaplaceMonteCarlo Model;NVDA;4;5;0.01357297;0;1;1;0.00000000;0.0000
2026-03-13;LaplaceMonteCarlo Model;AAPL;4;1;-0.02892357;0;0;0;0.00000000;0.0000
2026-03-13;LaplaceMonteCarlo Model;MSFT;5;1;-0.03334015;0;0;0;-0.03434015;-3.4758
2026-03-13;LaplaceMonteCarlo Model;ASML;4;8;0.04009648;0;0;1;0.00000000;0.0000
2026-03-13;LightGBM Model;NVDA;5;5;0.01357297;1;1;1;0.01257297;1.1652
2026-03-13;LightGBM Model;AAPL;5;1;-0.02892357;0;0;0;-0.02992357;-3.0481
2026-03-13;LightGBM Model;MSFT;2;1;-0.03334015;0;1;1;0.00000000;0.0000
2026-03-13;LightGBM Model;ASML;0;8;0.04009648;0;0;0;0.00000000;0.0000
2026-03-13;Markov Model;NVDA;2;5;0.01357297;0;0;0;0.00000000;0.0000
2026-03-13;Markov Model;AAPL;1;1;-0.02892357;1;1;1;0.00000000;0.0000
2026-03-13;Markov Model;MSFT;0;1;-0.03334015;0;1;1;0.00000000;0.0000
2026-03-13;Markov Model;ASML;9;8;0.04009648;0;1;1;0.03909648;3.8870
2026-03-13;MarkovMonteCarlo Model;NVDA;2;5;0.01357297;0;0;0;0.00000000;0.0000
2026-03-13;MarkovMonteCarlo Model;AAPL;9;1;-0.02892357;0;0;0;-0.02992357;-3.0481
2026-03-13;MarkovMonteCarlo Model;MSFT;0;1;-0.03334015;0;1;1;0.00000000;0.0000
2026-03-13;MarkovMonteCarlo Model;ASML;9;8;0.04009648;0;1;1;0.03909648;3.8870
2026-03-13;OrderStatistics Baseline;NVDA;9;5;0.01357297;0;0;1;0.01257297;1.1652
2026-03-13;OrderStatistics Baseline;AAPL;0;1;-0.02892357;0;1;1;0.00000000;0.0000
2026-03-13;OrderStatistics Baseline;MSFT;1;1;-0.03334015;1;1;1;0.00000000;0.0000
2026-03-13;OrderStatistics Baseline;ASML;2;8;0.04009648;0;0;0;0.00000000;0.0000
2026-03-13;PoissonMonteCarlo Model;NVDA;4;5;0.01357297;0;1;1;0.00000000;0.0000
2026-03-13;PoissonMonteCarlo Model;AAPL;1;1;-0.02892357;1;1;1;0.00000000;0.0000
2026-03-13;PoissonMonteCarlo Model;MSFT;0;1;-0.03334015;0;1;1;0.00000000;0.0000
2026-03-13;PoissonMonteCarlo Model;ASML;6;8;0.04009648;0;0;1;0.03909648;3.8870
2026-03-13;RL Position Model;NVDA;9;5;0.01357297;0;0;1;0.01257297;1.1652
2026-03-13;RL Position Model;AAPL;1;1;-0.02892357;1;1;1;0.00000000;0.0000
2026-03-13;RL Position Model;MSFT;0;1;-0.03334015;0;1;1;0.00000000;0.0000
2026-03-13;RL Position Model;ASML;9;8;0.04009648;0;1;1;0.03909648;3.8870
2026-03-13;Regime HMM Model;NVDA;0;5;0.01357297;0;0;0;0.00000000;0.0000
2026-03-13;Regime HMM Model;AAPL;1;1;-0.02892357;1;1;1;0.00000000;0.0000
2026-03-13;Regime HMM Model;MSFT;0;1;-0.03334015;0;1;1;0.00000000;0.0000
2026-03-13;Regime HMM Model;ASML;9;8;0.04009648;0;1;1;0.03909648;3.8870
2026-03-13;Regime HMM Single Model;NVDA;1;5;0.01357297;0;0;0;0.00000000;0.0000
2026-03-13;Regime HMM Single Model;AAPL;9;1;-0.02892357;0;0;0;-0.02992357;-3.0481
2026-03-13;Regime HMM Single Model;MSFT;9;1;-0.03334015;0;0;0;-0.03434015;-3.4758
2026-03-13;Regime HMM Single Model;ASML;9;8;0.04009648;0;1;1;0.03909648;3.8870
2026-03-13;Regime HMM ZeroMean Model;NVDA;1;5;0.01357297;0;0;0;0.00000000;0.0000
2026-03-13;Regime HMM ZeroMean Model;AAPL;0;1;-0.02892357;0;1;1;0.00000000;0.0000
2026-03-13;Regime HMM ZeroMean Model;MSFT;0;1;-0.03334015;0;1;1;0.00000000;0.0000
2026-03-13;Regime HMM ZeroMean Model;ASML;0;8;0.04009648;0;0;0;0.00000000;0.0000
2026-03-13;Transformer Model;NVDA;7;5;0.01357297;0;0;1;0.01257297;1.1652
2026-03-13;Transformer Model;AAPL;4;1;-0.02892357;0;0;0;0.00000000;0.0000
2026-03-13;Transformer Model;MSFT;9;1;-0.03334015;0;0;0;-0.03434015;-3.4758
2026-03-13;Transformer Model;ASML;4;8;0.04009648;0;0;1;0.00000000;0.0000
2026-03-13;WeightedEnsemble Model;NVDA;2;5;0.01357297;0;0;0;0.00000000;0.0000
2026-03-13;WeightedEnsemble Model;AAPL;1;1;-0.02892357;1;1;1;0.00000000;0.0000
2026-03-13;WeightedEnsemble Model;MSFT;0;1;-0.03334015;0;1;1;0.00000000;0.0000
2026-03-13;WeightedEnsemble Model;ASML;9;8;0.04009648;0;1;1;0.03909648;3.8870
2026-03-13;XGBoost Model;NVDA;5;5;0.01357297;1;1;1;0.01257297;1.1652
2026-03-13;XGBoost Model;AAPL;1;1;-0.02892357;1;1;1;0.00000000;0.0000
2026-03-13;XGBoost Model;MSFT;2;1;-0.03334015;0;1;1;0.00000000;0.0000
2026-03-13;XGBoost Model;ASML;0;8;0.04009648;0;0;0;0.00000000;0.0000
2026-03-20;Autoencoder Model;NVDA;9;1;-0.04278879;0;0;0;-0.04378879;-4.3844
2026-03-20;Autoencoder Model;AAPL;9;3;-0.00855238;0;0;0;-0.00955238;-1.0507
2026-03-20;Autoencoder Model;MSFT;0;0;-0.03519696;1;1;1;0.00000000;0.0000
2026-03-20;Autoencoder Model;ASML;9;2;-0.02136066;0;0;0;-0.02236066;-2.3113
2026-03-20;CatBoost Model;NVDA;1;1;-0.04278879;1;1;1;0.00000000;0.0000
2026-03-20;CatBoost Model;AAPL;2;3;-0.00855238;0;1;1;0.00000000;0.0000
2026-03-20;CatBoost Model;MSFT;0;0;-0.03519696;1;1;1;0.00000000;0.0000
2026-03-20;CatBoost Model;ASML;0;2;-0.02136066;0;0;1;0.00000000;0.0000
2026-03-20;GARCH Model;NVDA;7;1;-0.04278879;0;0;0;-0.04378879;-4.3844
2026-03-20;GARCH Model;AAPL;9;3;-0.00855238;0;0;0;-0.00955238;-1.0507
2026-03-20;GARCH Model;MSFT;9;0;-0.03519696;0;0;0;-0.03619696;-3.6550
2026-03-20;GARCH Model;ASML;8;2;-0.02136066;0;0;0;-0.02236066;-2.3113
2026-03-20;GNN Model;NVDA;9;1;-0.04278879;0;0;0;-0.04378879;-4.3844
2026-03-20;GNN Model;AAPL;9;3;-0.00855238;0;0;0;-0.00955238;-1.0507
2026-03-20;GNN Model;MSFT;0;0;-0.03519696;1;1;1;0.00000000;0.0000
2026-03-20;GNN Model;ASML;9;2;-0.02136066;0;0;0;-0.02236066;-2.3113
2026-03-20;LaplaceMonteCarlo Model;NVDA;3;1;-0.04278879;0;0;1;0.00000000;0.0000
2026-03-20;LaplaceMonteCarlo Model;AAPL;3;3;-0.00855238;1;1;1;0.00000000;0.0000
2026-03-20;LaplaceMonteCarlo Model;MSFT;2;0;-0.03519696;0;0;1;0.00000000;0.0000
2026-03-20;LaplaceMonteCarlo Model;ASML;3;2;-0.02136066;0;1;1;0.00000000;0.0000
2026-03-20;LightGBM Model;NVDA;8;1;-0.04278879;0;0;0;-0.04378879;-4.3844
2026-03-20;LightGBM Model;AAPL;9;3;-0.00855238;0;0;0;-0.00955238;-1.0507
2026-03-20;LightGBM Model;MSFT;1;0;-0.03519696;0;1;1;0.00000000;0.0000
2026-03-20;LightGBM Model;ASML;3;2;-0.02136066;0;1;1;0.00000000;0.0000
2026-03-20;Markov Model;NVDA;9;1;-0.04278879;0;0;0;-0.04378879;-4.3844
2026-03-20;Markov Model;AAPL;0;3;-0.00855238;0;0;1;0.00000000;0.0000
2026-03-20;Markov Model;MSFT;0;0;-0.03519696;1;1;1;0.00000000;0.0000
2026-03-20;Markov Model;ASML;9;2;-0.02136066;0;0;0;-0.02236066;-2.3113
2026-03-20;MarkovMonteCarlo Model;NVDA;9;1;-0.04278879;0;0;0;-0.04378879;-4.3844
2026-03-20;MarkovMonteCarlo Model;AAPL;9;3;-0.00855238;0;0;0;-0.00955238;-1.0507
2026-03-20;MarkovMonteCarlo Model;MSFT;0;0;-0.03519696;1;1;1;0.00000000;0.0000
2026-03-20;MarkovMonteCarlo Model;ASML;9;2;-0.02136066;0;0;0;-0.02236066;-2.3113
2026-03-20;OrderStatistics Baseline;NVDA;9;1;-0.04278879;0;0;0;-0.04378879;-4.3844
2026-03-20;OrderStatistics Baseline;AAPL;0;3;-0.00855238;0;0;1;0.00000000;0.0000
2026-03-20;OrderStatistics Baseline;MSFT;1;0;-0.03519696;0;1;1;0.00000000;0.0000
2026-03-20;OrderStatistics Baseline;ASML;2;2;-0.02136066;1;1;1;0.00000000;0.0000
2026-03-20;PoissonMonteCarlo Model;NVDA;6;1;-0.04278879;0;0;0;-0.04378879;-4.3844
2026-03-20;PoissonMonteCarlo Model;AAPL;1;3;-0.00855238;0;0;1;0.00000000;0.0000
2026-03-20;PoissonMonteCarlo Model;MSFT;3;0;-0.03519696;0;0;1;0.00000000;0.0000
2026-03-20;PoissonMonteCarlo Model;ASML;2;2;-0.02136066;1;1;1;0.00000000;0.0000
2026-03-20;RL Position Model;NVDA;9;1;-0.04278879;0;0;0;-0.04378879;-4.3844
2026-03-20;RL Position Model;AAPL;9;3;-0.00855238;0;0;0;-0.00955238;-1.0507
2026-03-20;RL Position Model;MSFT;0;0;-0.03519696;1;1;1;0.00000000;0.0000
2026-03-20;RL Position Model;ASML;9;2;-0.02136066;0;0;0;-0.02236066;-2.3113
2026-03-20;Regime HMM Model;NVDA;9;1;-0.04278879;0;0;0;-0.04378879;-4.3844
2026-03-20;Regime HMM Model;AAPL;9;3;-0.00855238;0;0;0;-0.00955238;-1.0507
2026-03-20;Regime HMM Model;MSFT;9;0;-0.03519696;0;0;0;-0.03619696;-3.6550
2026-03-20;Regime HMM Model;ASML;9;2;-0.02136066;0;0;0;-0.02236066;-2.3113
2026-03-20;Regime HMM Single Model;NVDA;1;1;-0.04278879;1;1;1;0.00000000;0.0000
2026-03-20;Regime HMM Single Model;AAPL;9;3;-0.00855238;0;0;0;-0.00955238;-1.0507
2026-03-20;Regime HMM Single Model;MSFT;9;0;-0.03519696;0;0;0;-0.03619696;-3.6550
2026-03-20;Regime HMM Single Model;ASML;9;2;-0.02136066;0;0;0;-0.02236066;-2.3113
2026-03-20;Regime HMM ZeroMean Model;NVDA;1;1;-0.04278879;1;1;1;0.00000000;0.0000
2026-03-20;Regime HMM ZeroMean Model;AAPL;0;3;-0.00855238;0;0;1;0.00000000;0.0000
2026-03-20;Regime HMM ZeroMean Model;MSFT;0;0;-0.03519696;1;1;1;0.00000000;0.0000
2026-03-20;Regime HMM ZeroMean Model;ASML;0;2;-0.02136066;0;0;1;0.00000000;0.0000
2026-03-20;Transformer Model;NVDA;5;1;-0.04278879;0;0;0;-0.04378879;-4.3844
2026-03-20;Transformer Model;AAPL;4;3;-0.00855238;0;1;0;0.00000000;0.0000
2026-03-20;Transformer Model;MSFT;7;0;-0.03519696;0;0;0;-0.03619696;-3.6550
2026-03-20;Transformer Model;ASML;5;2;-0.02136066;0;0;0;-0.02236066;-2.3113
2026-03-20;WeightedEnsemble Model;NVDA;8;1;-0.04278879;0;0;0;-0.04378879;-4.3844
2026-03-20;WeightedEnsemble Model;AAPL;3;3;-0.00855238;1;1;1;0.00000000;0.0000
2026-03-20;WeightedEnsemble Model;MSFT;0;0;-0.03519696;1;1;1;0.00000000;0.0000
2026-03-20;WeightedEnsemble Model;ASML;3;2;-0.02136066;0;1;1;0.00000000;0.0000
2026-03-20;XGBoost Model;NVDA;8;1;-0.04278879;0;0;0;-0.04378879;-4.3844
2026-03-20;XGBoost Model;AAPL;3;3;-0.00855238;1;1;1;0.00000000;0.0000
2026-03-20;XGBoost Model;MSFT;7;0;-0.03519696;0;0;0;-0.03619696;-3.6550
2026-03-20;XGBoost Model;ASML;8;2;-0.02136066;0;0;0;-0.02236066;-2.3113
2026-03-27;Autoencoder Model;NVDA;9;2;-0.03045324;0;0;0;-0.03145324;-3.1964
2026-03-27;Autoencoder Model;AAPL;9;4;0.00326094;0;0;1;0.00226094;0.1263
2026-03-27;Autoencoder Model;MSFT;0;0;-0.06798892;1;1;1;0.00000000;0.0000
2026-03-27;Autoencoder Model;ASML;9;3;-0.01128377;0;0;0;-0.01228377;-1.3209
2026-03-27;CatBoost Model;NVDA;4;2;-0.03045324;0;0;0;0.00000000;0.0000
2026-03-27;CatBoost Model;AAPL;9;4;0.00326094;0;0;1;0.00226094;0.1263
2026-03-27;CatBoost Model;MSFT;0;0;-0.06798892;1;1;1;0.00000000;0.0000
2026-03-27;CatBoost Model;ASML;2;3;-0.01128377;0;1;1;0.00000000;0.0000
2026-03-27;GARCH Model;NVDA;2;2;-0.03045324;1;1;1;0.00000000;0.0000
2026-03-27;GARCH Model;AAPL;9;4;0.00326094;0;0;1;0.00226094;0.1263
2026-03-27;GARCH Model;MSFT;9;0;-0.06798892;0;0;0;-0.06898892;-6.7663
2026-03-27;GARCH Model;ASML;2;3;-0.01128377;0;1;1;0.00000000;0.0000
2026-03-27;GNN Model;NVDA;9;2;-0.03045324;0;0;0;-0.03145324;-3.1964
2026-03-27;GNN Model;AAPL;9;4;0.00326094;0;0;1;0.00226094;0.1263
2026-03-27;GNN Model;MSFT;0;0;-0.06798892;1;1;1;0.00000000;0.0000
2026-03-27;GNN Model;ASML;9;3;-0.01128377;0;0;0;-0.01228377;-1.3209
2026-03-27;LaplaceMonteCarlo Model;NVDA;5;2;-0.03045324;0;0;0;-0.03145324;-3.1964
2026-03-27;LaplaceMonteCarlo Model;AAPL;5;4;0.00326094;0;1;1;0.00226094;0.1263
2026-03-27;LaplaceMonteCarlo Model;MSFT;5;0;-0.06798892;0;0;0;-0.06898892;-6.7663
2026-03-27;LaplaceMonteCarlo Model;ASML;5;3;-0.01128377;0;0;0;-0.01228377;-1.3209
2026-03-27;LightGBM Model;NVDA;9;2;-0.03045324;0;0;0;-0.03145324;-3.1964
2026-03-27;LightGBM Model;AAPL;0;4;0.00326094;0;0;0;0.00000000;0.0000
2026-03-27;LightGBM Model;MSFT;0;0;-0.06798892;1;1;1;0.00000000;0.0000
2026-03-27;LightGBM Model;ASML;9;3;-0.01128377;0;0;0;-0.01228377;-1.3209
2026-03-27;Markov Model;NVDA;2;2;-0.03045324;1;1;1;0.00000000;0.0000
2026-03-27;Markov Model;AAPL;1;4;0.00326094;0;0;0;0.00000000;0.0000
2026-03-27;Markov Model;MSFT;0;0;-0.06798892;1;1;1;0.00000000;0.0000
2026-03-27;Markov Model;ASML;9;3;-0.01128377;0;0;0;-0.01228377;-1.3209
2026-03-27;MarkovMonteCarlo Model;NVDA;9;2;-0.03045324;0;0;0;-0.03145324;-3.1964
2026-03-27;MarkovMonteCarlo Model;AAPL;1;4;0.00326094;0;0;0;0.00000000;0.0000
2026-03-27;MarkovMonteCarlo Model;MSFT;0;0;-0.06798892;1;1;1;0.00000000;0.0000
2026-03-27;MarkovMonteCarlo Model;ASML;9;3;-0.01128377;0;0;0;-0.01228377;-1.3209
2026-03-27;OrderStatistics Baseline;NVDA;9;2;-0.03045324;0;0;0;-0.03145324;-3.1964
2026-03-27;OrderStatistics Baseline;AAPL;0;4;0.00326094;0;0;0;0.00000000;0.0000
2026-03-27;OrderStatistics Baseline;MSFT;1;0;-0.06798892;0;1;1;0.00000000;0.0000
2026-03-27;OrderStatistics Baseline;ASML;2;3;-0.01128377;0;1;1;0.00000000;0.0000
2026-03-27;PoissonMonteCarlo Model;NVDA;6;2;-0.03045324;0;0;0;-0.03145324;-3.1964
2026-03-27;PoissonMonteCarlo Model;AAPL;1;4;0.00326094;0;0;0;0.00000000;0.0000
2026-03-27;PoissonMonteCarlo Model;MSFT;0;0;-0.06798892;1;1;1;0.00000000;0.0000
2026-03-27;PoissonMonteCarlo Model;ASML;2;3;-0.01128377;0;1;1;0.00000000;0.0000
2026-03-27;RL Position Model;NVDA;9;2;-0.03045324;0;0;0;-0.04717986;-3.1964
2026-03-27;RL Position Model;AAPL;9;4;0.00326094;0;0;1;0.00000000;0.1263
2026-03-27;RL Position Model;MSFT;0;0;-0.06798892;1;1;1;0.00000000;0.0000
2026-03-27;RL Position Model;ASML;9;3;-0.01128377;0;0;0;-0.01842565;-1.3209
2026-03-27;Regime HMM Model;NVDA;1;2;-0.03045324;0;1;1;0.00000000;0.0000
2026-03-27;Regime HMM Model;AAPL;9;4;0.00326094;0;0;1;0.00226094;0.1263
2026-03-27;Regime HMM Model;MSFT;8;0;-0.06798892;0;0;0;-0.06898892;-6.7663
2026-03-27;Regime HMM Model;ASML;8;3;-0.01128377;0;0;0;-0.01228377;-1.3209
2026-03-27;Regime HMM Single Model;NVDA;1;2;-0.03045324;0;1;1;0.00000000;0.0000
2026-03-27;Regime HMM Single Model;AAPL;9;4;0.00326094;0;0;1;0.00226094;0.1263
2026-03-27;Regime HMM Single Model;MSFT;9;0;-0.06798892;0;0;0;-0.06898892;-6.7663
2026-03-27;Regime HMM Single Model;ASML;9;3;-0.01128377;0;0;0;-0.01228377;-1.3209
2026-03-27;Regime HMM ZeroMean Model;NVDA;1;2;-0.03045324;0;1;1;0.00000000;0.0000
2026-03-27;Regime HMM ZeroMean Model;AAPL;0;4;0.00326094;0;0;0;0.00000000;0.0000
2026-03-27;Regime HMM ZeroMean Model;MSFT;0;0;-0.06798892;1;1;1;0.00000000;0.0000
2026-03-27;Regime HMM ZeroMean Model;ASML;0;3;-0.01128377;0;0;1;0.00000000;0.0000
2026-03-27;Transformer Model;NVDA;7;2;-0.03045324;0;0;0;-0.03145324;-3.1964
2026-03-27;Transformer Model;AAPL;4;4;0.00326094;1;1;1;0.00000000;0.0000
2026-03-27;Transformer Model;MSFT;3;0;-0.06798892;0;0;1;0.00000000;0.0000
2026-03-27;Transformer Model;ASML;4;3;-0.01128377;0;1;0;0.00000000;0.0000
2026-03-27;WeightedEnsemble Model;NVDA;9;2;-0.03045324;0;0;0;-0.03145324;-3.1964
2026-03-27;WeightedEnsemble Model;AAPL;1;4;0.00326094;0;0;0;0.00000000;0.0000
2026-03-27;WeightedEnsemble Model;MSFT;0;0;-0.06798892;1;1;1;0.00000000;0.0000
2026-03-27;WeightedEnsemble Model;ASML;9;3;-0.01128377;0;0;0;-0.01228377;-1.3209
2026-03-27;XGBoost Model;NVDA;9;2;-0.03045324;0;0;0;-0.03145324;-3.1964
2026-03-27;XGBoost Model;AAPL;1;4;0.00326094;0;0;0;0.00000000;0.0000
2026-03-27;XGBoost Model;MSFT;0;0;-0.06798892;1;1;1;0.00000000;0.0000
2026-03-27;XGBoost Model;ASML;9;3;-0.01128377;0;0;0;-0.01228377;-1.3209
2026-04-02;Autoencoder Model;NVDA;9;8;0.05724795;0;1;1;0.05624795;5.6859
2026-04-02;Autoencoder Model;AAPL;9;7;0.02821553;0;0;1;0.02721553;2.6589
2026-04-02;Autoencoder Model;MSFT;0;9;0.04571959;0;0;0;0.00000000;0.0000
2026-04-02;Autoencoder Model;ASML;9;5;0.01126859;0;0;1;0.01026859;0.9321
2026-04-02;CatBoost Model;NVDA;6;8;0.05724795;0;0;1;0.05624795;5.6859
2026-04-02;CatBoost Model;AAPL;1;7;0.02821553;0;0;0;0.00000000;0.0000
2026-04-02;CatBoost Model;MSFT;6;9;0.04571959;0;0;1;0.04471959;4.4734
2026-04-02;CatBoost Model;ASML;9;5;0.01126859;0;0;1;0.01026859;0.9321
2026-04-02;GARCH Model;NVDA;3;8;0.05724795;0;0;0;0.00000000;0.0000
2026-04-02;GARCH Model;AAPL;9;7;0.02821553;0;0;1;0.02721553;2.6589
2026-04-02;GARCH Model;MSFT;9;9;0.04571959;1;1;1;0.04471959;4.4734
2026-04-02;GARCH Model;ASML;2;5;0.01126859;0;0;0;0.00000000;0.0000
2026-04-02;GNN Model;NVDA;9;8;0.05724795;0;1;1;0.05624795;5.6859
2026-04-02;GNN Model;AAPL;9;7;0.02821553;0;0;1;0.02721553;2.6589
2026-04-02;GNN Model;MSFT;0;9;0.04571959;0;0;0;0.00000000;0.0000
2026-04-02;GNN Model;ASML;9;5;0.01126859;0;0;1;0.01026859;0.9321
2026-04-02;LaplaceMonteCarlo Model;NVDA;3;8;0.05724795;0;0;0;0.00000000;0.0000
2026-04-02;LaplaceMonteCarlo Model;AAPL;3;7;0.02821553;0;0;0;0.00000000;0.0000
2026-04-02;LaplaceMonteCarlo Model;MSFT;5;9;0.04571959;0;0;1;0.04471959;4.4734
2026-04-02;LaplaceMonteCarlo Model;ASML;3;5;0.01126859;0;0;0;0.00000000;0.0000
2026-04-02;LightGBM Model;NVDA;1;8;0.05724795;0;0;0;0.00000000;0.0000
2026-04-02;LightGBM Model;AAPL;0;7;0.02821553;0;0;0;0.00000000;0.0000
2026-04-02;LightGBM Model;MSFT;9;9;0.04571959;1;1;1;0.04471959;4.4734
2026-04-02;LightGBM Model;ASML;0;5;0.01126859;0;0;0;0.00000000;0.0000
2026-04-02;Markov Model;NVDA;2;8;0.05724795;0;0;0;0.00000000;0.0000
2026-04-02;Markov Model;AAPL;2;7;0.02821553;0;0;0;0.00000000;0.0000
2026-04-02;Markov Model;MSFT;9;9;0.04571959;1;1;1;0.04471959;4.4734
2026-04-02;Markov Model;ASML;9;5;0.01126859;0;0;1;0.01026859;0.9321
2026-04-02;MarkovMonteCarlo Model;NVDA;2;8;0.05724795;0;0;0;0.00000000;0.0000
2026-04-02;MarkovMonteCarlo Model;AAPL;9;7;0.02821553;0;0;1;0.02721553;2.6589
2026-04-02;MarkovMonteCarlo Model;MSFT;0;9;0.04571959;0;0;0;0.00000000;0.0000
2026-04-02;MarkovMonteCarlo Model;ASML;9;5;0.01126859;0;0;1;0.01026859;0.9321
2026-04-02;OrderStatistics Baseline;NVDA;9;8;0.05724795;0;1;1;0.05624795;5.6859
2026-04-02;OrderStatistics Baseline;AAPL;0;7;0.02821553;0;0;0;0.00000000;0.0000
2026-04-02;OrderStatistics Baseline;MSFT;1;9;0.04571959;0;0;0;0.00000000;0.0000
2026-04-02;OrderStatistics Baseline;ASML;2;5;0.01126859;0;0;0;0.00000000;0.0000
2026-04-02;PoissonMonteCarlo Model;NVDA;4;8;0.05724795;0;0;1;0.00000000;0.0000
2026-04-02;PoissonMonteCarlo Model;AAPL;1;7;0.02821553;0;0;0;0.00000000;0.0000
2026-04-02;PoissonMonteCarlo Model;MSFT;5;9;0.04571959;0;0;1;0.04471959;4.4734
2026-04-02;PoissonMonteCarlo Model;ASML;2;5;0.01126859;0;0;0;0.00000000;0.0000
2026-04-02;RL Position Model;NVDA;1;8;0.05724795;0;0;0;0.00000000;0.0000
2026-04-02;RL Position Model;AAPL;9;7;0.02821553;0;0;1;0.00000000;2.6589
2026-04-02;RL Position Model;MSFT;9;9;0.04571959;1;1;1;0.02235979;4.4734
2026-04-02;RL Position Model;ASML;9;5;0.01126859;0;0;1;0.01026859;0.9321
2026-04-02;Regime HMM Model;NVDA;1;8;0.05724795;0;0;0;0.00000000;0.0000
2026-04-02;Regime HMM Model;AAPL;9;7;0.02821553;0;0;1;0.02721553;2.6589
2026-04-02;Regime HMM Model;MSFT;8;9;0.04571959;0;1;1;0.04471959;4.4734
2026-04-02;Regime HMM Model;ASML;8;5;0.01126859;0;0;1;0.01026859;0.9321
2026-04-02;Regime HMM Single Model;NVDA;1;8;0.05724795;0;0;0;0.00000000;0.0000
2026-04-02;Regime HMM Single Model;AAPL;9;7;0.02821553;0;0;1;0.02721553;2.6589
2026-04-02;Regime HMM Single Model;MSFT;9;9;0.04571959;1;1;1;0.04471959;4.4734
2026-04-02;Regime HMM Single Model;ASML;9;5;0.01126859;0;0;1;0.01026859;0.9321
2026-04-02;Regime HMM ZeroMean Model;NVDA;1;8;0.05724795;0;0;0;0.00000000;0.0000
2026-04-02;Regime HMM ZeroMean Model;AAPL;0;7;0.02821553;0;0;0;0.00000000;0.0000
2026-04-02;Regime HMM ZeroMean Model;MSFT;0;9;0.04571959;0;0;0;0.00000000;0.0000
2026-04-02;Regime HMM ZeroMean Model;ASML;0;5;0.01126859;0;0;0;0.00000000;0.0000
2026-04-02;Transformer Model;NVDA;7;8;0.05724795;0;1;1;0.05624795;5.6859
2026-04-02;Transformer Model;AAPL;4;7;0.02821553;0;0;1;0.00000000;0.0000
2026-04-02;Transformer Model;MSFT;7;9;0.04571959;0;0;1;0.04471959;4.4734
2026-04-02;Transformer Model;ASML;0;5;0.01126859;0;0;0;0.00000000;0.0000
2026-04-02;WeightedEnsemble Model;NVDA;2;8;0.05724795;0;0;0;0.00000000;0.0000
2026-04-02;WeightedEnsemble Model;AAPL;1;7;0.02821553;0;0;0;0.00000000;0.0000
2026-04-02;WeightedEnsemble Model;MSFT;9;9;0.04571959;1;1;1;0.04471959;4.4734
2026-04-02;WeightedEnsemble Model;ASML;9;5;0.01126859;0;0;1;0.01026859;0.9321
2026-04-02;XGBoost Model;NVDA;2;8;0.05724795;0;0;0;0.00000000;0.0000
2026-04-02;XGBoost Model;AAPL;2;7;0.02821553;0;0;0;0.00000000;0.0000
2026-04-02;XGBoost Model;MSFT;9;9;0.04571959;1;1;1;0.04471959;4.4734
2026-04-02;XGBoost Model;ASML;0;5;0.01126859;0;0;0;0.00000000;0.0000
2026-04-10;Autoencoder Model;NVDA;9;8;0.06143673;0;1;1;0.06043673;6.1300
2026-04-10;Autoencoder Model;AAPL;9;6;0.01766119;0;0;1;0.01666119;1.5800
2026-04-10;Autoencoder Model;MSFT;0;3;-0.00695931;0;0;1;0.00000000;0.0000
2026-04-10;Autoencoder Model;ASML;9;9;0.11534820;1;1;1;0.11434820;12.0142
2026-04-10;CatBoost Model;NVDA;9;8;0.06143673;0;1;1;0.06043673;6.1300
2026-04-10;CatBoost Model;AAPL;8;6;0.01766119;0;0;1;0.01666119;1.5800
2026-04-10;CatBoost Model;MSFT;0;3;-0.00695931;0;0;1;0.00000000;0.0000
2026-04-10;CatBoost Model;ASML;8;9;0.11534820;0;1;1;0.11434820;12.0142
2026-04-10;GARCH Model;NVDA;3;8;0.06143673;0;0;0;0.00000000;0.0000
2026-04-10;GARCH Model;AAPL;6;6;0.01766119;1;1;1;0.01666119;1.5800
2026-04-10;GARCH Model;MSFT;9;3;-0.00695931;0;0;0;-0.00795931;-0.8928
2026-04-10;GARCH Model;ASML;2;9;0.11534820;0;0;0;0.00000000;0.0000
2026-04-10;GNN Model;NVDA;9;8;0.06143673;0;1;1;0.06043673;6.1300
2026-04-10;GNN Model;AAPL;9;6;0.01766119;0;0;1;0.01666119;1.5800
2026-04-10;GNN Model;MSFT;0;3;-0.00695931;0;0;1;0.00000000;0.0000
2026-04-10;GNN Model;ASML;9;9;0.11534820;1;1;1;0.11434820;12.0142
2026-04-10;LaplaceMonteCarlo Model;NVDA;5;8;0.06143673;0;0;1;0.06043673;6.1300
2026-04-10;LaplaceMonteCarlo Model;AAPL;5;6;0.01766119;0;1;1;0.01666119;1.5800
2026-04-10;LaplaceMonteCarlo Model;MSFT;5;3;-0.00695931;0;0;0;-0.00795931;-0.8928
2026-04-10;LaplaceMonteCarlo Model;ASML;4;9;0.11534820;0;0;1;0.00000000;0.0000
2026-04-10;LightGBM Model;NVDA;9;8;0.06143673;0;1;1;0.06043673;6.1300
2026-04-10;LightGBM Model;AAPL;0;6;0.01766119;0;0;0;0.00000000;0.0000
2026-04-10;LightGBM Model;MSFT;0;3;-0.00695931;0;0;1;0.00000000;0.0000
2026-04-10;LightGBM Model;ASML;0;9;0.11534820;0;0;0;0.00000000;0.0000
2026-04-10;Markov Model;NVDA;4;8;0.06143673;0;0;1;0.00000000;0.0000
2026-04-10;Markov Model;AAPL;9;6;0.01766119;0;0;1;0.01666119;1.5800
2026-04-10;Markov Model;MSFT;0;3;-0.00695931;0;0;1;0.00000000;0.0000
2026-04-10;Markov Model;ASML;9;9;0.11534820;1;1;1;0.11434820;12.0142
2026-04-10;MarkovMonteCarlo Model;NVDA;4;8;0.06143673;0;0;1;0.00000000;0.0000
2026-04-10;MarkovMonteCarlo Model;AAPL;9;6;0.01766119;0;0;1;0.01666119;1.5800
2026-04-10;MarkovMonteCarlo Model;MSFT;0;3;-0.00695931;0;0;1;0.00000000;0.0000
2026-04-10;MarkovMonteCarlo Model;ASML;9;9;0.11534820;1;1;1;0.11434820;12.0142
2026-04-10;OrderStatistics Baseline;NVDA;9;8;0.06143673;0;1;1;0.06043673;6.1300
2026-04-10;OrderStatistics Baseline;AAPL;0;6;0.01766119;0;0;0;0.00000000;0.0000
2026-04-10;OrderStatistics Baseline;MSFT;1;3;-0.00695931;0;0;1;0.00000000;0.0000
2026-04-10;OrderStatistics Baseline;ASML;2;9;0.11534820;0;0;0;0.00000000;0.0000
2026-04-10;PoissonMonteCarlo Model;NVDA;2;8;0.06143673;0;0;0;0.00000000;0.0000
2026-04-10;PoissonMonteCarlo Model;AAPL;1;6;0.01766119;0;0;0;0.00000000;0.0000
2026-04-10;PoissonMonteCarlo Model;MSFT;0;3;-0.00695931;0;0;1;0.00000000;0.0000
2026-04-10;PoissonMonteCarlo Model;ASML;2;9;0.11534820;0;0;0;0.00000000;0.0000
2026-04-10;RL Position Model;NVDA;9;8;0.06143673;0;1;1;0.03021836;6.1300
2026-04-10;RL Position Model;AAPL;0;6;0.01766119;0;0;0;0.00000000;0.0000
2026-04-10;RL Position Model;MSFT;0;3;-0.00695931;0;0;1;0.00000000;0.0000
2026-04-10;RL Position Model;ASML;9;9;0.11534820;1;1;1;0.00000000;12.0142
2026-04-10;Regime HMM Model;NVDA;0;8;0.06143673;0;0;0;0.00000000;0.0000
2026-04-10;Regime HMM Model;AAPL;9;6;0.01766119;0;0;1;0.01666119;1.5800
2026-04-10;Regime HMM Model;MSFT;0;3;-0.00695931;0;0;1;0.00000000;0.0000
2026-04-10;Regime HMM Model;ASML;9;9;0.11534820;1;1;1;0.11434820;12.0142
2026-04-10;Regime HMM Single Model;NVDA;1;8;0.06143673;0;0;0;0.00000000;0.0000
2026-04-10;Regime HMM Single Model;AAPL;9;6;0.01766119;0;0;1;0.01666119;1.5800
2026-04-10;Regime HMM Single Model;MSFT;9;3;-0.00695931;0;0;0;-0.00795931;-0.8928
2026-04-10;Regime HMM Single Model;ASML;9;9;0.11534820;1;1;1;0.11434820;12.0142
2026-04-10;Regime HMM ZeroMean Model;NVDA;1;8;0.06143673;0;0;0;0.00000000;0.0000
2026-04-10;Regime HMM ZeroMean Model;AAPL;0;6;0.01766119;0;0;0;0.00000000;0.0000
2026-04-10;Regime HMM ZeroMean Model;MSFT;0;3;-0.00695931;0;0;1;0.00000000;0.0000
2026-04-10;Regime HMM ZeroMean Model;ASML;0;9;0.11534820;0;0;0;0.00000000;0.0000
2026-04-10;Transformer Model;NVDA;9;8;0.06143673;0;1;1;0.06043673;6.1300
2026-04-10;Transformer Model;AAPL;0;6;0.01766119;0;0;0;0.00000000;0.0000
2026-04-10;Transformer Model;MSFT;1;3;-0.00695931;0;0;1;0.00000000;0.0000
2026-04-10;Transformer Model;ASML;0;9;0.11534820;0;0;0;0.00000000;0.0000
2026-04-10;WeightedEnsemble Model;NVDA;9;8;0.06143673;0;1;1;0.06043673;6.1300
2026-04-10;WeightedEnsemble Model;AAPL;0;6;0.01766119;0;0;0;0.00000000;0.0000
2026-04-10;WeightedEnsemble Model;MSFT;0;3;-0.00695931;0;0;1;0.00000000;0.0000
2026-04-10;WeightedEnsemble Model;ASML;0;9;0.11534820;0;0;0;0.00000000;0.0000
2026-04-10;XGBoost Model;NVDA;9;8;0.06143673;0;1;1;0.06043673;6.1300
2026-04-10;XGBoost Model;AAPL;0;6;0.01766119;0;0;0;0.00000000;0.0000
2026-04-10;XGBoost Model;MSFT;0;3;-0.00695931;0;0;1;0.00000000;0.0000
2026-04-10;XGBoost Model;ASML;0;9;0.11534820;0;0;0;0.00000000;0.0000
2026-04-17;Autoencoder Model;NVDA;9;8;0.06689486;0;1;1;0.06589486;6.7114
2026-04-17;Autoencoder Model;AAPL;9;8;0.03674737;0;1;1;0.03574737;3.5393
2026-04-17;Autoencoder Model;MSFT;0;9;0.13102400;0;0;0;0.00000000;0.0000
2026-04-17;Autoencoder Model;ASML;9;3;-0.01257981;0;0;0;-0.01357981;-1.4489
2026-04-17;CatBoost Model;NVDA;7;8;0.06689486;0;1;1;0.06589486;6.7114
2026-04-17;CatBoost Model;AAPL;9;8;0.03674737;0;1;1;0.03574737;3.5393
2026-04-17;CatBoost Model;MSFT;2;9;0.13102400;0;0;0;0.00000000;0.0000
2026-04-17;CatBoost Model;ASML;1;3;-0.01257981;0;0;1;0.00000000;0.0000
2026-04-17;GARCH Model;NVDA;3;8;0.06689486;0;0;0;0.00000000;0.0000
2026-04-17;GARCH Model;AAPL;6;8;0.03674737;0;0;1;0.03574737;3.5393
2026-04-17;GARCH Model;MSFT;9;9;0.13102400;1;1;1;0.13002400;13.7855
2026-04-17;GARCH Model;ASML;2;3;-0.01257981;0;1;1;0.00000000;0.0000
2026-04-17;GNN Model;NVDA;9;8;0.06689486;0;1;1;0.06589486;6.7114
2026-04-17;GNN Model;AAPL;9;8;0.03674737;0;1;1;0.03574737;3.5393
2026-04-17;GNN Model;MSFT;0;9;0.13102400;0;0;0;0.00000000;0.0000
2026-04-17;GNN Model;ASML;9;3;-0.01257981;0;0;0;-0.01357981;-1.4489
2026-04-17;LaplaceMonteCarlo Model;NVDA;5;8;0.06689486;0;0;1;0.06589486;6.7114
2026-04-17;LaplaceMonteCarlo Model;AAPL;5;8;0.03674737;0;0;1;0.03574737;3.5393
2026-04-17;LaplaceMonteCarlo Model;MSFT;4;9;0.13102400;0;0;1;0.00000000;0.0000
2026-04-17;LaplaceMonteCarlo Model;ASML;4;3;-0.01257981;0;1;0;0.00000000;0.0000
2026-04-17;LightGBM Model;NVDA;7;8;0.06689486;0;1;1;0.06589486;6.7114
2026-04-17;LightGBM Model;AAPL;9;8;0.03674737;0;1;1;0.03574737;3.5393
2026-04-17;LightGBM Model;MSFT;2;9;0.13102400;0;0;0;0.00000000;0.0000
2026-04-17;LightGBM Model;ASML;9;3;-0.01257981;0;0;0;-0.01357981;-1.4489
2026-04-17;Markov Model;NVDA;2;8;0.06689486;0;0;0;0.00000000;0.0000
2026-04-17;Markov Model;AAPL;4;8;0.03674737;0;0;1;0.00000000;0.0000
2026-04-17;Markov Model;MSFT;5;9;0.13102400;0;0;1;0.13002400;13.7855
2026-04-17;Markov Model;ASML;9;3;-0.01257981;0;0;0;-0.01357981;-1.4489
2026-04-17;MarkovMonteCarlo Model;NVDA;9;8;0.06689486;0;1;1;0.06589486;6.7114
2026-04-17;MarkovMonteCarlo Model;AAPL;4;8;0.03674737;0;0;1;0.00000000;0.0000
2026-04-17;MarkovMonteCarlo Model;MSFT;5;9;0.13102400;0;0;1;0.13002400;13.7855
2026-04-17;MarkovMonteCarlo Model;ASML;9;3;-0.01257981;0;0;0;-0.01357981;-1.4489
2026-04-17;OrderStatistics Baseline;NVDA;9;8;0.06689486;0;1;1;0.06589486;6.7114
2026-04-17;OrderStatistics Baseline;AAPL;0;8;0.03674737;0;0;0;0.00000000;0.0000
2026-04-17;OrderStatistics Baseline;MSFT;1;9;0.13102400;0;0;0;0.00000000;0.0000
2026-04-17;OrderStatistics Baseline;ASML;2;3;-0.01257981;0;1;1;0.00000000;0.0000
2026-04-17;PoissonMonteCarlo Model;NVDA;6;8;0.06689486;0;0;1;0.06589486;6.7114
2026-04-17;PoissonMonteCarlo Model;AAPL;1;8;0.03674737;0;0;0;0.00000000;0.0000
2026-04-17;PoissonMonteCarlo Model;MSFT;0;9;0.13102400;0;0;0;0.00000000;0.0000
2026-04-17;PoissonMonteCarlo Model;ASML;2;3;-0.01257981;0;1;1;0.00000000;0.0000
2026-04-17;RL Position Model;NVDA;9;8;0.06689486;0;1;1;0.03294743;6.7114
2026-04-17;RL Position Model;AAPL;9;8;0.03674737;0;1;1;0.01787368;3.5393
2026-04-17;RL Position Model;MSFT;0;9;0.13102400;0;0;0;0.00000000;0.0000
2026-04-17;RL Position Model;ASML;9;3;-0.01257981;0;0;0;-0.00678990;-1.4489
2026-04-17;Regime HMM Model;NVDA;9;8;0.06689486;0;1;1;0.06589486;6.7114
2026-04-17;Regime HMM Model;AAPL;9;8;0.03674737;0;1;1;0.03574737;3.5393
2026-04-17;Regime HMM Model;MSFT;0;9;0.13102400;0;0;0;0.00000000;0.0000
2026-04-17;Regime HMM Model;ASML;9;3;-0.01257981;0;0;0;-0.01357981;-1.4489
2026-04-17;Regime HMM Single Model;NVDA;1;8;0.06689486;0;0;0;0.00000000;0.0000
2026-04-17;Regime HMM Single Model;AAPL;9;8;0.03674737;0;1;1;0.03574737;3.5393
2026-04-17;Regime HMM Single Model;MSFT;9;9;0.13102400;1;1;1;0.13002400;13.7855
2026-04-17;Regime HMM Single Model;ASML;9;3;-0.01257981;0;0;0;-0.01357981;-1.4489
2026-04-17;Regime HMM ZeroMean Model;NVDA;1;8;0.06689486;0;0;0;0.00000000;0.0000
2026-04-17;Regime HMM ZeroMean Model;AAPL;0;8;0.03674737;0;0;0;0.00000000;0.0000
2026-04-17;Regime HMM ZeroMean Model;MSFT;0;9;0.13102400;0;0;0;0.00000000;0.0000
2026-04-17;Regime HMM ZeroMean Model;ASML;0;3;-0.01257981;0;0;1;0.00000000;0.0000
2026-04-17;Transformer Model;NVDA;4;8;0.06689486;0;0;1;0.00000000;0.0000
2026-04-17;Transformer Model;AAPL;6;8;0.03674737;0;0;1;0.03574737;3.5393
2026-04-17;Transformer Model;MSFT;1;9;0.13102400;0;0;0;0.00000000;0.0000
2026-04-17;Transformer Model;ASML;0;3;-0.01257981;0;0;1;0.00000000;0.0000
2026-04-17;WeightedEnsemble Model;NVDA;7;8;0.06689486;0;1;1;0.06589486;6.7114
2026-04-17;WeightedEnsemble Model;AAPL;9;8;0.03674737;0;1;1;0.03574737;3.5393
2026-04-17;WeightedEnsemble Model;MSFT;2;9;0.13102400;0;0;0;0.00000000;0.0000
2026-04-17;WeightedEnsemble Model;ASML;9;3;-0.01257981;0;0;0;-0.01357981;-1.4489
2026-04-17;XGBoost Model;NVDA;7;8;0.06689486;0;1;1;0.06589486;6.7114
2026-04-17;XGBoost Model;AAPL;9;8;0.03674737;0;1;1;0.03574737;3.5393
2026-04-17;XGBoost Model;MSFT;2;9;0.13102400;0;0;0;0.00000000;0.0000
2026-04-17;XGBoost Model;ASML;5;3;-0.01257981;0;0;0;-0.01357981;-1.4489
2026-04-24;Autoencoder Model;NVDA;9;6;0.03215303;0;0;1;0.03115303;3.0643
2026-04-24;Autoencoder Model;AAPL;9;4;0.00306675;0;0;1;0.00206675;0.1068
2026-04-24;Autoencoder Model;MSFT;0;4;0.00431905;0;0;0;0.00000000;0.0000
2026-04-24;Autoencoder Model;ASML;9;4;-0.00143959;0;0;0;-0.00243959;-0.3437
2026-04-24;CatBoost Model;NVDA;1;6;0.03215303;0;0;0;0.00000000;0.0000
2026-04-24;CatBoost Model;AAPL;8;4;0.00306675;0;0;1;0.00206675;0.1068
2026-04-24;CatBoost Model;MSFT;6;4;0.00431905;0;0;1;0.00331905;0.2324
2026-04-24;CatBoost Model;ASML;1;4;-0.00143959;0;0;1;0.00000000;0.0000
2026-04-24;GARCH Model;NVDA;7;6;0.03215303;0;1;1;0.03115303;3.0643
2026-04-24;GARCH Model;AAPL;6;4;0.00306675;0;0;1;0.00206675;0.1068
2026-04-24;GARCH Model;MSFT;9;4;0.00431905;0;0;1;0.00331905;0.2324
2026-04-24;GARCH Model;ASML;9;4;-0.00143959;0;0;0;-0.00243959;-0.3437
2026-04-24;GNN Model;NVDA;9;6;0.03215303;0;0;1;0.03115303;3.0643
2026-04-24;GNN Model;AAPL;9;4;0.00306675;0;0;1;0.00206675;0.1068
2026-04-24;GNN Model;MSFT;0;4;0.00431905;0;0;0;0.00000000;0.0000
2026-04-24;GNN Model;ASML;9;4;-0.00143959;0;0;0;-0.00243959;-0.3437
2026-04-24;LaplaceMonteCarlo Model;NVDA;4;6;0.03215303;0;0;1;0.00000000;0.0000
2026-04-24;LaplaceMonteCarlo Model;AAPL;3;4;0.00306675;0;1;0;0.00000000;0.0000
2026-04-24;LaplaceMonteCarlo Model;MSFT;2;4;0.00431905;0;0;0;0.00000000;0.0000
2026-04-24;LaplaceMonteCarlo Model;ASML;5;4;-0.00143959;0;1;0;-0.00243959;-0.3437
2026-04-24;LightGBM Model;NVDA;0;6;0.03215303;0;0;0;0.00000000;0.0000
2026-04-24;LightGBM Model;AAPL;8;4;0.00306675;0;0;1;0.00206675;0.1068
2026-04-24;LightGBM Model;MSFT;4;4;0.00431905;1;1;1;0.00000000;0.0000
2026-04-24;LightGBM Model;ASML;5;4;-0.00143959;0;1;0;-0.00243959;-0.3437
2026-04-24;Markov Model;NVDA;9;6;0.03215303;0;0;1;0.03115303;3.0643
2026-04-24;Markov Model;AAPL;9;4;0.00306675;0;0;1;0.00206675;0.1068
2026-04-24;Markov Model;MSFT;0;4;0.00431905;0;0;0;0.00000000;0.0000
2026-04-24;Markov Model;ASML;0;4;-0.00143959;0;0;1;0.00000000;0.0000
2026-04-24;MarkovMonteCarlo Model;NVDA;9;6;0.03215303;0;0;1;0.03115303;3.0643
2026-04-24;MarkovMonteCarlo Model;AAPL;9;4;0.00306675;0;0;1;0.00206675;0.1068
2026-04-24;MarkovMonteCarlo Model;MSFT;0;4;0.00431905;0;0;0;0.00000000;0.0000
2026-04-24;MarkovMonteCarlo Model;ASML;9;4;-0.00143959;0;0;0;-0.00243959;-0.3437
2026-04-24;OrderStatistics Baseline;NVDA;9;6;0.03215303;0;0;1;0.03115303;3.0643
2026-04-24;OrderStatistics Baseline;AAPL;0;4;0.00306675;0;0;0;0.00000000;0.0000
2026-04-24;OrderStatistics Baseline;MSFT;1;4;0.00431905;0;0;0;0.00000000;0.0000
2026-04-24;OrderStatistics Baseline;ASML;2;4;-0.00143959;0;0;1;0.00000000;0.0000
2026-04-24;PoissonMonteCarlo Model;NVDA;2;6;0.03215303;0;0;0;0.00000000;0.0000
2026-04-24;PoissonMonteCarlo Model;AAPL;1;4;0.00306675;0;0;0;0.00000000;0.0000
2026-04-24;PoissonMonteCarlo Model;MSFT;1;4;0.00431905;0;0;0;0.00000000;0.0000
2026-04-24;PoissonMonteCarlo Model;ASML;2;4;-0.00143959;0;0;1;0.00000000;0.0000
2026-04-24;RL Position Model;NVDA;9;6;0.03215303;0;0;1;0.00000000;3.0643
2026-04-24;RL Position Model;AAPL;9;4;0.00306675;0;0;1;0.00103338;0.1068
2026-04-24;RL Position Model;MSFT;0;4;0.00431905;0;0;0;0.00000000;0.0000
2026-04-24;RL Position Model;ASML;9;4;-0.00143959;0;0;0;0.00000000;-0.3437
2026-04-24;Regime HMM Model;NVDA;9;6;0.03215303;0;0;1;0.03115303;3.0643
2026-04-24;Regime HMM Model;AAPL;9;4;0.00306675;0;0;1;0.00206675;0.1068
2026-04-24;Regime HMM Model;MSFT;0;4;0.00431905;0;0;0;0.00000000;0.0000
2026-04-24;Regime HMM Model;ASML;9;4;-0.00143959;0;0;0;-0.00243959;-0.3437
2026-04-24;Regime HMM Single Model;NVDA;9;6;0.03215303;0;0;1;0.03115303;3.0643
2026-04-24;Regime HMM Single Model;AAPL;9;4;0.00306675;0;0;1;0.00206675;0.1068
2026-04-24;Regime HMM Single Model;MSFT;9;4;0.00431905;0;0;1;0.00331905;0.2324
2026-04-24;Regime HMM Single Model;ASML;9;4;-0.00143959;0;0;0;-0.00243959;-0.3437
2026-04-24;Regime HMM ZeroMean Model;NVDA;0;6;0.03215303;0;0;0;0.00000000;0.0000
2026-04-24;Regime HMM ZeroMean Model;AAPL;0;4;0.00306675;0;0;0;0.00000000;0.0000
2026-04-24;Regime HMM ZeroMean Model;MSFT;0;4;0.00431905;0;0;0;0.00000000;0.0000
2026-04-24;Regime HMM ZeroMean Model;ASML;0;4;-0.00143959;0;0;1;0.00000000;0.0000
2026-04-24;Transformer Model;NVDA;4;6;0.03215303;0;0;1;0.00000000;0.0000
2026-04-24;Transformer Model;AAPL;4;4;0.00306675;1;1;1;0.00000000;0.0000
2026-04-24;Transformer Model;MSFT;1;4;0.00431905;0;0;0;0.00000000;0.0000
2026-04-24;Transformer Model;ASML;5;4;-0.00143959;0;1;0;-0.00243959;-0.3437
2026-04-24;WeightedEnsemble Model;NVDA;0;6;0.03215303;0;0;0;0.00000000;0.0000
2026-04-24;WeightedEnsemble Model;AAPL;8;4;0.00306675;0;0;1;0.00206675;0.1068
2026-04-24;WeightedEnsemble Model;MSFT;0;4;0.00431905;0;0;0;0.00000000;0.0000
2026-04-24;WeightedEnsemble Model;ASML;1;4;-0.00143959;0;0;1;0.00000000;0.0000
2026-04-24;XGBoost Model;NVDA;0;6;0.03215303;0;0;0;0.00000000;0.0000
2026-04-24;XGBoost Model;AAPL;8;4;0.00306675;0;0;1;0.00206675;0.1068
2026-04-24;XGBoost Model;MSFT;4;4;0.00431905;1;1;1;0.00000000;0.0000
2026-04-24;XGBoost Model;ASML;1;4;-0.00143959;0;0;1;0.00000000;0.0000
2026-05-01;Autoencoder Model;NVDA;9;1;-0.04829814;0;0;0;-0.04929814;-4.9103
2026-05-01;Autoencoder Model;AAPL;9;8;0.03294928;0;1;1;0.03194928;3.1465
2026-05-01;Autoencoder Model;MSFT;0;1;-0.02426644;0;1;1;0.00000000;0.0000
2026-05-01;Autoencoder Model;ASML;9;2;-0.02127150;0;0;0;-0.02227150;-2.3026
2026-05-01;CatBoost Model;NVDA;9;1;-0.04829814;0;0;0;-0.04929814;-4.9103
2026-05-01;CatBoost Model;AAPL;9;8;0.03294928;0;1;1;0.03194928;3.1465
2026-05-01;CatBoost Model;MSFT;6;1;-0.02426644;0;0;0;-0.02526644;-2.5950
2026-05-01;CatBoost Model;ASML;8;2;-0.02127150;0;0;0;-0.02227150;-2.3026
2026-05-01;GARCH Model;NVDA;7;1;-0.04829814;0;0;0;-0.04929814;-4.9103
2026-05-01;GARCH Model;AAPL;6;8;0.03294928;0;0;1;0.03194928;3.1465
2026-05-01;GARCH Model;MSFT;9;1;-0.02426644;0;0;0;-0.02526644;-2.5950
2026-05-01;GARCH Model;ASML;8;2;-0.02127150;0;0;0;-0.02227150;-2.3026
2026-05-01;GNN Model;NVDA;9;1;-0.04829814;0;0;0;-0.04929814;-4.9103
2026-05-01;GNN Model;AAPL;9;8;0.03294928;0;1;1;0.03194928;3.1465
2026-05-01;GNN Model;MSFT;0;1;-0.02426644;0;1;1;0.00000000;0.0000
2026-05-01;GNN Model;ASML;9;2;-0.02127150;0;0;0;-0.02227150;-2.3026
2026-05-01;LaplaceMonteCarlo Model;NVDA;5;1;-0.04829814;0;0;0;-0.04929814;-4.9103
2026-05-01;LaplaceMonteCarlo Model;AAPL;3;8;0.03294928;0;0;0;0.00000000;0.0000
2026-05-01;LaplaceMonteCarlo Model;MSFT;5;1;-0.02426644;0;0;0;-0.02526644;-2.5950
2026-05-01;LaplaceMonteCarlo Model;ASML;5;2;-0.02127150;0;0;0;-0.02227150;-2.3026
2026-05-01;LightGBM Model;NVDA;2;1;-0.04829814;0;1;1;0.00000000;0.0000
2026-05-01;LightGBM Model;AAPL;1;8;0.03294928;0;0;0;0.00000000;0.0000
2026-05-01;LightGBM Model;MSFT;6;1;-0.02426644;0;0;0;-0.02526644;-2.5950
2026-05-01;LightGBM Model;ASML;0;2;-0.02127150;0;0;1;0.00000000;0.0000
2026-05-01;Markov Model;NVDA;8;1;-0.04829814;0;0;0;-0.04929814;-4.9103
2026-05-01;Markov Model;AAPL;0;8;0.03294928;0;0;0;0.00000000;0.0000
2026-05-01;Markov Model;MSFT;5;1;-0.02426644;0;0;0;-0.02526644;-2.5950
2026-05-01;Markov Model;ASML;9;2;-0.02127150;0;0;0;-0.02227150;-2.3026
2026-05-01;MarkovMonteCarlo Model;NVDA;9;1;-0.04829814;0;0;0;-0.04929814;-4.9103
2026-05-01;MarkovMonteCarlo Model;AAPL;9;8;0.03294928;0;1;1;0.03194928;3.1465
2026-05-01;MarkovMonteCarlo Model;MSFT;5;1;-0.02426644;0;0;0;-0.02526644;-2.5950
2026-05-01;MarkovMonteCarlo Model;ASML;9;2;-0.02127150;0;0;0;-0.02227150;-2.3026
2026-05-01;OrderStatistics Baseline;NVDA;9;1;-0.04829814;0;0;0;-0.04929814;-4.9103
2026-05-01;OrderStatistics Baseline;AAPL;0;8;0.03294928;0;0;0;0.00000000;0.0000
2026-05-01;OrderStatistics Baseline;MSFT;1;1;-0.02426644;1;1;1;0.00000000;0.0000
2026-05-01;OrderStatistics Baseline;ASML;2;2;-0.02127150;1;1;1;0.00000000;0.0000
2026-05-01;PoissonMonteCarlo Model;NVDA;1;1;-0.04829814;1;1;1;0.00000000;0.0000
2026-05-01;PoissonMonteCarlo Model;AAPL;1;8;0.03294928;0;0;0;0.00000000;0.0000
2026-05-01;PoissonMonteCarlo Model;MSFT;0;1;-0.02426644;0;1;1;0.00000000;0.0000
2026-05-01;PoissonMonteCarlo Model;ASML;2;2;-0.02127150;1;1;1;0.00000000;0.0000
2026-05-01;RL Position Model;NVDA;9;1;-0.04829814;0;0;0;-0.02464907;-4.9103
2026-05-01;RL Position Model;AAPL;9;8;0.03294928;0;1;1;0.00000000;3.1465
2026-05-01;RL Position Model;MSFT;0;1;-0.02426644;0;1;1;-0.01263322;0.0000
2026-05-01;RL Position Model;ASML;9;2;-0.02127150;0;0;0;-0.01113575;-2.3026
2026-05-01;Regime HMM Model;NVDA;9;1;-0.04829814;0;0;0;-0.04929814;-4.9103
2026-05-01;Regime HMM Model;AAPL;9;8;0.03294928;0;1;1;0.03194928;3.1465
2026-05-01;Regime HMM Model;MSFT;0;1;-0.02426644;0;1;1;0.00000000;0.0000
2026-05-01;Regime HMM Model;ASML;9;2;-0.02127150;0;0;0;-0.02227150;-2.3026
2026-05-01;Regime HMM Single Model;NVDA;9;1;-0.04829814;0;0;0;-0.04929814;-4.9103
2026-05-01;Regime HMM Single Model;AAPL;9;8;0.03294928;0;1;1;0.03194928;3.1465
2026-05-01;Regime HMM Single Model;MSFT;9;1;-0.02426644;0;0;0;-0.02526644;-2.5950
2026-05-01;Regime HMM Single Model;ASML;9;2;-0.02127150;0;0;0;-0.02227150;-2.3026
2026-05-01;Regime HMM ZeroMean Model;NVDA;0;1;-0.04829814;0;1;1;0.00000000;0.0000
2026-05-01;Regime HMM ZeroMean Model;AAPL;0;8;0.03294928;0;0;0;0.00000000;0.0000
2026-05-01;Regime HMM ZeroMean Model;MSFT;0;1;-0.02426644;0;1;1;0.00000000;0.0000
2026-05-01;Regime HMM ZeroMean Model;ASML;0;2;-0.02127150;0;0;1;0.00000000;0.0000
2026-05-01;Transformer Model;NVDA;4;1;-0.04829814;0;0;0;0.00000000;0.0000
2026-05-01;Transformer Model;AAPL;4;8;0.03294928;0;0;1;0.00000000;0.0000
2026-05-01;Transformer Model;MSFT;6;1;-0.02426644;0;0;0;-0.02526644;-2.5950
2026-05-01;Transformer Model;ASML;0;2;-0.02127150;0;0;1;0.00000000;0.0000
2026-05-01;WeightedEnsemble Model;NVDA;2;1;-0.04829814;0;1;1;0.00000000;0.0000
2026-05-01;WeightedEnsemble Model;AAPL;1;8;0.03294928;0;0;0;0.00000000;0.0000
2026-05-01;WeightedEnsemble Model;MSFT;5;1;-0.02426644;0;0;0;-0.02526644;-2.5950
2026-05-01;WeightedEnsemble Model;ASML;5;2;-0.02127150;0;0;0;-0.02227150;-2.3026
2026-05-01;XGBoost Model;NVDA;2;1;-0.04829814;0;1;1;0.00000000;0.0000
2026-05-01;XGBoost Model;AAPL;3;8;0.03294928;0;0;0;0.00000000;0.0000
2026-05-01;XGBoost Model;MSFT;6;1;-0.02426644;0;0;0;-0.02526644;-2.5950
2026-05-01;XGBoost Model;ASML;5;2;-0.02127150;0;0;0;-0.02227150;-2.3026
2026-05-08;Autoencoder Model;NVDA;9;8;0.08103065;0;1;1;0.08003065;8.2320
2026-05-08;Autoencoder Model;AAPL;9;8;0.04597469;0;1;1;0.04497469;4.5001
2026-05-08;Autoencoder Model;MSFT;0;4;0.00163942;0;0;0;0.00000000;0.0000
2026-05-08;Autoencoder Model;ASML;9;9;0.10941530;1;1;1;0.10841530;11.3510
2026-05-08;CatBoost Model;NVDA;0;8;0.08103065;0;0;0;0.00000000;0.0000
2026-05-08;CatBoost Model;AAPL;5;8;0.04597469;0;0;1;0.04497469;4.5001
2026-05-08;CatBoost Model;MSFT;7;4;0.00163942;0;0;1;0.00063942;-0.0361
2026-05-08;CatBoost Model;ASML;8;9;0.10941530;0;1;1;0.10841530;11.3510
2026-05-08;GARCH Model;NVDA;7;8;0.08103065;0;1;1;0.08003065;8.2320
2026-05-08;GARCH Model;AAPL;6;8;0.04597469;0;0;1;0.04497469;4.5001
2026-05-08;GARCH Model;MSFT;9;4;0.00163942;0;0;1;0.00063942;-0.0361
2026-05-08;GARCH Model;ASML;8;9;0.10941530;0;1;1;0.10841530;11.3510
2026-05-08;GNN Model;NVDA;9;8;0.08103065;0;1;1;0.08003065;8.2320
2026-05-08;GNN Model;AAPL;9;8;0.04597469;0;1;1;0.04497469;4.5001
2026-05-08;GNN Model;MSFT;0;4;0.00163942;0;0;0;0.00000000;0.0000
2026-05-08;GNN Model;ASML;9;9;0.10941530;1;1;1;0.10841530;11.3510
2026-05-08;LaplaceMonteCarlo Model;NVDA;4;8;0.08103065;0;0;1;0.00000000;0.0000
2026-05-08;LaplaceMonteCarlo Model;AAPL;3;8;0.04597469;0;0;0;0.00000000;0.0000
2026-05-08;LaplaceMonteCarlo Model;MSFT;3;4;0.00163942;0;1;0;0.00000000;0.0000
2026-05-08;LaplaceMonteCarlo Model;ASML;4;9;0.10941530;0;0;1;0.00000000;0.0000
2026-05-08;LightGBM Model;NVDA;9;8;0.08103065;0;1;1;0.08003065;8.2320
2026-05-08;LightGBM Model;AAPL;3;8;0.04597469;0;0;0;0.00000000;0.0000
2026-05-08;LightGBM Model;MSFT;7;4;0.00163942;0;0;1;0.00063942;-0.0361
2026-05-08;LightGBM Model;ASML;9;9;0.10941530;1;1;1;0.10841530;11.3510
2026-05-08;Markov Model;NVDA;9;8;0.08103065;0;1;1;0.08003065;8.2320
2026-05-08;Markov Model;AAPL;9;8;0.04597469;0;1;1;0.04497469;4.5001
2026-05-08;Markov Model;MSFT;0;4;0.00163942;0;0;0;0.00000000;0.0000
2026-05-08;Markov Model;ASML;9;9;0.10941530;1;1;1;0.10841530;11.3510
2026-05-08;MarkovMonteCarlo Model;NVDA;9;8;0.08103065;0;1;1;0.08003065;8.2320
2026-05-08;MarkovMonteCarlo Model;AAPL;9;8;0.04597469;0;1;1;0.04497469;4.5001
2026-05-08;MarkovMonteCarlo Model;MSFT;0;4;0.00163942;0;0;0;0.00000000;0.0000
2026-05-08;MarkovMonteCarlo Model;ASML;9;9;0.10941530;1;1;1;0.10841530;11.3510
2026-05-08;OrderStatistics Baseline;NVDA;9;8;0.08103065;0;1;1;0.08003065;8.2320
2026-05-08;OrderStatistics Baseline;AAPL;0;8;0.04597469;0;0;0;0.00000000;0.0000
2026-05-08;OrderStatistics Baseline;MSFT;1;4;0.00163942;0;0;0;0.00000000;0.0000
2026-05-08;OrderStatistics Baseline;ASML;2;9;0.10941530;0;0;0;0.00000000;0.0000
2026-05-08;PoissonMonteCarlo Model;NVDA;4;8;0.08103065;0;0;1;0.00000000;0.0000
2026-05-08;PoissonMonteCarlo Model;AAPL;1;8;0.04597469;0;0;0;0.00000000;0.0000
2026-05-08;PoissonMonteCarlo Model;MSFT;0;4;0.00163942;0;0;0;0.00000000;0.0000
2026-05-08;PoissonMonteCarlo Model;ASML;2;9;0.10941530;0;0;0;0.00000000;0.0000
2026-05-08;RL Position Model;NVDA;9;8;0.08103065;0;1;1;0.04001532;8.2320
2026-05-08;RL Position Model;AAPL;9;8;0.04597469;0;1;1;0.00000000;4.5001
2026-05-08;RL Position Model;MSFT;0;4;0.00163942;0;0;0;0.00000000;0.0000
2026-05-08;RL Position Model;ASML;9;9;0.10941530;1;1;1;0.05420765;11.3510
2026-05-08;Regime HMM Model;NVDA;9;8;0.08103065;0;1;1;0.08003065;8.2320
2026-05-08;Regime HMM Model;AAPL;9;8;0.04597469;0;1;1;0.04497469;4.5001
2026-05-08;Regime HMM Model;MSFT;0;4;0.00163942;0;0;0;0.00000000;0.0000
2026-05-08;Regime HMM Model;ASML;9;9;0.10941530;1;1;1;0.10841530;11.3510
2026-05-08;Regime HMM Single Model;NVDA;9;8;0.08103065;0;1;1;0.08003065;8.2320
2026-05-08;Regime HMM Single Model;AAPL;9;8;0.04597469;0;1;1;0.04497469;4.5001
2026-05-08;Regime HMM Single Model;MSFT;9;4;0.00163942;0;0;1;0.00063942;-0.0361
2026-05-08;Regime HMM Single Model;ASML;9;9;0.10941530;1;1;1;0.10841530;11.3510
2026-05-08;Regime HMM ZeroMean Model;NVDA;0;8;0.08103065;0;0;0;0.00000000;0.0000
2026-05-08;Regime HMM ZeroMean Model;AAPL;0;8;0.04597469;0;0;0;0.00000000;0.0000
2026-05-08;Regime HMM ZeroMean Model;MSFT;0;4;0.00163942;0;0;0;0.00000000;0.0000
2026-05-08;Regime HMM ZeroMean Model;ASML;0;9;0.10941530;0;0;0;0.00000000;0.0000
2026-05-08;Transformer Model;NVDA;4;8;0.08103065;0;0;1;0.00000000;0.0000
2026-05-08;Transformer Model;AAPL;4;8;0.04597469;0;0;1;0.00000000;0.0000
2026-05-08;Transformer Model;MSFT;1;4;0.00163942;0;0;0;0.00000000;0.0000
2026-05-08;Transformer Model;ASML;0;9;0.10941530;0;0;0;0.00000000;0.0000
2026-05-08;WeightedEnsemble Model;NVDA;9;8;0.08103065;0;1;1;0.08003065;8.2320
2026-05-08;WeightedEnsemble Model;AAPL;1;8;0.04597469;0;0;0;0.00000000;0.0000
2026-05-08;WeightedEnsemble Model;MSFT;0;4;0.00163942;0;0;0;0.00000000;0.0000
2026-05-08;WeightedEnsemble Model;ASML;9;9;0.10941530;1;1;1;0.10841530;11.3510
2026-05-08;XGBoost Model;NVDA;2;8;0.08103065;0;0;0;0.00000000;0.0000
2026-05-08;XGBoost Model;AAPL;1;8;0.04597469;0;0;0;0.00000000;0.0000
2026-05-08;XGBoost Model;MSFT;3;4;0.00163942;0;1;0;0.00000000;0.0000
2026-05-08;XGBoost Model;ASML;3;9;0.10941530;0;0;0;0.00000000;0.0000
2026-05-15;Autoencoder Model;NVDA;9;7;0.04595379;0;0;1;0.04495379;4.4979
2026-05-15;Autoencoder Model;AAPL;9;7;0.02328468;0;0;1;0.02228468;2.1534
2026-05-15;Autoencoder Model;MSFT;0;6;0.01624809;0;0;0;0.00000000;0.0000
2026-05-15;Autoencoder Model;ASML;9;0;-0.05833260;0;0;0;-0.05933260;-5.8607
2026-05-15;CatBoost Model;NVDA;2;7;0.04595379;0;0;0;0.00000000;0.0000
2026-05-15;CatBoost Model;AAPL;4;7;0.02328468;0;0;1;0.00000000;0.0000
2026-05-15;CatBoost Model;MSFT;1;6;0.01624809;0;0;0;0.00000000;0.0000
2026-05-15;CatBoost Model;ASML;2;0;-0.05833260;0;0;1;0.00000000;0.0000
2026-05-15;GARCH Model;NVDA;7;7;0.04595379;1;1;1;0.04495379;4.4979
2026-05-15;GARCH Model;AAPL;6;7;0.02328468;0;1;1;0.02228468;2.1534
2026-05-15;GARCH Model;MSFT;9;6;0.01624809;0;0;1;0.01524809;1.4364
2026-05-15;GARCH Model;ASML;8;0;-0.05833260;0;0;0;-0.05933260;-5.8607
2026-05-15;GNN Model;NVDA;9;7;0.04595379;0;0;1;0.04495379;4.4979
2026-05-15;GNN Model;AAPL;9;7;0.02328468;0;0;1;0.02228468;2.1534
2026-05-15;GNN Model;MSFT;0;6;0.01624809;0;0;0;0.00000000;0.0000
2026-05-15;GNN Model;ASML;9;0;-0.05833260;0;0;0;-0.05933260;-5.8607
2026-05-15;LaplaceMonteCarlo Model;NVDA;3;7;0.04595379;0;0;0;0.00000000;0.0000
2026-05-15;LaplaceMonteCarlo Model;AAPL;4;7;0.02328468;0;0;1;0.00000000;0.0000
2026-05-15;LaplaceMonteCarlo Model;MSFT;3;6;0.01624809;0;0;0;0.00000000;0.0000
2026-05-15;LaplaceMonteCarlo Model;ASML;4;0;-0.05833260;0;0;0;0.00000000;0.0000
2026-05-15;LightGBM Model;NVDA;0;7;0.04595379;0;0;0;0.00000000;0.0000
2026-05-15;LightGBM Model;AAPL;0;7;0.02328468;0;0;0;0.00000000;0.0000
2026-05-15;LightGBM Model;MSFT;1;6;0.01624809;0;0;0;0.00000000;0.0000
2026-05-15;LightGBM Model;ASML;2;0;-0.05833260;0;0;1;0.00000000;0.0000
2026-05-15;Markov Model;NVDA;2;7;0.04595379;0;0;0;0.00000000;0.0000
2026-05-15;Markov Model;AAPL;1;7;0.02328468;0;0;0;0.00000000;0.0000
2026-05-15;Markov Model;MSFT;0;6;0.01624809;0;0;0;0.00000000;0.0000
2026-05-15;Markov Model;ASML;9;0;-0.05833260;0;0;0;-0.05933260;-5.8607
2026-05-15;MarkovMonteCarlo Model;NVDA;2;7;0.04595379;0;0;0;0.00000000;0.0000
2026-05-15;MarkovMonteCarlo Model;AAPL;9;7;0.02328468;0;0;1;0.02228468;2.1534
2026-05-15;MarkovMonteCarlo Model;MSFT;0;6;0.01624809;0;0;0;0.00000000;0.0000
2026-05-15;MarkovMonteCarlo Model;ASML;9;0;-0.05833260;0;0;0;-0.05933260;-5.8607
2026-05-15;OrderStatistics Baseline;NVDA;9;7;0.04595379;0;0;1;0.04495379;4.4979
2026-05-15;OrderStatistics Baseline;AAPL;0;7;0.02328468;0;0;0;0.00000000;0.0000
2026-05-15;OrderStatistics Baseline;MSFT;1;6;0.01624809;0;0;0;0.00000000;0.0000
2026-05-15;OrderStatistics Baseline;ASML;2;0;-0.05833260;0;0;1;0.00000000;0.0000
2026-05-15;PoissonMonteCarlo Model;NVDA;1;7;0.04595379;0;0;0;0.00000000;0.0000
2026-05-15;PoissonMonteCarlo Model;AAPL;1;7;0.02328468;0;0;0;0.00000000;0.0000
2026-05-15;PoissonMonteCarlo Model;MSFT;0;6;0.01624809;0;0;0;0.00000000;0.0000
2026-05-15;PoissonMonteCarlo Model;ASML;2;0;-0.05833260;0;0;1;0.00000000;0.0000
2026-05-15;RL Position Model;NVDA;9;7;0.04595379;0;0;1;0.00000000;4.4979
2026-05-15;RL Position Model;AAPL;0;7;0.02328468;0;0;0;0.00000000;0.0000
2026-05-15;RL Position Model;MSFT;0;6;0.01624809;0;0;0;0.00000000;0.0000
2026-05-15;RL Position Model;ASML;2;0;-0.05833260;0;0;1;0.00000000;0.0000
2026-05-15;Regime HMM Model;NVDA;9;7;0.04595379;0;0;1;0.04495379;4.4979
2026-05-15;Regime HMM Model;AAPL;9;7;0.02328468;0;0;1;0.02228468;2.1534
2026-05-15;Regime HMM Model;MSFT;0;6;0.01624809;0;0;0;0.00000000;0.0000
2026-05-15;Regime HMM Model;ASML;9;0;-0.05833260;0;0;0;-0.05933260;-5.8607
2026-05-15;Regime HMM Single Model;NVDA;9;7;0.04595379;0;0;1;0.04495379;4.4979
2026-05-15;Regime HMM Single Model;AAPL;9;7;0.02328468;0;0;1;0.02228468;2.1534
2026-05-15;Regime HMM Single Model;MSFT;9;6;0.01624809;0;0;1;0.01524809;1.4364
2026-05-15;Regime HMM Single Model;ASML;9;0;-0.05833260;0;0;0;-0.05933260;-5.8607
2026-05-15;Regime HMM ZeroMean Model;NVDA;0;7;0.04595379;0;0;0;0.00000000;0.0000
2026-05-15;Regime HMM ZeroMean Model;AAPL;0;7;0.02328468;0;0;0;0.00000000;0.0000
2026-05-15;Regime HMM ZeroMean Model;MSFT;0;6;0.01624809;0;0;0;0.00000000;0.0000
2026-05-15;Regime HMM ZeroMean Model;ASML;0;0;-0.05833260;1;1;1;0.00000000;0.0000
2026-05-15;Transformer Model;NVDA;4;7;0.04595379;0;0;1;0.00000000;0.0000
2026-05-15;Transformer Model;AAPL;6;7;0.02328468;0;1;1;0.02228468;2.1534
2026-05-15;Transformer Model;MSFT;1;6;0.01624809;0;0;0;0.00000000;0.0000
2026-05-15;Transformer Model;ASML;0;0;-0.05833260;1;1;1;0.00000000;0.0000
2026-05-15;WeightedEnsemble Model;NVDA;2;7;0.04595379;0;0;0;0.00000000;0.0000
2026-05-15;WeightedEnsemble Model;AAPL;0;7;0.02328468;0;0;0;0.00000000;0.0000
2026-05-15;WeightedEnsemble Model;MSFT;0;6;0.01624809;0;0;0;0.00000000;0.0000
2026-05-15;WeightedEnsemble Model;ASML;2;0;-0.05833260;0;0;1;0.00000000;0.0000
2026-05-15;XGBoost Model;NVDA;0;7;0.04595379;0;0;0;0.00000000;0.0000
2026-05-15;XGBoost Model;AAPL;0;7;0.02328468;0;0;0;0.00000000;0.0000
2026-05-15;XGBoost Model;MSFT;1;6;0.01624809;0;0;0;0.00000000;0.0000
2026-05-15;XGBoost Model;ASML;2;0;-0.05833260;0;0;1;0.00000000;0.0000
2026-05-22;Autoencoder Model;NVDA;9;1;-0.04534988;0;0;0;-0.04634988;-4.6293
2026-05-22;Autoencoder Model;AAPL;9;7;0.02820974;0;0;1;0.02720974;2.6583
2026-05-22;Autoencoder Model;MSFT;0;3;-0.00797158;0;0;1;0.00000000;0.0000
2026-05-22;Autoencoder Model;ASML;9;9;0.08368653;1;1;1;0.08268653;8.5201
2026-05-22;CatBoost Model;NVDA;6;1;-0.04534988;0;0;0;-0.04634988;-4.6293
2026-05-22;CatBoost Model;AAPL;1;7;0.02820974;0;0;0;0.00000000;0.0000
2026-05-22;CatBoost Model;MSFT;0;3;-0.00797158;0;0;1;0.00000000;0.0000
2026-05-22;CatBoost Model;ASML;0;9;0.08368653;0;0;0;0.00000000;0.0000
2026-05-22;GARCH Model;NVDA;7;1;-0.04534988;0;0;0;-0.04634988;-4.6293
2026-05-22;GARCH Model;AAPL;6;7;0.02820974;0;1;1;0.02720974;2.6583
2026-05-22;GARCH Model;MSFT;9;3;-0.00797158;0;0;0;-0.00897158;-0.9932
2026-05-22;GARCH Model;ASML;8;9;0.08368653;0;1;1;0.08268653;8.5201
2026-05-22;GNN Model;NVDA;9;1;-0.04534988;0;0;0;-0.04634988;-4.6293
2026-05-22;GNN Model;AAPL;9;7;0.02820974;0;0;1;0.02720974;2.6583
2026-05-22;GNN Model;MSFT;0;3;-0.00797158;0;0;1;0.00000000;0.0000
2026-05-22;GNN Model;ASML;9;9;0.08368653;1;1;1;0.08268653;8.5201
2026-05-22;LaplaceMonteCarlo Model;NVDA;3;1;-0.04534988;0;0;1;0.00000000;0.0000
2026-05-22;LaplaceMonteCarlo Model;AAPL;4;7;0.02820974;0;0;1;0.00000000;0.0000
2026-05-22;LaplaceMonteCarlo Model;MSFT;4;3;-0.00797158;0;1;0;0.00000000;0.0000
2026-05-22;LaplaceMonteCarlo Model;ASML;3;9;0.08368653;0;0;0;0.00000000;0.0000
2026-05-22;LightGBM Model;NVDA;0;1;-0.04534988;0;1;1;0.00000000;0.0000
2026-05-22;LightGBM Model;AAPL;1;7;0.02820974;0;0;0;0.00000000;0.0000
2026-05-22;LightGBM Model;MSFT;0;3;-0.00797158;0;0;1;0.00000000;0.0000
2026-05-22;LightGBM Model;ASML;0;9;0.08368653;0;0;0;0.00000000;0.0000
2026-05-22;Markov Model;NVDA;9;1;-0.04534988;0;0;0;-0.04634988;-4.6293
2026-05-22;Markov Model;AAPL;9;7;0.02820974;0;0;1;0.02720974;2.6583
2026-05-22;Markov Model;MSFT;0;3;-0.00797158;0;0;1;0.00000000;0.0000
2026-05-22;Markov Model;ASML;9;9;0.08368653;1;1;1;0.08268653;8.5201
2026-05-22;MarkovMonteCarlo Model;NVDA;9;1;-0.04534988;0;0;0;-0.04634988;-4.6293
2026-05-22;MarkovMonteCarlo Model;AAPL;9;7;0.02820974;0;0;1;0.02720974;2.6583
2026-05-22;MarkovMonteCarlo Model;MSFT;0;3;-0.00797158;0;0;1;0.00000000;0.0000
2026-05-22;MarkovMonteCarlo Model;ASML;9;9;0.08368653;1;1;1;0.08268653;8.5201
2026-05-22;OrderStatistics Baseline;NVDA;9;1;-0.04534988;0;0;0;-0.04634988;-4.6293
2026-05-22;OrderStatistics Baseline;AAPL;0;7;0.02820974;0;0;0;0.00000000;0.0000
2026-05-22;OrderStatistics Baseline;MSFT;1;3;-0.00797158;0;0;1;0.00000000;0.0000
2026-05-22;OrderStatistics Baseline;ASML;2;9;0.08368653;0;0;0;0.00000000;0.0000
2026-05-22;PoissonMonteCarlo Model;NVDA;4;1;-0.04534988;0;0;0;0.00000000;0.0000
2026-05-22;PoissonMonteCarlo Model;AAPL;1;7;0.02820974;0;0;0;0.00000000;0.0000
2026-05-22;PoissonMonteCarlo Model;MSFT;0;3;-0.00797158;0;0;1;0.00000000;0.0000
2026-05-22;PoissonMonteCarlo Model;ASML;2;9;0.08368653;0;0;0;0.00000000;0.0000
2026-05-22;RL Position Model;NVDA;9;1;-0.04534988;0;0;0;0.00000000;-4.6293
2026-05-22;RL Position Model;AAPL;1;7;0.02820974;0;0;0;0.00000000;0.0000
2026-05-22;RL Position Model;MSFT;0;3;-0.00797158;0;0;1;0.00000000;0.0000
2026-05-22;RL Position Model;ASML;0;9;0.08368653;0;0;0;0.00000000;0.0000
2026-05-22;Regime HMM Model;NVDA;0;1;-0.04534988;0;1;1;0.00000000;0.0000
2026-05-22;Regime HMM Model;AAPL;9;7;0.02820974;0;0;1;0.02720974;2.6583
2026-05-22;Regime HMM Model;MSFT;0;3;-0.00797158;0;0;1;0.00000000;0.0000
2026-05-22;Regime HMM Model;ASML;0;9;0.08368653;0;0;0;0.00000000;0.0000
2026-05-22;Regime HMM Single Model;NVDA;9;1;-0.04534988;0;0;0;-0.04634988;-4.6293
2026-05-22;Regime HMM Single Model;AAPL;0;7;0.02820974;0;0;0;0.00000000;0.0000
2026-05-22;Regime HMM Single Model;MSFT;9;3;-0.00797158;0;0;0;-0.00897158;-0.9932
2026-05-22;Regime HMM Single Model;ASML;8;9;0.08368653;0;1;1;0.08268653;8.5201
2026-05-22;Regime HMM ZeroMean Model;NVDA;1;1;-0.04534988;1;1;1;0.00000000;0.0000
2026-05-22;Regime HMM ZeroMean Model;AAPL;0;7;0.02820974;0;0;0;0.00000000;0.0000
2026-05-22;Regime HMM ZeroMean Model;MSFT;0;3;-0.00797158;0;0;1;0.00000000;0.0000
2026-05-22;Regime HMM ZeroMean Model;ASML;0;9;0.08368653;0;0;0;0.00000000;0.0000
2026-05-22;Transformer Model;NVDA;4;1;-0.04534988;0;0;0;0.00000000;0.0000
2026-05-22;Transformer Model;AAPL;4;7;0.02820974;0;0;1;0.00000000;0.0000
2026-05-22;Transformer Model;MSFT;1;3;-0.00797158;0;0;1;0.00000000;0.0000
2026-05-22;Transformer Model;ASML;0;9;0.08368653;0;0;0;0.00000000;0.0000
2026-05-22;WeightedEnsemble Model;NVDA;0;1;-0.04534988;0;1;1;0.00000000;0.0000
2026-05-22;WeightedEnsemble Model;AAPL;1;7;0.02820974;0;0;0;0.00000000;0.0000
2026-05-22;WeightedEnsemble Model;MSFT;0;3;-0.00797158;0;0;1;0.00000000;0.0000
2026-05-22;WeightedEnsemble Model;ASML;0;9;0.08368653;0;0;0;0.00000000;0.0000
2026-05-22;XGBoost Model;NVDA;0;1;-0.04534988;0;1;1;0.00000000;0.0000
2026-05-22;XGBoost Model;AAPL;1;7;0.02820974;0;0;0;0.00000000;0.0000
2026-05-22;XGBoost Model;MSFT;0;3;-0.00797158;0;0;1;0.00000000;0.0000
2026-05-22;XGBoost Model;ASML;0;9;0.08368653;0;0;0;0.00000000;0.0000
2026-05-29;Autoencoder Model;NVDA;9;3;-0.01965031;0;0;0;-0.02065031;-2.1439
2026-05-29;Autoencoder Model;AAPL;9;5;0.01043689;0;0;1;0.00943689;0.8481
2026-05-29;Autoencoder Model;MSFT;0;9;0.07293663;0;0;0;0.00000000;0.0000
2026-05-29;Autoencoder Model;ASML;0;3;-0.01241058;0;0;1;0.00000000;0.0000
2026-05-29;CatBoost Model;NVDA;6;3;-0.01965031;0;0;0;-0.02065031;-2.1439
2026-05-29;CatBoost Model;AAPL;4;5;0.01043689;0;1;1;0.00000000;0.0000
2026-05-29;CatBoost Model;MSFT;7;9;0.07293663;0;0;1;0.07193663;7.3587
2026-05-29;CatBoost Model;ASML;2;3;-0.01241058;0;1;1;0.00000000;0.0000
2026-05-29;GARCH Model;NVDA;7;3;-0.01965031;0;0;0;-0.02065031;-2.1439
2026-05-29;GARCH Model;AAPL;6;5;0.01043689;0;1;1;0.00943689;0.8481
2026-05-29;GARCH Model;MSFT;9;9;0.07293663;1;1;1;0.07193663;7.3587
2026-05-29;GARCH Model;ASML;9;3;-0.01241058;0;0;0;-0.01341058;-1.4322
2026-05-29;GNN Model;NVDA;9;3;-0.01965031;0;0;0;-0.02065031;-2.1439
2026-05-29;GNN Model;AAPL;9;5;0.01043689;0;0;1;0.00943689;0.8481
2026-05-29;GNN Model;MSFT;0;9;0.07293663;0;0;0;0.00000000;0.0000
2026-05-29;GNN Model;ASML;9;3;-0.01241058;0;0;0;-0.01341058;-1.4322
2026-05-29;LaplaceMonteCarlo Model;NVDA;4;3;-0.01965031;0;1;0;0.00000000;0.0000
2026-05-29;LaplaceMonteCarlo Model;AAPL;5;5;0.01043689;1;1;1;0.00943689;0.8481
2026-05-29;LaplaceMonteCarlo Model;MSFT;5;9;0.07293663;0;0;1;0.07193663;7.3587
2026-05-29;LaplaceMonteCarlo Model;ASML;3;3;-0.01241058;1;1;1;0.00000000;0.0000
2026-05-29;LightGBM Model;NVDA;4;3;-0.01965031;0;1;0;0.00000000;0.0000
2026-05-29;LightGBM Model;AAPL;7;5;0.01043689;0;0;1;0.00943689;0.8481
2026-05-29;LightGBM Model;MSFT;4;9;0.07293663;0;0;1;0.00000000;0.0000
2026-05-29;LightGBM Model;ASML;2;3;-0.01241058;0;1;1;0.00000000;0.0000
2026-05-29;Markov Model;NVDA;9;3;-0.01965031;0;0;0;-0.02065031;-2.1439
2026-05-29;Markov Model;AAPL;4;5;0.01043689;0;1;1;0.00000000;0.0000
2026-05-29;Markov Model;MSFT;0;9;0.07293663;0;0;0;0.00000000;0.0000
2026-05-29;Markov Model;ASML;2;3;-0.01241058;0;1;1;0.00000000;0.0000
2026-05-29;MarkovMonteCarlo Model;NVDA;9;3;-0.01965031;0;0;0;-0.02065031;-2.1439
2026-05-29;MarkovMonteCarlo Model;AAPL;4;5;0.01043689;0;1;1;0.00000000;0.0000
2026-05-29;MarkovMonteCarlo Model;MSFT;0;9;0.07293663;0;0;0;0.00000000;0.0000
2026-05-29;MarkovMonteCarlo Model;ASML;9;3;-0.01241058;0;0;0;-0.01341058;-1.4322
2026-05-29;OrderStatistics Baseline;NVDA;9;3;-0.01965031;0;0;0;-0.02065031;-2.1439
2026-05-29;OrderStatistics Baseline;AAPL;0;5;0.01043689;0;0;0;0.00000000;0.0000
2026-05-29;OrderStatistics Baseline;MSFT;1;9;0.07293663;0;0;0;0.00000000;0.0000
2026-05-29;OrderStatistics Baseline;ASML;2;3;-0.01241058;0;1;1;0.00000000;0.0000
2026-05-29;PoissonMonteCarlo Model;NVDA;1;3;-0.01965031;0;0;1;0.00000000;0.0000
2026-05-29;PoissonMonteCarlo Model;AAPL;1;5;0.01043689;0;0;0;0.00000000;0.0000
2026-05-29;PoissonMonteCarlo Model;MSFT;0;9;0.07293663;0;0;0;0.00000000;0.0000
2026-05-29;PoissonMonteCarlo Model;ASML;2;3;-0.01241058;0;1;1;0.00000000;0.0000
2026-05-29;RL Position Model;NVDA;9;3;-0.01965031;0;0;0;-0.01032516;-2.1439
2026-05-29;RL Position Model;AAPL;4;5;0.01043689;0;1;1;0.00471845;0.0000
2026-05-29;RL Position Model;MSFT;0;9;0.07293663;0;0;0;0.00000000;0.0000
2026-05-29;RL Position Model;ASML;2;3;-0.01241058;0;1;1;0.00000000;0.0000
2026-05-29;Regime HMM Model;NVDA;9;3;-0.01965031;0;0;0;-0.02065031;-2.1439
2026-05-29;Regime HMM Model;AAPL;9;5;0.01043689;0;0;1;0.00943689;0.8481
2026-05-29;Regime HMM Model;MSFT;0;9;0.07293663;0;0;0;0.00000000;0.0000
2026-05-29;Regime HMM Model;ASML;0;3;-0.01241058;0;0;1;0.00000000;0.0000
2026-05-29;Regime HMM Single Model;NVDA;9;3;-0.01965031;0;0;0;-0.02065031;-2.1439
2026-05-29;Regime HMM Single Model;AAPL;0;5;0.01043689;0;0;0;0.00000000;0.0000
2026-05-29;Regime HMM Single Model;MSFT;9;9;0.07293663;1;1;1;0.07193663;7.3587
2026-05-29;Regime HMM Single Model;ASML;0;3;-0.01241058;0;0;1;0.00000000;0.0000
2026-05-29;Regime HMM ZeroMean Model;NVDA;0;3;-0.01965031;0;0;1;0.00000000;0.0000
2026-05-29;Regime HMM ZeroMean Model;AAPL;0;5;0.01043689;0;0;0;0.00000000;0.0000
2026-05-29;Regime HMM ZeroMean Model;MSFT;0;9;0.07293663;0;0;0;0.00000000;0.0000
2026-05-29;Regime HMM ZeroMean Model;ASML;0;3;-0.01241058;0;0;1;0.00000000;0.0000
2026-05-29;Transformer Model;NVDA;4;3;-0.01965031;0;1;0;0.00000000;0.0000
2026-05-29;Transformer Model;AAPL;6;5;0.01043689;0;1;1;0.00943689;0.8481
2026-05-29;Transformer Model;MSFT;3;9;0.07293663;0;0;0;0.00000000;0.0000
2026-05-29;Transformer Model;ASML;0;3;-0.01241058;0;0;1;0.00000000;0.0000
2026-05-29;WeightedEnsemble Model;NVDA;4;3;-0.01965031;0;1;0;0.00000000;0.0000
2026-05-29;WeightedEnsemble Model;AAPL;4;5;0.01043689;0;1;1;0.00000000;0.0000
2026-05-29;WeightedEnsemble Model;MSFT;0;9;0.07293663;0;0;0;0.00000000;0.0000
2026-05-29;WeightedEnsemble Model;ASML;2;3;-0.01241058;0;1;1;0.00000000;0.0000
2026-05-29;XGBoost Model;NVDA;4;3;-0.01965031;0;1;0;0.00000000;0.0000
2026-05-29;XGBoost Model;AAPL;7;5;0.01043689;0;0;1;0.00943689;0.8481
2026-05-29;XGBoost Model;MSFT;4;9;0.07293663;0;0;1;0.00000000;0.0000
2026-05-29;XGBoost Model;ASML;2;3;-0.01241058;0;1;1;0.00000000;0.0000
2026-06-05;Autoencoder Model;NVDA;9;2;-0.02902376;0;0;0;-0.03002376;-3.0578
2026-06-05;Autoencoder Model;AAPL;9;2;-0.01524085;0;0;0;-0.01624085;-1.7110
2026-06-05;Autoencoder Model;MSFT;0;0;-0.07748623;1;1;1;0.00000000;0.0000
2026-06-05;Autoencoder Model;ASML;9;6;0.01780966;0;0;1;0.01680966;1.5951
2026-06-05;CatBoost Model;NVDA;8;2;-0.02902376;0;0;0;-0.03002376;-3.0578
2026-06-05;CatBoost Model;AAPL;1;2;-0.01524085;0;1;1;0.00000000;0.0000
2026-06-05;CatBoost Model;MSFT;1;0;-0.07748623;0;1;1;0.00000000;0.0000
2026-06-05;CatBoost Model;ASML;4;6;0.01780966;0;0;1;0.00000000;0.0000
2026-06-05;GARCH Model;NVDA;7;2;-0.02902376;0;0;0;-0.03002376;-3.0578
2026-06-05;GARCH Model;AAPL;6;2;-0.01524085;0;0;0;-0.01624085;-1.7110
2026-06-05;GARCH Model;MSFT;9;0;-0.07748623;0;0;0;-0.07848623;-7.6486
2026-06-05;GARCH Model;ASML;9;6;0.01780966;0;0;1;0.01680966;1.5951
2026-06-05;GNN Model;NVDA;9;2;-0.02902376;0;0;0;-0.03002376;-3.0578
2026-06-05;GNN Model;AAPL;9;2;-0.01524085;0;0;0;-0.01624085;-1.7110
2026-06-05;GNN Model;MSFT;0;0;-0.07748623;1;1;1;0.00000000;0.0000
2026-06-05;GNN Model;ASML;9;6;0.01780966;0;0;1;0.01680966;1.5951
2026-06-05;LaplaceMonteCarlo Model;NVDA;4;2;-0.02902376;0;0;0;0.00000000;0.0000
2026-06-05;LaplaceMonteCarlo Model;AAPL;5;2;-0.01524085;0;0;0;-0.01624085;-1.7110
2026-06-05;LaplaceMonteCarlo Model;MSFT;3;0;-0.07748623;0;0;1;0.00000000;0.0000
2026-06-05;LaplaceMonteCarlo Model;ASML;4;6;0.01780966;0;0;1;0.00000000;0.0000
2026-06-05;LightGBM Model;NVDA;1;2;-0.02902376;0;1;1;0.00000000;0.0000
2026-06-05;LightGBM Model;AAPL;8;2;-0.01524085;0;0;0;-0.01624085;-1.7110
2026-06-05;LightGBM Model;MSFT;1;0;-0.07748623;0;1;1;0.00000000;0.0000
2026-06-05;LightGBM Model;ASML;2;6;0.01780966;0;0;0;0.00000000;0.0000
2026-06-05;Markov Model;NVDA;2;2;-0.02902376;1;1;1;0.00000000;0.0000
2026-06-05;Markov Model;AAPL;4;2;-0.01524085;0;0;0;0.00000000;0.0000
2026-06-05;Markov Model;MSFT;0;0;-0.07748623;1;1;1;0.00000000;0.0000
2026-06-05;Markov Model;ASML;9;6;0.01780966;0;0;1;0.01680966;1.5951
2026-06-05;MarkovMonteCarlo Model;NVDA;2;2;-0.02902376;1;1;1;0.00000000;0.0000
2026-06-05;MarkovMonteCarlo Model;AAPL;4;2;-0.01524085;0;0;0;0.00000000;0.0000
2026-06-05;MarkovMonteCarlo Model;MSFT;0;0;-0.07748623;1;1;1;0.00000000;0.0000
2026-06-05;MarkovMonteCarlo Model;ASML;9;6;0.01780966;0;0;1;0.01680966;1.5951
2026-06-05;OrderStatistics Baseline;NVDA;9;2;-0.02902376;0;0;0;-0.03002376;-3.0578
2026-06-05;OrderStatistics Baseline;AAPL;0;2;-0.01524085;0;0;1;0.00000000;0.0000
2026-06-05;OrderStatistics Baseline;MSFT;1;0;-0.07748623;0;1;1;0.00000000;0.0000
2026-06-05;OrderStatistics Baseline;ASML;2;6;0.01780966;0;0;0;0.00000000;0.0000
2026-06-05;PoissonMonteCarlo Model;NVDA;4;2;-0.02902376;0;0;0;0.00000000;0.0000
2026-06-05;PoissonMonteCarlo Model;AAPL;1;2;-0.01524085;0;1;1;0.00000000;0.0000
2026-06-05;PoissonMonteCarlo Model;MSFT;4;0;-0.07748623;0;0;0;0.00000000;0.0000
2026-06-05;PoissonMonteCarlo Model;ASML;2;6;0.01780966;0;0;0;0.00000000;0.0000
2026-06-05;RL Position Model;NVDA;0;2;-0.02902376;0;0;1;0.00000000;0.0000
2026-06-05;RL Position Model;AAPL;0;2;-0.01524085;0;0;1;0.00000000;0.0000
2026-06-05;RL Position Model;MSFT;0;0;-0.07748623;1;1;1;0.00000000;0.0000
2026-06-05;RL Position Model;ASML;9;6;0.01780966;0;0;1;0.00000000;1.5951
2026-06-05;Regime HMM Model;NVDA;0;2;-0.02902376;0;0;1;0.00000000;0.0000
2026-06-05;Regime HMM Model;AAPL;9;2;-0.01524085;0;0;0;-0.01624085;-1.7110
2026-06-05;Regime HMM Model;MSFT;0;0;-0.07748623;1;1;1;0.00000000;0.0000
2026-06-05;Regime HMM Model;ASML;9;6;0.01780966;0;0;1;0.01680966;1.5951
2026-06-05;Regime HMM Single Model;NVDA;1;2;-0.02902376;0;1;1;0.00000000;0.0000
2026-06-05;Regime HMM Single Model;AAPL;0;2;-0.01524085;0;0;1;0.00000000;0.0000
2026-06-05;Regime HMM Single Model;MSFT;0;0;-0.07748623;1;1;1;0.00000000;0.0000
2026-06-05;Regime HMM Single Model;ASML;0;6;0.01780966;0;0;0;0.00000000;0.0000
2026-06-05;Regime HMM ZeroMean Model;NVDA;0;2;-0.02902376;0;0;1;0.00000000;0.0000
2026-06-05;Regime HMM ZeroMean Model;AAPL;0;2;-0.01524085;0;0;1;0.00000000;0.0000
2026-06-05;Regime HMM ZeroMean Model;MSFT;0;0;-0.07748623;1;1;1;0.00000000;0.0000
2026-06-05;Regime HMM ZeroMean Model;ASML;0;6;0.01780966;0;0;0;0.00000000;0.0000
2026-06-05;Transformer Model;NVDA;4;2;-0.02902376;0;0;0;0.00000000;0.0000
2026-06-05;Transformer Model;AAPL;6;2;-0.01524085;0;0;0;-0.01624085;-1.7110
2026-06-05;Transformer Model;MSFT;3;0;-0.07748623;0;0;1;0.00000000;0.0000
2026-06-05;Transformer Model;ASML;0;6;0.01780966;0;0;0;0.00000000;0.0000
2026-06-05;WeightedEnsemble Model;NVDA;2;2;-0.02902376;1;1;1;0.00000000;0.0000
2026-06-05;WeightedEnsemble Model;AAPL;1;2;-0.01524085;0;1;1;0.00000000;0.0000
2026-06-05;WeightedEnsemble Model;MSFT;1;0;-0.07748623;0;1;1;0.00000000;0.0000
2026-06-05;WeightedEnsemble Model;ASML;2;6;0.01780966;0;0;0;0.00000000;0.0000
2026-06-05;XGBoost Model;NVDA;0;2;-0.02902376;0;0;1;0.00000000;0.0000
2026-06-05;XGBoost Model;AAPL;3;2;-0.01524085;0;1;1;0.00000000;0.0000
2026-06-05;XGBoost Model;MSFT;1;0;-0.07748623;0;1;1;0.00000000;0.0000
2026-06-05;XGBoost Model;ASML;2;6;0.01780966;0;0;0;0.00000000;0.0000
2026-06-12;Autoencoder Model;NVDA;9;4;0.00043871;0;0;1;-0.00056129;-0.1562
2026-06-12;Autoencoder Model;AAPL;9;0;-0.05418472;0;0;0;-0.05518472;-5.4690
2026-06-12;Autoencoder Model;MSFT;0;0;-0.06425216;1;1;1;0.00000000;0.0000
2026-06-12;Autoencoder Model;ASML;0;9;0.12672662;0;0;0;0.00000000;0.0000
2026-06-12;CatBoost Model;NVDA;5;4;0.00043871;0;1;1;-0.00056129;-0.1562
2026-06-12;CatBoost Model;AAPL;6;0;-0.05418472;0;0;0;-0.05518472;-5.4690
2026-06-12;CatBoost Model;MSFT;7;0;-0.06425216;0;0;0;-0.06525216;-6.4169
2026-06-12;CatBoost Model;ASML;5;9;0.12672662;0;0;1;0.12572662;13.2972
2026-06-12;GARCH Model;NVDA;7;4;0.00043871;0;0;1;-0.00056129;-0.1562
2026-06-12;GARCH Model;AAPL;6;0;-0.05418472;0;0;0;-0.05518472;-5.4690
2026-06-12;GARCH Model;MSFT;9;0;-0.06425216;0;0;0;-0.06525216;-6.4169
2026-06-12;GARCH Model;ASML;8;9;0.12672662;0;1;1;0.12572662;13.2972
2026-06-12;GNN Model;NVDA;9;4;0.00043871;0;0;1;-0.00056129;-0.1562
2026-06-12;GNN Model;AAPL;9;0;-0.05418472;0;0;0;-0.05518472;-5.4690
2026-06-12;GNN Model;MSFT;0;0;-0.06425216;1;1;1;0.00000000;0.0000
2026-06-12;GNN Model;ASML;9;9;0.12672662;1;1;1;0.12572662;13.2972
2026-06-12;LaplaceMonteCarlo Model;NVDA;3;4;0.00043871;0;1;0;0.00000000;0.0000
2026-06-12;LaplaceMonteCarlo Model;AAPL;4;0;-0.05418472;0;0;0;0.00000000;0.0000
2026-06-12;LaplaceMonteCarlo Model;MSFT;3;0;-0.06425216;0;0;1;0.00000000;0.0000
2026-06-12;LaplaceMonteCarlo Model;ASML;4;9;0.12672662;0;0;1;0.00000000;0.0000
2026-06-12;LightGBM Model;NVDA;5;4;0.00043871;0;1;1;-0.00056129;-0.1562
2026-06-12;LightGBM Model;AAPL;4;0;-0.05418472;0;0;0;0.00000000;0.0000
2026-06-12;LightGBM Model;MSFT;0;0;-0.06425216;1;1;1;0.00000000;0.0000
2026-06-12;LightGBM Model;ASML;5;9;0.12672662;0;0;1;0.12572662;13.2972
2026-06-12;Markov Model;NVDA;2;4;0.00043871;0;0;0;0.00000000;0.0000
2026-06-12;Markov Model;AAPL;9;0;-0.05418472;0;0;0;-0.05518472;-5.4690
2026-06-12;Markov Model;MSFT;5;0;-0.06425216;0;0;0;-0.06525216;-6.4169
2026-06-12;Markov Model;ASML;9;9;0.12672662;1;1;1;0.12572662;13.2972
2026-06-12;MarkovMonteCarlo Model;NVDA;9;4;0.00043871;0;0;1;-0.00056129;-0.1562
2026-06-12;MarkovMonteCarlo Model;AAPL;9;0;-0.05418472;0;0;0;-0.05518472;-5.4690
2026-06-12;MarkovMonteCarlo Model;MSFT;5;0;-0.06425216;0;0;0;-0.06525216;-6.4169
2026-06-12;MarkovMonteCarlo Model;ASML;9;9;0.12672662;1;1;1;0.12572662;13.2972
2026-06-12;OrderStatistics Baseline;NVDA;9;4;0.00043871;0;0;1;-0.00056129;-0.1562
2026-06-12;OrderStatistics Baseline;AAPL;0;0;-0.05418472;1;1;1;0.00000000;0.0000
2026-06-12;OrderStatistics Baseline;MSFT;1;0;-0.06425216;0;1;1;0.00000000;0.0000
2026-06-12;OrderStatistics Baseline;ASML;2;9;0.12672662;0;0;0;0.00000000;0.0000
2026-06-12;PoissonMonteCarlo Model;NVDA;6;4;0.00043871;0;0;1;-0.00056129;-0.1562
2026-06-12;PoissonMonteCarlo Model;AAPL;1;0;-0.05418472;0;1;1;0.00000000;0.0000
2026-06-12;PoissonMonteCarlo Model;MSFT;2;0;-0.06425216;0;0;1;0.00000000;0.0000
2026-06-12;PoissonMonteCarlo Model;ASML;9;9;0.12672662;1;1;1;0.12572662;13.2972
2026-06-12;RL Position Model;NVDA;5;4;0.00043871;0;1;1;-0.00028064;-0.1562
2026-06-12;RL Position Model;AAPL;4;0;-0.05418472;0;0;0;0.00000000;0.0000
2026-06-12;RL Position Model;MSFT;0;0;-0.06425216;1;1;1;0.00000000;0.0000
2026-06-12;RL Position Model;ASML;9;9;0.12672662;1;1;1;0.06286331;13.2972
2026-06-12;Regime HMM Model;NVDA;7;4;0.00043871;0;0;1;-0.00056129;-0.1562
2026-06-12;Regime HMM Model;AAPL;1;0;-0.05418472;0;1;1;0.00000000;0.0000
2026-06-12;Regime HMM Model;MSFT;8;0;-0.06425216;0;0;0;-0.06525216;-6.4169
2026-06-12;Regime HMM Model;ASML;8;9;0.12672662;0;1;1;0.12572662;13.2972
2026-06-12;Regime HMM Single Model;NVDA;0;4;0.00043871;0;0;0;0.00000000;0.0000
2026-06-12;Regime HMM Single Model;AAPL;0;0;-0.05418472;1;1;1;0.00000000;0.0000
2026-06-12;Regime HMM Single Model;MSFT;0;0;-0.06425216;1;1;1;0.00000000;0.0000
2026-06-12;Regime HMM Single Model;ASML;0;9;0.12672662;0;0;0;0.00000000;0.0000
2026-06-12;Regime HMM ZeroMean Model;NVDA;1;4;0.00043871;0;0;0;0.00000000;0.0000
2026-06-12;Regime HMM ZeroMean Model;AAPL;0;0;-0.05418472;1;1;1;0.00000000;0.0000
2026-06-12;Regime HMM ZeroMean Model;MSFT;0;0;-0.06425216;1;1;1;0.00000000;0.0000
2026-06-12;Regime HMM ZeroMean Model;ASML;0;9;0.12672662;0;0;0;0.00000000;0.0000
2026-06-12;Transformer Model;NVDA;4;4;0.00043871;1;1;1;0.00000000;0.0000
2026-06-12;Transformer Model;AAPL;4;0;-0.05418472;0;0;0;0.00000000;0.0000
2026-06-12;Transformer Model;MSFT;3;0;-0.06425216;0;0;1;0.00000000;0.0000
2026-06-12;Transformer Model;ASML;1;9;0.12672662;0;0;0;0.00000000;0.0000
2026-06-12;WeightedEnsemble Model;NVDA;5;4;0.00043871;0;1;1;-0.00056129;-0.1562
2026-06-12;WeightedEnsemble Model;AAPL;4;0;-0.05418472;0;0;0;0.00000000;0.0000
2026-06-12;WeightedEnsemble Model;MSFT;0;0;-0.06425216;1;1;1;0.00000000;0.0000
2026-06-12;WeightedEnsemble Model;ASML;9;9;0.12672662;1;1;1;0.12572662;13.2972
2026-06-12;XGBoost Model;NVDA;5;4;0.00043871;0;1;1;-0.00056129;-0.1562
2026-06-12;XGBoost Model;AAPL;4;0;-0.05418472;0;0;0;0.00000000;0.0000
2026-06-12;XGBoost Model;MSFT;0;0;-0.06425216;1;1;1;0.00000000;0.0000
2026-06-12;XGBoost Model;ASML;8;9;0.12672662;0;1;1;0.12572662;13.2972
2026-06-18;Autoencoder Model;NVDA;9;6;0.02645148;0;0;1;0.02545148;2.4778
2026-06-18;Autoencoder Model;AAPL;9;7;0.02335714;0;0;1;0.02235714;2.1608
2026-06-18;Autoencoder Model;MSFT;0;1;-0.02945132;0;1;1;0.00000000;0.0000
2026-06-18;Autoencoder Model;ASML;9;7;0.03487092;0;0;1;0.03387092;3.3451
2026-06-18;CatBoost Model;NVDA;2;6;0.02645148;0;0;0;0.00000000;0.0000
2026-06-18;CatBoost Model;AAPL;7;7;0.02335714;1;1;1;0.02235714;2.1608
2026-06-18;CatBoost Model;MSFT;0;1;-0.02945132;0;1;1;0.00000000;0.0000
2026-06-18;CatBoost Model;ASML;6;7;0.03487092;0;1;1;0.03387092;3.3451
2026-06-18;GARCH Model;NVDA;7;6;0.02645148;0;1;1;0.02545148;2.4778
2026-06-18;GARCH Model;AAPL;6;7;0.02335714;0;1;1;0.02235714;2.1608
2026-06-18;GARCH Model;MSFT;9;1;-0.02945132;0;0;0;-0.03045132;-3.0993
2026-06-18;GARCH Model;ASML;8;7;0.03487092;0;1;1;0.03387092;3.3451
2026-06-18;GNN Model;NVDA;9;6;0.02645148;0;0;1;0.02545148;2.4778
2026-06-18;GNN Model;AAPL;9;7;0.02335714;0;0;1;0.02235714;2.1608
2026-06-18;GNN Model;MSFT;0;1;-0.02945132;0;1;1;0.00000000;0.0000
2026-06-18;GNN Model;ASML;9;7;0.03487092;0;0;1;0.03387092;3.3451
2026-06-18;LaplaceMonteCarlo Model;NVDA;4;6;0.02645148;0;0;1;0.00000000;0.0000
2026-06-18;LaplaceMonteCarlo Model;AAPL;4;7;0.02335714;0;0;1;0.00000000;0.0000
2026-06-18;LaplaceMonteCarlo Model;MSFT;4;1;-0.02945132;0;0;0;0.00000000;0.0000
2026-06-18;LaplaceMonteCarlo Model;ASML;4;7;0.03487092;0;0;1;0.00000000;0.0000
2026-06-18;LightGBM Model;NVDA;0;6;0.02645148;0;0;0;0.00000000;0.0000
2026-06-18;LightGBM Model;AAPL;3;7;0.02335714;0;0;0;0.00000000;0.0000
2026-06-18;LightGBM Model;MSFT;0;1;-0.02945132;0;1;1;0.00000000;0.0000
2026-06-18;LightGBM Model;ASML;9;7;0.03487092;0;0;1;0.03387092;3.3451
2026-06-18;Markov Model;NVDA;4;6;0.02645148;0;0;1;0.00000000;0.0000
2026-06-18;Markov Model;AAPL;2;7;0.02335714;0;0;0;0.00000000;0.0000
2026-06-18;Markov Model;MSFT;9;1;-0.02945132;0;0;0;-0.03045132;-3.0993
2026-06-18;Markov Model;ASML;0;7;0.03487092;0;0;0;0.00000000;0.0000
2026-06-18;MarkovMonteCarlo Model;NVDA;4;6;0.02645148;0;0;1;0.00000000;0.0000
2026-06-18;MarkovMonteCarlo Model;AAPL;2;7;0.02335714;0;0;0;0.00000000;0.0000
2026-06-18;MarkovMonteCarlo Model;MSFT;0;1;-0.02945132;0;1;1;0.00000000;0.0000
2026-06-18;MarkovMonteCarlo Model;ASML;9;7;0.03487092;0;0;1;0.03387092;3.3451
2026-06-18;OrderStatistics Baseline;NVDA;9;6;0.02645148;0;0;1;0.02545148;2.4778
2026-06-18;OrderStatistics Baseline;AAPL;0;7;0.02335714;0;0;0;0.00000000;0.0000
2026-06-18;OrderStatistics Baseline;MSFT;1;1;-0.02945132;1;1;1;0.00000000;0.0000
2026-06-18;OrderStatistics Baseline;ASML;2;7;0.03487092;0;0;0;0.00000000;0.0000
2026-06-18;PoissonMonteCarlo Model;NVDA;4;6;0.02645148;0;0;1;0.00000000;0.0000
2026-06-18;PoissonMonteCarlo Model;AAPL;1;7;0.02335714;0;0;0;0.00000000;0.0000
2026-06-18;PoissonMonteCarlo Model;MSFT;0;1;-0.02945132;0;1;1;0.00000000;0.0000
2026-06-18;PoissonMonteCarlo Model;ASML;8;7;0.03487092;0;1;1;0.03387092;3.3451
2026-06-18;RL Position Model;NVDA;4;6;0.02645148;0;0;1;0.00000000;0.0000
2026-06-18;RL Position Model;AAPL;0;7;0.02335714;0;0;0;0.00000000;0.0000
2026-06-18;RL Position Model;MSFT;0;1;-0.02945132;0;1;1;0.00000000;0.0000
2026-06-18;RL Position Model;ASML;0;7;0.03487092;0;0;0;0.00000000;0.0000
2026-06-18;Regime HMM Model;NVDA;0;6;0.02645148;0;0;0;0.00000000;0.0000
2026-06-18;Regime HMM Model;AAPL;0;7;0.02335714;0;0;0;0.00000000;0.0000
2026-06-18;Regime HMM Model;MSFT;0;1;-0.02945132;0;1;1;0.00000000;0.0000
2026-06-18;Regime HMM Model;ASML;0;7;0.03487092;0;0;0;0.00000000;0.0000
2026-06-18;Regime HMM Single Model;NVDA;0;6;0.02645148;0;0;0;0.00000000;0.0000
2026-06-18;Regime HMM Single Model;AAPL;0;7;0.02335714;0;0;0;0.00000000;0.0000
2026-06-18;Regime HMM Single Model;MSFT;0;1;-0.02945132;0;1;1;0.00000000;0.0000
2026-06-18;Regime HMM Single Model;ASML;0;7;0.03487092;0;0;0;0.00000000;0.0000
2026-06-18;Regime HMM ZeroMean Model;NVDA;1;6;0.02645148;0;0;0;0.00000000;0.0000
2026-06-18;Regime HMM ZeroMean Model;AAPL;0;7;0.02335714;0;0;0;0.00000000;0.0000
2026-06-18;Regime HMM ZeroMean Model;MSFT;0;1;-0.02945132;0;1;1;0.00000000;0.0000
2026-06-18;Regime HMM ZeroMean Model;ASML;0;7;0.03487092;0;0;0;0.00000000;0.0000
2026-06-18;Transformer Model;NVDA;8;6;0.02645148;0;0;1;0.02545148;2.4778
2026-06-18;Transformer Model;AAPL;4;7;0.02335714;0;0;1;0.00000000;0.0000
2026-06-18;Transformer Model;MSFT;3;1;-0.02945132;0;0;1;0.00000000;0.0000
2026-06-18;Transformer Model;ASML;0;7;0.03487092;0;0;0;0.00000000;0.0000
2026-06-18;WeightedEnsemble Model;NVDA;4;6;0.02645148;0;0;1;0.00000000;0.0000
2026-06-18;WeightedEnsemble Model;AAPL;2;7;0.02335714;0;0;0;0.00000000;0.0000
2026-06-18;WeightedEnsemble Model;MSFT;0;1;-0.02945132;0;1;1;0.00000000;0.0000
2026-06-18;WeightedEnsemble Model;ASML;0;7;0.03487092;0;0;0;0.00000000;0.0000
2026-06-18;XGBoost Model;NVDA;0;6;0.02645148;0;0;0;0.00000000;0.0000
2026-06-18;XGBoost Model;AAPL;3;7;0.02335714;0;0;0;0.00000000;0.0000
2026-06-18;XGBoost Model;MSFT;4;1;-0.02945132;0;0;0;0.00000000;0.0000
2026-06-18;XGBoost Model;ASML;0;7;0.03487092;0;0;0;0.00000000;0.0000
2026-06-26;Autoencoder Model;NVDA;9;0;-0.09013587;0;0;0;-0.09113587;-8.8107
2026-06-26;Autoencoder Model;AAPL;9;0;-0.04892775;0;0;0;-0.04992775;-4.9702
2026-06-26;Autoencoder Model;MSFT;0;2;-0.01709307;0;0;1;0.00000000;0.0000
2026-06-26;Autoencoder Model;ASML;0;0;-0.07256089;1;1;1;0.00000000;0.0000
2026-06-26;CatBoost Model;NVDA;3;0;-0.09013587;0;0;1;0.00000000;0.0000
2026-06-26;CatBoost Model;AAPL;4;0;-0.04892775;0;0;0;0.00000000;0.0000
2026-06-26;CatBoost Model;MSFT;0;2;-0.01709307;0;0;1;0.00000000;0.0000
2026-06-26;CatBoost Model;ASML;9;0;-0.07256089;0;0;0;-0.07356089;-7.1921
2026-06-26;GARCH Model;NVDA;7;0;-0.09013587;0;0;0;-0.09113587;-8.8107
2026-06-26;GARCH Model;AAPL;9;0;-0.04892775;0;0;0;-0.04992775;-4.9702
2026-06-26;GARCH Model;MSFT;9;2;-0.01709307;0;0;0;-0.01809307;-1.8931
2026-06-26;GARCH Model;ASML;9;0;-0.07256089;0;0;0;-0.07356089;-7.1921
2026-06-26;GNN Model;NVDA;9;0;-0.09013587;0;0;0;-0.09113587;-8.8107
2026-06-26;GNN Model;AAPL;9;0;-0.04892775;0;0;0;-0.04992775;-4.9702
2026-06-26;GNN Model;MSFT;0;2;-0.01709307;0;0;1;0.00000000;0.0000
2026-06-26;GNN Model;ASML;9;0;-0.07256089;0;0;0;-0.07356089;-7.1921
2026-06-26;LaplaceMonteCarlo Model;NVDA;5;0;-0.09013587;0;0;0;-0.09113587;-8.8107
2026-06-26;LaplaceMonteCarlo Model;AAPL;5;0;-0.04892775;0;0;0;-0.04992775;-4.9702
2026-06-26;LaplaceMonteCarlo Model;MSFT;2;2;-0.01709307;1;1;1;0.00000000;0.0000
2026-06-26;LaplaceMonteCarlo Model;ASML;3;0;-0.07256089;0;0;1;0.00000000;0.0000
2026-06-26;LightGBM Model;NVDA;3;0;-0.09013587;0;0;1;0.00000000;0.0000
2026-06-26;LightGBM Model;AAPL;4;0;-0.04892775;0;0;0;0.00000000;0.0000
2026-06-26;LightGBM Model;MSFT;6;2;-0.01709307;0;0;0;-0.01809307;-1.8931
2026-06-26;LightGBM Model;ASML;9;0;-0.07256089;0;0;0;-0.07356089;-7.1921
2026-06-26;Markov Model;NVDA;9;0;-0.09013587;0;0;0;-0.09113587;-8.8107
2026-06-26;Markov Model;AAPL;9;0;-0.04892775;0;0;0;-0.04992775;-4.9702
2026-06-26;Markov Model;MSFT;0;2;-0.01709307;0;0;1;0.00000000;0.0000
2026-06-26;Markov Model;ASML;9;0;-0.07256089;0;0;0;-0.07356089;-7.1921
2026-06-26;MarkovMonteCarlo Model;NVDA;9;0;-0.09013587;0;0;0;-0.09113587;-8.8107
2026-06-26;MarkovMonteCarlo Model;AAPL;9;0;-0.04892775;0;0;0;-0.04992775;-4.9702
2026-06-26;MarkovMonteCarlo Model;MSFT;0;2;-0.01709307;0;0;1;0.00000000;0.0000
2026-06-26;MarkovMonteCarlo Model;ASML;9;0;-0.07256089;0;0;0;-0.07356089;-7.1921
2026-06-26;OrderStatistics Baseline;NVDA;9;0;-0.09013587;0;0;0;-0.09113587;-8.8107
2026-06-26;OrderStatistics Baseline;AAPL;0;0;-0.04892775;1;1;1;0.00000000;0.0000
2026-06-26;OrderStatistics Baseline;MSFT;1;2;-0.01709307;0;1;1;0.00000000;0.0000
2026-06-26;OrderStatistics Baseline;ASML;2;0;-0.07256089;0;0;1;0.00000000;0.0000
2026-06-26;PoissonMonteCarlo Model;NVDA;1;0;-0.09013587;0;1;1;0.00000000;0.0000
2026-06-26;PoissonMonteCarlo Model;AAPL;4;0;-0.04892775;0;0;0;0.00000000;0.0000
2026-06-26;PoissonMonteCarlo Model;MSFT;0;2;-0.01709307;0;0;1;0.00000000;0.0000
2026-06-26;PoissonMonteCarlo Model;ASML;2;0;-0.07256089;0;0;1;0.00000000;0.0000
2026-06-26;RL Position Model;NVDA;9;0;-0.09013587;0;0;0;0.00000000;-8.8107
2026-06-26;RL Position Model;AAPL;4;0;-0.04892775;0;0;0;0.00000000;0.0000
2026-06-26;RL Position Model;MSFT;0;2;-0.01709307;0;0;1;0.00000000;0.0000
2026-06-26;RL Position Model;ASML;9;0;-0.07256089;0;0;0;-0.03678044;-7.1921
2026-06-26;Regime HMM Model;NVDA;3;0;-0.09013587;0;0;1;0.00000000;0.0000
2026-06-26;Regime HMM Model;AAPL;1;0;-0.04892775;0;1;1;0.00000000;0.0000
2026-06-26;Regime HMM Model;MSFT;0;2;-0.01709307;0;0;1;0.00000000;0.0000
2026-06-26;Regime HMM Model;ASML;8;0;-0.07256089;0;0;0;-0.07356089;-7.1921
2026-06-26;Regime HMM Single Model;NVDA;0;0;-0.09013587;1;1;1;0.00000000;0.0000
2026-06-26;Regime HMM Single Model;AAPL;0;0;-0.04892775;1;1;1;0.00000000;0.0000
2026-06-26;Regime HMM Single Model;MSFT;0;2;-0.01709307;0;0;1;0.00000000;0.0000
2026-06-26;Regime HMM Single Model;ASML;0;0;-0.07256089;1;1;1;0.00000000;0.0000
2026-06-26;Regime HMM ZeroMean Model;NVDA;0;0;-0.09013587;1;1;1;0.00000000;0.0000
2026-06-26;Regime HMM ZeroMean Model;AAPL;0;0;-0.04892775;1;1;1;0.00000000;0.0000
2026-06-26;Regime HMM ZeroMean Model;MSFT;0;2;-0.01709307;0;0;1;0.00000000;0.0000
2026-06-26;Regime HMM ZeroMean Model;ASML;0;0;-0.07256089;1;1;1;0.00000000;0.0000
2026-06-26;Transformer Model;NVDA;4;0;-0.09013587;0;0;0;0.00000000;0.0000
2026-06-26;Transformer Model;AAPL;4;0;-0.04892775;0;0;0;0.00000000;0.0000
2026-06-26;Transformer Model;MSFT;3;2;-0.01709307;0;1;1;0.00000000;0.0000
2026-06-26;Transformer Model;ASML;0;0;-0.07256089;1;1;1;0.00000000;0.0000
2026-06-26;WeightedEnsemble Model;NVDA;3;0;-0.09013587;0;0;1;0.00000000;0.0000
2026-06-26;WeightedEnsemble Model;AAPL;4;0;-0.04892775;0;0;0;0.00000000;0.0000
2026-06-26;WeightedEnsemble Model;MSFT;0;2;-0.01709307;0;0;1;0.00000000;0.0000
2026-06-26;WeightedEnsemble Model;ASML;9;0;-0.07256089;0;0;0;-0.07356089;-7.1921
2026-06-26;XGBoost Model;NVDA;2;0;-0.09013587;0;0;1;0.00000000;0.0000
2026-06-26;XGBoost Model;AAPL;4;0;-0.04892775;0;0;0;0.00000000;0.0000
2026-06-26;XGBoost Model;MSFT;0;2;-0.01709307;0;0;1;0.00000000;0.0000
2026-06-26;XGBoost Model;ASML;9;0;-0.07256089;0;0;0;-0.07356089;-7.1921
2026-07-02;Autoencoder Model;NVDA;0;5;0.01187540;0;0;0;0.00000000;0.0000
2026-07-02;Autoencoder Model;AAPL;0;9;0.08394386;0;0;0;0.00000000;0.0000
2026-07-02;Autoencoder Model;MSFT;0;9;0.04590437;0;0;0;0.00000000;0.0000
2026-07-02;Autoencoder Model;ASML;0;2;-0.01419801;0;0;1;0.00000000;0.0000
2026-07-02;CatBoost Model;NVDA;8;5;0.01187540;0;0;1;0.01087540;0.9934
2026-07-02;CatBoost Model;AAPL;0;9;0.08394386;0;0;0;0.00000000;0.0000
2026-07-02;CatBoost Model;MSFT;0;9;0.04590437;0;0;0;0.00000000;0.0000
2026-07-02;CatBoost Model;ASML;0;2;-0.01419801;0;0;1;0.00000000;0.0000
2026-07-02;GARCH Model;NVDA;7;5;0.01187540;0;0;1;0.01087540;0.9934
2026-07-02;GARCH Model;AAPL;6;9;0.08394386;0;0;1;0.08294386;8.5480
2026-07-02;GARCH Model;MSFT;9;9;0.04590437;1;1;1;0.04490437;4.4927
2026-07-02;GARCH Model;ASML;9;2;-0.01419801;0;0;0;-0.01519801;-1.6084
2026-07-02;GNN Model;NVDA;9;5;0.01187540;0;0;1;0.01087540;0.9934
2026-07-02;GNN Model;AAPL;9;9;0.08394386;1;1;1;0.08294386;8.5480
2026-07-02;GNN Model;MSFT;0;9;0.04590437;0;0;0;0.00000000;0.0000
2026-07-02;GNN Model;ASML;9;2;-0.01419801;0;0;0;-0.01519801;-1.6084
2026-07-02;LaplaceMonteCarlo Model;NVDA;5;5;0.01187540;1;1;1;0.01087540;0.9934
2026-07-02;LaplaceMonteCarlo Model;AAPL;3;9;0.08394386;0;0;0;0.00000000;0.0000
2026-07-02;LaplaceMonteCarlo Model;MSFT;3;9;0.04590437;0;0;0;0.00000000;0.0000
2026-07-02;LaplaceMonteCarlo Model;ASML;5;2;-0.01419801;0;0;0;-0.01519801;-1.6084
2026-07-02;LightGBM Model;NVDA;7;5;0.01187540;0;0;1;0.01087540;0.9934
2026-07-02;LightGBM Model;AAPL;0;9;0.08394386;0;0;0;0.00000000;0.0000
2026-07-02;LightGBM Model;MSFT;0;9;0.04590437;0;0;0;0.00000000;0.0000
2026-07-02;LightGBM Model;ASML;0;2;-0.01419801;0;0;1;0.00000000;0.0000
2026-07-02;Markov Model;NVDA;9;5;0.01187540;0;0;1;0.01087540;0.9934
2026-07-02;Markov Model;AAPL;4;9;0.08394386;0;0;1;0.00000000;0.0000
2026-07-02;Markov Model;MSFT;0;9;0.04590437;0;0;0;0.00000000;0.0000
2026-07-02;Markov Model;ASML;9;2;-0.01419801;0;0;0;-0.01519801;-1.6084
2026-07-02;MarkovMonteCarlo Model;NVDA;9;5;0.01187540;0;0;1;0.01087540;0.9934
2026-07-02;MarkovMonteCarlo Model;AAPL;4;9;0.08394386;0;0;1;0.00000000;0.0000
2026-07-02;MarkovMonteCarlo Model;MSFT;0;9;0.04590437;0;0;0;0.00000000;0.0000
2026-07-02;MarkovMonteCarlo Model;ASML;9;2;-0.01419801;0;0;0;-0.01519801;-1.6084
2026-07-02;OrderStatistics Baseline;NVDA;9;5;0.01187540;0;0;1;0.01087540;0.9934
2026-07-02;OrderStatistics Baseline;AAPL;0;9;0.08394386;0;0;0;0.00000000;0.0000
2026-07-02;OrderStatistics Baseline;MSFT;1;9;0.04590437;0;0;0;0.00000000;0.0000
2026-07-02;OrderStatistics Baseline;ASML;2;2;-0.01419801;1;1;1;0.00000000;0.0000
2026-07-02;PoissonMonteCarlo Model;NVDA;6;5;0.01187540;0;1;1;0.01087540;0.9934
2026-07-02;PoissonMonteCarlo Model;AAPL;1;9;0.08394386;0;0;0;0.00000000;0.0000
2026-07-02;PoissonMonteCarlo Model;MSFT;0;9;0.04590437;0;0;0;0.00000000;0.0000
2026-07-02;PoissonMonteCarlo Model;ASML;9;2;-0.01419801;0;0;0;-0.01519801;-1.6084
2026-07-02;RL Position Model;NVDA;7;5;0.01187540;0;0;1;0.00543770;0.9934
2026-07-02;RL Position Model;AAPL;0;9;0.08394386;0;0;0;0.00000000;0.0000
2026-07-02;RL Position Model;MSFT;0;9;0.04590437;0;0;0;0.00000000;0.0000
2026-07-02;RL Position Model;ASML;0;2;-0.01419801;0;0;1;0.00000000;0.0000
2026-07-02;Regime HMM Model;NVDA;7;5;0.01187540;0;0;1;0.01087540;0.9934
2026-07-02;Regime HMM Model;AAPL;1;9;0.08394386;0;0;0;0.00000000;0.0000
2026-07-02;Regime HMM Model;MSFT;0;9;0.04590437;0;0;0;0.00000000;0.0000
2026-07-02;Regime HMM Model;ASML;8;2;-0.01419801;0;0;0;-0.01519801;-1.6084
2026-07-02;Regime HMM Single Model;NVDA;0;5;0.01187540;0;0;0;0.00000000;0.0000
2026-07-02;Regime HMM Single Model;AAPL;0;9;0.08394386;0;0;0;0.00000000;0.0000
2026-07-02;Regime HMM Single Model;MSFT;0;9;0.04590437;0;0;0;0.00000000;0.0000
2026-07-02;Regime HMM Single Model;ASML;0;2;-0.01419801;0;0;1;0.00000000;0.0000
2026-07-02;Regime HMM ZeroMean Model;NVDA;1;5;0.01187540;0;0;0;0.00000000;0.0000
2026-07-02;Regime HMM ZeroMean Model;AAPL;0;9;0.08394386;0;0;0;0.00000000;0.0000
2026-07-02;Regime HMM ZeroMean Model;MSFT;0;9;0.04590437;0;0;0;0.00000000;0.0000
2026-07-02;Regime HMM ZeroMean Model;ASML;0;2;-0.01419801;0;0;1;0.00000000;0.0000
2026-07-02;Transformer Model;NVDA;1;5;0.01187540;0;0;0;0.00000000;0.0000
2026-07-02;Transformer Model;AAPL;0;9;0.08394386;0;0;0;0.00000000;0.0000
2026-07-02;Transformer Model;MSFT;9;9;0.04590437;1;1;1;0.04490437;4.4927
2026-07-02;Transformer Model;ASML;0;2;-0.01419801;0;0;1;0.00000000;0.0000
2026-07-02;WeightedEnsemble Model;NVDA;7;5;0.01187540;0;0;1;0.01087540;0.9934
2026-07-02;WeightedEnsemble Model;AAPL;0;9;0.08394386;0;0;0;0.00000000;0.0000
2026-07-02;WeightedEnsemble Model;MSFT;0;9;0.04590437;0;0;0;0.00000000;0.0000
2026-07-02;WeightedEnsemble Model;ASML;0;2;-0.01419801;0;0;1;0.00000000;0.0000
2026-07-02;XGBoost Model;NVDA;7;5;0.01187540;0;0;1;0.01087540;0.9934
2026-07-02;XGBoost Model;AAPL;0;9;0.08394386;0;0;0;0.00000000;0.0000
2026-07-02;XGBoost Model;MSFT;0;9;0.04590437;0;0;0;0.00000000;0.0000
2026-07-02;XGBoost Model;ASML;0;2;-0.01419801;0;0;1;0.00000000;0.0000
2026-07-10;Autoencoder Model;NVDA;9;8;0.07954116;0;1;1;0.07854116;8.0707
2026-07-10;Autoencoder Model;AAPL;9;6;0.02144485;0;0;1;0.02044485;1.9655
2026-07-10;Autoencoder Model;MSFT;0;2;-0.01389932;0;0;1;0.00000000;0.0000
2026-07-10;Autoencoder Model;ASML;9;6;0.01570137;0;0;1;0.01470137;1.3809
2026-07-10;CatBoost Model;NVDA;1;8;0.07954116;0;0;0;0.00000000;0.0000
2026-07-10;CatBoost Model;AAPL;1;6;0.02144485;0;0;0;0.00000000;0.0000
2026-07-10;CatBoost Model;MSFT;1;2;-0.01389932;0;1;1;0.00000000;0.0000
2026-07-10;CatBoost Model;ASML;3;6;0.01570137;0;0;0;0.00000000;0.0000
2026-07-10;GARCH Model;NVDA;7;8;0.07954116;0;1;1;0.07854116;8.0707
2026-07-10;GARCH Model;AAPL;9;6;0.02144485;0;0;1;0.02044485;1.9655
2026-07-10;GARCH Model;MSFT;9;2;-0.01389932;0;0;0;-0.01489932;-1.5789
2026-07-10;GARCH Model;ASML;9;6;0.01570137;0;0;1;0.01470137;1.3809
2026-07-10;GNN Model;NVDA;9;8;0.07954116;0;1;1;0.07854116;8.0707
2026-07-10;GNN Model;AAPL;9;6;0.02144485;0;0;1;0.02044485;1.9655
2026-07-10;GNN Model;MSFT;0;2;-0.01389932;0;0;1;0.00000000;0.0000
2026-07-10;GNN Model;ASML;9;6;0.01570137;0;0;1;0.01470137;1.3809
2026-07-10;LaplaceMonteCarlo Model;NVDA;5;8;0.07954116;0;0;1;0.07854116;8.0707
2026-07-10;LaplaceMonteCarlo Model;AAPL;5;6;0.02144485;0;1;1;0.02044485;1.9655
2026-07-10;LaplaceMonteCarlo Model;MSFT;4;2;-0.01389932;0;0;0;0.00000000;0.0000
2026-07-10;LaplaceMonteCarlo Model;ASML;3;6;0.01570137;0;0;0;0.00000000;0.0000
2026-07-10;LightGBM Model;NVDA;1;8;0.07954116;0;0;0;0.00000000;0.0000
2026-07-10;LightGBM Model;AAPL;3;6;0.02144485;0;0;0;0.00000000;0.0000
2026-07-10;LightGBM Model;MSFT;4;2;-0.01389932;0;0;0;0.00000000;0.0000
2026-07-10;LightGBM Model;ASML;2;6;0.01570137;0;0;0;0.00000000;0.0000
2026-07-10;Markov Model;NVDA;0;8;0.07954116;0;0;0;0.00000000;0.0000
2026-07-10;Markov Model;AAPL;9;6;0.02144485;0;0;1;0.02044485;1.9655
2026-07-10;Markov Model;MSFT;0;2;-0.01389932;0;0;1;0.00000000;0.0000
2026-07-10;Markov Model;ASML;9;6;0.01570137;0;0;1;0.01470137;1.3809
2026-07-10;MarkovMonteCarlo Model;NVDA;0;8;0.07954116;0;0;0;0.00000000;0.0000
2026-07-10;MarkovMonteCarlo Model;AAPL;9;6;0.02144485;0;0;1;0.02044485;1.9655
2026-07-10;MarkovMonteCarlo Model;MSFT;0;2;-0.01389932;0;0;1;0.00000000;0.0000
2026-07-10;MarkovMonteCarlo Model;ASML;9;6;0.01570137;0;0;1;0.01470137;1.3809
2026-07-10;OrderStatistics Baseline;NVDA;9;8;0.07954116;0;1;1;0.07854116;8.0707
2026-07-10;OrderStatistics Baseline;AAPL;0;6;0.02144485;0;0;0;0.00000000;0.0000
2026-07-10;OrderStatistics Baseline;MSFT;1;2;-0.01389932;0;1;1;0.00000000;0.0000
2026-07-10;OrderStatistics Baseline;ASML;2;6;0.01570137;0;0;0;0.00000000;0.0000
2026-07-10;PoissonMonteCarlo Model;NVDA;2;8;0.07954116;0;0;0;0.00000000;0.0000
2026-07-10;PoissonMonteCarlo Model;AAPL;8;6;0.02144485;0;0;1;0.02044485;1.9655
2026-07-10;PoissonMonteCarlo Model;MSFT;0;2;-0.01389932;0;0;1;0.00000000;0.0000
2026-07-10;PoissonMonteCarlo Model;ASML;3;6;0.01570137;0;0;0;0.00000000;0.0000
2026-07-10;RL Position Model;NVDA;1;8;0.07954116;0;0;0;0.00000000;0.0000
2026-07-10;RL Position Model;AAPL;9;6;0.02144485;0;0;1;0.00000000;1.9655
2026-07-10;RL Position Model;MSFT;0;2;-0.01389932;0;0;1;0.00000000;0.0000
2026-07-10;RL Position Model;ASML;9;6;0.01570137;0;0;1;0.00000000;1.3809
2026-07-10;Regime HMM Model;NVDA;0;8;0.07954116;0;0;0;0.00000000;0.0000
2026-07-10;Regime HMM Model;AAPL;1;6;0.02144485;0;0;0;0.00000000;0.0000
2026-07-10;Regime HMM Model;MSFT;0;2;-0.01389932;0;0;1;0.00000000;0.0000
2026-07-10;Regime HMM Model;ASML;9;6;0.01570137;0;0;1;0.01470137;1.3809
2026-07-10;Regime HMM Single Model;NVDA;1;8;0.07954116;0;0;0;0.00000000;0.0000
2026-07-10;Regime HMM Single Model;AAPL;0;6;0.02144485;0;0;0;0.00000000;0.0000
2026-07-10;Regime HMM Single Model;MSFT;0;2;-0.01389932;0;0;1;0.00000000;0.0000
2026-07-10;Regime HMM Single Model;ASML;0;6;0.01570137;0;0;0;0.00000000;0.0000
2026-07-10;Regime HMM ZeroMean Model;NVDA;1;8;0.07954116;0;0;0;0.00000000;0.0000
2026-07-10;Regime HMM ZeroMean Model;AAPL;0;6;0.02144485;0;0;0;0.00000000;0.0000
2026-07-10;Regime HMM ZeroMean Model;MSFT;0;2;-0.01389932;0;0;1;0.00000000;0.0000
2026-07-10;Regime HMM ZeroMean Model;ASML;0;6;0.01570137;0;0;0;0.00000000;0.0000
2026-07-10;Transformer Model;NVDA;0;8;0.07954116;0;0;0;0.00000000;0.0000
2026-07-10;Transformer Model;AAPL;4;6;0.02144485;0;0;1;0.00000000;0.0000
2026-07-10;Transformer Model;MSFT;6;2;-0.01389932;0;0;0;-0.01489932;-1.5789
2026-07-10;Transformer Model;ASML;9;6;0.01570137;0;0;1;0.01470137;1.3809
2026-07-10;WeightedEnsemble Model;NVDA;1;8;0.07954116;0;0;0;0.00000000;0.0000
2026-07-10;WeightedEnsemble Model;AAPL;1;6;0.02144485;0;0;0;0.00000000;0.0000
2026-07-10;WeightedEnsemble Model;MSFT;0;2;-0.01389932;0;0;1;0.00000000;0.0000
2026-07-10;WeightedEnsemble Model;ASML;3;6;0.01570137;0;0;0;0.00000000;0.0000
2026-07-10;XGBoost Model;NVDA;1;8;0.07954116;0;0;0;0.00000000;0.0000
2026-07-10;XGBoost Model;AAPL;1;6;0.02144485;0;0;0;0.00000000;0.0000
2026-07-10;XGBoost Model;MSFT;6;2;-0.01389932;0;0;0;-0.01489932;-1.5789
2026-07-10;XGBoost Model;ASML;2;6;0.01570137;0;0;0;0.00000000;0.0000
2026-07-17;Autoencoder Model;NVDA;9;2;-0.03939896;0;0;0;-0.04039896;-4.0594
2026-07-17;Autoencoder Model;AAPL;9;9;0.05677425;1;1;1;0.05577425;5.6358
2026-07-17;Autoencoder Model;MSFT;0;7;0.02239091;0;0;0;0.00000000;0.0000
2026-07-17;Autoencoder Model;ASML;9;2;-0.02806469;0;0;0;-0.02906469;-2.9647
2026-07-17;CatBoost Model;NVDA;9;2;-0.03939896;0;0;0;-0.04039896;-4.0594
2026-07-17;CatBoost Model;AAPL;9;9;0.05677425;1;1;1;0.05577425;5.6358
2026-07-17;CatBoost Model;MSFT;8;7;0.02239091;0;1;1;0.02139091;2.0621
2026-07-17;CatBoost Model;ASML;5;2;-0.02806469;0;0;0;-0.02906469;-2.9647
2026-07-17;GARCH Model;NVDA;3;2;-0.03939896;0;1;1;0.00000000;0.0000
2026-07-17;GARCH Model;AAPL;9;9;0.05677425;1;1;1;0.05577425;5.6358
2026-07-17;GARCH Model;MSFT;9;7;0.02239091;0;0;1;0.02139091;2.0621
2026-07-17;GARCH Model;ASML;9;2;-0.02806469;0;0;0;-0.02906469;-2.9647
2026-07-17;GNN Model;NVDA;9;2;-0.03939896;0;0;0;-0.04039896;-4.0594
2026-07-17;GNN Model;AAPL;9;9;0.05677425;1;1;1;0.05577425;5.6358
2026-07-17;GNN Model;MSFT;0;7;0.02239091;0;0;0;0.00000000;0.0000
2026-07-17;GNN Model;ASML;9;2;-0.02806469;0;0;0;-0.02906469;-2.9647
2026-07-17;LaplaceMonteCarlo Model;NVDA;3;2;-0.03939896;0;1;1;0.00000000;0.0000
2026-07-17;LaplaceMonteCarlo Model;AAPL;5;9;0.05677425;0;0;1;0.05577425;5.6358
2026-07-17;LaplaceMonteCarlo Model;MSFT;3;7;0.02239091;0;0;0;0.00000000;0.0000
2026-07-17;LaplaceMonteCarlo Model;ASML;3;2;-0.02806469;0;1;1;0.00000000;0.0000
2026-07-17;LightGBM Model;NVDA;9;2;-0.03939896;0;0;0;-0.04039896;-4.0594
2026-07-17;LightGBM Model;AAPL;9;9;0.05677425;1;1;1;0.05577425;5.6358
2026-07-17;LightGBM Model;MSFT;8;7;0.02239091;0;1;1;0.02139091;2.0621
2026-07-17;LightGBM Model;ASML;8;2;-0.02806469;0;0;0;-0.02906469;-2.9647
2026-07-17;Markov Model;NVDA;7;2;-0.03939896;0;0;0;-0.04039896;-4.0594
2026-07-17;Markov Model;AAPL;5;9;0.05677425;0;0;1;0.05577425;5.6358
2026-07-17;Markov Model;MSFT;5;7;0.02239091;0;0;1;0.02139091;2.0621
2026-07-17;Markov Model;ASML;9;2;-0.02806469;0;0;0;-0.02906469;-2.9647
2026-07-17;MarkovMonteCarlo Model;NVDA;9;2;-0.03939896;0;0;0;-0.04039896;-4.0594
2026-07-17;MarkovMonteCarlo Model;AAPL;9;9;0.05677425;1;1;1;0.05577425;5.6358
2026-07-17;MarkovMonteCarlo Model;MSFT;5;7;0.02239091;0;0;1;0.02139091;2.0621
2026-07-17;MarkovMonteCarlo Model;ASML;9;2;-0.02806469;0;0;0;-0.02906469;-2.9647
2026-07-17;OrderStatistics Baseline;NVDA;9;2;-0.03939896;0;0;0;-0.04039896;-4.0594
2026-07-17;OrderStatistics Baseline;AAPL;0;9;0.05677425;0;0;0;0.00000000;0.0000
2026-07-17;OrderStatistics Baseline;MSFT;1;7;0.02239091;0;0;0;0.00000000;0.0000
2026-07-17;OrderStatistics Baseline;ASML;2;2;-0.02806469;1;1;1;0.00000000;0.0000
2026-07-17;PoissonMonteCarlo Model;NVDA;4;2;-0.03939896;0;0;0;0.00000000;0.0000
2026-07-17;PoissonMonteCarlo Model;AAPL;8;9;0.05677425;0;1;1;0.05577425;5.6358
2026-07-17;PoissonMonteCarlo Model;MSFT;0;7;0.02239091;0;0;0;0.00000000;0.0000
2026-07-17;PoissonMonteCarlo Model;ASML;2;2;-0.02806469;1;1;1;0.00000000;0.0000
2026-07-17;RL Position Model;NVDA;9;2;-0.03939896;0;0;0;-0.02019948;-4.0594
2026-07-17;RL Position Model;AAPL;9;9;0.05677425;1;1;1;0.02788713;5.6358
2026-07-17;RL Position Model;MSFT;0;7;0.02239091;0;0;0;0.01069546;0.0000
2026-07-17;RL Position Model;ASML;9;2;-0.02806469;0;0;0;-0.01453235;-2.9647
2026-07-17;Regime HMM Model;NVDA;0;2;-0.03939896;0;0;1;0.00000000;0.0000
2026-07-17;Regime HMM Model;AAPL;1;9;0.05677425;0;0;0;0.00000000;0.0000
2026-07-17;Regime HMM Model;MSFT;0;7;0.02239091;0;0;0;0.00000000;0.0000
2026-07-17;Regime HMM Model;ASML;9;2;-0.02806469;0;0;0;-0.02906469;-2.9647
2026-07-17;Regime HMM Single Model;NVDA;0;2;-0.03939896;0;0;1;0.00000000;0.0000
2026-07-17;Regime HMM Single Model;AAPL;0;9;0.05677425;0;0;0;0.00000000;0.0000
2026-07-17;Regime HMM Single Model;MSFT;0;7;0.02239091;0;0;0;0.00000000;0.0000
2026-07-17;Regime HMM Single Model;ASML;0;2;-0.02806469;0;0;1;0.00000000;0.0000
2026-07-17;Regime HMM ZeroMean Model;NVDA;0;2;-0.03939896;0;0;1;0.00000000;0.0000
2026-07-17;Regime HMM ZeroMean Model;AAPL;0;9;0.05677425;0;0;0;0.00000000;0.0000
2026-07-17;Regime HMM ZeroMean Model;MSFT;0;7;0.02239091;0;0;0;0.00000000;0.0000
2026-07-17;Regime HMM ZeroMean Model;ASML;0;2;-0.02806469;0;0;1;0.00000000;0.0000
2026-07-17;Transformer Model;NVDA;5;2;-0.03939896;0;0;0;-0.04039896;-4.0594
2026-07-17;Transformer Model;AAPL;4;9;0.05677425;0;0;1;0.00000000;0.0000
2026-07-17;Transformer Model;MSFT;6;7;0.02239091;0;1;1;0.02139091;2.0621
2026-07-17;Transformer Model;ASML;0;2;-0.02806469;0;0;1;0.00000000;0.0000
2026-07-17;WeightedEnsemble Model;NVDA;9;2;-0.03939896;0;0;0;-0.04039896;-4.0594
2026-07-17;WeightedEnsemble Model;AAPL;9;9;0.05677425;1;1;1;0.05577425;5.6358
2026-07-17;WeightedEnsemble Model;MSFT;8;7;0.02239091;0;1;1;0.02139091;2.0621
2026-07-17;WeightedEnsemble Model;ASML;8;2;-0.02806469;0;0;0;-0.02906469;-2.9647
2026-07-17;XGBoost Model;NVDA;9;2;-0.03939896;0;0;0;-0.04039896;-4.0594
2026-07-17;XGBoost Model;AAPL;9;9;0.05677425;1;1;1;0.05577425;5.6358
2026-07-17;XGBoost Model;MSFT;8;7;0.02239091;0;1;1;0.02139091;2.0621
2026-07-17;XGBoost Model;ASML;8;2;-0.02806469;0;0;0;-0.02906469;-2.9647
2026-07-24;Autoencoder Model;NVDA;9;5;0.01967597;0;0;1;0.01867597;1.7851
2026-07-24;Autoencoder Model;AAPL;9;3;-0.00215970;0;0;0;-0.00315970;-0.4155
2026-07-24;Autoencoder Model;MSFT;7;1;-0.03125899;0;0;0;-0.03225899;-3.2745
2026-07-24;Autoencoder Model;ASML;9;4;0.00542706;0;0;1;0.00442706;0.3436
2026-07-24;CatBoost Model;NVDA;1;5;0.01967597;0;0;0;0.00000000;0.0000
2026-07-24;CatBoost Model;AAPL;8;3;-0.00215970;0;0;0;-0.00315970;-0.4155
2026-07-24;CatBoost Model;MSFT;0;1;-0.03125899;0;1;1;0.00000000;0.0000
2026-07-24;CatBoost Model;ASML;3;4;0.00542706;0;1;0;0.00000000;0.0000
2026-07-24;GARCH Model;NVDA;7;5;0.01967597;0;0;1;0.01867597;1.7851
2026-07-24;GARCH Model;AAPL;9;3;-0.00215970;0;0;0;-0.00315970;-0.4155
2026-07-24;GARCH Model;MSFT;9;1;-0.03125899;0;0;0;-0.03225899;-3.2745
2026-07-24;GARCH Model;ASML;8;4;0.00542706;0;0;1;0.00442706;0.3436
2026-07-24;GNN Model;NVDA;9;5;0.01967597;0;0;1;0.01867597;1.7851
2026-07-24;GNN Model;AAPL;9;3;-0.00215970;0;0;0;-0.00315970;-0.4155
2026-07-24;GNN Model;MSFT;0;1;-0.03125899;0;1;1;0.00000000;0.0000
2026-07-24;GNN Model;ASML;9;4;0.00542706;0;0;1;0.00442706;0.3436
2026-07-24;LaplaceMonteCarlo Model;NVDA;3;5;0.01967597;0;0;0;0.00000000;0.0000
2026-07-24;LaplaceMonteCarlo Model;AAPL;5;3;-0.00215970;0;0;0;-0.00315970;-0.4155
2026-07-24;LaplaceMonteCarlo Model;MSFT;2;1;-0.03125899;0;1;1;0.00000000;0.0000
2026-07-24;LaplaceMonteCarlo Model;ASML;3;4;0.00542706;0;1;0;0.00000000;0.0000
2026-07-24;LightGBM Model;NVDA;3;5;0.01967597;0;0;0;0.00000000;0.0000
2026-07-24;LightGBM Model;AAPL;8;3;-0.00215970;0;0;0;-0.00315970;-0.4155
2026-07-24;LightGBM Model;MSFT;4;1;-0.03125899;0;0;0;0.00000000;0.0000
2026-07-24;LightGBM Model;ASML;1;4;0.00542706;0;0;0;0.00000000;0.0000
2026-07-24;Markov Model;NVDA;2;5;0.01967597;0;0;0;0.00000000;0.0000
2026-07-24;Markov Model;AAPL;8;3;-0.00215970;0;0;0;-0.00315970;-0.4155
2026-07-24;Markov Model;MSFT;0;1;-0.03125899;0;1;1;0.00000000;0.0000
2026-07-24;Markov Model;ASML;2;4;0.00542706;0;0;0;0.00000000;0.0000
2026-07-24;MarkovMonteCarlo Model;NVDA;9;5;0.01967597;0;0;1;0.01867597;1.7851
2026-07-24;MarkovMonteCarlo Model;AAPL;9;3;-0.00215970;0;0;0;-0.00315970;-0.4155
2026-07-24;MarkovMonteCarlo Model;MSFT;0;1;-0.03125899;0;1;1;0.00000000;0.0000
2026-07-24;MarkovMonteCarlo Model;ASML;9;4;0.00542706;0;0;1;0.00442706;0.3436
2026-07-24;OrderStatistics Baseline;NVDA;9;5;0.01967597;0;0;1;0.01867597;1.7851
2026-07-24;OrderStatistics Baseline;AAPL;0;3;-0.00215970;0;0;1;0.00000000;0.0000
2026-07-24;OrderStatistics Baseline;MSFT;1;1;-0.03125899;1;1;1;0.00000000;0.0000
2026-07-24;OrderStatistics Baseline;ASML;2;4;0.00542706;0;0;0;0.00000000;0.0000
2026-07-24;PoissonMonteCarlo Model;NVDA;6;5;0.01967597;0;1;1;0.01867597;1.7851
2026-07-24;PoissonMonteCarlo Model;AAPL;8;3;-0.00215970;0;0;0;-0.00315970;-0.4155
2026-07-24;PoissonMonteCarlo Model;MSFT;2;1;-0.03125899;0;1;1;0.00000000;0.0000
2026-07-24;PoissonMonteCarlo Model;ASML;2;4;0.00542706;0;0;0;0.00000000;0.0000
2026-07-24;RL Position Model;NVDA;9;5;0.01967597;0;0;1;0.00000000;1.7851
2026-07-24;RL Position Model;AAPL;8;3;-0.00215970;0;0;0;-0.00157985;-0.4155
2026-07-24;RL Position Model;MSFT;0;1;-0.03125899;0;1;1;0.00000000;0.0000
2026-07-24;RL Position Model;ASML;2;4;0.00542706;0;0;0;0.00000000;0.0000
2026-07-24;Regime HMM Model;NVDA;1;5;0.01967597;0;0;0;0.00000000;0.0000
2026-07-24;Regime HMM Model;AAPL;0;3;-0.00215970;0;0;1;0.00000000;0.0000
2026-07-24;Regime HMM Model;MSFT;0;1;-0.03125899;0;1;1;0.00000000;0.0000
2026-07-24;Regime HMM Model;ASML;2;4;0.00542706;0;0;0;0.00000000;0.0000
2026-07-24;Regime HMM Single Model;NVDA;0;5;0.01967597;0;0;0;0.00000000;0.0000
2026-07-24;Regime HMM Single Model;AAPL;0;3;-0.00215970;0;0;1;0.00000000;0.0000
2026-07-24;Regime HMM Single Model;MSFT;0;1;-0.03125899;0;1;1;0.00000000;0.0000
2026-07-24;Regime HMM Single Model;ASML;0;4;0.00542706;0;0;0;0.00000000;0.0000
2026-07-24;Regime HMM ZeroMean Model;NVDA;0;5;0.01967597;0;0;0;0.00000000;0.0000
2026-07-24;Regime HMM ZeroMean Model;AAPL;0;3;-0.00215970;0;0;1;0.00000000;0.0000
2026-07-24;Regime HMM ZeroMean Model;MSFT;0;1;-0.03125899;0;1;1;0.00000000;0.0000
2026-07-24;Regime HMM ZeroMean Model;ASML;0;4;0.00542706;0;0;0;0.00000000;0.0000
2026-07-24;Transformer Model;NVDA;5;5;0.01967597;1;1;1;0.01867597;1.7851
2026-07-24;Transformer Model;AAPL;4;3;-0.00215970;0;1;0;0.00000000;0.0000
2026-07-24;Transformer Model;MSFT;6;1;-0.03125899;0;0;0;-0.03225899;-3.2745
2026-07-24;Transformer Model;ASML;5;4;0.00542706;0;1;1;0.00442706;0.3436
2026-07-24;WeightedEnsemble Model;NVDA;3;5;0.01967597;0;0;0;0.00000000;0.0000
2026-07-24;WeightedEnsemble Model;AAPL;8;3;-0.00215970;0;0;0;-0.00315970;-0.4155
2026-07-24;WeightedEnsemble Model;MSFT;0;1;-0.03125899;0;1;1;0.00000000;0.0000
2026-07-24;WeightedEnsemble Model;ASML;1;4;0.00542706;0;0;0;0.00000000;0.0000
2026-07-24;XGBoost Model;NVDA;6;5;0.01967597;0;1;1;0.01867597;1.7851
2026-07-24;XGBoost Model;AAPL;8;3;-0.00215970;0;0;0;-0.00315970;-0.4155
2026-07-24;XGBoost Model;MSFT;4;1;-0.03125899;0;0;0;0.00000000;0.0000
2026-07-24;XGBoost Model;ASML;1;4;0.00542706;0;0;0;0.00000000;0.0000
2026-07-31;Autoencoder Model;NVDA;9;2;-0.02988519;0;0;0;-0.03088519;-3.1414
2026-07-31;Autoencoder Model;AAPL;9;0;-0.07515258;0;0;0;-0.07615258;-7.4326
2026-07-31;Autoencoder Model;MSFT;7;9;0.19680011;0;0;1;0.19580011;21.5283
2026-07-31;Autoencoder Model;ASML;9;0;-0.07569270;0;0;0;-0.07669270;-7.4826
2026-07-31;CatBoost Model;NVDA;2;2;-0.02988519;1;1;1;0.00000000;0.0000
2026-07-31;CatBoost Model;AAPL;2;0;-0.07515258;0;0;1;0.00000000;0.0000
2026-07-31;CatBoost Model;MSFT;3;9;0.19680011;0;0;0;0.00000000;0.0000
2026-07-31;CatBoost Model;ASML;9;0;-0.07569270;0;0;0;-0.07669270;-7.4826
2026-07-31;GARCH Model;NVDA;3;2;-0.02988519;0;1;1;0.00000000;0.0000
2026-07-31;GARCH Model;AAPL;9;0;-0.07515258;0;0;0;-0.07615258;-7.4326
2026-07-31;GARCH Model;MSFT;9;9;0.19680011;1;1;1;0.19580011;21.5283
2026-07-31;GARCH Model;ASML;8;0;-0.07569270;0;0;0;-0.07669270;-7.4826
2026-07-31;GNN Model;NVDA;9;2;-0.02988519;0;0;0;-0.03088519;-3.1414
2026-07-31;GNN Model;AAPL;9;0;-0.07515258;0;0;0;-0.07615258;-7.4326
2026-07-31;GNN Model;MSFT;0;9;0.19680011;0;0;0;0.00000000;0.0000
2026-07-31;GNN Model;ASML;9;0;-0.07569270;0;0;0;-0.07669270;-7.4826
2026-07-31;LaplaceMonteCarlo Model;NVDA;4;2;-0.02988519;0;0;0;0.00000000;0.0000
2026-07-31;LaplaceMonteCarlo Model;AAPL;4;0;-0.07515258;0;0;0;0.00000000;0.0000
2026-07-31;LaplaceMonteCarlo Model;MSFT;3;9;0.19680011;0;0;0;0.00000000;0.0000
2026-07-31;LaplaceMonteCarlo Model;ASML;4;0;-0.07569270;0;0;0;0.00000000;0.0000
2026-07-31;LightGBM Model;NVDA;2;2;-0.02988519;1;1;1;0.00000000;0.0000
2026-07-31;LightGBM Model;AAPL;1;0;-0.07515258;0;1;1;0.00000000;0.0000
2026-07-31;LightGBM Model;MSFT;2;9;0.19680011;0;0;0;0.00000000;0.0000
2026-07-31;LightGBM Model;ASML;9;0;-0.07569270;0;0;0;-0.07669270;-7.4826
2026-07-31;Markov Model;NVDA;4;2;-0.02988519;0;0;0;0.00000000;0.0000
2026-07-31;Markov Model;AAPL;0;0;-0.07515258;1;1;1;0.00000000;0.0000
2026-07-31;Markov Model;MSFT;0;9;0.19680011;0;0;0;0.00000000;0.0000
2026-07-31;Markov Model;ASML;9;0;-0.07569270;0;0;0;-0.07669270;-7.4826
2026-07-31;MarkovMonteCarlo Model;NVDA;4;2;-0.02988519;0;0;0;0.00000000;0.0000
2026-07-31;MarkovMonteCarlo Model;AAPL;9;0;-0.07515258;0;0;0;-0.07615258;-7.4326
2026-07-31;MarkovMonteCarlo Model;MSFT;0;9;0.19680011;0;0;0;0.00000000;0.0000
2026-07-31;MarkovMonteCarlo Model;ASML;9;0;-0.07569270;0;0;0;-0.07669270;-7.4826
2026-07-31;OrderStatistics Baseline;NVDA;9;2;-0.02988519;0;0;0;-0.03088519;-3.1414
2026-07-31;OrderStatistics Baseline;AAPL;0;0;-0.07515258;1;1;1;0.00000000;0.0000
2026-07-31;OrderStatistics Baseline;MSFT;1;9;0.19680011;0;0;0;0.00000000;0.0000
2026-07-31;OrderStatistics Baseline;ASML;2;0;-0.07569270;0;0;1;0.00000000;0.0000
2026-07-31;PoissonMonteCarlo Model;NVDA;6;2;-0.02988519;0;0;0;-0.03088519;-3.1414
2026-07-31;PoissonMonteCarlo Model;AAPL;7;0;-0.07515258;0;0;0;-0.07615258;-7.4326
2026-07-31;PoissonMonteCarlo Model;MSFT;1;9;0.19680011;0;0;0;0.00000000;0.0000
2026-07-31;PoissonMonteCarlo Model;ASML;2;0;-0.07569270;0;0;1;0.00000000;0.0000
2026-07-31;RL Position Model;NVDA;2;2;-0.02988519;1;1;1;0.00000000;0.0000
2026-07-31;RL Position Model;AAPL;0;0;-0.07515258;1;1;1;0.00000000;0.0000
2026-07-31;RL Position Model;MSFT;0;9;0.19680011;0;0;0;0.00000000;0.0000
2026-07-31;RL Position Model;ASML;9;0;-0.07569270;0;0;0;-0.03834635;-7.4826
2026-07-31;Regime HMM Model;NVDA;0;2;-0.02988519;0;0;1;0.00000000;0.0000
2026-07-31;Regime HMM Model;AAPL;1;0;-0.07515258;0;1;1;0.00000000;0.0000
2026-07-31;Regime HMM Model;MSFT;0;9;0.19680011;0;0;0;0.00000000;0.0000
2026-07-31;Regime HMM Model;ASML;0;0;-0.07569270;1;1;1;0.00000000;0.0000
2026-07-31;Regime HMM Single Model;NVDA;0;2;-0.02988519;0;0;1;0.00000000;0.0000
2026-07-31;Regime HMM Single Model;AAPL;0;0;-0.07515258;1;1;1;0.00000000;0.0000
2026-07-31;Regime HMM Single Model;MSFT;0;9;0.19680011;0;0;0;0.00000000;0.0000
2026-07-31;Regime HMM Single Model;ASML;0;0;-0.07569270;1;1;1;0.00000000;0.0000
2026-07-31;Regime HMM ZeroMean Model;NVDA;0;2;-0.02988519;0;0;1;0.00000000;0.0000
2026-07-31;Regime HMM ZeroMean Model;AAPL;0;0;-0.07515258;1;1;1;0.00000000;0.0000
2026-07-31;Regime HMM ZeroMean Model;MSFT;0;9;0.19680011;0;0;0;0.00000000;0.0000
2026-07-31;Regime HMM ZeroMean Model;ASML;0;0;-0.07569270;1;1;1;0.00000000;0.0000
2026-07-31;Transformer Model;NVDA;5;2;-0.02988519;0;0;0;-0.03088519;-3.1414
2026-07-31;Transformer Model;AAPL;4;0;-0.07515258;0;0;0;0.00000000;0.0000
2026-07-31;Transformer Model;MSFT;6;9;0.19680011;0;0;1;0.19580011;21.5283
2026-07-31;Transformer Model;ASML;3;0;-0.07569270;0;0;1;0.00000000;0.0000
2026-07-31;WeightedEnsemble Model;NVDA;2;2;-0.02988519;1;1;1;0.00000000;0.0000
2026-07-31;WeightedEnsemble Model;AAPL;4;0;-0.07515258;0;0;0;0.00000000;0.0000
2026-07-31;WeightedEnsemble Model;MSFT;0;9;0.19680011;0;0;0;0.00000000;0.0000
2026-07-31;WeightedEnsemble Model;ASML;9;0;-0.07569270;0;0;0;-0.07669270;-7.4826
2026-07-31;XGBoost Model;NVDA;2;2;-0.02988519;1;1;1;0.00000000;0.0000
2026-07-31;XGBoost Model;AAPL;4;0;-0.07515258;0;0;0;0.00000000;0.0000
2026-07-31;XGBoost Model;MSFT;8;9;0.19680011;0;1;1;0.19580011;21.5283
2026-07-31;XGBoost Model;ASML;0;0;-0.07569270;1;1;1;0.00000000;0.0000
2026-08-07;Autoencoder Model;NVDA;6;9;0.10940711;0;0;1;0.10840711;11.3501
2026-08-07;Autoencoder Model;AAPL;4;6;0.01420698;0;0;1;0.00000000;0.0000
2026-08-07;Autoencoder Model;MSFT;7;9;0.07315302;0;0;1;0.07215302;7.3819
2026-08-07;Autoencoder Model;ASML;4;9;0.06648759;0;0;1;0.00000000;0.0000
2026-08-07;CatBoost Model;NVDA;9;9;0.10940711;1;1;1;0.10840711;11.3501
2026-08-07;CatBoost Model;AAPL;1;6;0.01420698;0;0;0;0.00000000;0.0000
2026-08-07;CatBoost Model;MSFT;0;9;0.07315302;0;0;0;0.00000000;0.0000
2026-08-07;CatBoost Model;ASML;9;9;0.06648759;1;1;1;0.06548759;6.6679
2026-08-07;GARCH Model;NVDA;3;9;0.10940711;0;0;0;0.00000000;0.0000
2026-08-07;GARCH Model;AAPL;9;6;0.01420698;0;0;1;0.01320698;1.2294
2026-08-07;GARCH Model;MSFT;9;9;0.07315302;1;1;1;0.07215302;7.3819
2026-08-07;GARCH Model;ASML;8;9;0.06648759;0;1;1;0.06548759;6.6679
2026-08-07;GNN Model;NVDA;9;9;0.10940711;1;1;1;0.10840711;11.3501
2026-08-07;GNN Model;AAPL;9;6;0.01420698;0;0;1;0.01320698;1.2294
2026-08-07;GNN Model;MSFT;0;9;0.07315302;0;0;0;0.00000000;0.0000
2026-08-07;GNN Model;ASML;9;9;0.06648759;1;1;1;0.06548759;6.6679
2026-08-07;LaplaceMonteCarlo Model;NVDA;3;9;0.10940711;0;0;0;0.00000000;0.0000
2026-08-07;LaplaceMonteCarlo Model;AAPL;3;6;0.01420698;0;0;0;0.00000000;0.0000
2026-08-07;LaplaceMonteCarlo Model;MSFT;4;9;0.07315302;0;0;1;0.00000000;0.0000
2026-08-07;LaplaceMonteCarlo Model;ASML;4;9;0.06648759;0;0;1;0.00000000;0.0000
2026-08-07;LightGBM Model;NVDA;9;9;0.10940711;1;1;1;0.10840711;11.3501
2026-08-07;LightGBM Model;AAPL;8;6;0.01420698;0;0;1;0.01320698;1.2294
2026-08-07;LightGBM Model;MSFT;0;9;0.07315302;0;0;0;0.00000000;0.0000
2026-08-07;LightGBM Model;ASML;0;9;0.06648759;0;0;0;0.00000000;0.0000
2026-08-07;Markov Model;NVDA;9;9;0.10940711;1;1;1;0.10840711;11.3501
2026-08-07;Markov Model;AAPL;0;6;0.01420698;0;0;0;0.00000000;0.0000
2026-08-07;Markov Model;MSFT;0;9;0.07315302;0;0;0;0.00000000;0.0000
2026-08-07;Markov Model;ASML;9;9;0.06648759;1;1;1;0.06548759;6.6679
2026-08-07;MarkovMonteCarlo Model;NVDA;9;9;0.10940711;1;1;1;0.10840711;11.3501
2026-08-07;MarkovMonteCarlo Model;AAPL;9;6;0.01420698;0;0;1;0.01320698;1.2294
2026-08-07;MarkovMonteCarlo Model;MSFT;0;9;0.07315302;0;0;0;0.00000000;0.0000
2026-08-07;MarkovMonteCarlo Model;ASML;9;9;0.06648759;1;1;1;0.06548759;6.6679
2026-08-07;OrderStatistics Baseline;NVDA;9;9;0.10940711;1;1;1;0.10840711;11.3501
2026-08-07;OrderStatistics Baseline;AAPL;0;6;0.01420698;0;0;0;0.00000000;0.0000
2026-08-07;OrderStatistics Baseline;MSFT;1;9;0.07315302;0;0;0;0.00000000;0.0000
2026-08-07;OrderStatistics Baseline;ASML;2;9;0.06648759;0;0;0;0.00000000;0.0000
2026-08-07;PoissonMonteCarlo Model;NVDA;2;9;0.10940711;0;0;0;0.00000000;0.0000
2026-08-07;PoissonMonteCarlo Model;AAPL;7;6;0.01420698;0;1;1;0.01320698;1.2294
2026-08-07;PoissonMonteCarlo Model;MSFT;0;9;0.07315302;0;0;0;0.00000000;0.0000
2026-08-07;PoissonMonteCarlo Model;ASML;2;9;0.06648759;0;0;0;0.00000000;0.0000
2026-08-07;RL Position Model;NVDA;9;9;0.10940711;1;1;1;0.05420356;11.3501
2026-08-07;RL Position Model;AAPL;0;6;0.01420698;0;0;0;0.00660349;0.0000
2026-08-07;RL Position Model;MSFT;0;9;0.07315302;0;0;0;0.00000000;0.0000
2026-08-07;RL Position Model;ASML;0;9;0.06648759;0;0;0;0.03274379;0.0000
2026-08-07;Regime HMM Model;NVDA;0;9;0.10940711;0;0;0;0.00000000;0.0000
2026-08-07;Regime HMM Model;AAPL;1;6;0.01420698;0;0;0;0.00000000;0.0000
2026-08-07;Regime HMM Model;MSFT;0;9;0.07315302;0;0;0;0.00000000;0.0000
2026-08-07;Regime HMM Model;ASML;0;9;0.06648759;0;0;0;0.00000000;0.0000
2026-08-07;Regime HMM Single Model;NVDA;0;9;0.10940711;0;0;0;0.00000000;0.0000
2026-08-07;Regime HMM Single Model;AAPL;0;6;0.01420698;0;0;0;0.00000000;0.0000
2026-08-07;Regime HMM Single Model;MSFT;0;9;0.07315302;0;0;0;0.00000000;0.0000
2026-08-07;Regime HMM Single Model;ASML;0;9;0.06648759;0;0;0;0.00000000;0.0000
2026-08-07;Regime HMM ZeroMean Model;NVDA;0;9;0.10940711;0;0;0;0.00000000;0.0000
2026-08-07;Regime HMM ZeroMean Model;AAPL;1;6;0.01420698;0;0;0;0.00000000;0.0000
2026-08-07;Regime HMM ZeroMean Model;MSFT;0;9;0.07315302;0;0;0;0.00000000;0.0000
2026-08-07;Regime HMM ZeroMean Model;ASML;0;9;0.06648759;0;0;0;0.00000000;0.0000
2026-08-07;Transformer Model;NVDA;6;9;0.10940711;0;0;1;0.10840711;11.3501
2026-08-07;Transformer Model;AAPL;4;6;0.01420698;0;0;1;0.00000000;0.0000
2026-08-07;Transformer Model;MSFT;6;9;0.07315302;0;0;1;0.07215302;7.3819
2026-08-07;Transformer Model;ASML;4;9;0.06648759;0;0;1;0.00000000;0.0000
2026-08-07;WeightedEnsemble Model;NVDA;9;9;0.10940711;1;1;1;0.10840711;11.3501
2026-08-07;WeightedEnsemble Model;AAPL;8;6;0.01420698;0;0;1;0.01320698;1.2294
2026-08-07;WeightedEnsemble Model;MSFT;0;9;0.07315302;0;0;0;0.00000000;0.0000
2026-08-07;WeightedEnsemble Model;ASML;9;9;0.06648759;1;1;1;0.06548759;6.6679
2026-08-07;XGBoost Model;NVDA;9;9;0.10940711;1;1;1;0.10840711;11.3501
2026-08-07;XGBoost Model;AAPL;8;6;0.01420698;0;0;1;0.01320698;1.2294
2026-08-07;XGBoost Model;MSFT;0;9;0.07315302;0;0;0;0.00000000;0.0000
2026-08-07;XGBoost Model;ASML;0;9;0.06648759;0;0;0;0.00000000;0.0000
2026-08-14;Autoencoder Model;NVDA;6;4;0.00534380;0;0;1;0.00434380;0.3353
2026-08-14;Autoencoder Model;AAPL;4;1;-0.02390063;0;0;0;0.00000000;0.0000
2026-08-14;Autoencoder Model;MSFT;7;3;-0.00922258;0;0;0;-0.01022258;-1.1171
2026-08-14;Autoencoder Model;ASML;4;8;0.05752659;0;0;1;0.00000000;0.0000
2026-08-14;CatBoost Model;NVDA;4;4;0.00534380;1;1;1;0.00000000;0.0000
2026-08-14;CatBoost Model;AAPL;1;1;-0.02390063;1;1;1;0.00000000;0.0000
2026-08-14;CatBoost Model;MSFT;0;3;-0.00922258;0;0;1;0.00000000;0.0000
2026-08-14;CatBoost Model;ASML;1;8;0.05752659;0;0;0;0.00000000;0.0000
2026-08-14;GARCH Model;NVDA;3;4;0.00534380;0;1;0;0.00000000;0.0000
2026-08-14;GARCH Model;AAPL;9;1;-0.02390063;0;0;0;-0.02490063;-2.5594
2026-08-14;GARCH Model;MSFT;9;3;-0.00922258;0;0;0;-0.01022258;-1.1171
2026-08-14;GARCH Model;ASML;8;8;0.05752659;1;1;1;0.05652659;5.7154
2026-08-14;GNN Model;NVDA;9;4;0.00534380;0;0;1;0.00434380;0.3353
2026-08-14;GNN Model;AAPL;9;1;-0.02390063;0;0;0;-0.02490063;-2.5594
2026-08-14;GNN Model;MSFT;0;3;-0.00922258;0;0;1;0.00000000;0.0000
2026-08-14;GNN Model;ASML;9;8;0.05752659;0;1;1;0.05652659;5.7154
2026-08-14;LaplaceMonteCarlo Model;NVDA;4;4;0.00534380;1;1;1;0.00000000;0.0000
2026-08-14;LaplaceMonteCarlo Model;AAPL;3;1;-0.02390063;0;0;1;0.00000000;0.0000
2026-08-14;LaplaceMonteCarlo Model;MSFT;5;3;-0.00922258;0;0;0;-0.01022258;-1.1171
2026-08-14;LaplaceMonteCarlo Model;ASML;4;8;0.05752659;0;0;1;0.00000000;0.0000
2026-08-14;LightGBM Model;NVDA;4;4;0.00534380;1;1;1;0.00000000;0.0000
2026-08-14;LightGBM Model;AAPL;1;1;-0.02390063;1;1;1;0.00000000;0.0000
2026-08-14;LightGBM Model;MSFT;0;3;-0.00922258;0;0;1;0.00000000;0.0000
2026-08-14;LightGBM Model;ASML;9;8;0.05752659;0;1;1;0.05652659;5.7154
2026-08-14;Markov Model;NVDA;4;4;0.00534380;1;1;1;0.00000000;0.0000
2026-08-14;Markov Model;AAPL;9;1;-0.02390063;0;0;0;-0.02490063;-2.5594
2026-08-14;Markov Model;MSFT;5;3;-0.00922258;0;0;0;-0.01022258;-1.1171
2026-08-14;Markov Model;ASML;9;8;0.05752659;0;1;1;0.05652659;5.7154
2026-08-14;MarkovMonteCarlo Model;NVDA;4;4;0.00534380;1;1;1;0.00000000;0.0000
2026-08-14;MarkovMonteCarlo Model;AAPL;9;1;-0.02390063;0;0;0;-0.02490063;-2.5594
2026-08-14;MarkovMonteCarlo Model;MSFT;5;3;-0.00922258;0;0;0;-0.01022258;-1.1171
2026-08-14;MarkovMonteCarlo Model;ASML;9;8;0.05752659;0;1;1;0.05652659;5.7154
2026-08-14;OrderStatistics Baseline;NVDA;9;4;0.00534380;0;0;1;0.00434380;0.3353
2026-08-14;OrderStatistics Baseline;AAPL;0;1;-0.02390063;0;1;1;0.00000000;0.0000
2026-08-14;OrderStatistics Baseline;MSFT;1;3;-0.00922258;0;0;1;0.00000000;0.0000
2026-08-14;OrderStatistics Baseline;ASML;2;8;0.05752659;0;0;0;0.00000000;0.0000
2026-08-14;PoissonMonteCarlo Model;NVDA;2;4;0.00534380;0;0;0;0.00000000;0.0000
2026-08-14;PoissonMonteCarlo Model;AAPL;8;1;-0.02390063;0;0;0;-0.02490063;-2.5594
2026-08-14;PoissonMonteCarlo Model;MSFT;2;3;-0.00922258;0;1;1;0.00000000;0.0000
2026-08-14;PoissonMonteCarlo Model;ASML;2;8;0.05752659;0;0;0;0.00000000;0.0000
2026-08-14;RL Position Model;NVDA;4;4;0.00534380;1;1;1;0.00000000;0.0000
2026-08-14;RL Position Model;AAPL;9;1;-0.02390063;0;0;0;0.00000000;-2.5594
2026-08-14;RL Position Model;MSFT;0;3;-0.00922258;0;0;1;0.00000000;0.0000
2026-08-14;RL Position Model;ASML;9;8;0.05752659;0;1;1;0.02826330;5.7154
2026-08-14;Regime HMM Model;NVDA;0;4;0.00534380;0;0;0;0.00000000;0.0000
2026-08-14;Regime HMM Model;AAPL;0;1;-0.02390063;0;1;1;0.00000000;0.0000
2026-08-14;Regime HMM Model;MSFT;0;3;-0.00922258;0;0;1;0.00000000;0.0000
2026-08-14;Regime HMM Model;ASML;0;8;0.05752659;0;0;0;0.00000000;0.0000
2026-08-14;Regime HMM Single Model;NVDA;1;4;0.00534380;0;0;0;0.00000000;0.0000
2026-08-14;Regime HMM Single Model;AAPL;0;1;-0.02390063;0;1;1;0.00000000;0.0000
2026-08-14;Regime HMM Single Model;MSFT;0;3;-0.00922258;0;0;1;0.00000000;0.0000
2026-08-14;Regime HMM Single Model;ASML;0;8;0.05752659;0;0;0;0.00000000;0.0000
2026-08-14;Regime HMM ZeroMean Model;NVDA;0;4;0.00534380;0;0;0;0.00000000;0.0000
2026-08-14;Regime HMM ZeroMean Model;AAPL;0;1;-0.02390063;0;1;1;0.00000000;0.0000
2026-08-14;Regime HMM ZeroMean Model;MSFT;0;3;-0.00922258;0;0;1;0.00000000;0.0000
2026-08-14;Regime HMM ZeroMean Model;ASML;0;8;0.05752659;0;0;0;0.00000000;0.0000
2026-08-14;Transformer Model;NVDA;9;4;0.00534380;0;0;1;0.00434380;0.3353
2026-08-14;Transformer Model;AAPL;9;1;-0.02390063;0;0;0;-0.02490063;-2.5594
2026-08-14;Transformer Model;MSFT;6;3;-0.00922258;0;0;0;-0.01022258;-1.1171
2026-08-14;Transformer Model;ASML;4;8;0.05752659;0;0;1;0.00000000;0.0000
2026-08-14;WeightedEnsemble Model;NVDA;4;4;0.00534380;1;1;1;0.00000000;0.0000
2026-08-14;WeightedEnsemble Model;AAPL;1;1;-0.02390063;1;1;1;0.00000000;0.0000
2026-08-14;WeightedEnsemble Model;MSFT;0;3;-0.00922258;0;0;1;0.00000000;0.0000
2026-08-14;WeightedEnsemble Model;ASML;9;8;0.05752659;0;1;1;0.05652659;5.7154
2026-08-14;XGBoost Model;NVDA;0;4;0.00534380;0;0;0;0.00000000;0.0000
2026-08-14;XGBoost Model;AAPL;1;1;-0.02390063;1;1;1;0.00000000;0.0000
2026-08-14;XGBoost Model;MSFT;0;3;-0.00922258;0;0;1;0.00000000;0.0000
2026-08-14;XGBoost Model;ASML;6;8;0.05752659;0;0;1;0.05652659;5.7154
2026-08-21;Autoencoder Model;NVDA;6;1;-0.04747641;0;0;0;-0.04847641;-4.8321
2026-08-21;Autoencoder Model;AAPL;4;5;0.01111700;0;1;1;0.00000000;0.0000
2026-08-21;Autoencoder Model;MSFT;7;1;-0.02485209;0;0;0;-0.02585209;-2.6521
2026-08-21;Autoencoder Model;ASML;4;1;-0.04453261;0;0;0;0.00000000;0.0000
2026-08-21;CatBoost Model;NVDA;1;1;-0.04747641;1;1;1;0.00000000;0.0000
2026-08-21;CatBoost Model;AAPL;7;5;0.01111700;0;0;1;0.01011700;0.9168
2026-08-21;CatBoost Model;MSFT;0;1;-0.02485209;0;1;1;0.00000000;0.0000
2026-08-21;CatBoost Model;ASML;2;1;-0.04453261;0;1;1;0.00000000;0.0000
2026-08-21;GARCH Model;NVDA;7;1;-0.04747641;0;0;0;-0.04847641;-4.8321
2026-08-21;GARCH Model;AAPL;9;5;0.01111700;0;0;1;0.01011700;0.9168
2026-08-21;GARCH Model;MSFT;9;1;-0.02485209;0;0;0;-0.02585209;-2.6521
2026-08-21;GARCH Model;ASML;8;1;-0.04453261;0;0;0;-0.04553261;-4.5512
2026-08-21;GNN Model;NVDA;9;1;-0.04747641;0;0;0;-0.04847641;-4.8321
2026-08-21;GNN Model;AAPL;9;5;0.01111700;0;0;1;0.01011700;0.9168
2026-08-21;GNN Model;MSFT;0;1;-0.02485209;0;1;1;0.00000000;0.0000
2026-08-21;GNN Model;ASML;9;1;-0.04453261;0;0;0;-0.04553261;-4.5512
2026-08-21;LaplaceMonteCarlo Model;NVDA;4;1;-0.04747641;0;0;0;0.00000000;0.0000
2026-08-21;LaplaceMonteCarlo Model;AAPL;5;5;0.01111700;1;1;1;0.01011700;0.9168
2026-08-21;LaplaceMonteCarlo Model;MSFT;3;1;-0.02485209;0;0;1;0.00000000;0.0000
2026-08-21;LaplaceMonteCarlo Model;ASML;3;1;-0.04453261;0;0;1;0.00000000;0.0000
2026-08-21;LightGBM Model;NVDA;8;1;-0.04747641;0;0;0;-0.04847641;-4.8321
2026-08-21;LightGBM Model;AAPL;4;5;0.01111700;0;1;1;0.00000000;0.0000
2026-08-21;LightGBM Model;MSFT;0;1;-0.02485209;0;1;1;0.00000000;0.0000
2026-08-21;LightGBM Model;ASML;2;1;-0.04453261;0;1;1;0.00000000;0.0000
2026-08-21;Markov Model;NVDA;2;1;-0.04747641;0;1;1;0.00000000;0.0000
2026-08-21;Markov Model;AAPL;0;5;0.01111700;0;0;0;0.00000000;0.0000
2026-08-21;Markov Model;MSFT;5;1;-0.02485209;0;0;0;-0.02585209;-2.6521
2026-08-21;Markov Model;ASML;7;1;-0.04453261;0;0;0;-0.04553261;-4.5512
2026-08-21;MarkovMonteCarlo Model;NVDA;9;1;-0.04747641;0;0;0;-0.04847641;-4.8321
2026-08-21;MarkovMonteCarlo Model;AAPL;9;5;0.01111700;0;0;1;0.01011700;0.9168
2026-08-21;MarkovMonteCarlo Model;MSFT;5;1;-0.02485209;0;0;0;-0.02585209;-2.6521
2026-08-21;MarkovMonteCarlo Model;ASML;7;1;-0.04453261;0;0;0;-0.04553261;-4.5512
2026-08-21;OrderStatistics Baseline;NVDA;9;1;-0.04747641;0;0;0;-0.04847641;-4.8321
2026-08-21;OrderStatistics Baseline;AAPL;0;5;0.01111700;0;0;0;0.00000000;0.0000
2026-08-21;OrderStatistics Baseline;MSFT;1;1;-0.02485209;1;1;1;0.00000000;0.0000
2026-08-21;OrderStatistics Baseline;ASML;2;1;-0.04453261;0;1;1;0.00000000;0.0000
2026-08-21;PoissonMonteCarlo Model;NVDA;6;1;-0.04747641;0;0;0;-0.04847641;-4.8321
2026-08-21;PoissonMonteCarlo Model;AAPL;0;5;0.01111700;0;0;0;0.00000000;0.0000
2026-08-21;PoissonMonteCarlo Model;MSFT;2;1;-0.02485209;0;1;1;0.00000000;0.0000
2026-08-21;PoissonMonteCarlo Model;ASML;2;1;-0.04453261;0;1;1;0.00000000;0.0000
2026-08-21;RL Position Model;NVDA;9;1;-0.04747641;0;0;0;-0.02423820;-4.8321
2026-08-21;RL Position Model;AAPL;0;5;0.01111700;0;0;0;0.00000000;0.0000
2026-08-21;RL Position Model;MSFT;0;1;-0.02485209;0;1;1;0.00000000;0.0000
2026-08-21;RL Position Model;ASML;2;1;-0.04453261;0;1;1;0.00000000;0.0000
2026-08-21;Regime HMM Model;NVDA;9;1;-0.04747641;0;0;0;-0.04847641;-4.8321
2026-08-21;Regime HMM Model;AAPL;0;5;0.01111700;0;0;0;0.00000000;0.0000
2026-08-21;Regime HMM Model;MSFT;9;1;-0.02485209;0;0;0;-0.02585209;-2.6521
2026-08-21;Regime HMM Model;ASML;8;1;-0.04453261;0;0;0;-0.04553261;-4.5512
2026-08-21;Regime HMM Single Model;NVDA;9;1;-0.04747641;0;0;0;-0.04847641;-4.8321
2026-08-21;Regime HMM Single Model;AAPL;0;5;0.01111700;0;0;0;0.00000000;0.0000
2026-08-21;Regime HMM Single Model;MSFT;0;1;-0.02485209;0;1;1;0.00000000;0.0000
2026-08-21;Regime HMM Single Model;ASML;0;1;-0.04453261;0;1;1;0.00000000;0.0000
2026-08-21;Regime HMM ZeroMean Model;NVDA;1;1;-0.04747641;1;1;1;0.00000000;0.0000
2026-08-21;Regime HMM ZeroMean Model;AAPL;0;5;0.01111700;0;0;0;0.00000000;0.0000
2026-08-21;Regime HMM ZeroMean Model;MSFT;0;1;-0.02485209;0;1;1;0.00000000;0.0000
2026-08-21;Regime HMM ZeroMean Model;ASML;0;1;-0.04453261;0;1;1;0.00000000;0.0000
2026-08-21;Transformer Model;NVDA;9;1;-0.04747641;0;0;0;-0.04847641;-4.8321
2026-08-21;Transformer Model;AAPL;9;5;0.01111700;0;0;1;0.01011700;0.9168
2026-08-21;Transformer Model;MSFT;3;1;-0.02485209;0;0;1;0.00000000;0.0000
2026-08-21;Transformer Model;ASML;4;1;-0.04453261;0;0;0;0.00000000;0.0000
2026-08-21;WeightedEnsemble Model;NVDA;1;1;-0.04747641;1;1;1;0.00000000;0.0000
2026-08-21;WeightedEnsemble Model;AAPL;0;5;0.01111700;0;0;0;0.00000000;0.0000
2026-08-21;WeightedEnsemble Model;MSFT;0;1;-0.02485209;0;1;1;0.00000000;0.0000
2026-08-21;WeightedEnsemble Model;ASML;2;1;-0.04453261;0;1;1;0.00000000;0.0000
2026-08-21;XGBoost Model;NVDA;7;1;-0.04747641;0;0;0;-0.04847641;-4.8321
2026-08-21;XGBoost Model;AAPL;4;5;0.01111700;0;1;1;0.00000000;0.0000
2026-08-21;XGBoost Model;MSFT;0;1;-0.02485209;0;1;1;0.00000000;0.0000
2026-08-21;XGBoost Model;ASML;2;1;-0.04453261;0;1;1;0.00000000;0.0000
2026-08-28;Autoencoder Model;NVDA;2;5;0.01309386;0;0;0;0.00000000;0.0000
2026-08-28;Autoencoder Model;AAPL;4;8;0.03290973;0;0;1;0.00000000;0.0000
2026-08-28;Autoencoder Model;MSFT;7;9;0.06079503;0;0;1;0.05979503;6.0618
2026-08-28;Autoencoder Model;ASML;5;1;-0.03908102;0;0;0;-0.04008102;-4.0289
2026-08-28;CatBoost Model;NVDA;6;5;0.01309386;0;1;1;0.01209386;1.1167
2026-08-28;CatBoost Model;AAPL;2;8;0.03290973;0;0;0;0.00000000;0.0000
2026-08-28;CatBoost Model;MSFT;0;9;0.06079503;0;0;0;0.00000000;0.0000
2026-08-28;CatBoost Model;ASML;9;1;-0.03908102;0;0;0;-0.04008102;-4.0289
2026-08-28;GARCH Model;NVDA;7;5;0.01309386;0;0;1;0.01209386;1.1167
2026-08-28;GARCH Model;AAPL;9;8;0.03290973;0;1;1;0.03190973;3.1424
2026-08-28;GARCH Model;MSFT;9;9;0.06079503;1;1;1;0.05979503;6.0618
2026-08-28;GARCH Model;ASML;8;1;-0.03908102;0;0;0;-0.04008102;-4.0289
2026-08-28;GNN Model;NVDA;9;5;0.01309386;0;0;1;0.01209386;1.1167
2026-08-28;GNN Model;AAPL;9;8;0.03290973;0;1;1;0.03190973;3.1424
2026-08-28;GNN Model;MSFT;0;9;0.06079503;0;0;0;0.00000000;0.0000
2026-08-28;GNN Model;ASML;9;1;-0.03908102;0;0;0;-0.04008102;-4.0289
2026-08-28;LaplaceMonteCarlo Model;NVDA;4;5;0.01309386;0;1;1;0.00000000;0.0000
2026-08-28;LaplaceMonteCarlo Model;AAPL;5;8;0.03290973;0;0;1;0.03190973;3.1424
2026-08-28;LaplaceMonteCarlo Model;MSFT;3;9;0.06079503;0;0;0;0.00000000;0.0000
2026-08-28;LaplaceMonteCarlo Model;ASML;4;1;-0.03908102;0;0;0;0.00000000;0.0000
2026-08-28;LightGBM Model;NVDA;6;5;0.01309386;0;1;1;0.01209386;1.1167
2026-08-28;LightGBM Model;AAPL;2;8;0.03290973;0;0;0;0.00000000;0.0000
2026-08-28;LightGBM Model;MSFT;7;9;0.06079503;0;0;1;0.05979503;6.0618
2026-08-28;LightGBM Model;ASML;2;1;-0.03908102;0;1;1;0.00000000;0.0000
2026-08-28;Markov Model;NVDA;2;5;0.01309386;0;0;0;0.00000000;0.0000
2026-08-28;Markov Model;AAPL;1;8;0.03290973;0;0;0;0.00000000;0.0000
2026-08-28;Markov Model;MSFT;0;9;0.06079503;0;0;0;0.00000000;0.0000
2026-08-28;Markov Model;ASML;0;1;-0.03908102;0;1;1;0.00000000;0.0000
2026-08-28;MarkovMonteCarlo Model;NVDA;9;5;0.01309386;0;0;1;0.01209386;1.1167
2026-08-28;MarkovMonteCarlo Model;AAPL;1;8;0.03290973;0;0;0;0.00000000;0.0000
2026-08-28;MarkovMonteCarlo Model;MSFT;0;9;0.06079503;0;0;0;0.00000000;0.0000
2026-08-28;MarkovMonteCarlo Model;ASML;9;1;-0.03908102;0;0;0;-0.04008102;-4.0289
2026-08-28;OrderStatistics Baseline;NVDA;9;5;0.01309386;0;0;1;0.01209386;1.1167
2026-08-28;OrderStatistics Baseline;AAPL;0;8;0.03290973;0;0;0;0.00000000;0.0000
2026-08-28;OrderStatistics Baseline;MSFT;1;9;0.06079503;0;0;0;0.00000000;0.0000
2026-08-28;OrderStatistics Baseline;ASML;2;1;-0.03908102;0;1;1;0.00000000;0.0000
2026-08-28;PoissonMonteCarlo Model;NVDA;2;5;0.01309386;0;0;0;0.00000000;0.0000
2026-08-28;PoissonMonteCarlo Model;AAPL;7;8;0.03290973;0;1;1;0.03190973;3.1424
2026-08-28;PoissonMonteCarlo Model;MSFT;0;9;0.06079503;0;0;0;0.00000000;0.0000
2026-08-28;PoissonMonteCarlo Model;ASML;2;1;-0.03908102;0;1;1;0.00000000;0.0000
2026-08-28;RL Position Model;NVDA;9;5;0.01309386;0;0;1;0.00604693;1.1167
2026-08-28;RL Position Model;AAPL;2;8;0.03290973;0;0;0;0.00000000;0.0000
2026-08-28;RL Position Model;MSFT;0;9;0.06079503;0;0;0;0.00000000;0.0000
2026-08-28;RL Position Model;ASML;9;1;-0.03908102;0;0;0;-0.02004051;-4.0289
2026-08-28;Regime HMM Model;NVDA;9;5;0.01309386;0;0;1;0.01209386;1.1167
2026-08-28;Regime HMM Model;AAPL;0;8;0.03290973;0;0;0;0.00000000;0.0000
2026-08-28;Regime HMM Model;MSFT;8;9;0.06079503;0;1;1;0.05979503;6.0618
2026-08-28;Regime HMM Model;ASML;8;1;-0.03908102;0;0;0;-0.04008102;-4.0289
2026-08-28;Regime HMM Single Model;NVDA;9;5;0.01309386;0;0;1;0.01209386;1.1167
2026-08-28;Regime HMM Single Model;AAPL;0;8;0.03290973;0;0;0;0.00000000;0.0000
2026-08-28;Regime HMM Single Model;MSFT;0;9;0.06079503;0;0;0;0.00000000;0.0000
2026-08-28;Regime HMM Single Model;ASML;0;1;-0.03908102;0;1;1;0.00000000;0.0000
2026-08-28;Regime HMM ZeroMean Model;NVDA;1;5;0.01309386;0;0;0;0.00000000;0.0000
2026-08-28;Regime HMM ZeroMean Model;AAPL;0;8;0.03290973;0;0;0;0.00000000;0.0000
2026-08-28;Regime HMM ZeroMean Model;MSFT;0;9;0.06079503;0;0;0;0.00000000;0.0000
2026-08-28;Regime HMM ZeroMean Model;ASML;0;1;-0.03908102;0;1;1;0.00000000;0.0000
2026-08-28;Transformer Model;NVDA;9;5;0.01309386;0;0;1;0.01209386;1.1167
2026-08-28;Transformer Model;AAPL;2;8;0.03290973;0;0;0;0.00000000;0.0000
2026-08-28;Transformer Model;MSFT;4;9;0.06079503;0;0;1;0.00000000;0.0000
2026-08-28;Transformer Model;ASML;9;1;-0.03908102;0;0;0;-0.04008102;-4.0289
2026-08-28;WeightedEnsemble Model;NVDA;6;5;0.01309386;0;1;1;0.01209386;1.1167
2026-08-28;WeightedEnsemble Model;AAPL;2;8;0.03290973;0;0;0;0.00000000;0.0000
2026-08-28;WeightedEnsemble Model;MSFT;0;9;0.06079503;0;0;0;0.00000000;0.0000
2026-08-28;WeightedEnsemble Model;ASML;9;1;-0.03908102;0;0;0;-0.04008102;-4.0289
2026-08-28;XGBoost Model;NVDA;6;5;0.01309386;0;1;1;0.01209386;1.1167
2026-08-28;XGBoost Model;AAPL;2;8;0.03290973;0;0;0;0.00000000;0.0000
2026-08-28;XGBoost Model;MSFT;6;9;0.06079503;0;0;1;0.05979503;6.0618
2026-08-28;XGBoost Model;ASML;9;1;-0.03908102;0;0;0;-0.04008102;-4.0289
2026-09-04;Autoencoder Model;NVDA;2;8;0.05721459;0;0;0;0.00000000;0.0000
2026-09-04;Autoencoder Model;AAPL;4;4;0.00084419;1;1;1;0.00000000;0.0000
2026-09-04;Autoencoder Model;MSFT;7;1;-0.02730053;0;0;0;-0.02830053;-2.8904
2026-09-04;Autoencoder Model;ASML;5;5;0.01097623;1;1;1;0.00997623;0.9026
2026-09-04;CatBoost Model;NVDA;8;8;0.05721459;1;1;1;0.05621459;5.6824
2026-09-04;CatBoost Model;AAPL;0;4;0.00084419;0;0;0;0.00000000;0.0000
2026-09-04;CatBoost Model;MSFT;0;1;-0.02730053;0;1;1;0.00000000;0.0000
2026-09-04;CatBoost Model;ASML;3;5;0.01097623;0;0;0;0.00000000;0.0000
2026-09-04;GARCH Model;NVDA;3;8;0.05721459;0;0;0;0.00000000;0.0000
2026-09-04;GARCH Model;AAPL;9;4;0.00084419;0;0;1;-0.00015581;-0.1156
2026-09-04;GARCH Model;MSFT;9;1;-0.02730053;0;0;0;-0.02830053;-2.8904
2026-09-04;GARCH Model;ASML;8;5;0.01097623;0;0;1;0.00997623;0.9026
2026-09-04;GNN Model;NVDA;9;8;0.05721459;0;1;1;0.05621459;5.6824
2026-09-04;GNN Model;AAPL;9;4;0.00084419;0;0;1;-0.00015581;-0.1156
2026-09-04;GNN Model;MSFT;0;1;-0.02730053;0;1;1;0.00000000;0.0000
2026-09-04;GNN Model;ASML;9;5;0.01097623;0;0;1;0.00997623;0.9026
2026-09-04;LaplaceMonteCarlo Model;NVDA;3;8;0.05721459;0;0;0;0.00000000;0.0000
2026-09-04;LaplaceMonteCarlo Model;AAPL;5;4;0.00084419;0;1;1;-0.00015581;-0.1156
2026-09-04;LaplaceMonteCarlo Model;MSFT;2;1;-0.02730053;0;1;1;0.00000000;0.0000
2026-09-04;LaplaceMonteCarlo Model;ASML;4;5;0.01097623;0;1;1;0.00000000;0.0000
2026-09-04;LightGBM Model;NVDA;8;8;0.05721459;1;1;1;0.05621459;5.6824
2026-09-04;LightGBM Model;AAPL;2;4;0.00084419;0;0;0;0.00000000;0.0000
2026-09-04;LightGBM Model;MSFT;1;1;-0.02730053;1;1;1;0.00000000;0.0000
2026-09-04;LightGBM Model;ASML;2;5;0.01097623;0;0;0;0.00000000;0.0000
2026-09-04;Markov Model;NVDA;2;8;0.05721459;0;0;0;0.00000000;0.0000
2026-09-04;Markov Model;AAPL;1;4;0.00084419;0;0;0;0.00000000;0.0000
2026-09-04;Markov Model;MSFT;0;1;-0.02730053;0;1;1;0.00000000;0.0000
2026-09-04;Markov Model;ASML;9;5;0.01097623;0;0;1;0.00997623;0.9026
2026-09-04;MarkovMonteCarlo Model;NVDA;2;8;0.05721459;0;0;0;0.00000000;0.0000
2026-09-04;MarkovMonteCarlo Model;AAPL;9;4;0.00084419;0;0;1;-0.00015581;-0.1156
2026-09-04;MarkovMonteCarlo Model;MSFT;0;1;-0.02730053;0;1;1;0.00000000;0.0000
2026-09-04;MarkovMonteCarlo Model;ASML;9;5;0.01097623;0;0;1;0.00997623;0.9026
2026-09-04;OrderStatistics Baseline;NVDA;9;8;0.05721459;0;1;1;0.05621459;5.6824
2026-09-04;OrderStatistics Baseline;AAPL;0;4;0.00084419;0;0;0;0.00000000;0.0000
2026-09-04;OrderStatistics Baseline;MSFT;1;1;-0.02730053;1;1;1;0.00000000;0.0000
2026-09-04;OrderStatistics Baseline;ASML;2;5;0.01097623;0;0;0;0.00000000;0.0000
2026-09-04;PoissonMonteCarlo Model;NVDA;4;8;0.05721459;0;0;1;0.00000000;0.0000
2026-09-04;PoissonMonteCarlo Model;AAPL;3;4;0.00084419;0;1;0;0.00000000;0.0000
2026-09-04;PoissonMonteCarlo Model;MSFT;2;1;-0.02730053;0;1;1;0.00000000;0.0000
2026-09-04;PoissonMonteCarlo Model;ASML;2;5;0.01097623;0;0;0;0.00000000;0.0000
2026-09-04;RL Position Model;NVDA;2;8;0.05721459;0;0;0;0.00000000;0.0000
2026-09-04;RL Position Model;AAPL;0;4;0.00084419;0;0;0;0.00000000;0.0000
2026-09-04;RL Position Model;MSFT;0;1;-0.02730053;0;1;1;0.00000000;0.0000
2026-09-04;RL Position Model;ASML;2;5;0.01097623;0;0;0;0.00000000;0.0000
2026-09-04;Regime HMM Model;NVDA;9;8;0.05721459;0;1;1;0.05621459;5.6824
2026-09-04;Regime HMM Model;AAPL;0;4;0.00084419;0;0;0;0.00000000;0.0000
2026-09-04;Regime HMM Model;MSFT;0;1;-0.02730053;0;1;1;0.00000000;0.0000
2026-09-04;Regime HMM Model;ASML;2;5;0.01097623;0;0;0;0.00000000;0.0000
2026-09-04;Regime HMM Single Model;NVDA;9;8;0.05721459;0;1;1;0.05621459;5.6824
2026-09-04;Regime HMM Single Model;AAPL;0;4;0.00084419;0;0;0;0.00000000;0.0000
2026-09-04;Regime HMM Single Model;MSFT;0;1;-0.02730053;0;1;1;0.00000000;0.0000
2026-09-04;Regime HMM Single Model;ASML;0;5;0.01097623;0;0;0;0.00000000;0.0000
2026-09-04;Regime HMM ZeroMean Model;NVDA;1;8;0.05721459;0;0;0;0.00000000;0.0000
2026-09-04;Regime HMM ZeroMean Model;AAPL;0;4;0.00084419;0;0;0;0.00000000;0.0000
2026-09-04;Regime HMM ZeroMean Model;MSFT;0;1;-0.02730053;0;1;1;0.00000000;0.0000
2026-09-04;Regime HMM ZeroMean Model;ASML;0;5;0.01097623;0;0;0;0.00000000;0.0000
2026-09-04;Transformer Model;NVDA;8;8;0.05721459;1;1;1;0.05621459;5.6824
2026-09-04;Transformer Model;AAPL;2;4;0.00084419;0;0;0;0.00000000;0.0000
2026-09-04;Transformer Model;MSFT;9;1;-0.02730053;0;0;0;-0.02830053;-2.8904
2026-09-04;Transformer Model;ASML;9;5;0.01097623;0;0;1;0.00997623;0.9026
2026-09-04;WeightedEnsemble Model;NVDA;2;8;0.05721459;0;0;0;0.00000000;0.0000
2026-09-04;WeightedEnsemble Model;AAPL;2;4;0.00084419;0;0;0;0.00000000;0.0000
2026-09-04;WeightedEnsemble Model;MSFT;0;1;-0.02730053;0;1;1;0.00000000;0.0000
2026-09-04;WeightedEnsemble Model;ASML;2;5;0.01097623;0;0;0;0.00000000;0.0000
2026-09-04;XGBoost Model;NVDA;2;8;0.05721459;0;0;0;0.00000000;0.0000
2026-09-04;XGBoost Model;AAPL;2;4;0.00084419;0;0;0;0.00000000;0.0000
2026-09-04;XGBoost Model;MSFT;1;1;-0.02730053;1;1;1;0.00000000;0.0000
2026-09-04;XGBoost Model;ASML;7;5;0.01097623;0;0;1;0.00997623;0.9026
2026-09-11;Autoencoder Model;NVDA;2;1;-0.05381885;0;1;1;0.00000000;0.0000
2026-09-11;Autoencoder Model;AAPL;4;8;0.03772065;0;0;1;0.00000000;0.0000
2026-09-11;Autoencoder Model;MSFT;7;3;-0.00817824;0;0;0;-0.00917824;-1.0137
2026-09-11;Autoencoder Model;ASML;5;3;-0.00971536;0;0;0;-0.01071536;-1.1659
2026-09-11;CatBoost Model;NVDA;6;1;-0.05381885;0;0;0;-0.05481885;-5.4344
2026-09-11;CatBoost Model;AAPL;9;8;0.03772065;0;1;1;0.03672065;3.6403
2026-09-11;CatBoost Model;MSFT;1;3;-0.00817824;0;0;1;0.00000000;0.0000
2026-09-11;CatBoost Model;ASML;5;3;-0.00971536;0;0;0;-0.01071536;-1.1659
2026-09-11;GARCH Model;NVDA;3;1;-0.05381885;0;0;1;0.00000000;0.0000
2026-09-11;GARCH Model;AAPL;2;8;0.03772065;0;0;0;0.00000000;0.0000
2026-09-11;GARCH Model;MSFT;9;3;-0.00817824;0;0;0;-0.00917824;-1.0137
2026-09-11;GARCH Model;ASML;2;3;-0.00971536;0;1;1;0.00000000;0.0000
2026-09-11;GNN Model;NVDA;9;1;-0.05381885;0;0;0;-0.05481885;-5.4344
2026-09-11;GNN Model;AAPL;9;8;0.03772065;0;1;1;0.03672065;3.6403
2026-09-11;GNN Model;MSFT;0;3;-0.00817824;0;0;1;0.00000000;0.0000
2026-09-11;GNN Model;ASML;9;3;-0.00971536;0;0;0;-0.01071536;-1.1659
2026-09-11;LaplaceMonteCarlo Model;NVDA;5;1;-0.05381885;0;0;0;-0.05481885;-5.4344
2026-09-11;LaplaceMonteCarlo Model;AAPL;5;8;0.03772065;0;0;1;0.03672065;3.6403
2026-09-11;LaplaceMonteCarlo Model;MSFT;5;3;-0.00817824;0;0;0;-0.00917824;-1.0137
2026-09-11;LaplaceMonteCarlo Model;ASML;3;3;-0.00971536;1;1;1;0.00000000;0.0000
2026-09-11;LightGBM Model;NVDA;0;1;-0.05381885;0;1;1;0.00000000;0.0000
2026-09-11;LightGBM Model;AAPL;9;8;0.03772065;0;1;1;0.03672065;3.6403
2026-09-11;LightGBM Model;MSFT;9;3;-0.00817824;0;0;0;-0.00917824;-1.0137
2026-09-11;LightGBM Model;ASML;9;3;-0.00971536;0;0;0;-0.01071536;-1.1659
2026-09-11;Markov Model;NVDA;8;1;-0.05381885;0;0;0;-0.05481885;-5.4344
2026-09-11;Markov Model;AAPL;9;8;0.03772065;0;1;1;0.03672065;3.6403
2026-09-11;Markov Model;MSFT;5;3;-0.00817824;0;0;0;-0.00917824;-1.0137
2026-09-11;Markov Model;ASML;9;3;-0.00971536;0;0;0;-0.01071536;-1.1659
2026-09-11;MarkovMonteCarlo Model;NVDA;9;1;-0.05381885;0;0;0;-0.05481885;-5.4344
2026-09-11;MarkovMonteCarlo Model;AAPL;9;8;0.03772065;0;1;1;0.03672065;3.6403
2026-09-11;MarkovMonteCarlo Model;MSFT;5;3;-0.00817824;0;0;0;-0.00917824;-1.0137
2026-09-11;MarkovMonteCarlo Model;ASML;9;3;-0.00971536;0;0;0;-0.01071536;-1.1659
2026-09-11;OrderStatistics Baseline;NVDA;9;1;-0.05381885;0;0;0;-0.05481885;-5.4344
2026-09-11;OrderStatistics Baseline;AAPL;0;8;0.03772065;0;0;0;0.00000000;0.0000
2026-09-11;OrderStatistics Baseline;MSFT;1;3;-0.00817824;0;0;1;0.00000000;0.0000
2026-09-11;OrderStatistics Baseline;ASML;2;3;-0.00971536;0;1;1;0.00000000;0.0000
2026-09-11;PoissonMonteCarlo Model;NVDA;4;1;-0.05381885;0;0;0;0.00000000;0.0000
2026-09-11;PoissonMonteCarlo Model;AAPL;8;8;0.03772065;1;1;1;0.03672065;3.6403
2026-09-11;PoissonMonteCarlo Model;MSFT;0;3;-0.00817824;0;0;1;0.00000000;0.0000
2026-09-11;PoissonMonteCarlo Model;ASML;9;3;-0.00971536;0;0;0;-0.01071536;-1.1659
2026-09-11;RL Position Model;NVDA;0;1;-0.05381885;0;1;1;0.00000000;0.0000
2026-09-11;RL Position Model;AAPL;9;8;0.03772065;0;1;1;0.01836033;3.6403
2026-09-11;RL Position Model;MSFT;5;3;-0.00817824;0;0;0;-0.00458912;-1.0137
2026-09-11;RL Position Model;ASML;9;3;-0.00971536;0;0;0;-0.00535768;-1.1659
2026-09-11;Regime HMM Model;NVDA;7;1;-0.05381885;0;0;0;-0.05481885;-5.4344
2026-09-11;Regime HMM Model;AAPL;0;8;0.03772065;0;0;0;0.00000000;0.0000
2026-09-11;Regime HMM Model;MSFT;9;3;-0.00817824;0;0;0;-0.00917824;-1.0137
2026-09-11;Regime HMM Model;ASML;2;3;-0.00971536;0;1;1;0.00000000;0.0000
2026-09-11;Regime HMM Single Model;NVDA;1;1;-0.05381885;1;1;1;0.00000000;0.0000
2026-09-11;Regime HMM Single Model;AAPL;0;8;0.03772065;0;0;0;0.00000000;0.0000
2026-09-11;Regime HMM Single Model;MSFT;0;3;-0.00817824;0;0;1;0.00000000;0.0000
2026-09-11;Regime HMM Single Model;ASML;0;3;-0.00971536;0;0;1;0.00000000;0.0000
2026-09-11;Regime HMM ZeroMean Model;NVDA;1;1;-0.05381885;1;1;1;0.00000000;0.0000
2026-09-11;Regime HMM ZeroMean Model;AAPL;0;8;0.03772065;0;0;0;0.00000000;0.0000
2026-09-11;Regime HMM ZeroMean Model;MSFT;0;3;-0.00817824;0;0;1;0.00000000;0.0000
2026-09-11;Regime HMM ZeroMean Model;ASML;0;3;-0.00971536;0;0;1;0.00000000;0.0000
2026-09-11;Transformer Model;NVDA;8;1;-0.05381885;0;0;0;-0.05481885;-5.4344
2026-09-11;Transformer Model;AAPL;3;8;0.03772065;0;0;0;0.00000000;0.0000
2026-09-11;Transformer Model;MSFT;5;3;-0.00817824;0;0;0;-0.00917824;-1.0137
2026-09-11;Transformer Model;ASML;5;3;-0.00971536;0;0;0;-0.01071536;-1.1659
2026-09-11;WeightedEnsemble Model;NVDA;0;1;-0.05381885;0;1;1;0.00000000;0.0000
2026-09-11;WeightedEnsemble Model;AAPL;9;8;0.03772065;0;1;1;0.03672065;3.6403
2026-09-11;WeightedEnsemble Model;MSFT;5;3;-0.00817824;0;0;0;-0.00917824;-1.0137
2026-09-11;WeightedEnsemble Model;ASML;9;3;-0.00971536;0;0;0;-0.01071536;-1.1659
2026-09-11;XGBoost Model;NVDA;0;1;-0.05381885;0;1;1;0.00000000;0.0000
2026-09-11;XGBoost Model;AAPL;9;8;0.03772065;0;1;1;0.03672065;3.6403
2026-09-11;XGBoost Model;MSFT;4;3;-0.00817824;0;1;0;0.00000000;0.0000
2026-09-11;XGBoost Model;ASML;5;3;-0.00971536;0;0;0;-0.01071536;-1.1659
2026-09-18;Autoencoder Model;NVDA;9;5;0.01806841;0;0;1;0.01706841;1.6214
2026-09-18;Autoencoder Model;AAPL;9;5;0.01155010;0;0;1;0.01055010;0.9605
2026-09-18;Autoencoder Model;MSFT;0;3;-0.00373961;0;0;1;0.00000000;0.0000
2026-09-18;Autoencoder Model;ASML;2;3;-0.01088158;0;1;1;0.00000000;0.0000
2026-09-18;CatBoost Model;NVDA;9;5;0.01806841;0;0;1;0.01706841;1.6214
2026-09-18;CatBoost Model;AAPL;0;5;0.01155010;0;0;0;0.00000000;0.0000
2026-09-18;CatBoost Model;MSFT;0;3;-0.00373961;0;0;1;0.00000000;0.0000
2026-09-18;CatBoost Model;ASML;0;3;-0.01088158;0;0;1;0.00000000;0.0000
2026-09-18;GARCH Model;NVDA;3;5;0.01806841;0;0;0;0.00000000;0.0000
2026-09-18;GARCH Model;AAPL;6;5;0.01155010;0;1;1;0.01055010;0.9605
2026-09-18;GARCH Model;MSFT;9;3;-0.00373961;0;0;0;-0.00473961;-0.5729
2026-09-18;GARCH Model;ASML;2;3;-0.01088158;0;1;1;0.00000000;0.0000
2026-09-18;GNN Model;NVDA;9;5;0.01806841;0;0;1;0.01706841;1.6214
2026-09-18;GNN Model;AAPL;9;5;0.01155010;0;0;1;0.01055010;0.9605
2026-09-18;GNN Model;MSFT;0;3;-0.00373961;0;0;1;0.00000000;0.0000
2026-09-18;GNN Model;ASML;9;3;-0.01088158;0;0;0;-0.01188158;-1.2812
2026-09-18;LaplaceMonteCarlo Model;NVDA;5;5;0.01806841;1;1;1;0.01706841;1.6214
2026-09-18;LaplaceMonteCarlo Model;AAPL;4;5;0.01155010;0;1;1;0.00000000;0.0000
2026-09-18;LaplaceMonteCarlo Model;MSFT;0;3;-0.00373961;0;0;1;0.00000000;0.0000
2026-09-18;LaplaceMonteCarlo Model;ASML;3;3;-0.01088158;1;1;1;0.00000000;0.0000
2026-09-18;LightGBM Model;NVDA;7;5;0.01806841;0;0;1;0.01706841;1.6214
2026-09-18;LightGBM Model;AAPL;8;5;0.01155010;0;0;1;0.01055010;0.9605
2026-09-18;LightGBM Model;MSFT;0;3;-0.00373961;0;0;1;0.00000000;0.0000
2026-09-18;LightGBM Model;ASML;0;3;-0.01088158;0;0;1;0.00000000;0.0000
2026-09-18;Markov Model;NVDA;0;5;0.01806841;0;0;0;0.00000000;0.0000
2026-09-18;Markov Model;AAPL;4;5;0.01155010;0;1;1;0.00000000;0.0000
2026-09-18;Markov Model;MSFT;0;3;-0.00373961;0;0;1;0.00000000;0.0000
2026-09-18;Markov Model;ASML;9;3;-0.01088158;0;0;0;-0.01188158;-1.2812
2026-09-18;MarkovMonteCarlo Model;NVDA;9;5;0.01806841;0;0;1;0.01706841;1.6214
2026-09-18;MarkovMonteCarlo Model;AAPL;9;5;0.01155010;0;0;1;0.01055010;0.9605
2026-09-18;MarkovMonteCarlo Model;MSFT;0;3;-0.00373961;0;0;1;0.00000000;0.0000
2026-09-18;MarkovMonteCarlo Model;ASML;9;3;-0.01088158;0;0;0;-0.01188158;-1.2812
2026-09-18;OrderStatistics Baseline;NVDA;9;5;0.01806841;0;0;1;0.01706841;1.6214
2026-09-18;OrderStatistics Baseline;AAPL;0;5;0.01155010;0;0;0;0.00000000;0.0000
2026-09-18;OrderStatistics Baseline;MSFT;1;3;-0.00373961;0;0;1;0.00000000;0.0000
2026-09-18;OrderStatistics Baseline;ASML;2;3;-0.01088158;0;1;1;0.00000000;0.0000
2026-09-18;PoissonMonteCarlo Model;NVDA;4;5;0.01806841;0;1;1;0.00000000;0.0000
2026-09-18;PoissonMonteCarlo Model;AAPL;4;5;0.01155010;0;1;1;0.00000000;0.0000
2026-09-18;PoissonMonteCarlo Model;MSFT;0;3;-0.00373961;0;0;1;0.00000000;0.0000
2026-09-18;PoissonMonteCarlo Model;ASML;2;3;-0.01088158;0;1;1;0.00000000;0.0000
2026-09-18;RL Position Model;NVDA;9;5;0.01806841;0;0;1;0.00853420;1.6214
2026-09-18;RL Position Model;AAPL;0;5;0.01155010;0;0;0;0.00000000;0.0000
2026-09-18;RL Position Model;MSFT;0;3;-0.00373961;0;0;1;0.00000000;0.0000
2026-09-18;RL Position Model;ASML;0;3;-0.01088158;0;0;1;0.00000000;0.0000
2026-09-18;Regime HMM Model;NVDA;7;5;0.01806841;0;0;1;0.01706841;1.6214
2026-09-18;Regime HMM Model;AAPL;0;5;0.01155010;0;0;0;0.00000000;0.0000
2026-09-18;Regime HMM Model;MSFT;0;3;-0.00373961;0;0;1;0.00000000;0.0000
2026-09-18;Regime HMM Model;ASML;8;3;-0.01088158;0;0;0;-0.01188158;-1.2812
2026-09-18;Regime HMM Single Model;NVDA;9;5;0.01806841;0;0;1;0.01706841;1.6214
2026-09-18;Regime HMM Single Model;AAPL;0;5;0.01155010;0;0;0;0.00000000;0.0000
2026-09-18;Regime HMM Single Model;MSFT;0;3;-0.00373961;0;0;1;0.00000000;0.0000
2026-09-18;Regime HMM Single Model;ASML;0;3;-0.01088158;0;0;1;0.00000000;0.0000
2026-09-18;Regime HMM ZeroMean Model;NVDA;1;5;0.01806841;0;0;0;0.00000000;0.0000
2026-09-18;Regime HMM ZeroMean Model;AAPL;0;5;0.01155010;0;0;0;0.00000000;0.0000
2026-09-18;Regime HMM ZeroMean Model;MSFT;0;3;-0.00373961;0;0;1;0.00000000;0.0000
2026-09-18;Regime HMM ZeroMean Model;ASML;0;3;-0.01088158;0;0;1;0.00000000;0.0000
2026-09-18;Transformer Model;NVDA;8;5;0.01806841;0;0;1;0.01706841;1.6214
2026-09-18;Transformer Model;AAPL;2;5;0.01155010;0;0;0;0.00000000;0.0000
2026-09-18;Transformer Model;MSFT;0;3;-0.00373961;0;0;1;0.00000000;0.0000
2026-09-18;Transformer Model;ASML;0;3;-0.01088158;0;0;1;0.00000000;0.0000
2026-09-18;WeightedEnsemble Model;NVDA;7;5;0.01806841;0;0;1;0.01706841;1.6214
2026-09-18;WeightedEnsemble Model;AAPL;4;5;0.01155010;0;1;1;0.00000000;0.0000
2026-09-18;WeightedEnsemble Model;MSFT;0;3;-0.00373961;0;0;1;0.00000000;0.0000
2026-09-18;WeightedEnsemble Model;ASML;0;3;-0.01088158;0;0;1;0.00000000;0.0000
2026-09-18;XGBoost Model;NVDA;7;5;0.01806841;0;0;1;0.01706841;1.6214
2026-09-18;XGBoost Model;AAPL;8;5;0.01155010;0;0;1;0.01055010;0.9605
2026-09-18;XGBoost Model;MSFT;0;3;-0.00373961;0;0;1;0.00000000;0.0000
2026-09-18;XGBoost Model;ASML;0;3;-0.01088158;0;0;1;0.00000000;0.0000
2026-09-25;Autoencoder Model;NVDA;2;5;0.01251861;0;0;0;0.00000000;0.0000
2026-09-25;Autoencoder Model;AAPL;4;6;0.01458974;0;0;1;0.00000000;0.0000
2026-09-25;Autoencoder Model;MSFT;7;9;0.04434609;0;0;1;0.04334609;4.3299
2026-09-25;Autoencoder Model;ASML;5;7;0.03740075;0;0;1;0.03640075;3.6071
2026-09-25;CatBoost Model;NVDA;5;5;0.01251861;1;1;1;0.01151861;1.0585
2026-09-25;CatBoost Model;AAPL;4;6;0.01458974;0;0;1;0.00000000;0.0000
2026-09-25;CatBoost Model;MSFT;1;9;0.04434609;0;0;0;0.00000000;0.0000
2026-09-25;CatBoost Model;ASML;9;7;0.03740075;0;0;1;0.03640075;3.6071
2026-09-25;GARCH Model;NVDA;3;5;0.01251861;0;0;0;0.00000000;0.0000
2026-09-25;GARCH Model;AAPL;6;6;0.01458974;1;1;1;0.01358974;1.2682
2026-09-25;GARCH Model;MSFT;9;9;0.04434609;1;1;1;0.04334609;4.3299
2026-09-25;GARCH Model;ASML;2;7;0.03740075;0;0;0;0.00000000;0.0000
2026-09-25;GNN Model;NVDA;9;5;0.01251861;0;0;1;0.01151861;1.0585
2026-09-25;GNN Model;AAPL;9;6;0.01458974;0;0;1;0.01358974;1.2682
2026-09-25;GNN Model;MSFT;0;9;0.04434609;0;0;0;0.00000000;0.0000
2026-09-25;GNN Model;ASML;9;7;0.03740075;0;0;1;0.03640075;3.6071
2026-09-25;LaplaceMonteCarlo Model;NVDA;3;5;0.01251861;0;0;0;0.00000000;0.0000
2026-09-25;LaplaceMonteCarlo Model;AAPL;4;6;0.01458974;0;0;1;0.00000000;0.0000
2026-09-25;LaplaceMonteCarlo Model;MSFT;5;9;0.04434609;0;0;1;0.04334609;4.3299
2026-09-25;LaplaceMonteCarlo Model;ASML;3;7;0.03740075;0;0;0;0.00000000;0.0000
2026-09-25;LightGBM Model;NVDA;5;5;0.01251861;1;1;1;0.01151861;1.0585
2026-09-25;LightGBM Model;AAPL;4;6;0.01458974;0;0;1;0.00000000;0.0000
2026-09-25;LightGBM Model;MSFT;6;9;0.04434609;0;0;1;0.04334609;4.3299
2026-09-25;LightGBM Model;ASML;9;7;0.03740075;0;0;1;0.03640075;3.6071
2026-09-25;Markov Model;NVDA;2;5;0.01251861;0;0;0;0.00000000;0.0000
2026-09-25;Markov Model;AAPL;9;6;0.01458974;0;0;1;0.01358974;1.2682
2026-09-25;Markov Model;MSFT;0;9;0.04434609;0;0;0;0.00000000;0.0000
2026-09-25;Markov Model;ASML;0;7;0.03740075;0;0;0;0.00000000;0.0000
2026-09-25;MarkovMonteCarlo Model;NVDA;2;5;0.01251861;0;0;0;0.00000000;0.0000
2026-09-25;MarkovMonteCarlo Model;AAPL;9;6;0.01458974;0;0;1;0.01358974;1.2682
2026-09-25;MarkovMonteCarlo Model;MSFT;0;9;0.04434609;0;0;0;0.00000000;0.0000
2026-09-25;MarkovMonteCarlo Model;ASML;9;7;0.03740075;0;0;1;0.03640075;3.6071
2026-09-25;OrderStatistics Baseline;NVDA;9;5;0.01251861;0;0;1;0.01151861;1.0585
2026-09-25;OrderStatistics Baseline;AAPL;0;6;0.01458974;0;0;0;0.00000000;0.0000
2026-09-25;OrderStatistics Baseline;MSFT;1;9;0.04434609;0;0;0;0.00000000;0.0000
2026-09-25;OrderStatistics Baseline;ASML;2;7;0.03740075;0;0;0;0.00000000;0.0000
2026-09-25;PoissonMonteCarlo Model;NVDA;1;5;0.01251861;0;0;0;0.00000000;0.0000
2026-09-25;PoissonMonteCarlo Model;AAPL;9;6;0.01458974;0;0;1;0.01358974;1.2682
2026-09-25;PoissonMonteCarlo Model;MSFT;1;9;0.04434609;0;0;0;0.00000000;0.0000
2026-09-25;PoissonMonteCarlo Model;ASML;2;7;0.03740075;0;0;0;0.00000000;0.0000
2026-09-25;RL Position Model;NVDA;2;5;0.01251861;0;0;0;0.00000000;0.0000
2026-09-25;RL Position Model;AAPL;4;6;0.01458974;0;0;1;0.00679487;0.0000
2026-09-25;RL Position Model;MSFT;0;9;0.04434609;0;0;0;0.00000000;0.0000
2026-09-25;RL Position Model;ASML;9;7;0.03740075;0;0;1;0.01820037;3.6071
2026-09-25;Regime HMM Model;NVDA;1;5;0.01251861;0;0;0;0.00000000;0.0000
2026-09-25;Regime HMM Model;AAPL;0;6;0.01458974;0;0;0;0.00000000;0.0000
2026-09-25;Regime HMM Model;MSFT;0;9;0.04434609;0;0;0;0.00000000;0.0000
2026-09-25;Regime HMM Model;ASML;0;7;0.03740075;0;0;0;0.00000000;0.0000
2026-09-25;Regime HMM Single Model;NVDA;1;5;0.01251861;0;0;0;0.00000000;0.0000
2026-09-25;Regime HMM Single Model;AAPL;0;6;0.01458974;0;0;0;0.00000000;0.0000
2026-09-25;Regime HMM Single Model;MSFT;0;9;0.04434609;0;0;0;0.00000000;0.0000
2026-09-25;Regime HMM Single Model;ASML;0;7;0.03740075;0;0;0;0.00000000;0.0000
2026-09-25;Regime HMM ZeroMean Model;NVDA;1;5;0.01251861;0;0;0;0.00000000;0.0000
2026-09-25;Regime HMM ZeroMean Model;AAPL;0;6;0.01458974;0;0;0;0.00000000;0.0000
2026-09-25;Regime HMM ZeroMean Model;MSFT;0;9;0.04434609;0;0;0;0.00000000;0.0000
2026-09-25;Regime HMM ZeroMean Model;ASML;0;7;0.03740075;0;0;0;0.00000000;0.0000
2026-09-25;Transformer Model;NVDA;8;5;0.01251861;0;0;1;0.01151861;1.0585
2026-09-25;Transformer Model;AAPL;6;6;0.01458974;1;1;1;0.01358974;1.2682
2026-09-25;Transformer Model;MSFT;9;9;0.04434609;1;1;1;0.04334609;4.3299
2026-09-25;Transformer Model;ASML;0;7;0.03740075;0;0;0;0.00000000;0.0000
2026-09-25;WeightedEnsemble Model;NVDA;2;5;0.01251861;0;0;0;0.00000000;0.0000
2026-09-25;WeightedEnsemble Model;AAPL;4;6;0.01458974;0;0;1;0.00000000;0.0000
2026-09-25;WeightedEnsemble Model;MSFT;0;9;0.04434609;0;0;0;0.00000000;0.0000
2026-09-25;WeightedEnsemble Model;ASML;9;7;0.03740075;0;0;1;0.03640075;3.6071
2026-09-25;XGBoost Model;NVDA;2;5;0.01251861;0;0;0;0.00000000;0.0000
2026-09-25;XGBoost Model;AAPL;4;6;0.01458974;0;0;1;0.00000000;0.0000
2026-09-25;XGBoost Model;MSFT;6;9;0.04434609;0;0;1;0.04334609;4.3299
2026-09-25;XGBoost Model;ASML;9;7;0.03740075;0;0;1;0.03640075;3.6071
2026-10-02;Autoencoder Model;NVDA;7;7;0.03869595;1;1;1;0.03769595;3.7415
2026-10-02;Autoencoder Model;AAPL;9;1;-0.02187532;0;0;0;-0.02287532;-2.3616
2026-10-02;Autoencoder Model;MSFT;0;4;0.00263133;0;0;0;0.00000000;0.0000
2026-10-02;Autoencoder Model;ASML;2;9;0.06835197;0;0;0;0.00000000;0.0000
2026-10-02;CatBoost Model;NVDA;4;7;0.03869595;0;0;1;0.00000000;0.0000
2026-10-02;CatBoost Model;AAPL;1;1;-0.02187532;1;1;1;0.00000000;0.0000
2026-10-02;CatBoost Model;MSFT;1;4;0.00263133;0;0;0;0.00000000;0.0000
2026-10-02;CatBoost Model;ASML;0;9;0.06835197;0;0;0;0.00000000;0.0000
2026-10-02;GARCH Model;NVDA;3;7;0.03869595;0;0;0;0.00000000;0.0000
2026-10-02;GARCH Model;AAPL;6;1;-0.02187532;0;0;0;-0.02287532;-2.3616
2026-10-02;GARCH Model;MSFT;9;4;0.00263133;0;0;1;0.00163133;0.0632
2026-10-02;GARCH Model;ASML;2;9;0.06835197;0;0;0;0.00000000;0.0000
2026-10-02;GNN Model;NVDA;9;7;0.03869595;0;0;1;0.03769595;3.7415
2026-10-02;GNN Model;AAPL;9;1;-0.02187532;0;0;0;-0.02287532;-2.3616
2026-10-02;GNN Model;MSFT;0;4;0.00263133;0;0;0;0.00000000;0.0000
2026-10-02;GNN Model;ASML;9;9;0.06835197;1;1;1;0.06735197;6.8671
2026-10-02;LaplaceMonteCarlo Model;NVDA;5;7;0.03869595;0;0;1;0.03769595;3.7415
2026-10-02;LaplaceMonteCarlo Model;AAPL;4;1;-0.02187532;0;0;0;0.00000000;0.0000
2026-10-02;LaplaceMonteCarlo Model;MSFT;5;4;0.00263133;0;1;1;0.00163133;0.0632
2026-10-02;LaplaceMonteCarlo Model;ASML;4;9;0.06835197;0;0;1;0.00000000;0.0000
2026-10-02;LightGBM Model;NVDA;4;7;0.03869595;0;0;1;0.00000000;0.0000
2026-10-02;LightGBM Model;AAPL;2;1;-0.02187532;0;1;1;0.00000000;0.0000
2026-10-02;LightGBM Model;MSFT;1;4;0.00263133;0;0;0;0.00000000;0.0000
2026-10-02;LightGBM Model;ASML;0;9;0.06835197;0;0;0;0.00000000;0.0000
2026-10-02;Markov Model;NVDA;2;7;0.03869595;0;0;0;0.00000000;0.0000
2026-10-02;Markov Model;AAPL;8;1;-0.02187532;0;0;0;-0.02287532;-2.3616
2026-10-02;Markov Model;MSFT;0;4;0.00263133;0;0;0;0.00000000;0.0000
2026-10-02;Markov Model;ASML;9;9;0.06835197;1;1;1;0.06735197;6.8671
2026-10-02;MarkovMonteCarlo Model;NVDA;9;7;0.03869595;0;0;1;0.03769595;3.7415
2026-10-02;MarkovMonteCarlo Model;AAPL;9;1;-0.02187532;0;0;0;-0.02287532;-2.3616
2026-10-02;MarkovMonteCarlo Model;MSFT;0;4;0.00263133;0;0;0;0.00000000;0.0000
2026-10-02;MarkovMonteCarlo Model;ASML;9;9;0.06835197;1;1;1;0.06735197;6.8671
2026-10-02;OrderStatistics Baseline;NVDA;9;7;0.03869595;0;0;1;0.03769595;3.7415
2026-10-02;OrderStatistics Baseline;AAPL;0;1;-0.02187532;0;1;1;0.00000000;0.0000
2026-10-02;OrderStatistics Baseline;MSFT;1;4;0.00263133;0;0;0;0.00000000;0.0000
2026-10-02;OrderStatistics Baseline;ASML;2;9;0.06835197;0;0;0;0.00000000;0.0000
2026-10-02;PoissonMonteCarlo Model;NVDA;2;7;0.03869595;0;0;0;0.00000000;0.0000
2026-10-02;PoissonMonteCarlo Model;AAPL;7;1;-0.02187532;0;0;0;-0.02287532;-2.3616
2026-10-02;PoissonMonteCarlo Model;MSFT;3;4;0.00263133;0;1;0;0.00000000;0.0000
2026-10-02;PoissonMonteCarlo Model;ASML;2;9;0.06835197;0;0;0;0.00000000;0.0000
2026-10-02;RL Position Model;NVDA;4;7;0.03869595;0;0;1;0.01884798;0.0000
2026-10-02;RL Position Model;AAPL;9;1;-0.02187532;0;0;0;-0.01143766;-2.3616
2026-10-02;RL Position Model;MSFT;0;4;0.00263133;0;0;0;0.00000000;0.0000
2026-10-02;RL Position Model;ASML;0;9;0.06835197;0;0;0;0.00000000;0.0000
2026-10-02;Regime HMM Model;NVDA;7;7;0.03869595;1;1;1;0.03769595;3.7415
2026-10-02;Regime HMM Model;AAPL;9;1;-0.02187532;0;0;0;-0.02287532;-2.3616
2026-10-02;Regime HMM Model;MSFT;9;4;0.00263133;0;0;1;0.00163133;0.0632
2026-10-02;Regime HMM Model;ASML;8;9;0.06835197;0;1;1;0.06735197;6.8671
2026-10-02;Regime HMM Single Model;NVDA;1;7;0.03869595;0;0;0;0.00000000;0.0000
2026-10-02;Regime HMM Single Model;AAPL;0;1;-0.02187532;0;1;1;0.00000000;0.0000
2026-10-02;Regime HMM Single Model;MSFT;0;4;0.00263133;0;0;0;0.00000000;0.0000
2026-10-02;Regime HMM Single Model;ASML;0;9;0.06835197;0;0;0;0.00000000;0.0000
2026-10-02;Regime HMM ZeroMean Model;NVDA;1;7;0.03869595;0;0;0;0.00000000;0.0000
2026-10-02;Regime HMM ZeroMean Model;AAPL;0;1;-0.02187532;0;1;1;0.00000000;0.0000
2026-10-02;Regime HMM ZeroMean Model;MSFT;0;4;0.00263133;0;0;0;0.00000000;0.0000
2026-10-02;Regime HMM ZeroMean Model;ASML;0;9;0.06835197;0;0;0;0.00000000;0.0000
2026-10-02;Transformer Model;NVDA;8;7;0.03869595;0;1;1;0.03769595;3.7415
2026-10-02;Transformer Model;AAPL;1;1;-0.02187532;1;1;1;0.00000000;0.0000
2026-10-02;Transformer Model;MSFT;9;4;0.00263133;0;0;1;0.00163133;0.0632
2026-10-02;Transformer Model;ASML;0;9;0.06835197;0;0;0;0.00000000;0.0000
2026-10-02;WeightedEnsemble Model;NVDA;4;7;0.03869595;0;0;1;0.00000000;0.0000
2026-10-02;WeightedEnsemble Model;AAPL;2;1;-0.02187532;0;1;1;0.00000000;0.0000
2026-10-02;WeightedEnsemble Model;MSFT;1;4;0.00263133;0;0;0;0.00000000;0.0000
2026-10-02;WeightedEnsemble Model;ASML;0;9;0.06835197;0;0;0;0.00000000;0.0000
2026-10-02;XGBoost Model;NVDA;4;7;0.03869595;0;0;1;0.00000000;0.0000
2026-10-02;XGBoost Model;AAPL;2;1;-0.02187532;0;1;1;0.00000000;0.0000
2026-10-02;XGBoost Model;MSFT;1;4;0.00263133;0;0;0;0.00000000;0.0000
2026-10-02;XGBoost Model;ASML;0;9;0.06835197;0;0;0;0.00000000;0.0000
2026-10-09;Autoencoder Model;NVDA;9;3;-0.02016345;0;0;0;-0.02116345;-2.1942
2026-10-09;Autoencoder Model;AAPL;9;5;0.00880169;0;0;1;0.00780169;0.6832
2026-10-09;Autoencoder Model;MSFT;0;8;0.03333008;0;0;0;0.00000000;0.0000
2026-10-09;Autoencoder Model;ASML;0;1;-0.04769454;0;1;1;0.00000000;0.0000
2026-10-09;CatBoost Model;NVDA;1;3;-0.02016345;0;0;1;0.00000000;0.0000
2026-10-09;CatBoost Model;AAPL;7;5;0.00880169;0;0;1;0.00780169;0.6832
2026-10-09;CatBoost Model;MSFT;1;8;0.03333008;0;0;0;0.00000000;0.0000
2026-10-09;CatBoost Model;ASML;9;1;-0.04769454;0;0;0;-0.04869454;-4.8528
2026-10-09;GARCH Model;NVDA;3;3;-0.02016345;1;1;1;0.00000000;0.0000
2026-10-09;GARCH Model;AAPL;6;5;0.00880169;0;1;1;0.00780169;0.6832
2026-10-09;GARCH Model;MSFT;9;8;0.03333008;0;1;1;0.03233008;3.1858
2026-10-09;GARCH Model;ASML;2;1;-0.04769454;0;1;1;0.00000000;0.0000
2026-10-09;GNN Model;NVDA;9;3;-0.02016345;0;0;0;-0.02116345;-2.1942
2026-10-09;GNN Model;AAPL;9;5;0.00880169;0;0;1;0.00780169;0.6832
2026-10-09;GNN Model;MSFT;0;8;0.03333008;0;0;0;0.00000000;0.0000
2026-10-09;GNN Model;ASML;9;1;-0.04769454;0;0;0;-0.04869454;-4.8528
2026-10-09;LSTM Base Model;NVDA;9;3;-0.02016345;0;0;0;-0.02116345;-2.1942
2026-10-09;LSTM Base Model;AAPL;9;5;0.00880169;0;0;1;0.00780169;0.6832
2026-10-09;LSTM Base Model;MSFT;0;8;0.03333008;0;0;0;0.00000000;0.0000
2026-10-09;LSTM Base Model;ASML;9;1;-0.04769454;0;0;0;-0.04869454;-4.8528
2026-10-09;LaplaceMonteCarlo Model;NVDA;4;3;-0.02016345;0;1;0;0.00000000;0.0000
2026-10-09;LaplaceMonteCarlo Model;AAPL;3;5;0.00880169;0;0;0;0.00000000;0.0000
2026-10-09;LaplaceMonteCarlo Model;MSFT;4;8;0.03333008;0;0;1;0.00000000;0.0000
2026-10-09;LaplaceMonteCarlo Model;ASML;4;1;-0.04769454;0;0;0;0.00000000;0.0000
2026-10-09;LightGBM Model;NVDA;1;3;-0.02016345;0;0;1;0.00000000;0.0000
2026-10-09;LightGBM Model;AAPL;6;5;0.00880169;0;1;1;0.00780169;0.6832
2026-10-09;LightGBM Model;MSFT;3;8;0.03333008;0;0;0;0.00000000;0.0000
2026-10-09;LightGBM Model;ASML;9;1;-0.04769454;0;0;0;-0.04869454;-4.8528
2026-10-09;Markov Model;NVDA;9;3;-0.02016345;0;0;0;-0.02116345;-2.1942
2026-10-09;Markov Model;AAPL;2;5;0.00880169;0;0;0;0.00000000;0.0000
2026-10-09;Markov Model;MSFT;5;8;0.03333008;0;0;1;0.03233008;3.1858
2026-10-09;Markov Model;ASML;9;1;-0.04769454;0;0;0;-0.04869454;-4.8528
2026-10-09;MarkovMonteCarlo Model;NVDA;9;3;-0.02016345;0;0;0;-0.02116345;-2.1942
2026-10-09;MarkovMonteCarlo Model;AAPL;9;5;0.00880169;0;0;1;0.00780169;0.6832
2026-10-09;MarkovMonteCarlo Model;MSFT;5;8;0.03333008;0;0;1;0.03233008;3.1858
2026-10-09;MarkovMonteCarlo Model;ASML;9;1;-0.04769454;0;0;0;-0.04869454;-4.8528
2026-10-09;OrderStatistics Baseline;NVDA;9;3;-0.02016345;0;0;0;-0.02116345;-2.1942
2026-10-09;OrderStatistics Baseline;AAPL;0;5;0.00880169;0;0;0;0.00000000;0.0000
2026-10-09;OrderStatistics Baseline;MSFT;1;8;0.03333008;0;0;0;0.00000000;0.0000
2026-10-09;OrderStatistics Baseline;ASML;2;1;-0.04769454;0;1;1;0.00000000;0.0000
2026-10-09;PoissonMonteCarlo Model;NVDA;5;3;-0.02016345;0;0;0;-0.02116345;-2.1942
2026-10-09;PoissonMonteCarlo Model;AAPL;1;5;0.00880169;0;0;0;0.00000000;0.0000
2026-10-09;PoissonMonteCarlo Model;MSFT;1;8;0.03333008;0;0;0;0.00000000;0.0000
2026-10-09;PoissonMonteCarlo Model;ASML;2;1;-0.04769454;0;1;1;0.00000000;0.0000
2026-10-09;RL Position Model;NVDA;9;3;-0.02016345;0;0;0;-0.01058173;-2.1942
2026-10-09;RL Position Model;AAPL;9;5;0.00880169;0;0;1;0.00390085;0.6832
2026-10-09;RL Position Model;MSFT;0;8;0.03333008;0;0;0;0.00000000;0.0000
2026-10-09;RL Position Model;ASML;9;1;-0.04769454;0;0;0;-0.02434727;-4.8528
2026-10-09;Regime HMM Model;NVDA;9;3;-0.02016345;0;0;0;-0.02116345;-2.1942
2026-10-09;Regime HMM Model;AAPL;9;5;0.00880169;0;0;1;0.00780169;0.6832
2026-10-09;Regime HMM Model;MSFT;9;8;0.03333008;0;1;1;0.03233008;3.1858
2026-10-09;Regime HMM Model;ASML;8;1;-0.04769454;0;0;0;-0.04869454;-4.8528
2026-10-09;Regime HMM Single Model;NVDA;1;3;-0.02016345;0;0;1;0.00000000;0.0000
2026-10-09;Regime HMM Single Model;AAPL;0;5;0.00880169;0;0;0;0.00000000;0.0000
2026-10-09;Regime HMM Single Model;MSFT;0;8;0.03333008;0;0;0;0.00000000;0.0000
2026-10-09;Regime HMM Single Model;ASML;0;1;-0.04769454;0;1;1;0.00000000;0.0000
2026-10-09;Regime HMM ZeroMean Model;NVDA;0;3;-0.02016345;0;0;1;0.00000000;0.0000
2026-10-09;Regime HMM ZeroMean Model;AAPL;1;5;0.00880169;0;0;0;0.00000000;0.0000
2026-10-09;Regime HMM ZeroMean Model;MSFT;0;8;0.03333008;0;0;0;0.00000000;0.0000
2026-10-09;Regime HMM ZeroMean Model;ASML;0;1;-0.04769454;0;1;1;0.00000000;0.0000
2026-10-09;TCN Base Model;NVDA;7;3;-0.02016345;0;0;0;-0.02116345;-2.1942
2026-10-09;TCN Base Model;AAPL;9;5;0.00880169;0;0;1;0.00780169;0.6832
2026-10-09;TCN Base Model;MSFT;0;8;0.03333008;0;0;0;0.00000000;0.0000
2026-10-09;TCN Base Model;ASML;9;1;-0.04769454;0;0;0;-0.04869454;-4.8528
2026-10-09;Transformer Model;NVDA;8;3;-0.02016345;0;0;0;-0.02116345;-2.1942
2026-10-09;Transformer Model;AAPL;2;5;0.00880169;0;0;0;0.00000000;0.0000
2026-10-09;Transformer Model;MSFT;5;8;0.03333008;0;0;1;0.03233008;3.1858
2026-10-09;Transformer Model;ASML;6;1;-0.04769454;0;0;0;-0.04869454;-4.8528
2026-10-09;UnifiedLstmGruTcn Model;NVDA;2;3;-0.02016345;0;1;1;0.00000000;0.0000
2026-10-09;UnifiedLstmGruTcn Model;AAPL;1;5;0.00880169;0;0;0;0.00000000;0.0000
2026-10-09;UnifiedLstmGruTcn Model;MSFT;0;8;0.03333008;0;0;0;0.00000000;0.0000
2026-10-09;UnifiedLstmGruTcn Model;ASML;9;1;-0.04769454;0;0;0;-0.04869454;-4.8528
2026-10-09;UnifiedLstmTcn Model;NVDA;2;3;-0.02016345;0;1;1;0.00000000;0.0000
2026-10-09;UnifiedLstmTcn Model;AAPL;9;5;0.00880169;0;0;1;0.00780169;0.6832
2026-10-09;UnifiedLstmTcn Model;MSFT;0;8;0.03333008;0;0;0;0.00000000;0.0000
2026-10-09;UnifiedLstmTcn Model;ASML;9;1;-0.04769454;0;0;0;-0.04869454;-4.8528
2026-10-09;WeightedEnsemble Model;NVDA;1;3;-0.02016345;0;0;1;0.00000000;0.0000
2026-10-09;WeightedEnsemble Model;AAPL;6;5;0.00880169;0;1;1;0.00780169;0.6832
2026-10-09;WeightedEnsemble Model;MSFT;1;8;0.03333008;0;0;0;0.00000000;0.0000
2026-10-09;WeightedEnsemble Model;ASML;9;1;-0.04769454;0;0;0;-0.04869454;-4.8528
2026-10-09;XGBoost Model;NVDA;3;3;-0.02016345;1;1;1;0.00000000;0.0000
2026-10-09;XGBoost Model;AAPL;6;5;0.00880169;0;1;1;0.00780169;0.6832
2026-10-09;XGBoost Model;MSFT;3;8;0.03333008;0;0;0;0.00000000;0.0000
2026-10-09;XGBoost Model;ASML;1;1;-0.04769454;1;1;1;0.00000000;0.0000
