{"currentPredictionRaw": [], "currentPrediction": [{"name": "MarkovBayesian Model", "predictions": [[0, 3, 4]]}, {"name": "PoissonMarkov Model", "predictions": [[0, 2, 8, 1, 9]]}, {"name": "LaplaceMonteCarlo Model", "predictions": [[5, 3, 3]]}], "realResult": [1, 4, 7], "newPrediction": [{"name": "Markov Model", "predictions": [[0, 5, 9]]}, {"name": "PoissonMonteCarlo Model", "predictions": [[4, 5, 9]]}], "newPredictionRaw": [], "matchingNumbers": {"model": "MarkovBayesian Model", "prediction": [0, 3, 4], "matching_numbers": [4], "match_count": 1}, "labels": [], "numberFrequency": {"6": 0.1000496636416994, "4": 0.10131382906677502, "1": 0.10023025870242448, "0": 0.10239739943112555, "5": 0.0989209445121676, "3": 0.0977470766174545, "2": 0.10104293647568739, "8": 0.10063659758905594, "7": 0.09788252291299833, "9": 0.09977877105061177}}