{
  "currentPredictionRaw": [],
  "currentPrediction": [
    {
      "name": "MarkovBayesian Model",
      "predictions": [
        [
          0,
          1,
          2
        ]
      ]
    },
    {
      "name": "PoissonMonteCarlo Model",
      "predictions": [
        [
          4,
          6,
          8
        ]
      ]
    }
  ],
  "realResult": [
    4,
    0,
    2
  ],
  "newPrediction": [
    {
      "name": "MarkovBayesian Model",
      "predictions": [
        [
          0,
          1,
          2
        ]
      ]
    },
    {
      "name": "PoissonMonteCarlo Model",
      "predictions": [
        [
          1,
          5,
          8
        ]
      ]
    }
  ],
  "newPredictionRaw": [],
  "matchingNumbers": {
    "model": "MarkovBayesian Model",
    "prediction": [
      0,
      1,
      2
    ],
    "matching_numbers": [
      0,
      2
    ],
    "match_count": 2
  },
  "labels": [],
  "numberFrequency": {
    "6": 0.10003165558721114,
    "4": 0.10125265680821237,
    "1": 0.1002125446569891,
    "0": 0.10233799122688012,
    "5": 0.09899154343598789,
    "3": 0.09763487541265319,
    "2": 0.1010717677384344,
    "8": 0.100664767331434,
    "7": 0.09795143128476462,
    "9": 0.09985076651743319
  }
}