{"currentPredictionRaw": [], "currentPrediction": [{"name": "MarkovBayesian Model", "predictions": [[0, 2, 6]]}, {"name": "PoissonMarkov Model", "predictions": [[1, 7, 8, 5, 6]]}], "realResult": [3, 9, 4], "newPrediction": [{"name": "MarkovBayesian Model", "predictions": [[1, 2, 3]]}, {"name": "PoissonMarkov Model", "predictions": [[5, 7, 9, 4, 6, 8]]}], "newPredictionRaw": [], "matchingNumbers": {"model": null, "prediction": null, "matching_numbers": [], "match_count": 0}, "labels": [], "numberFrequency": {"6": 0.1000903342366757, "4": 0.10130984643179765, "1": 0.1001806684733514, "0": 0.1024390243902439, "5": 0.09896115627822945, "3": 0.09760614272809395, "2": 0.1010840108401084, "8": 0.1006323396567299, "7": 0.09787714543812105, "9": 0.0998193315266486}}