{
  "currentPredictionRaw": [],
  "currentPrediction": [
    {
      "name": "MarkovBayesian Model",
      "predictions": [
        [
          1,
          4,
          6
        ]
      ]
    },
    {
      "name": "PoissonMonteCarlo Model",
      "predictions": [
        [
          1,
          5,
          8
        ]
      ]
    }
  ],
  "realResult": [
    3,
    8,
    5
  ],
  "newPrediction": [
    {
      "name": "MarkovBayesian Model",
      "predictions": [
        [
          1,
          2,
          4
        ]
      ]
    },
    {
      "name": "PoissonMonteCarlo Model",
      "predictions": [
        [
          0,
          1,
          2
        ]
      ]
    }
  ],
  "newPredictionRaw": [],
  "matchingNumbers": {
    "model": "PoissonMonteCarlo Model",
    "prediction": [
      1,
      5,
      8
    ],
    "matching_numbers": [
      8,
      5
    ],
    "match_count": 2
  },
  "labels": [
    0,
    1,
    2,
    3,
    4,
    5,
    6,
    7,
    8,
    9
  ],
  "numberFrequency": {
    "6": 0.10005880490342425,
    "4": 0.10123490297190935,
    "1": 0.100194508526711,
    "0": 0.10232053195820329,
    "5": 0.09892794137603474,
    "3": 0.09766137422535848,
    "2": 0.10105396480752703,
    "8": 0.10069208847876239,
    "7": 0.09797801601302755,
    "9": 0.09987786673904193
  }
}