{"currentPredictionRaw": [], "currentPrediction": [{"name": "MarkovBayesian Model", "predictions": [[0, 1, 2]]}, {"name": "PoissonMonteCarlo Model", "predictions": [[2, 3, 8]]}], "realResult": [2, 6, 7], "newPrediction": [{"name": "MarkovBayesian Model", "predictions": [[0, 2, 6]]}, {"name": "PoissonMarkov Model", "predictions": [[1, 7, 8, 5, 6]]}], "newPredictionRaw": [], "matchingNumbers": {"model": "MarkovBayesian Model", "prediction": [0, 1, 2], "matching_numbers": [2], "match_count": 1}, "labels": [], "numberFrequency": {"6": 0.1001038984505579, "4": 0.10127840267425577, "1": 0.10019424492930389, "0": 0.10245290689795365, "5": 0.09897456746623301, "3": 0.09757419704567015, "2": 0.1010977097167638, "8": 0.10064597732303383, "7": 0.09789040972128112, "9": 0.09978768577494693}}