{"currentPredictionRaw": [], "currentPrediction": [{"name": "LaplaceMonteCarlo Model", "predictions": [[3, 5, 10, 12, 15, 21, 24, 27, 31, 32, 38, 41, 43, 48, 51, 54, 58, 60, 65, 66], [3, 12, 31, 32, 66], [3, 10, 15, 21, 27, 38, 41, 48, 60, 66]]}], "realResult": [1, 2, 12, 19, 23, 24, 25, 27, 30, 33, 35, 43, 44, 52, 54, 58, 65, 67, 69, 70], "newPrediction": [{"name": "LaplaceMonteCarlo Model", "predictions": [[2, 7, 8, 14, 18, 20, 24, 27, 31, 32, 36, 39, 45, 47, 50, 53, 56, 62, 63, 67], [7, 27, 31, 36, 39], [18, 24, 27, 31, 32, 36, 45, 50, 56, 63]]}], "newPredictionRaw": [], "matchingNumbers": {"model": "LaplaceMonteCarlo Model", "prediction": [3, 5, 10, 12, 15, 21, 24, 27, 31, 32, 38, 41, 43, 48, 51, 54, 58, 60, 65, 66], "matching_numbers": [65, 43, 12, 54, 24, 58, 27], "match_count": 7}, "labels": [], "numberFrequency": {"2": 0.02857142857142857, "7": 0.05714285714285714, "8": 0.02857142857142857, "14": 0.02857142857142857, "18": 0.05714285714285714, "20": 0.02857142857142857, "24": 0.05714285714285714, "27": 0.08571428571428572, "31": 0.08571428571428572, "32": 0.05714285714285714, "36": 0.08571428571428572, "39": 0.05714285714285714, "45": 0.05714285714285714, "47": 0.02857142857142857, "50": 0.05714285714285714, "53": 0.02857142857142857, "56": 0.05714285714285714, "62": 0.02857142857142857, "63": 0.05714285714285714, "67": 0.02857142857142857}}