{
  "currentPredictionRaw": [],
  "currentPrediction": [
    {
      "name": "LaplaceMonteCarlo Model",
      "predictions": [
        [
          2,
          7,
          9,
          12,
          16,
          20,
          23,
          27,
          30,
          33,
          38,
          39,
          42,
          48,
          51,
          53,
          56,
          60,
          64,
          66
        ],
        [
          7,
          12,
          27,
          33,
          42
        ],
        [
          2,
          7,
          9,
          16,
          20,
          38,
          39,
          42,
          56,
          64
        ]
      ]
    }
  ],
  "realResult": [
    1,
    5,
    7,
    12,
    15,
    20,
    22,
    26,
    28,
    29,
    34,
    36,
    39,
    44,
    58,
    59,
    64,
    65,
    66,
    67
  ],
  "newPrediction": [
    {
      "name": "LaplaceMonteCarlo Model",
      "predictions": [
        [
          3,
          5,
          10,
          12,
          15,
          21,
          24,
          27,
          31,
          32,
          38,
          41,
          43,
          48,
          51,
          54,
          58,
          60,
          65,
          66
        ],
        [
          3,
          12,
          31,
          32,
          66
        ],
        [
          3,
          10,
          15,
          21,
          27,
          38,
          41,
          48,
          60,
          66
        ]
      ]
    }
  ],
  "newPredictionRaw": [],
  "matchingNumbers": {
    "model": "LaplaceMonteCarlo Model",
    "prediction": [
      2,
      7,
      9,
      12,
      16,
      20,
      23,
      27,
      30,
      33,
      38,
      39,
      42,
      48,
      51,
      53,
      56,
      60,
      64,
      66
    ],
    "matching_numbers": [
      64,
      66,
      39,
      7,
      12,
      20
    ],
    "match_count": 6
  },
  "labels": [],
  "numberFrequency": {
    "3": 0.08571428571428572,
    "5": 0.02857142857142857,
    "10": 0.05714285714285714,
    "12": 0.05714285714285714,
    "15": 0.05714285714285714,
    "21": 0.05714285714285714,
    "24": 0.02857142857142857,
    "27": 0.05714285714285714,
    "31": 0.05714285714285714,
    "32": 0.05714285714285714,
    "38": 0.05714285714285714,
    "41": 0.05714285714285714,
    "43": 0.02857142857142857,
    "48": 0.05714285714285714,
    "51": 0.02857142857142857,
    "54": 0.02857142857142857,
    "58": 0.02857142857142857,
    "60": 0.05714285714285714,
    "65": 0.02857142857142857,
    "66": 0.08571428571428572
  }
}