{
  "currentPredictionRaw": [],
  "currentPrediction": [
    {
      "name": "LaplaceMonteCarlo Model",
      "predictions": [
        [
          1,
          5,
          11,
          12,
          15,
          19,
          22,
          26,
          30,
          32,
          36,
          41,
          43,
          46,
          51,
          53,
          58,
          60,
          63,
          67
        ],
        [
          15,
          41,
          43,
          58,
          60
        ],
        [
          1,
          11,
          12,
          15,
          19,
          22,
          30,
          36,
          43,
          60
        ]
      ]
    }
  ],
  "realResult": [
    6,
    7,
    10,
    12,
    18,
    19,
    21,
    22,
    23,
    29,
    31,
    37,
    41,
    43,
    44,
    47,
    53,
    55,
    59,
    67
  ],
  "newPrediction": [
    {
      "name": "LaplaceMonteCarlo Model",
      "predictions": [
        [
          2,
          6,
          10,
          14,
          15,
          21,
          24,
          27,
          30,
          33,
          37,
          41,
          45,
          48,
          49,
          54,
          57,
          60,
          64,
          67
        ],
        [
          2,
          14,
          21,
          24,
          41
        ],
        [
          6,
          10,
          14,
          21,
          24,
          27,
          33,
          37,
          45,
          48
        ]
      ]
    }
  ],
  "newPredictionRaw": [],
  "matchingNumbers": {
    "model": "LaplaceMonteCarlo Model",
    "prediction": [
      1,
      5,
      11,
      12,
      15,
      19,
      22,
      26,
      30,
      32,
      36,
      41,
      43,
      46,
      51,
      53,
      58,
      60,
      63,
      67
    ],
    "matching_numbers": [
      67,
      41,
      43,
      12,
      19,
      53,
      22
    ],
    "match_count": 7
  },
  "labels": [],
  "numberFrequency": {
    "2": 0.05714285714285714,
    "6": 0.05714285714285714,
    "10": 0.05714285714285714,
    "14": 0.08571428571428572,
    "15": 0.02857142857142857,
    "21": 0.08571428571428572,
    "24": 0.08571428571428572,
    "27": 0.05714285714285714,
    "30": 0.02857142857142857,
    "33": 0.05714285714285714,
    "37": 0.05714285714285714,
    "41": 0.05714285714285714,
    "45": 0.05714285714285714,
    "48": 0.05714285714285714,
    "49": 0.02857142857142857,
    "54": 0.02857142857142857,
    "57": 0.02857142857142857,
    "60": 0.02857142857142857,
    "64": 0.02857142857142857,
    "67": 0.02857142857142857
  }
}