{
  "currentPredictionRaw": [],
  "currentPrediction": [
    {
      "name": "LaplaceMonteCarlo Model",
      "predictions": [
        [
          3,
          6,
          9,
          12,
          16,
          20,
          23,
          28,
          31,
          34,
          38,
          41,
          43,
          48,
          52,
          55,
          56,
          61,
          63,
          67
        ],
        [
          20,
          23,
          31,
          34,
          61
        ],
        [
          3,
          6,
          9,
          12,
          16,
          23,
          31,
          38,
          48,
          55
        ]
      ]
    }
  ],
  "realResult": [
    7,
    9,
    10,
    11,
    17,
    18,
    20,
    27,
    30,
    32,
    34,
    42,
    46,
    53,
    55,
    62,
    65,
    66,
    68,
    70
  ],
  "newPrediction": [
    {
      "name": "LaplaceMonteCarlo Model",
      "predictions": [
        [
          1,
          7,
          10,
          13,
          18,
          20,
          23,
          27,
          31,
          34,
          36,
          40,
          43,
          48,
          49,
          55,
          56,
          61,
          64,
          68
        ],
        [
          7,
          34,
          48,
          56,
          61
        ],
        [
          1,
          7,
          10,
          18,
          27,
          31,
          48,
          56,
          64,
          68
        ]
      ]
    }
  ],
  "newPredictionRaw": [],
  "matchingNumbers": {
    "model": "LaplaceMonteCarlo Model",
    "prediction": [
      3,
      6,
      9,
      12,
      16,
      20,
      23,
      28,
      31,
      34,
      38,
      41,
      43,
      48,
      52,
      55,
      56,
      61,
      63,
      67
    ],
    "matching_numbers": [
      9,
      34,
      20,
      55
    ],
    "match_count": 4
  },
  "labels": [],
  "numberFrequency": {
    "1": 0.05714285714285714,
    "7": 0.08571428571428572,
    "10": 0.05714285714285714,
    "13": 0.02857142857142857,
    "18": 0.05714285714285714,
    "20": 0.02857142857142857,
    "23": 0.02857142857142857,
    "27": 0.05714285714285714,
    "31": 0.05714285714285714,
    "34": 0.05714285714285714,
    "36": 0.02857142857142857,
    "40": 0.02857142857142857,
    "43": 0.02857142857142857,
    "48": 0.08571428571428572,
    "49": 0.02857142857142857,
    "55": 0.02857142857142857,
    "56": 0.08571428571428572,
    "61": 0.05714285714285714,
    "64": 0.05714285714285714,
    "68": 0.05714285714285714
  }
}