{
  "currentPredictionRaw": [],
  "currentPrediction": [
    {
      "name": "LaplaceMonteCarlo Model",
      "predictions": [
        [
          1,
          7,
          10,
          13,
          15,
          19,
          23,
          27,
          29,
          32,
          38,
          40,
          45,
          46,
          49,
          54,
          58,
          61,
          64,
          68
        ],
        [
          13,
          15,
          19,
          54,
          64
        ],
        [
          1,
          10,
          13,
          15,
          19,
          23,
          29,
          32,
          45,
          49
        ]
      ]
    }
  ],
  "realResult": [
    1,
    4,
    11,
    15,
    20,
    23,
    24,
    25,
    31,
    32,
    34,
    40,
    42,
    44,
    45,
    46,
    65,
    67,
    68,
    70
  ],
  "newPrediction": [
    {
      "name": "LaplaceMonteCarlo Model",
      "predictions": [
        [
          2,
          6,
          10,
          13,
          16,
          19,
          24,
          27,
          29,
          33,
          36,
          39,
          45,
          48,
          50,
          54,
          56,
          62,
          65,
          66
        ],
        [
          2,
          10,
          33,
          45,
          50
        ],
        [
          2,
          6,
          27,
          29,
          36,
          39,
          50,
          62,
          65,
          66
        ]
      ]
    }
  ],
  "newPredictionRaw": [],
  "matchingNumbers": {
    "model": "LaplaceMonteCarlo Model",
    "prediction": [
      1,
      7,
      10,
      13,
      15,
      19,
      23,
      27,
      29,
      32,
      38,
      40,
      45,
      46,
      49,
      54,
      58,
      61,
      64,
      68
    ],
    "matching_numbers": [
      32,
      1,
      68,
      40,
      45,
      46,
      15,
      23
    ],
    "match_count": 8
  },
  "labels": [],
  "numberFrequency": {
    "2": 0.08571428571428572,
    "6": 0.05714285714285714,
    "10": 0.05714285714285714,
    "13": 0.02857142857142857,
    "16": 0.02857142857142857,
    "19": 0.02857142857142857,
    "24": 0.02857142857142857,
    "27": 0.05714285714285714,
    "29": 0.05714285714285714,
    "33": 0.05714285714285714,
    "36": 0.05714285714285714,
    "39": 0.05714285714285714,
    "45": 0.05714285714285714,
    "48": 0.02857142857142857,
    "50": 0.08571428571428572,
    "54": 0.02857142857142857,
    "56": 0.02857142857142857,
    "62": 0.05714285714285714,
    "65": 0.05714285714285714,
    "66": 0.05714285714285714
  }
}