{
  "currentPredictionRaw": [],
  "currentPrediction": [
    {
      "name": "HybridStatisticalModel",
      "predictions": [
        [
          16,
          32,
          6,
          56,
          57,
          2,
          4,
          7,
          15,
          17,
          28,
          34,
          42,
          45,
          47,
          49,
          53,
          58,
          66,
          69
        ],
        [
          32,
          42,
          45,
          53,
          69
        ],
        [
          4,
          6,
          15,
          17,
          32,
          42,
          45,
          53,
          56,
          69
        ]
      ]
    }
  ],
  "realResult": [
    6,
    7,
    9,
    13,
    14,
    18,
    19,
    22,
    24,
    26,
    30,
    34,
    36,
    43,
    49,
    51,
    54,
    64,
    65,
    68
  ],
  "newPrediction": [
    {
      "name": "HybridStatisticalModel",
      "predictions": [
        [
          36,
          9,
          10,
          28,
          30,
          6,
          16,
          18,
          24,
          26,
          32,
          34,
          35,
          43,
          49,
          51,
          58,
          60,
          64,
          65
        ],
        [
          26,
          32,
          35,
          36,
          60
        ],
        [
          6,
          10,
          26,
          32,
          35,
          36,
          43,
          51,
          60,
          64
        ]
      ]
    }
  ],
  "newPredictionRaw": [],
  "matchingNumbers": {
    "model": "HybridStatisticalModel",
    "prediction": [
      16,
      32,
      6,
      56,
      57,
      2,
      4,
      7,
      15,
      17,
      28,
      34,
      42,
      45,
      47,
      49,
      53,
      58,
      66,
      69
    ],
    "matching_numbers": [
      49,
      34,
      6,
      7
    ],
    "match_count": 4
  },
  "labels": [],
  "numberFrequency": {
    "36": 0.08571428571428572,
    "9": 0.02857142857142857,
    "10": 0.05714285714285714,
    "28": 0.02857142857142857,
    "30": 0.02857142857142857,
    "6": 0.05714285714285714,
    "16": 0.02857142857142857,
    "18": 0.02857142857142857,
    "24": 0.02857142857142857,
    "26": 0.08571428571428572,
    "32": 0.08571428571428572,
    "34": 0.02857142857142857,
    "35": 0.08571428571428572,
    "43": 0.05714285714285714,
    "49": 0.02857142857142857,
    "51": 0.05714285714285714,
    "58": 0.02857142857142857,
    "60": 0.08571428571428572,
    "64": 0.05714285714285714,
    "65": 0.02857142857142857
  }
}