{
  "currentPredictionRaw": [],
  "currentPrediction": [
    {
      "name": "LaplaceMonteCarlo Model",
      "predictions": [
        [
          3,
          7,
          11,
          12,
          18,
          19,
          23,
          26,
          31,
          34,
          38,
          39,
          45,
          47,
          49,
          54,
          58,
          61,
          63,
          66
        ],
        [
          3,
          18,
          34,
          47,
          49
        ],
        [
          3,
          7,
          11,
          23,
          26,
          38,
          49,
          61,
          63,
          66
        ]
      ]
    }
  ],
  "realResult": [
    2,
    11,
    19,
    24,
    28,
    29,
    33,
    34,
    36,
    37,
    42,
    44,
    45,
    48,
    50,
    53,
    54,
    58,
    59,
    66
  ],
  "newPrediction": [
    {
      "name": "LaplaceMonteCarlo Model",
      "predictions": [
        [
          1,
          6,
          8,
          13,
          15,
          21,
          24,
          27,
          30,
          35,
          35,
          40,
          45,
          48,
          51,
          54,
          57,
          60,
          65,
          68
        ],
        [
          6,
          8,
          24,
          27,
          68
        ],
        [
          1,
          6,
          21,
          24,
          30,
          48,
          51,
          54,
          57,
          68
        ]
      ]
    }
  ],
  "newPredictionRaw": [],
  "matchingNumbers": {
    "model": "LaplaceMonteCarlo Model",
    "prediction": [
      3,
      7,
      11,
      12,
      18,
      19,
      23,
      26,
      31,
      34,
      38,
      39,
      45,
      47,
      49,
      54,
      58,
      61,
      63,
      66
    ],
    "matching_numbers": [
      34,
      66,
      11,
      45,
      19,
      54,
      58
    ],
    "match_count": 7
  },
  "labels": [],
  "numberFrequency": {
    "1": 0.05714285714285714,
    "6": 0.08571428571428572,
    "8": 0.05714285714285714,
    "13": 0.02857142857142857,
    "15": 0.02857142857142857,
    "21": 0.05714285714285714,
    "24": 0.08571428571428572,
    "27": 0.05714285714285714,
    "30": 0.05714285714285714,
    "35": 0.05714285714285714,
    "40": 0.02857142857142857,
    "45": 0.02857142857142857,
    "48": 0.05714285714285714,
    "51": 0.05714285714285714,
    "54": 0.05714285714285714,
    "57": 0.05714285714285714,
    "60": 0.02857142857142857,
    "65": 0.02857142857142857,
    "68": 0.08571428571428572
  }
}