{"currentPredictionRaw": [], "currentPrediction": [{"name": "PoissonMonteCarlo Model", "predictions": [[1, 4, 7, 9, 15, 19, 25, 26, 27, 36, 38, 42, 47, 48, 54, 55, 60, 61, 67, 70], [19, 42, 48, 67, 70], [1, 7, 9, 19, 47, 61], [15, 42, 47, 48, 54, 55, 61]]}, {"name": "xgboost", "predictions": [[1, 3, 7, 9, 13, 14, 27, 26, 25, 25, 33, 41, 43, 47, 55, 62, 62, 63, 69, 68], [1, 3, 7, 9, 13], [1, 3, 7, 9, 13, 14], [1, 3, 7, 9, 13, 14, 27]]}], "realResult": [1, 2, 3, 5, 8, 9, 13, 15, 22, 23, 24, 25, 28, 31, 33, 36, 45, 46, 48, 70], "newPrediction": [{"name": "PoissonMonteCarlo Model", "predictions": [[1, 5, 7, 13, 16, 19, 23, 26, 30, 34, 38, 40, 41, 45, 49, 53, 60, 63, 67, 70], [1, 5, 26, 30, 38], [1, 7, 13, 19, 26, 45], [19, 26, 30, 38, 41, 49, 60]]}, {"name": "xgboost", "predictions": [[3, 5, 14, 7, 18, 27, 21, 29, 33, 33, 32, 40, 47, 45, 49, 57, 60, 56, 66, 68], [3, 5, 33, 49, 57], [33, 3, 5, 49, 57, 60], [33, 3, 5, 49, 57, 60, 56]]}], "newPredictionRaw": [], "matchingNumbers": {"model": "PoissonMonteCarlo Model", "prediction": [1, 4, 7, 9, 15, 19, 25, 26, 27, 36, 38, 42, 47, 48, 54, 55, 60, 61, 67, 70], "matching_numbers": [1, 36, 70, 9, 15, 48, 25], "match_count": 7}, "labels": [], "numberFrequency": {"1": 0.014425746009715475, "5": 0.014382373351839001, "6": 0.01457321304649549, "8": 0.014018043025676613, "11": 0.01436502428868841, "16": 0.014382373351839001, "17": 0.014035392088827203, "26": 0.014816099930603748, "27": 0.013844552394170715, "32": 0.014738029146426093, "35": 0.014035392088827203, "37": 0.01436502428868841, "43": 0.014104788341429563, "44": 0.014226231783483692, "49": 0.014286953504510756, "52": 0.014139486467730743, "56": 0.014018043025676613, "57": 0.014156835530881333, "59": 0.014373698820263705, "66": 0.01436502428868841, "7": 0.01436502428868841, "9": 0.014260929909784871, "10": 0.014564538514920195, "15": 0.014581887578070784, "20": 0.014139486467730743, "24": 0.014330326162387231, "30": 0.014304302567661346, "31": 0.01436502428868841, "34": 0.01457321304649549, "50": 0.013913948646773075, "54": 0.014408396946564886, "58": 0.014226231783483692, "67": 0.014477793199167244, "69": 0.014859472588480221, "70": 0.013957321304649549, "2": 0.014165510062456628, "3": 0.01457321304649549, "25": 0.014148160999306037, "38": 0.013723108952116586, "39": 0.014191533657182513, "40": 0.013740458015267175, "42": 0.014720680083275503, "55": 0.01446911866759195, "62": 0.01439972241498959, "4": 0.014035392088827203, "28": 0.014512491325468425, "36": 0.014000693962526024, "41": 0.014122137404580152, "51": 0.014148160999306037, "60": 0.014790076335877863, "64": 0.014226231783483692, "12": 0.014052741151977794, "13": 0.014382373351839001, "23": 0.01448646773074254, "47": 0.014391047883414295, "48": 0.014087439278278973, "61": 0.014330326162387231, "14": 0.01388792505204719, "29": 0.014104788341429563, "53": 0.013775156141568354, "19": 0.01431297709923664, "65": 0.014512491325468425, "22": 0.014087439278278973, "33": 0.014243580846634282, "68": 0.01462526023594726, "18": 0.014529840388619014, "46": 0.014286953504510756, "63": 0.014156835530881333, "21": 0.01371443442054129, "45": 0.01378383067314365, "74": 8.674531575294934e-05, "76": 0.0001561415683553088, "80": 0.00012144344205412908, "71": 0.00012144344205412908, "77": 0.00014746703678001388, "72": 0.0001561415683553088, "75": 0.0001561415683553088, "78": 0.00013879250520471896, "79": 0.00010409437890353921, "73": 0.00011276891047883415}}