{
  "currentPredictionRaw": [],
  "currentPrediction": [
    {
      "name": "LaplaceMonteCarlo Model",
      "predictions": [
        [
          3,
          7,
          9,
          14,
          17,
          20,
          22,
          27,
          30,
          33,
          37,
          41,
          42,
          48,
          49,
          54,
          57,
          60,
          65,
          67
        ],
        [
          3,
          22,
          33,
          41,
          49
        ],
        [
          3,
          7,
          9,
          14,
          17,
          20,
          22,
          30,
          33,
          42
        ]
      ]
    }
  ],
  "realResult": [
    1,
    7,
    8,
    10,
    12,
    13,
    18,
    27,
    35,
    37,
    40,
    43,
    44,
    46,
    47,
    48,
    57,
    61,
    64,
    66
  ],
  "newPrediction": [
    {
      "name": "LaplaceMonteCarlo Model",
      "predictions": [
        [
          1,
          7,
          10,
          13,
          15,
          19,
          23,
          27,
          29,
          32,
          38,
          40,
          45,
          46,
          49,
          54,
          58,
          61,
          64,
          68
        ],
        [
          13,
          15,
          19,
          54,
          64
        ],
        [
          1,
          10,
          13,
          15,
          19,
          23,
          29,
          32,
          45,
          49
        ]
      ]
    }
  ],
  "newPredictionRaw": [],
  "matchingNumbers": {
    "model": "LaplaceMonteCarlo Model",
    "prediction": [
      3,
      7,
      9,
      14,
      17,
      20,
      22,
      27,
      30,
      33,
      37,
      41,
      42,
      48,
      49,
      54,
      57,
      60,
      65,
      67
    ],
    "matching_numbers": [
      37,
      7,
      48,
      57,
      27
    ],
    "match_count": 5
  },
  "labels": [],
  "numberFrequency": {
    "1": 0.05714285714285714,
    "7": 0.02857142857142857,
    "10": 0.05714285714285714,
    "13": 0.08571428571428572,
    "15": 0.08571428571428572,
    "19": 0.08571428571428572,
    "23": 0.05714285714285714,
    "27": 0.02857142857142857,
    "29": 0.05714285714285714,
    "32": 0.05714285714285714,
    "38": 0.02857142857142857,
    "40": 0.02857142857142857,
    "45": 0.05714285714285714,
    "46": 0.02857142857142857,
    "49": 0.05714285714285714,
    "54": 0.05714285714285714,
    "58": 0.02857142857142857,
    "61": 0.02857142857142857,
    "64": 0.05714285714285714,
    "68": 0.02857142857142857
  }
}