{
  "currentPredictionRaw": [],
  "currentPrediction": [
    {
      "name": "HybridStatisticalModel",
      "predictions": [
        [
          42,
          1,
          23,
          31,
          33,
          59,
          65,
          6,
          10,
          12,
          15,
          17,
          21,
          22,
          27,
          28,
          46,
          48,
          50,
          56
        ],
        [
          10,
          15,
          21,
          27,
          42
        ],
        [
          6,
          10,
          15,
          21,
          27,
          42,
          50
        ]
      ]
    }
  ],
  "realResult": [
    2,
    4,
    13,
    15,
    17,
    20,
    22,
    24,
    26,
    27,
    28,
    29,
    30,
    40,
    50,
    52,
    54,
    65,
    69,
    70
  ],
  "newPrediction": [
    {
      "name": "PoissonMonteCarlo Model",
      "predictions": [
        [
          1,
          8,
          12,
          13,
          18,
          21,
          24,
          25,
          26,
          40,
          42,
          43,
          50,
          54,
          56,
          58,
          61,
          63,
          67,
          70
        ],
        [
          12,
          21,
          25,
          43,
          50,
          61
        ]
      ]
    }
  ],
  "newPredictionRaw": [],
  "matchingNumbers": {
    "model": "HybridStatisticalModel",
    "prediction": [
      42,
      1,
      23,
      31,
      33,
      59,
      65,
      6,
      10,
      12,
      15,
      17,
      21,
      22,
      27,
      28,
      46,
      48,
      50,
      56
    ],
    "matching_numbers": [
      65,
      15,
      17,
      50,
      22,
      27,
      28
    ],
    "match_count": 7
  },
  "labels": [],
  "numberFrequency": {
    "1": 0.038461538461538464,
    "8": 0.038461538461538464,
    "12": 0.07692307692307693,
    "13": 0.038461538461538464,
    "18": 0.038461538461538464,
    "21": 0.07692307692307693,
    "24": 0.038461538461538464,
    "25": 0.07692307692307693,
    "26": 0.038461538461538464,
    "40": 0.038461538461538464,
    "42": 0.038461538461538464,
    "43": 0.07692307692307693,
    "50": 0.07692307692307693,
    "54": 0.038461538461538464,
    "56": 0.038461538461538464,
    "58": 0.038461538461538464,
    "61": 0.07692307692307693,
    "63": 0.038461538461538464,
    "67": 0.038461538461538464,
    "70": 0.038461538461538464
  }
}