{"currentPredictionRaw": [], "currentPrediction": [{"name": "MarkovBayesian Model", "predictions": [[1, 3, 10, 11, 12, 13, 14, 16, 18, 19, 20, 24, 29, 30, 33, 34, 36, 40, 48, 49], [14, 36, 40, 56, 71], [14, 36, 40, 48, 56, 71], [12, 14, 36, 40, 48, 56, 71], [12, 14, 29, 36, 40, 48, 56, 71], [12, 14, 20, 29, 36, 40, 48, 56, 71], [12, 14, 20, 29, 36, 40, 48, 51, 56, 71]]}, {"name": "PoissonMonteCarlo Model", "predictions": [[1, 3, 8, 14, 17, 18, 21, 28, 32, 35, 36, 40, 41, 49, 51, 60, 61, 62, 66, 70], [3, 18, 32, 35, 49], [3, 8, 28, 51, 61, 62], [1, 8, 17, 28, 36, 41, 60], [3, 8, 18, 28, 32, 40, 49, 61], [3, 8, 14, 17, 21, 32, 40, 41, 60], [1, 14, 18, 35, 49, 51, 60, 61, 66, 70]]}], "realResult": [2, 8, 10, 11, 12, 14, 16, 22, 24, 26, 27, 31, 40, 43, 44, 52, 55, 56, 64, 69], "newPrediction": [{"name": "MarkovBayesian Model", "predictions": [[2, 3, 8, 10, 11, 12, 13, 14, 16, 20, 22, 23, 24, 26, 27, 28, 31, 32, 34, 40], [14, 27, 40, 70, 72], [14, 27, 40, 56, 70, 72], [8, 14, 27, 40, 56, 70, 72], [8, 14, 22, 27, 40, 56, 70, 72], [8, 12, 14, 22, 27, 40, 56, 70, 72], [8, 12, 14, 22, 27, 40, 43, 56, 70, 72]]}, {"name": "PoissonMonteCarlo Model", "predictions": [[1, 4, 10, 13, 15, 18, 24, 25, 32, 34, 36, 44, 45, 46, 52, 54, 60, 62, 68, 70], [4, 32, 36, 45, 46], [10, 25, 36, 44, 52, 70], [4, 13, 32, 34, 36, 46, 62], [1, 13, 18, 24, 25, 52, 60, 62], [15, 18, 24, 25, 32, 44, 45, 46, 62], [1, 10, 15, 18, 32, 36, 44, 46, 54, 70]]}], "newPredictionRaw": [], "matchingNumbers": {"model": "MarkovBayesian Model", "prediction": [1, 3, 10, 11, 12, 13, 14, 16, 18, 19, 20, 24, 29, 30, 33, 34, 36, 40, 48, 49], "matching_numbers": [40, 10, 11, 12, 14, 16, 24], "match_count": 7}, "labels": [], "numberFrequency": {"1": 0.0144, "5": 0.014382608695652175, "6": 0.014591304347826087, "8": 0.014026086956521739, "11": 0.014391304347826086, "16": 0.014382608695652175, "17": 0.014026086956521739, "26": 0.014817391304347826, "27": 0.01382608695652174, "32": 0.014721739130434782, "35": 0.014043478260869565, "37": 0.014373913043478261, "43": 0.014121739130434782, "44": 0.014234782608695653, "49": 0.014304347826086956, "52": 0.014156521739130434, "56": 0.014008695652173914, "57": 0.014165217391304347, "59": 0.014382608695652175, "66": 0.014365217391304348, "7": 0.014347826086956521, "9": 0.014252173913043478, "10": 0.014565217391304348, "15": 0.01457391304347826, "20": 0.014130434782608696, "24": 0.01433913043478261, "30": 0.01431304347826087, "31": 0.014365217391304348, "34": 0.01457391304347826, "50": 0.013930434782608695, "54": 0.0144, "58": 0.014217391304347826, "67": 0.014495652173913043, "69": 0.01486086956521739, "70": 0.013947826086956522, "2": 0.014147826086956522, "3": 0.014565217391304348, "25": 0.014147826086956522, "38": 0.013721739130434783, "39": 0.0142, "40": 0.013747826086956521, "42": 0.014713043478260869, "55": 0.014460869565217391, "62": 0.0144, "4": 0.014043478260869565, "28": 0.01451304347826087, "36": 0.014008695652173914, "41": 0.014121739130434782, "51": 0.014165217391304347, "60": 0.01477391304347826, "64": 0.014191304347826087, "12": 0.01408695652173913, "13": 0.014391304347826086, "23": 0.014452173913043478, "47": 0.014382608695652175, "48": 0.014069565217391304, "61": 0.014347826086956521, "14": 0.01388695652173913, "29": 0.014121739130434782, "53": 0.013773913043478261, "19": 0.014321739130434783, "65": 0.014521739130434783, "22": 0.014078260869565217, "33": 0.01422608695652174, "68": 0.014634782608695652, "18": 0.01451304347826087, "46": 0.014286956521739131, "63": 0.014139130434782609, "21": 0.013730434782608696, "45": 0.013773913043478261, "74": 8.695652173913044e-05, "76": 0.0001565217391304348, "80": 0.00012173913043478261, "71": 0.00012173913043478261, "77": 0.00014782608695652173, "72": 0.0001565217391304348, "75": 0.0001565217391304348, "78": 0.00013913043478260868, "79": 0.00010434782608695653, "73": 0.00011304347826086957}}