{
  "currentPredictionRaw": [],
  "currentPrediction": [
    {
      "name": "LaplaceMonteCarlo Model",
      "predictions": [
        [
          1,
          6,
          8,
          13,
          15,
          21,
          24,
          27,
          30,
          35,
          35,
          40,
          45,
          48,
          51,
          54,
          57,
          60,
          65,
          68
        ],
        [
          6,
          8,
          24,
          27,
          68
        ],
        [
          1,
          6,
          21,
          24,
          30,
          48,
          51,
          54,
          57,
          68
        ]
      ]
    }
  ],
  "realResult": [
    4,
    8,
    16,
    18,
    20,
    27,
    30,
    31,
    38,
    40,
    42,
    49,
    50,
    52,
    60,
    61,
    66,
    67,
    69,
    70
  ],
  "newPrediction": [
    {
      "name": "LaplaceMonteCarlo Model",
      "predictions": [
        [
          1,
          7,
          11,
          12,
          16,
          21,
          24,
          28,
          29,
          33,
          38,
          39,
          45,
          47,
          50,
          53,
          58,
          60,
          65,
          68
        ],
        [
          11,
          16,
          24,
          38,
          53
        ],
        [
          7,
          11,
          21,
          24,
          33,
          47,
          53,
          58,
          60,
          68
        ]
      ]
    }
  ],
  "newPredictionRaw": [],
  "matchingNumbers": {
    "model": "LaplaceMonteCarlo Model",
    "prediction": [
      1,
      6,
      8,
      13,
      15,
      21,
      24,
      27,
      30,
      35,
      35,
      40,
      45,
      48,
      51,
      54,
      57,
      60,
      65,
      68
    ],
    "matching_numbers": [
      8,
      40,
      27,
      60,
      30
    ],
    "match_count": 5
  },
  "labels": [],
  "numberFrequency": {
    "1": 0.02857142857142857,
    "7": 0.05714285714285714,
    "11": 0.08571428571428572,
    "12": 0.02857142857142857,
    "16": 0.05714285714285714,
    "21": 0.05714285714285714,
    "24": 0.08571428571428572,
    "28": 0.02857142857142857,
    "29": 0.02857142857142857,
    "33": 0.05714285714285714,
    "38": 0.05714285714285714,
    "39": 0.02857142857142857,
    "45": 0.02857142857142857,
    "47": 0.05714285714285714,
    "50": 0.02857142857142857,
    "53": 0.08571428571428572,
    "58": 0.05714285714285714,
    "60": 0.05714285714285714,
    "65": 0.02857142857142857,
    "68": 0.05714285714285714
  }
}