{
  "currentPredictionRaw": [],
  "currentPrediction": [
    {
      "name": "LaplaceMonteCarlo Model",
      "predictions": [
        [
          3,
          6,
          8,
          14,
          16,
          19,
          22,
          28,
          30,
          32,
          36,
          40,
          44,
          47,
          49,
          56,
          57,
          61,
          64,
          68
        ],
        [
          19,
          22,
          44,
          49,
          57
        ],
        [
          3,
          8,
          14,
          16,
          22,
          36,
          49,
          56,
          57,
          64
        ]
      ]
    }
  ],
  "realResult": [
    3,
    4,
    9,
    11,
    18,
    21,
    26,
    27,
    31,
    35,
    39,
    41,
    46,
    52,
    54,
    56,
    62,
    66,
    67,
    68
  ],
  "newPrediction": [
    {
      "name": "LaplaceMonteCarlo Model",
      "predictions": [
        [
          4,
          5,
          10,
          13,
          17,
          21,
          23,
          26,
          31,
          34,
          36,
          40,
          44,
          46,
          49,
          54,
          58,
          62,
          63,
          67
        ],
        [
          4,
          31,
          54,
          62,
          63
        ],
        [
          4,
          5,
          17,
          21,
          34,
          36,
          40,
          46,
          58,
          67
        ]
      ]
    }
  ],
  "newPredictionRaw": [],
  "matchingNumbers": {
    "model": "LaplaceMonteCarlo Model",
    "prediction": [
      3,
      6,
      8,
      14,
      16,
      19,
      22,
      28,
      30,
      32,
      36,
      40,
      44,
      47,
      49,
      56,
      57,
      61,
      64,
      68
    ],
    "matching_numbers": [
      56,
      3,
      68
    ],
    "match_count": 3
  },
  "labels": [],
  "numberFrequency": {
    "4": 0.08571428571428572,
    "5": 0.05714285714285714,
    "10": 0.02857142857142857,
    "13": 0.02857142857142857,
    "17": 0.05714285714285714,
    "21": 0.05714285714285714,
    "23": 0.02857142857142857,
    "26": 0.02857142857142857,
    "31": 0.05714285714285714,
    "34": 0.05714285714285714,
    "36": 0.05714285714285714,
    "40": 0.05714285714285714,
    "44": 0.02857142857142857,
    "46": 0.05714285714285714,
    "49": 0.02857142857142857,
    "54": 0.05714285714285714,
    "58": 0.05714285714285714,
    "62": 0.05714285714285714,
    "63": 0.05714285714285714,
    "67": 0.05714285714285714
  }
}