{"currentPredictionRaw": [], "currentPrediction": [{"name": "MarkovBayesian Model", "predictions": [[2, 3, 8, 10, 11, 12, 13, 14, 16, 20, 22, 23, 24, 26, 27, 28, 31, 32, 34, 40], [14, 27, 40, 70, 72], [14, 27, 40, 56, 70, 72], [8, 14, 27, 40, 56, 70, 72], [8, 14, 22, 27, 40, 56, 70, 72], [8, 12, 14, 22, 27, 40, 56, 70, 72], [8, 12, 14, 22, 27, 40, 43, 56, 70, 72]]}, {"name": "PoissonMonteCarlo Model", "predictions": [[1, 4, 10, 13, 15, 18, 24, 25, 32, 34, 36, 44, 45, 46, 52, 54, 60, 62, 68, 70], [4, 32, 36, 45, 46], [10, 25, 36, 44, 52, 70], [4, 13, 32, 34, 36, 46, 62], [1, 13, 18, 24, 25, 52, 60, 62], [15, 18, 24, 25, 32, 44, 45, 46, 62], [1, 10, 15, 18, 32, 36, 44, 46, 54, 70]]}], "realResult": [2, 3, 4, 16, 18, 20, 26, 27, 29, 30, 36, 37, 39, 42, 46, 49, 53, 55, 64, 70], "newPrediction": [{"name": "MarkovBayesian Model", "predictions": [[2, 3, 4, 5, 7, 13, 16, 18, 20, 23, 26, 27, 29, 30, 31, 32, 36, 37, 39, 40], [40, 72, 73, 74, 75], [40, 53, 72, 73, 74, 75], [27, 40, 53, 72, 73, 74, 75], [27, 40, 53, 70, 72, 73, 74, 75], [27, 36, 40, 53, 70, 72, 73, 74, 75], [4, 27, 36, 40, 53, 70, 72, 73, 74, 75]]}, {"name": "PoissonMonteCarlo Model", "predictions": [[1, 3, 10, 11, 16, 19, 24, 25, 30, 35, 39, 42, 45, 49, 52, 54, 58, 63, 67, 70], [16, 24, 25, 30, 42], [3, 16, 19, 25, 39, 49], [10, 24, 25, 45, 52, 58, 67], [1, 16, 24, 30, 35, 39, 49, 54], [3, 10, 16, 24, 25, 30, 39, 45, 67], [10, 11, 16, 19, 24, 30, 35, 39, 42, 63]]}, {"name": "xgboost", "predictions": [[1, 6, 9, 11, 21, 15, 22, 32, 33, 37, 39, 41, 46, 47, 57, 53, 58, 65, 63, 70], [1, 53, 39, 70, 69], [1, 53, 39, 70, 69, 37], [1, 53, 39, 70, 69, 37, 6], [1, 53, 39, 70, 69, 37, 6, 22], [1, 53, 39, 70, 69, 37, 6, 22, 3], [1, 53, 39, 70, 69, 37, 6, 22, 3, 11]]}], "newPredictionRaw": [], "matchingNumbers": {"model": "MarkovBayesian Model", "prediction": [2, 3, 8, 10, 11, 12, 13, 14, 16, 20, 22, 23, 24, 26, 27, 28, 31, 32, 34, 40], "matching_numbers": [2, 3, 16, 20, 26, 27], "match_count": 6}, "labels": [], "numberFrequency": {"1": 0.014397496087636933, "5": 0.014380107807337854, "6": 0.014588767170926796, "8": 0.014023648061206746, "11": 0.014388801947487394, "16": 0.014388801947487394, "17": 0.014023648061206746, "26": 0.014823508954964353, "27": 0.013832376977916883, "32": 0.014719179273169883, "35": 0.014041036341505825, "37": 0.014380107807337854, "43": 0.014119283602851678, "44": 0.014232307424795688, "49": 0.01431055468614154, "52": 0.014154060163449835, "56": 0.014006259780907668, "57": 0.014162754303599374, "59": 0.014380107807337854, "66": 0.014362719527038777, "7": 0.014345331246739697, "9": 0.014249695705094765, "10": 0.014562684750478177, "15": 0.014571378890627717, "20": 0.014136671883150756, "24": 0.014336637106590158, "30": 0.01431924882629108, "31": 0.014362719527038777, "34": 0.014571378890627717, "50": 0.013928012519561815, "54": 0.014397496087636933, "58": 0.014214919144496609, "67": 0.014493131629281864, "69": 0.014858285515562512, "70": 0.013954094940010433, "2": 0.014154060163449835, "3": 0.014571378890627717, "25": 0.014145366023300295, "38": 0.013719353155972874, "39": 0.01420622500434707, "40": 0.013745435576421492, "42": 0.014719179273169883, "55": 0.014467049208833247, "62": 0.014397496087636933, "4": 0.014049730481655365, "28": 0.014510519909580943, "36": 0.014014953921057208, "41": 0.014119283602851678, "51": 0.014162754303599374, "60": 0.014771344114067119, "64": 0.014197530864197531, "12": 0.014084507042253521, "13": 0.014388801947487394, "23": 0.014449660928534168, "47": 0.014380107807337854, "48": 0.014067118761954442, "61": 0.014345331246739697, "14": 0.01388454181881412, "29": 0.014127977743001218, "53": 0.013780212137019649, "19": 0.01431924882629108, "65": 0.014519214049730481, "22": 0.014075812902103982, "33": 0.014223613284646148, "68": 0.01463223787167449, "18": 0.014519214049730481, "46": 0.014293166405842462, "63": 0.014136671883150756, "21": 0.013728047296122413, "45": 0.01377151799687011, "74": 8.69414014953921e-05, "76": 0.00015649452269170578, "80": 0.00012171796209354895, "71": 0.00012171796209354895, "77": 0.00014780038254216658, "72": 0.00015649452269170578, "75": 0.00015649452269170578, "78": 0.00013910624239262738, "79": 0.00010432968179447053, "73": 0.00011302382194400974}}