{"currentPredictionRaw": [], "currentPrediction": [{"name": "HybridStatisticalModel", "predictions": [[15, 32, 33, 2, 6, 10, 11, 14, 17, 19, 20, 25, 26, 37, 42, 46, 50, 51, 54, 60], [14, 26, 42, 50, 60], [14, 17, 26, 42, 50, 60], [14, 17, 25, 26, 32, 42, 50, 60]]}, {"name": "xgboost", "predictions": [[1, 4, 10, 14, 16, 26, 19, 30, 30, 34, 43, 37, 39, 49, 45, 61, 62, 63, 63, 68], [1, 4, 10, 16, 26], [1, 4, 10, 16, 26, 34], [1, 34, 4, 10, 16, 26, 37, 49]]}], "realResult": [5, 9, 10, 12, 14, 17, 19, 25, 26, 31, 48, 49, 51, 53, 54, 57, 61, 63, 64, 65], "newPrediction": [{"name": "HybridStatisticalModel", "predictions": [[26, 9, 19, 57, 2, 10, 12, 15, 16, 17, 20, 25, 38, 46, 49, 51, 54, 63, 65, 69], [10, 12, 26, 38, 69], [10, 12, 17, 26, 38, 69], [10, 12, 15, 17, 26, 38, 63, 69]]}, {"name": "xgboost", "predictions": [[1, 8, 15, 14, 22, 20, 23, 32, 36, 40, 35, 42, 49, 44, 59, 60, 60, 65, 66, 69], [1, 8, 20, 23, 32], [32, 1, 8, 20, 23, 40], [32, 1, 8, 40, 20, 23, 60, 14]]}], "newPredictionRaw": [], "matchingNumbers": {"model": "HybridStatisticalModel", "prediction": [15, 32, 33, 2, 6, 10, 11, 14, 17, 19, 20, 25, 26, 37, 42, 46, 50, 51, 54, 60], "matching_numbers": [10, 14, 17, 19, 51, 54, 25, 26], "match_count": 8}, "labels": [], "numberFrequency": {"1": 0.014387562274523277, "5": 0.014396151863940904, "6": 0.014559354062875795, "8": 0.014104105823741626, "11": 0.014310255969764644, "16": 0.014396151863940904, "17": 0.01405256828723587, "26": 0.014851400103075073, "27": 0.013855007730630475, "32": 0.014731145851228311, "35": 0.014026799518982993, "37": 0.014327435148599897, "43": 0.014138464181412128, "44": 0.01421577048617076, "49": 0.014275897612094142, "52": 0.01415564336024738, "56": 0.01400962034014774, "57": 0.014172822539082633, "59": 0.01440474145335853, "66": 0.014327435148599897, "7": 0.014378972685105651, "9": 0.01424153925442364, "10": 0.014593712420546297, "15": 0.014593712420546297, "20": 0.014172822539082633, "24": 0.014318845559182272, "30": 0.014267308022676516, "31": 0.014387562274523277, "34": 0.014542174884040544, "50": 0.013855007730630475, "54": 0.014396151863940904, "58": 0.014301666380347019, "67": 0.014430510221611407, "69": 0.014902937639580827, "70": 0.013966672393059612, "2": 0.014172822539082633, "3": 0.01455076447345817, "25": 0.014164232949665005, "38": 0.013726163889366089, "39": 0.014224360075588386, "40": 0.01374334306820134, "42": 0.014748325030063562, "55": 0.014473458168699537, "62": 0.014370383095688026, "4": 0.013992441161312489, "28": 0.014542174884040544, "36": 0.014001030750730115, "41": 0.014086926644906373, "51": 0.014172822539082633, "60": 0.014774093798316441, "64": 0.014250128843841265, "12": 0.01400962034014774, "13": 0.014353203916852774, "23": 0.014447689400446658, "47": 0.014387562274523277, "48": 0.01405256828723587, "61": 0.014336024738017523, "14": 0.013897955677718605, "29": 0.014043978697818245, "53": 0.013777701425871843, "19": 0.014310255969764644, "65": 0.014499226936952414, "22": 0.014095516234324, "33": 0.014310255969764644, "68": 0.014636660367634427, "18": 0.014516406115787665, "46": 0.014310255969764644, "63": 0.014164232949665005, "21": 0.013734753478783715, "45": 0.013786291015289468, "74": 8.589589417625838e-05, "76": 0.00015461260951726507, "80": 0.00012025425184676172, "71": 0.00012025425184676172, "77": 0.00014602302009963925, "72": 0.00015461260951726507, "75": 0.00015461260951726507, "78": 0.0001374334306820134, "79": 0.00010307507301151004, "73": 0.00011166466242913588}}