{
  "currentPredictionRaw": [],
  "currentPrediction": [
    {
      "name": "LaplaceMonteCarlo Model",
      "predictions": [
        [
          3,
          6,
          10,
          14,
          16,
          21,
          22,
          26,
          31,
          33,
          36,
          42,
          45,
          47,
          50,
          54,
          59,
          61,
          64,
          69
        ],
        [
          14,
          26,
          33,
          36,
          59,
          61
        ]
      ]
    }
  ],
  "realResult": [
    1,
    6,
    15,
    19,
    21,
    23,
    28,
    29,
    31,
    33,
    42,
    48,
    50,
    51,
    53,
    59,
    61,
    62,
    67,
    70
  ],
  "newPrediction": [
    {
      "name": "HybridStatisticalModel",
      "predictions": [
        [
          42,
          1,
          23,
          31,
          33,
          59,
          65,
          6,
          10,
          12,
          15,
          17,
          21,
          22,
          27,
          28,
          46,
          48,
          50,
          56
        ],
        [
          10,
          15,
          21,
          27,
          42
        ],
        [
          6,
          10,
          15,
          21,
          27,
          42,
          50
        ]
      ]
    }
  ],
  "newPredictionRaw": [],
  "matchingNumbers": {
    "model": "LaplaceMonteCarlo Model",
    "prediction": [
      3,
      6,
      10,
      14,
      16,
      21,
      22,
      26,
      31,
      33,
      36,
      42,
      45,
      47,
      50,
      54,
      59,
      61,
      64,
      69
    ],
    "matching_numbers": [
      33,
      6,
      42,
      50,
      21,
      59,
      61,
      31
    ],
    "match_count": 8
  },
  "labels": [],
  "numberFrequency": {
    "42": 0.09375,
    "1": 0.03125,
    "23": 0.03125,
    "31": 0.03125,
    "33": 0.03125,
    "59": 0.03125,
    "65": 0.03125,
    "6": 0.0625,
    "10": 0.09375,
    "12": 0.03125,
    "15": 0.09375,
    "17": 0.03125,
    "21": 0.09375,
    "22": 0.03125,
    "27": 0.09375,
    "28": 0.03125,
    "46": 0.03125,
    "48": 0.03125,
    "50": 0.0625,
    "56": 0.03125
  }
}