{
  "currentPredictionRaw": [],
  "currentPrediction": [
    {
      "name": "MarkovBayesianEnhanched Model",
      "predictions": [
        [
          1,
          4,
          18,
          20,
          22,
          23,
          32,
          34,
          36,
          38,
          41,
          47,
          51,
          57,
          61,
          64,
          66,
          68,
          69,
          70
        ],
        [
          13,
          25,
          28,
          38,
          43
        ]
      ]
    }
  ],
  "realResult": [
    1,
    3,
    5,
    11,
    21,
    24,
    27,
    35,
    44,
    45,
    46,
    49,
    51,
    52,
    55,
    60,
    61,
    63,
    66,
    70
  ],
  "newPrediction": [
    {
      "name": "MarkovBayesianEnhanched Model",
      "predictions": [
        [
          1,
          5,
          10,
          17,
          18,
          25,
          28,
          29,
          31,
          41,
          48,
          51,
          52,
          53,
          55,
          60,
          69,
          70
        ],
        [
          1,
          2,
          6,
          26,
          46
        ]
      ]
    }
  ],
  "newPredictionRaw": [],
  "matchingNumbers": {
    "model": "MarkovBayesianEnhanched Model",
    "prediction": [
      1,
      4,
      18,
      20,
      22,
      23,
      32,
      34,
      36,
      38,
      41,
      47,
      51,
      57,
      61,
      64,
      66,
      68,
      69,
      70
    ],
    "matching_numbers": [
      1,
      66,
      70,
      51,
      61
    ],
    "match_count": 5
  },
  "labels": [],
  "numberFrequency": {
    "1": 0.08695652173913043,
    "5": 0.043478260869565216,
    "10": 0.043478260869565216,
    "17": 0.043478260869565216,
    "18": 0.043478260869565216,
    "25": 0.043478260869565216,
    "28": 0.043478260869565216,
    "29": 0.043478260869565216,
    "31": 0.043478260869565216,
    "41": 0.043478260869565216,
    "48": 0.043478260869565216,
    "51": 0.043478260869565216,
    "52": 0.043478260869565216,
    "53": 0.043478260869565216,
    "55": 0.043478260869565216,
    "60": 0.043478260869565216,
    "69": 0.043478260869565216,
    "70": 0.043478260869565216,
    "2": 0.043478260869565216,
    "6": 0.043478260869565216,
    "26": 0.043478260869565216,
    "46": 0.043478260869565216
  }
}