{
  "currentPredictionRaw": [],
  "currentPrediction": [
    {
      "name": "MarkovBayesianEnhanched Model",
      "predictions": [
        [
          3,
          10,
          15,
          18,
          19,
          20,
          27,
          29,
          30,
          32,
          38,
          45,
          48,
          53,
          57,
          60,
          64,
          66,
          68
        ],
        [
          7,
          14,
          15,
          19,
          20,
          35,
          41
        ],
        [
          4,
          7,
          14,
          15,
          19,
          20,
          35,
          41
        ]
      ]
    }
  ],
  "realResult": [
    4,
    9,
    12,
    15,
    18,
    19,
    21,
    22,
    23,
    25,
    27,
    33,
    34,
    38,
    46,
    58,
    60,
    63,
    64,
    66
  ],
  "newPrediction": [
    {
      "name": "Markov Model",
      "predictions": [
        [
          8,
          16,
          22,
          27,
          28,
          29,
          32,
          33,
          34,
          36,
          38,
          42,
          45,
          48,
          49,
          64,
          67,
          68,
          69,
          70
        ],
        [
          22,
          29,
          33,
          64,
          68
        ],
        [
          8,
          22,
          27,
          36,
          48,
          64
        ],
        [
          27,
          28,
          33,
          34,
          42,
          48,
          64,
          67
        ],
        [
          16,
          28,
          32,
          33,
          42,
          48,
          67,
          68,
          69,
          70
        ]
      ]
    }
  ],
  "newPredictionRaw": [],
  "matchingNumbers": {
    "model": "MarkovBayesianEnhanched Model",
    "prediction": [
      3,
      10,
      15,
      18,
      19,
      20,
      27,
      29,
      30,
      32,
      38,
      45,
      48,
      53,
      57,
      60,
      64,
      66,
      68
    ],
    "matching_numbers": [
      64,
      66,
      38,
      15,
      18,
      19,
      27,
      60
    ],
    "match_count": 8
  },
  "labels": [],
  "numberFrequency": {
    "8": 0.04081632653061224,
    "16": 0.04081632653061224,
    "22": 0.061224489795918366,
    "27": 0.061224489795918366,
    "28": 0.061224489795918366,
    "29": 0.04081632653061224,
    "32": 0.04081632653061224,
    "33": 0.08163265306122448,
    "34": 0.04081632653061224,
    "36": 0.04081632653061224,
    "38": 0.02040816326530612,
    "42": 0.061224489795918366,
    "45": 0.02040816326530612,
    "48": 0.08163265306122448,
    "49": 0.02040816326530612,
    "64": 0.08163265306122448,
    "67": 0.061224489795918366,
    "68": 0.061224489795918366,
    "69": 0.04081632653061224,
    "70": 0.04081632653061224
  }
}