{"currentPredictionRaw": [], "currentPrediction": [], "realResult": [2, 5, 7, 8, 10, 14, 16, 19, 26, 27, 30, 33, 38, 39, 43, 45, 55, 68, 69, 70], "newPrediction": [{"name": "Markov Model", "predictions": [[5, 12, 17, 18, 20, 23, 28, 29, 40, 46, 51, 60, 61, 64, 65, 66, 68, 72, 73, 75], [5, 17, 18, 51, 64, 73], [12, 17, 18, 40, 61, 64, 68, 75], [12, 18, 20, 40, 51, 61, 64, 72, 75]]}, {"name": "PoissonMonteCarlo Model", "predictions": [[1, 5, 10, 11, 17, 19, 24, 25, 30, 34, 35, 43, 46, 47, 55, 56, 58, 62, 67, 70], [10, 24, 25, 34, 46, 58], [1, 11, 17, 24, 25, 43, 47, 58], [1, 10, 11, 34, 43, 46, 55, 56, 67]]}, {"name": "LaplaceMonteCarlo Model", "predictions": [[2, 5, 11, 13, 16, 19, 24, 26, 29, 33, 37, 39, 42, 47, 51, 55, 57, 61, 63, 66], [11, 13, 16, 19, 26, 57], [2, 19, 29, 37, 39, 42, 47, 66], [13, 16, 19, 26, 29, 33, 37, 42, 47]]}], "newPredictionRaw": [], "matchingNumbers": {"model": null, "prediction": null, "matching_numbers": [], "match_count": 0}, "labels": [], "numberFrequency": {"1": 0.014390412140024142, "5": 0.014407656492498706, "6": 0.01457147784100707, "8": 0.014062769443007415, "11": 0.014321434730125884, "16": 0.014407656492498706, "17": 0.014019658561821004, "26": 0.014830143128125538, "27": 0.013847215037075358, "32": 0.014726677013278152, "35": 0.014019658561821004, "37": 0.014338679082600449, "43": 0.014140369029142955, "44": 0.014200724262803931, "49": 0.014252457320227625, "52": 0.014174857734092085, "56": 0.013993792033109157, "57": 0.014200724262803931, "59": 0.014390412140024142, "66": 0.01434730125883773, "7": 0.014373167787549577, "9": 0.014252457320227625, "10": 0.014597344369718917, "15": 0.014588722193481635, "20": 0.014166235557854803, "24": 0.01430419037765132, "30": 0.014312812553888601, "31": 0.014373167787549577, "34": 0.014536989136057941, "50": 0.013838592860838075, "54": 0.014399034316261425, "58": 0.014278323848939472, "67": 0.014442145197447836, "69": 0.014899120538023797, "70": 0.013959303328160028, "2": 0.014183479910329366, "3": 0.014545611312295223, "25": 0.014148991205380239, "38": 0.013735126745990688, "39": 0.014226590791515779, "40": 0.013735126745990688, "42": 0.014743921365752716, "55": 0.014468011726159682, "62": 0.014390412140024142, "4": 0.014002414209346439, "28": 0.014519744783583376, "36": 0.013959303328160028, "41": 0.014131746852905674, "51": 0.01419210208656665, "60": 0.014778410070701846, "64": 0.01423521296775306, "12": 0.014036902914295568, "13": 0.014364545611312295, "23": 0.014485256078634247, "47": 0.014390412140024142, "48": 0.014062769443007415, "61": 0.014338679082600449, "14": 0.013890325918261769, "29": 0.014088635971719263, "53": 0.013778237627177099, "19": 0.014312812553888601, "65": 0.014502500431108812, "22": 0.014105880324193826, "33": 0.014286946025176755, "68": 0.014631833074668046, "18": 0.014519744783583376, "46": 0.01430419037765132, "63": 0.014131746852905674, "21": 0.013735126745990688, "45": 0.013778237627177099, "74": 8.62217623728229e-05, "76": 0.00015519917227108123, "80": 0.00012071046732195207, "71": 0.00012071046732195207, "77": 0.00014657699603379894, "72": 0.00015519917227108123, "75": 0.00015519917227108123, "78": 0.00013795481979651664, "79": 0.00010346611484738747, "73": 0.00011208829108466977}}