{
  "currentPredictionRaw": [],
  "currentPrediction": [
    {
      "name": "Markov Model",
      "predictions": [
        [
          1,
          2,
          3,
          4,
          5,
          11,
          20,
          25,
          30,
          41,
          43,
          44,
          46,
          50,
          53,
          58,
          62,
          66,
          68,
          69
        ],
        [
          3,
          30,
          58,
          66,
          68,
          69
        ],
        [
          3,
          11,
          30,
          58,
          66,
          68,
          69
        ],
        [
          1,
          3,
          11,
          30,
          46,
          58,
          66,
          68,
          69
        ]
      ]
    }
  ],
  "realResult": [
    8,
    15,
    18,
    21,
    24,
    29,
    30,
    31,
    33,
    36,
    38,
    39,
    40,
    51,
    55,
    58,
    59,
    62,
    66,
    68
  ],
  "newPrediction": [
    {
      "name": "Markov Model",
      "predictions": [
        [
          1,
          2,
          3,
          9,
          16,
          24,
          28,
          30,
          33,
          34,
          40,
          41,
          44,
          45,
          60,
          61,
          63,
          67,
          69,
          70
        ],
        [
          3,
          34,
          60,
          67,
          69
        ],
        [
          3,
          28,
          34,
          60,
          67,
          69
        ],
        [
          3,
          16,
          28,
          34,
          60,
          67,
          69
        ]
      ]
    }
  ],
  "newPredictionRaw": [],
  "matchingNumbers": {
    "model": "Markov Model",
    "prediction": [
      1,
      2,
      3,
      4,
      5,
      11,
      20,
      25,
      30,
      41,
      43,
      44,
      46,
      50,
      53,
      58,
      62,
      66,
      68,
      69
    ],
    "matching_numbers": [
      66,
      68,
      30,
      58,
      62
    ],
    "match_count": 5
  },
  "labels": [],
  "numberFrequency": {
    "1": 0.02631578947368421,
    "2": 0.02631578947368421,
    "3": 0.10526315789473684,
    "9": 0.02631578947368421,
    "16": 0.05263157894736842,
    "24": 0.02631578947368421,
    "28": 0.07894736842105263,
    "30": 0.02631578947368421,
    "33": 0.02631578947368421,
    "34": 0.10526315789473684,
    "40": 0.02631578947368421,
    "41": 0.02631578947368421,
    "44": 0.02631578947368421,
    "45": 0.02631578947368421,
    "60": 0.10526315789473684,
    "61": 0.02631578947368421,
    "63": 0.02631578947368421,
    "67": 0.10526315789473684,
    "69": 0.10526315789473684,
    "70": 0.02631578947368421
  }
}