{
  "currentPredictionRaw": [],
  "currentPrediction": [
    {
      "name": "PoissonMarkov Model",
      "predictions": [
        [
          32,
          63,
          70,
          26,
          42,
          67,
          11,
          28,
          45,
          38,
          36,
          60,
          9,
          62,
          65,
          29,
          37,
          68,
          51,
          69
        ],
        [
          26,
          28,
          29,
          32,
          60,
          70
        ]
      ]
    }
  ],
  "realResult": [
    1,
    8,
    18,
    21,
    29,
    33,
    34,
    35,
    38,
    39,
    41,
    43,
    44,
    45,
    53,
    54,
    55,
    58,
    59,
    69
  ],
  "newPrediction": [
    {
      "name": "PoissonMarkov Model",
      "predictions": [
        [
          25,
          64,
          70,
          58,
          51,
          27,
          9,
          42,
          39,
          69,
          45,
          36,
          47,
          40,
          59,
          34,
          56,
          57,
          2,
          55
        ],
        [
          34,
          39,
          40,
          47,
          51
        ],
        [
          2,
          27,
          36,
          45,
          47,
          57,
          58
        ]
      ]
    }
  ],
  "newPredictionRaw": [],
  "matchingNumbers": {
    "model": "PoissonMarkov Model",
    "prediction": [
      32,
      63,
      70,
      26,
      42,
      67,
      11,
      28,
      45,
      38,
      36,
      60,
      9,
      62,
      65,
      29,
      37,
      68,
      51,
      69
    ],
    "matching_numbers": [
      29,
      69,
      45,
      38
    ],
    "match_count": 4
  },
  "labels": [],
  "numberFrequency": {
    "25": 0.03125,
    "64": 0.03125,
    "70": 0.03125,
    "58": 0.0625,
    "51": 0.0625,
    "27": 0.0625,
    "9": 0.03125,
    "42": 0.03125,
    "39": 0.0625,
    "69": 0.03125,
    "45": 0.0625,
    "36": 0.0625,
    "47": 0.09375,
    "40": 0.0625,
    "59": 0.03125,
    "34": 0.0625,
    "56": 0.03125,
    "57": 0.0625,
    "2": 0.0625,
    "55": 0.03125
  }
}