{
  "currentPredictionRaw": [],
  "currentPrediction": [
    {
      "name": "LaplaceMonteCarlo Model",
      "predictions": [
        [
          4,
          5,
          10,
          13,
          17,
          21,
          23,
          26,
          31,
          34,
          36,
          40,
          44,
          46,
          49,
          54,
          58,
          62,
          63,
          67
        ],
        [
          4,
          31,
          54,
          62,
          63
        ],
        [
          4,
          5,
          17,
          21,
          34,
          36,
          40,
          46,
          58,
          67
        ]
      ]
    }
  ],
  "realResult": [
    13,
    17,
    18,
    20,
    24,
    27,
    30,
    32,
    33,
    34,
    37,
    45,
    46,
    48,
    52,
    59,
    61,
    62,
    65,
    68
  ],
  "newPrediction": [
    {
      "name": "LaplaceMonteCarlo Model",
      "predictions": [
        [
          3,
          5,
          10,
          13,
          16,
          21,
          24,
          25,
          31,
          32,
          37,
          41,
          45,
          48,
          52,
          54,
          58,
          61,
          64,
          66
        ],
        [
          13,
          25,
          37,
          41,
          64
        ],
        [
          5,
          13,
          16,
          21,
          25,
          37,
          41,
          52,
          64,
          66
        ]
      ]
    }
  ],
  "newPredictionRaw": [],
  "matchingNumbers": {
    "model": "LaplaceMonteCarlo Model",
    "prediction": [
      4,
      5,
      10,
      13,
      17,
      21,
      23,
      26,
      31,
      34,
      36,
      40,
      44,
      46,
      49,
      54,
      58,
      62,
      63,
      67
    ],
    "matching_numbers": [
      34,
      13,
      46,
      17,
      62
    ],
    "match_count": 5
  },
  "labels": [],
  "numberFrequency": {
    "3": 0.02857142857142857,
    "5": 0.05714285714285714,
    "10": 0.02857142857142857,
    "13": 0.08571428571428572,
    "16": 0.05714285714285714,
    "21": 0.05714285714285714,
    "24": 0.02857142857142857,
    "25": 0.08571428571428572,
    "31": 0.02857142857142857,
    "32": 0.02857142857142857,
    "37": 0.08571428571428572,
    "41": 0.08571428571428572,
    "45": 0.02857142857142857,
    "48": 0.02857142857142857,
    "52": 0.05714285714285714,
    "54": 0.02857142857142857,
    "58": 0.02857142857142857,
    "61": 0.02857142857142857,
    "64": 0.08571428571428572,
    "66": 0.05714285714285714
  }
}