{
  "currentPredictionRaw": [],
  "currentPrediction": [
    {
      "name": "LaplaceMonteCarlo Model",
      "predictions": [
        [
          2,
          7,
          9,
          13,
          17,
          20,
          24,
          27,
          29,
          34,
          38,
          40,
          43,
          46,
          51,
          54,
          57,
          62,
          63,
          67
        ],
        [
          17,
          24,
          29,
          46,
          51
        ],
        [
          7,
          13,
          17,
          20,
          34,
          43,
          46,
          62,
          63,
          67
        ]
      ]
    }
  ],
  "realResult": [
    3,
    6,
    13,
    16,
    19,
    21,
    22,
    28,
    29,
    33,
    39,
    40,
    43,
    47,
    56,
    57,
    58,
    62,
    64,
    67
  ],
  "newPrediction": [
    {
      "name": "LaplaceMonteCarlo Model",
      "predictions": [
        [
          3,
          7,
          9,
          14,
          17,
          20,
          22,
          27,
          30,
          33,
          37,
          41,
          42,
          48,
          49,
          54,
          57,
          60,
          65,
          67
        ],
        [
          3,
          22,
          33,
          41,
          49
        ],
        [
          3,
          7,
          9,
          14,
          17,
          20,
          22,
          30,
          33,
          42
        ]
      ]
    }
  ],
  "newPredictionRaw": [],
  "matchingNumbers": {
    "model": "LaplaceMonteCarlo Model",
    "prediction": [
      2,
      7,
      9,
      13,
      17,
      20,
      24,
      27,
      29,
      34,
      38,
      40,
      43,
      46,
      51,
      54,
      57,
      62,
      63,
      67
    ],
    "matching_numbers": [
      67,
      40,
      43,
      13,
      57,
      29,
      62
    ],
    "match_count": 7
  },
  "labels": [],
  "numberFrequency": {
    "3": 0.08571428571428572,
    "7": 0.05714285714285714,
    "9": 0.05714285714285714,
    "14": 0.05714285714285714,
    "17": 0.05714285714285714,
    "20": 0.05714285714285714,
    "22": 0.08571428571428572,
    "27": 0.02857142857142857,
    "30": 0.05714285714285714,
    "33": 0.08571428571428572,
    "37": 0.02857142857142857,
    "41": 0.05714285714285714,
    "42": 0.05714285714285714,
    "48": 0.02857142857142857,
    "49": 0.05714285714285714,
    "54": 0.02857142857142857,
    "57": 0.02857142857142857,
    "60": 0.02857142857142857,
    "65": 0.02857142857142857,
    "67": 0.02857142857142857
  }
}