{
  "currentPredictionRaw": [],
  "currentPrediction": [
    {
      "name": "HybridStatisticalModel",
      "predictions": [
        [
          5,
          7,
          11,
          21,
          26,
          69,
          3,
          9,
          15,
          17,
          18,
          25,
          28,
          31,
          32,
          34,
          35,
          36,
          39,
          43
        ],
        [
          21,
          26,
          32,
          36,
          69
        ],
        [
          21,
          26,
          32,
          35,
          36,
          69
        ],
        [
          15,
          17,
          21,
          26,
          32,
          35,
          36,
          69
        ]
      ]
    }
  ],
  "realResult": [
    1,
    3,
    5,
    9,
    10,
    16,
    18,
    22,
    23,
    25,
    34,
    37,
    40,
    52,
    57,
    59,
    61,
    64,
    66,
    68
  ],
  "newPrediction": [
    {
      "name": "HybridStatisticalModel",
      "predictions": [
        [
          2,
          9,
          11,
          37,
          59,
          67,
          3,
          10,
          16,
          18,
          19,
          23,
          25,
          30,
          34,
          35,
          45,
          48,
          50,
          56
        ],
        [
          3,
          10,
          18,
          45,
          50
        ],
        [
          3,
          10,
          18,
          45,
          50,
          56
        ],
        [
          3,
          10,
          18,
          34,
          35,
          45,
          50,
          56
        ]
      ]
    }
  ],
  "newPredictionRaw": [],
  "matchingNumbers": {
    "model": "HybridStatisticalModel",
    "prediction": [
      5,
      7,
      11,
      21,
      26,
      69,
      3,
      9,
      15,
      17,
      18,
      25,
      28,
      31,
      32,
      34,
      35,
      36,
      39,
      43
    ],
    "matching_numbers": [
      34,
      3,
      5,
      9,
      18,
      25
    ],
    "match_count": 6
  },
  "labels": [],
  "numberFrequency": {
    "2": 0.02564102564102564,
    "9": 0.02564102564102564,
    "11": 0.02564102564102564,
    "37": 0.02564102564102564,
    "59": 0.02564102564102564,
    "67": 0.02564102564102564,
    "3": 0.10256410256410256,
    "10": 0.10256410256410256,
    "16": 0.02564102564102564,
    "18": 0.10256410256410256,
    "19": 0.02564102564102564,
    "23": 0.02564102564102564,
    "25": 0.02564102564102564,
    "30": 0.02564102564102564,
    "34": 0.05128205128205128,
    "35": 0.05128205128205128,
    "45": 0.10256410256410256,
    "48": 0.02564102564102564,
    "50": 0.10256410256410256,
    "56": 0.07692307692307693
  }
}