{
  "currentPredictionRaw": [],
  "currentPrediction": [
    {
      "name": "Markov Model",
      "predictions": [
        [
          11,
          13,
          17,
          20,
          23,
          24,
          27,
          30,
          31,
          32,
          38,
          40,
          42,
          43,
          52,
          59,
          64,
          68,
          69,
          70
        ],
        [
          23,
          32,
          42,
          68,
          69
        ],
        [
          23,
          31,
          32,
          42,
          68,
          69
        ],
        [
          11,
          23,
          31,
          32,
          42,
          59,
          68,
          69
        ],
        [
          11,
          23,
          24,
          31,
          32,
          42,
          59,
          68,
          69
        ]
      ]
    }
  ],
  "realResult": [
    9,
    12,
    16,
    28,
    29,
    33,
    36,
    38,
    39,
    41,
    44,
    50,
    53,
    54,
    62,
    64,
    65,
    66,
    67,
    70
  ],
  "newPrediction": [
    {
      "name": "Markov Model",
      "predictions": [
        [
          1,
          2,
          3,
          4,
          5,
          11,
          20,
          25,
          30,
          41,
          43,
          44,
          46,
          50,
          53,
          58,
          62,
          66,
          68,
          69
        ],
        [
          3,
          30,
          58,
          66,
          68,
          69
        ],
        [
          3,
          11,
          30,
          58,
          66,
          68,
          69
        ],
        [
          1,
          3,
          11,
          30,
          46,
          58,
          66,
          68,
          69
        ]
      ]
    }
  ],
  "newPredictionRaw": [],
  "matchingNumbers": {
    "model": "Markov Model",
    "prediction": [
      11,
      13,
      17,
      20,
      23,
      24,
      27,
      30,
      31,
      32,
      38,
      40,
      42,
      43,
      52,
      59,
      64,
      68,
      69,
      70
    ],
    "matching_numbers": [
      64,
      70,
      38
    ],
    "match_count": 3
  },
  "labels": [],
  "numberFrequency": {
    "1": 0.047619047619047616,
    "2": 0.023809523809523808,
    "3": 0.09523809523809523,
    "4": 0.023809523809523808,
    "5": 0.023809523809523808,
    "11": 0.07142857142857142,
    "20": 0.023809523809523808,
    "25": 0.023809523809523808,
    "30": 0.09523809523809523,
    "41": 0.023809523809523808,
    "43": 0.023809523809523808,
    "44": 0.023809523809523808,
    "46": 0.047619047619047616,
    "50": 0.023809523809523808,
    "53": 0.023809523809523808,
    "58": 0.09523809523809523,
    "62": 0.023809523809523808,
    "66": 0.09523809523809523,
    "68": 0.09523809523809523,
    "69": 0.09523809523809523
  }
}