{
  "currentPredictionRaw": [],
  "currentPrediction": [
    {
      "name": "MarkovBayesianEnhanched Model",
      "predictions": [
        [
          9,
          10,
          17,
          19,
          22,
          27,
          29,
          37,
          44,
          46,
          49,
          51,
          55,
          60,
          61,
          64,
          66,
          70
        ],
        [
          1,
          2,
          3,
          5,
          16,
          31,
          32
        ],
        [
          1,
          2,
          3,
          5,
          15,
          16,
          31,
          32
        ]
      ]
    }
  ],
  "realResult": [
    3,
    8,
    13,
    19,
    25,
    28,
    29,
    30,
    32,
    35,
    40,
    41,
    49,
    51,
    60,
    63,
    66,
    68,
    69,
    70
  ],
  "newPrediction": [
    {
      "name": "MarkovBayesianEnhanched Model",
      "predictions": [
        [
          3,
          10,
          15,
          18,
          19,
          20,
          27,
          29,
          30,
          32,
          38,
          45,
          48,
          53,
          57,
          60,
          64,
          66,
          68
        ],
        [
          7,
          14,
          15,
          19,
          20,
          35,
          41
        ],
        [
          4,
          7,
          14,
          15,
          19,
          20,
          35,
          41
        ]
      ]
    }
  ],
  "newPredictionRaw": [],
  "matchingNumbers": {
    "model": "MarkovBayesianEnhanched Model",
    "prediction": [
      9,
      10,
      17,
      19,
      22,
      27,
      29,
      37,
      44,
      46,
      49,
      51,
      55,
      60,
      61,
      64,
      66,
      70
    ],
    "matching_numbers": [
      66,
      70,
      49,
      19,
      51,
      60,
      29
    ],
    "match_count": 7
  },
  "labels": [],
  "numberFrequency": {
    "3": 0.029411764705882353,
    "10": 0.029411764705882353,
    "15": 0.08823529411764706,
    "18": 0.029411764705882353,
    "19": 0.08823529411764706,
    "20": 0.08823529411764706,
    "27": 0.029411764705882353,
    "29": 0.029411764705882353,
    "30": 0.029411764705882353,
    "32": 0.029411764705882353,
    "38": 0.029411764705882353,
    "45": 0.029411764705882353,
    "48": 0.029411764705882353,
    "53": 0.029411764705882353,
    "57": 0.029411764705882353,
    "60": 0.029411764705882353,
    "64": 0.029411764705882353,
    "66": 0.029411764705882353,
    "68": 0.029411764705882353,
    "7": 0.058823529411764705,
    "14": 0.058823529411764705,
    "35": 0.058823529411764705,
    "41": 0.058823529411764705,
    "4": 0.029411764705882353
  }
}