{
  "currentPredictionRaw": [],
  "currentPrediction": [
    {
      "name": "MarkovBayesianEnhanched Model",
      "predictions": [
        [
          3,
          8,
          15,
          18,
          21,
          23,
          31,
          35,
          37,
          44,
          50,
          51,
          52,
          55,
          60,
          61,
          64,
          67,
          69
        ],
        [
          3,
          7,
          13,
          21,
          49
        ]
      ]
    }
  ],
  "realResult": [
    4,
    7,
    8,
    10,
    21,
    23,
    27,
    28,
    30,
    33,
    38,
    43,
    48,
    50,
    51,
    55,
    56,
    57,
    61,
    69
  ],
  "newPrediction": [
    {
      "name": "MarkovBayesianEnhanched Model",
      "predictions": [
        [
          1,
          5,
          12,
          21,
          22,
          28,
          29,
          32,
          33,
          34,
          42,
          44,
          49,
          50,
          54,
          58,
          60,
          61,
          68,
          69
        ],
        [
          4,
          7,
          15,
          20,
          24,
          27,
          28
        ],
        [
          4,
          7,
          15,
          20,
          21,
          24,
          27,
          28
        ]
      ]
    }
  ],
  "newPredictionRaw": [],
  "matchingNumbers": {
    "model": "MarkovBayesianEnhanched Model",
    "prediction": [
      3,
      8,
      15,
      18,
      21,
      23,
      31,
      35,
      37,
      44,
      50,
      51,
      52,
      55,
      60,
      61,
      64,
      67,
      69
    ],
    "matching_numbers": [
      69,
      8,
      50,
      51,
      21,
      55,
      23,
      61
    ],
    "match_count": 8
  },
  "labels": [],
  "numberFrequency": {
    "1": 0.02857142857142857,
    "5": 0.02857142857142857,
    "12": 0.02857142857142857,
    "21": 0.05714285714285714,
    "22": 0.02857142857142857,
    "28": 0.08571428571428572,
    "29": 0.02857142857142857,
    "32": 0.02857142857142857,
    "33": 0.02857142857142857,
    "34": 0.02857142857142857,
    "42": 0.02857142857142857,
    "44": 0.02857142857142857,
    "49": 0.02857142857142857,
    "50": 0.02857142857142857,
    "54": 0.02857142857142857,
    "58": 0.02857142857142857,
    "60": 0.02857142857142857,
    "61": 0.02857142857142857,
    "68": 0.02857142857142857,
    "69": 0.02857142857142857,
    "4": 0.05714285714285714,
    "7": 0.05714285714285714,
    "15": 0.05714285714285714,
    "20": 0.05714285714285714,
    "24": 0.05714285714285714,
    "27": 0.05714285714285714
  }
}