{
  "currentPredictionRaw": [],
  "currentPrediction": [
    {
      "name": "LaplaceMonteCarlo Model",
      "predictions": [
        [
          1,
          7,
          10,
          13,
          18,
          20,
          23,
          27,
          31,
          34,
          36,
          40,
          43,
          48,
          49,
          55,
          56,
          61,
          64,
          68
        ],
        [
          7,
          34,
          48,
          56,
          61
        ],
        [
          1,
          7,
          10,
          18,
          27,
          31,
          48,
          56,
          64,
          68
        ]
      ]
    }
  ],
  "realResult": [
    2,
    3,
    4,
    9,
    11,
    15,
    21,
    31,
    34,
    38,
    42,
    45,
    47,
    49,
    51,
    52,
    56,
    58,
    62,
    66
  ],
  "newPrediction": [
    {
      "name": "LaplaceMonteCarlo Model",
      "predictions": [
        [
          3,
          6,
          8,
          14,
          16,
          19,
          22,
          28,
          30,
          32,
          36,
          40,
          44,
          47,
          49,
          56,
          57,
          61,
          64,
          68
        ],
        [
          19,
          22,
          44,
          49,
          57
        ],
        [
          3,
          8,
          14,
          16,
          22,
          36,
          49,
          56,
          57,
          64
        ]
      ]
    }
  ],
  "newPredictionRaw": [],
  "matchingNumbers": {
    "model": "LaplaceMonteCarlo Model",
    "prediction": [
      1,
      7,
      10,
      13,
      18,
      20,
      23,
      27,
      31,
      34,
      36,
      40,
      43,
      48,
      49,
      55,
      56,
      61,
      64,
      68
    ],
    "matching_numbers": [
      56,
      49,
      34,
      31
    ],
    "match_count": 4
  },
  "labels": [],
  "numberFrequency": {
    "3": 0.05714285714285714,
    "6": 0.02857142857142857,
    "8": 0.05714285714285714,
    "14": 0.05714285714285714,
    "16": 0.05714285714285714,
    "19": 0.05714285714285714,
    "22": 0.08571428571428572,
    "28": 0.02857142857142857,
    "30": 0.02857142857142857,
    "32": 0.02857142857142857,
    "36": 0.05714285714285714,
    "40": 0.02857142857142857,
    "44": 0.05714285714285714,
    "47": 0.02857142857142857,
    "49": 0.08571428571428572,
    "56": 0.05714285714285714,
    "57": 0.08571428571428572,
    "61": 0.02857142857142857,
    "64": 0.05714285714285714,
    "68": 0.02857142857142857
  }
}