{"currentPredictionRaw": [], "currentPrediction": [{"name": "LaplaceMonteCarlo Model", "predictions": [[1, 6, 10, 13, 15, 21, 24, 26, 31, 33, 37, 40, 45, 48, 50, 55, 56, 60, 65, 68], [1, 15, 21, 40, 68], [1, 6, 10, 26, 37, 40, 45, 50, 55, 56]]}], "realResult": [8, 14, 16, 17, 20, 21, 25, 27, 31, 34, 41, 49, 50, 59, 60, 61, 65, 66, 67, 68], "newPrediction": [{"name": "LaplaceMonteCarlo Model", "predictions": [[3, 7, 9, 13, 15, 20, 23, 27, 31, 33, 37, 40, 45, 48, 50, 55, 58, 59, 64, 66], [31, 33, 45, 50, 59], [13, 15, 20, 23, 27, 31, 37, 45, 50, 59]]}], "newPredictionRaw": [], "matchingNumbers": {"model": "LaplaceMonteCarlo Model", "prediction": [1, 6, 10, 13, 15, 21, 24, 26, 31, 33, 37, 40, 45, 48, 50, 55, 56, 60, 65, 68], "matching_numbers": [65, 68, 50, 21, 60, 31], "match_count": 6}, "labels": [], "numberFrequency": {"3": 0.02857142857142857, "7": 0.02857142857142857, "9": 0.02857142857142857, "13": 0.05714285714285714, "15": 0.05714285714285714, "20": 0.05714285714285714, "23": 0.05714285714285714, "27": 0.05714285714285714, "31": 0.08571428571428572, "33": 0.05714285714285714, "37": 0.05714285714285714, "40": 0.02857142857142857, "45": 0.08571428571428572, "48": 0.02857142857142857, "50": 0.08571428571428572, "55": 0.02857142857142857, "58": 0.02857142857142857, "59": 0.08571428571428572, "64": 0.02857142857142857, "66": 0.02857142857142857}}