{
  "currentPredictionRaw": [],
  "currentPrediction": [
    {
      "name": "Markov Model",
      "predictions": [
        [
          8,
          16,
          22,
          27,
          28,
          29,
          32,
          33,
          34,
          36,
          38,
          42,
          45,
          48,
          49,
          64,
          67,
          68,
          69,
          70
        ],
        [
          22,
          29,
          33,
          64,
          68
        ],
        [
          8,
          22,
          27,
          36,
          48,
          64
        ],
        [
          27,
          28,
          33,
          34,
          42,
          48,
          64,
          67
        ],
        [
          16,
          28,
          32,
          33,
          42,
          48,
          67,
          68,
          69,
          70
        ]
      ]
    }
  ],
  "realResult": [
    1,
    3,
    4,
    7,
    8,
    10,
    11,
    17,
    19,
    28,
    29,
    31,
    38,
    39,
    40,
    49,
    51,
    53,
    57,
    70
  ],
  "newPrediction": [
    {
      "name": "Markov Model",
      "predictions": [
        [
          3,
          5,
          8,
          11,
          16,
          17,
          19,
          28,
          30,
          32,
          41,
          42,
          45,
          52,
          53,
          54,
          55,
          56,
          62,
          69
        ],
        [
          3,
          16,
          17,
          32,
          45
        ],
        [
          5,
          16,
          17,
          30,
          42,
          53
        ],
        [
          3,
          5,
          17,
          30,
          32,
          54,
          62,
          69
        ],
        [
          5,
          8,
          11,
          16,
          17,
          19,
          45,
          53,
          54,
          55
        ]
      ]
    }
  ],
  "newPredictionRaw": [],
  "matchingNumbers": {
    "model": "Markov Model",
    "prediction": [
      8,
      16,
      22,
      27,
      28,
      29,
      32,
      33,
      34,
      36,
      38,
      42,
      45,
      48,
      49,
      64,
      67,
      68,
      69,
      70
    ],
    "matching_numbers": [
      38,
      70,
      8,
      49,
      28,
      29
    ],
    "match_count": 6
  },
  "labels": [],
  "numberFrequency": {
    "3": 0.061224489795918366,
    "5": 0.08163265306122448,
    "8": 0.04081632653061224,
    "11": 0.04081632653061224,
    "16": 0.08163265306122448,
    "17": 0.10204081632653061,
    "19": 0.04081632653061224,
    "28": 0.02040816326530612,
    "30": 0.061224489795918366,
    "32": 0.061224489795918366,
    "41": 0.02040816326530612,
    "42": 0.04081632653061224,
    "45": 0.061224489795918366,
    "52": 0.02040816326530612,
    "53": 0.061224489795918366,
    "54": 0.061224489795918366,
    "55": 0.04081632653061224,
    "56": 0.02040816326530612,
    "62": 0.04081632653061224,
    "69": 0.04081632653061224
  }
}