{
  "currentPredictionRaw": [],
  "currentPrediction": [
    {
      "name": "LaplaceMonteCarlo Model",
      "predictions": [
        [
          3,
          5,
          10,
          13,
          17,
          20,
          22,
          25,
          30,
          35,
          37,
          41,
          43,
          47,
          51,
          53,
          58,
          60,
          63,
          66
        ],
        [
          3,
          5,
          10,
          17,
          20
        ],
        [
          3,
          5,
          10,
          17,
          37,
          47
        ]
      ]
    }
  ],
  "realResult": [
    2,
    8,
    10,
    13,
    16,
    24,
    25,
    27,
    34,
    35,
    38,
    43,
    49,
    51,
    52,
    55,
    57,
    59,
    64,
    68
  ],
  "newPrediction": [
    {
      "name": "PoissonMarkov Model",
      "predictions": [
        [
          32,
          63,
          70,
          26,
          42,
          67,
          11,
          28,
          45,
          38,
          36,
          60,
          9,
          62,
          65,
          29,
          37,
          68,
          51,
          69
        ],
        [
          26,
          28,
          29,
          32,
          60,
          70
        ]
      ]
    }
  ],
  "newPredictionRaw": [],
  "matchingNumbers": {
    "model": "LaplaceMonteCarlo Model",
    "prediction": [
      3,
      5,
      10,
      13,
      17,
      20,
      22,
      25,
      30,
      35,
      37,
      41,
      43,
      47,
      51,
      53,
      58,
      60,
      63,
      66
    ],
    "matching_numbers": [
      35,
      10,
      43,
      13,
      51,
      25
    ],
    "match_count": 6
  },
  "labels": [],
  "numberFrequency": {
    "32": 0.07692307692307693,
    "63": 0.038461538461538464,
    "70": 0.07692307692307693,
    "26": 0.07692307692307693,
    "42": 0.038461538461538464,
    "67": 0.038461538461538464,
    "11": 0.038461538461538464,
    "28": 0.07692307692307693,
    "45": 0.038461538461538464,
    "38": 0.038461538461538464,
    "36": 0.038461538461538464,
    "60": 0.07692307692307693,
    "9": 0.038461538461538464,
    "62": 0.038461538461538464,
    "65": 0.038461538461538464,
    "29": 0.07692307692307693,
    "37": 0.038461538461538464,
    "68": 0.038461538461538464,
    "51": 0.038461538461538464,
    "69": 0.038461538461538464
  }
}