{
  "currentPredictionRaw": [],
  "currentPrediction": [
    {
      "name": "MarkovBayesianEnhanched Model",
      "predictions": [
        [
          1,
          5,
          9,
          18,
          19,
          25,
          29,
          37,
          48,
          51,
          52,
          55,
          57,
          59,
          60,
          61,
          62,
          64,
          67,
          70
        ],
        [
          14,
          16,
          17,
          23,
          39
        ]
      ]
    }
  ],
  "realResult": [
    1,
    2,
    9,
    12,
    14,
    18,
    22,
    30,
    31,
    34,
    37,
    40,
    44,
    48,
    49,
    50,
    53,
    55,
    59,
    68
  ],
  "newPrediction": [
    {
      "name": "MarkovBayesianEnhanched Model",
      "predictions": [
        [
          3,
          8,
          15,
          18,
          21,
          23,
          31,
          35,
          37,
          44,
          50,
          51,
          52,
          55,
          60,
          61,
          64,
          67,
          69
        ],
        [
          3,
          7,
          13,
          21,
          49
        ]
      ]
    }
  ],
  "newPredictionRaw": [],
  "matchingNumbers": {
    "model": "MarkovBayesianEnhanched Model",
    "prediction": [
      1,
      5,
      9,
      18,
      19,
      25,
      29,
      37,
      48,
      51,
      52,
      55,
      57,
      59,
      60,
      61,
      62,
      64,
      67,
      70
    ],
    "matching_numbers": [
      1,
      37,
      9,
      48,
      18,
      55,
      59
    ],
    "match_count": 7
  },
  "labels": [],
  "numberFrequency": {
    "3": 0.08333333333333333,
    "8": 0.041666666666666664,
    "15": 0.041666666666666664,
    "18": 0.041666666666666664,
    "21": 0.08333333333333333,
    "23": 0.041666666666666664,
    "31": 0.041666666666666664,
    "35": 0.041666666666666664,
    "37": 0.041666666666666664,
    "44": 0.041666666666666664,
    "50": 0.041666666666666664,
    "51": 0.041666666666666664,
    "52": 0.041666666666666664,
    "55": 0.041666666666666664,
    "60": 0.041666666666666664,
    "61": 0.041666666666666664,
    "64": 0.041666666666666664,
    "67": 0.041666666666666664,
    "69": 0.041666666666666664,
    "7": 0.041666666666666664,
    "13": 0.041666666666666664,
    "49": 0.041666666666666664
  }
}