{"currentPredictionRaw": [], "currentPrediction": [], "realResult": [], "newPrediction": [[2, 9, 14, 17, 24, 30, 35, 36, 40, 41, 44, 48, 51, 53, 54, 57, 66, 67, 68, 70], [37, 39, 8, 72, 74, 45, 46, 47, 16, 49, 19, 52, 55, 56, 59, 29, 0, 0, 0, 0], [35, 36, 37, 67, 72, 40, 74, 43, 76, 75, 79, 50, 20, 21, 53, 56, 31, 0, 0, 0], [66, 37, 38, 8, 72, 74, 43, 13, 45, 46, 48, 78, 52, 56, 57, 0, 0, 0, 0, 0], [32, 33, 67, 38, 71, 40, 42, 75, 77, 47, 80, 18, 53, 22, 55, 56, 0, 0, 0, 0], [5, 72, 43, 76, 77, 78, 47, 48, 79, 80, 19, 51, 22, 57, 58, 59, 60, 0, 0, 0], [69, 39, 72, 73, 42, 43, 44, 75, 46, 78, 48, 49, 52, 54, 56, 25, 31, 0, 0, 0], [11, 19, 20, 21, 29, 33, 35, 37, 39, 40, 47, 48, 55, 56, 57, 71, 72, 77, 79, 0], [33, 36, 72, 73, 76, 77, 45, 78, 48, 80, 54, 55, 57, 58, 27, 60, 30, 0, 0, 0], [33, 35, 36, 39, 71, 59, 40, 11, 76, 75, 46, 77, 16, 79, 50, 58, 27, 61, 0, 0]], "newPredictionRaw": [[3.3326074105194392e-12, 0.9990553259849548, 7.326232115845201e-27, 3.349657724483e-25, 1.261490979231894e-05, 1.1592508064595108e-09, 1.621634698362754e-28, 1.5357616198418508e-19, 2.9863496514210045e-16, 1.8670755017619827e-19, 2.0131473416423584e-17, 3.780259605654551e-38, 1.6809860814589354e-28, 6.148280464693332e-19, 6.691968160166262e-12, 2.561868495121189e-09, 1.279466346204572e-07, 2.3312957840811417e-24, 3.309324055362898e-15, 8.325348410664901e-09, 2.252156794391169e-12, 1.629847472262025e-11, 5.545087233826962e-08, 1.6942693809392887e-18, 6.435111991887066e-12, 5.021461906659418e-22, 1.8026699422080128e-07, 3.8139741365128543e-11, 5.641415611566669e-13, 3.432865469221724e-06, 2.4147050581291296e-08, 1.8356056898483075e-05, 7.131752718085192e-18, 1.6315240174442691e-22, 9.410869417081358e-09, 4.382436660744712e-15, 2.5996903130101438e-14, 5.667921932673257e-22, 6.526728067269016e-21, 1.5218590476706595e-07, 9.785002533712825e-14, 3.688749943523964e-22, 4.477594961471709e-10, 1.135533533869193e-08, 3.3552738365472123e-09, 5.9077231995274815e-09, 4.088796231371816e-06, 2.531602149247192e-05, 0.0008431270252913237, 3.097054286627099e-05, 2.5436985851001737e-08, 6.097153345763218e-06, 1.3982874236262433e-07, 3.868174836972778e-14, 7.771136978276111e-14, 7.493312637052441e-10, 4.859014660736192e-20, 5.358151330324864e-25, 1.7954028834390318e-14, 1.202562633726115e-34, 4.6596805474761925e-19, 2.797779448186641e-20, 1.1847109696578017e-16, 8.44898288701948e-14, 8.893640382791697e-33, 5.032663782000654e-21, 5.468397956676085e-10, 7.809047674248019e-16, 7.745257213365164e-10, 3.5914490895702083e-34, 6.918313107429632e-20, 4.803611896609109e-21, 2.1140052208767912e-10, 9.473104211710987e-21, 3.883663463034399e-21, 2.027087651069592e-17, 7.150870801804899e-27, 1.5141285720769046e-18, 1.9864544731351685e-10, 1.668112581398873e-08], [0.0, 0.0, 3.6505185501563635e-27, 0.0, 0.0, 2.073141770063877e-28, 1.2120592724309936e-38, 0.0015323248226195574, 0.996454119682312, 9.457060785519888e-13, 2.7627993404166773e-07, 2.162576970052136e-15, 1.4328149127232348e-12, 0.0, 0.0, 0.0, 0.0, 0.0, 1.6365274859708734e-06, 0.0, 0.0, 0.0, 0.0, 2.0153265722910874e-09, 2.2472100624781888e-08, 5.1700778687913185e-20, 0.0, 0.0, 2.4096174494218316e-19, 0.0, 0.0, 0.0, 6.493418140962604e-07, 0.0, 4.55317380577963e-19, 0.0011566628236323595, 2.3204262608058322e-14, 4.864514752051775e-35, 3.75293707222113e-09, 0.0, 0.0, 2.500716918233828e-19, 0.0, 0.0, 0.0, 0.0, 0.0, 0.0, 0.0, 0.0, 0.0, 0.0, 0.0, 0.0, 3.3983455240534305e-15, 4.7400290464692605e-18, 1.8382435156662717e-21, 5.539995587597689e-37, 2.3788293383730785e-12, 3.2062504733120394e-32, 0.0, 0.0, 0.0, 0.0, 1.130433729025324e-27, 1.6933456947754166e-07, 3.1312545161199523e-06, 3.909937288217383e-14, 0.0, 8.784787254916852e-32, 6.005947694600757e-23, 1.5289389239114826e-06, 0.0, 0.0008488004677928984, 8.258928474356475e-19, 6.478164777945494e-07, 4.981896672973107e-09, 0.0, 0.0, 0.0], [0.0, 0.0, 0.0, 0.0, 4.398451118152071e-22, 0.0, 0.0, 2.3175346364201488e-10, 1.2013462273585684e-11, 4.4320677008816897e-38, 1.4825264997853083e-06, 3.6981021725759325e-17, 3.920785093214363e-05, 0.9985758066177368, 8.916638929765535e-34, 0.0012745421845465899, 3.4065119490232828e-18, 3.7859572330489755e-05, 4.6550852061955084e-10, 4.298041312722489e-05, 4.480429893760629e-08, 2.995222807512103e-19, 4.7372522546680605e-27, 2.407969657003406e-11, 8.752788301249853e-26, 0.0, 0.0, 1.3506643716096373e-36, 0.0, 0.0, 0.0, 0.0, 2.9505101140081536e-10, 0.0, 0.0, 1.5310293122183793e-07, 0.0, 0.0, 1.4755039204339404e-11, 0.0, 0.0, 4.95372098896496e-08, 2.691081801842188e-09, 4.965881998941768e-06, 4.080687177054898e-10, 1.6736807252615282e-12, 2.641044716420468e-21, 0.0, 0.0, 0.0, 0.0, 0.0, 0.0, 0.0, 0.0, 0.0, 0.0, 0.0, 2.8538774657390106e-27, 0.0, 0.0, 0.0, 0.0, 0.0, 0.0, 0.0, 3.7384567949139725e-24, 0.0, 3.9078812408277486e-10, 3.0764315248933694e-13, 1.5250035609315482e-11, 2.3436355287009825e-11, 4.9789935729904755e-08, 3.221583666501715e-09, 3.7779262385129186e-08, 1.2219218969988788e-09, 1.6644465006265818e-07, 2.268393109261524e-05, 2.4297493794733782e-08, 0.0], [0.0, 0.0, 0.0, 0.0, 0.0, 0.0, 0.0, 0.0, 0.0, 0.0, 1.4613507176498871e-36, 0.0, 0.0, 0.0, 0.0, 1.1368712637960243e-09, 0.9992679953575134, 0.0, 0.0, 0.0, 6.107965191404219e-07, 1.685455004007963e-06, 0.0, 0.0, 2.0049625615347136e-15, 0.0, 5.6149115271306085e-15, 0.0, 0.0, 0.0, 2.8396281180381356e-18, 0.0, 0.0, 0.0, 0.0, 0.0, 0.0, 0.0, 0.0, 0.0, 0.0, 0.0, 2.274695134474314e-06, 5.282222576008522e-11, 1.273845612326241e-12, 7.04930414485716e-07, 0.0007020199554972351, 9.291669300637295e-08, 2.0589053922114637e-25, 7.317159031461351e-13, 1.2679183332593713e-13, 6.514696495199825e-17, 5.447626028568974e-36, 0.0, 0.0, 8.993975743747773e-25, 0.0, 0.0, 0.0, 0.0, 0.0, 0.0, 0.0, 0.0, 0.0, 0.0, 1.6680046565033869e-21, 0.0, 7.1925715756193025e-31, 0.0, 0.0, 0.0, 2.4084923317594858e-24, 0.0, 0.0, 0.0, 0.0, 0.0, 2.2548621927853674e-05, 2.0750578642037e-06], [0.0, 0.0, 0.0, 0.0, 3.827233564243389e-30, 0.0, 0.0, 4.8297497556859526e-08, 0.0, 0.0, 0.0, 0.0, 0.0, 0.0, 0.0, 1.1764668137888358e-30, 0.0, 7.311223883048976e-26, 0.000524136470630765, 5.381600791084032e-14, 1.0880543044322621e-07, 9.791745539389218e-12, 1.8718945657811703e-38, 0.9994757771492004, 6.10717395708657e-14, 0.0, 0.0, 0.0, 0.0, 0.0, 0.0, 0.0, 0.0, 0.0, 0.0, 2.4909522889997836e-14, 0.0, 0.0, 0.0, 0.0, 0.0, 0.0, 3.6101449520792306e-13, 0.0, 0.0, 1.2551399413320517e-23, 0.0, 0.0, 0.0, 0.0, 0.0, 0.0, 0.0, 0.0, 0.0, 0.0, 0.0, 0.0, 0.0, 0.0, 0.0, 0.0, 0.0, 0.0, 0.0, 0.0, 1.0081527617906399e-30, 0.0, 0.0, 0.0, 4.7843813939917155e-35, 0.0, 0.0, 0.0, 0.0, 0.0, 0.0, 0.0, 2.640545788028933e-26, 0.0], [0.0, 0.0, 0.0, 0.0, 0.0, 0.0, 0.0, 0.0, 0.0, 0.0, 0.0, 0.0, 0.0, 0.0, 0.0, 0.0, 0.0, 0.0, 0.0, 0.0, 0.0, 0.0, 0.0, 0.0, 0.0, 1.931685897332183e-37, 9.104048421687639e-17, 0.0, 0.004831728525459766, 0.9945588707923889, 0.0006086905486881733, 8.436712025268236e-18, 0.0, 0.0, 3.437482046106605e-17, 0.0, 7.000271011747827e-07, 1.998803789149406e-09, 0.0, 5.397083875733483e-15, 0.0, 0.0, 2.7885978031924608e-14, 0.0, 0.0, 2.3585033047893633e-38, 0.0, 2.2474260154865e-25, 0.0, 0.0, 2.878939965654352e-14, 4.300976229544103e-38, 0.0, 0.0, 0.0, 0.0, 0.0, 0.0, 0.0, 0.0, 0.0, 0.0, 0.0, 0.0, 0.0, 0.0, 0.0, 0.0, 0.0, 0.0, 0.0, 0.0, 0.0, 0.0, 0.0, 0.0, 0.0, 0.0, 0.0, 0.0], [0.0, 0.0, 0.0, 0.0, 0.0, 0.0, 0.0, 0.0, 0.0, 0.0, 0.0, 0.0, 0.0, 0.0, 0.0, 0.0, 0.0, 0.0, 0.0, 0.0, 0.0, 0.0, 0.0, 0.0, 0.0, 0.0, 0.0, 0.0, 1.7971364661444097e-22, 0.0, 0.0, 0.0, 3.2470506165972355e-15, 0.0, 0.9966727495193481, 5.14564251007903e-38, 0.0033269901759922504, 4.9574016928942936e-36, 7.236779509588805e-16, 0.0, 0.0, 1.0072524271574581e-30, 0.0, 0.0, 0.0, 0.0, 0.0, 0.0, 0.0, 0.0, 0.0, 0.0, 0.0, 0.0, 2.1197568158893383e-24, 2.292084531063665e-07, 6.218234815946744e-10, 1.3158756046024658e-24, 1.9394055995490198e-15, 2.4558221090373486e-30, 0.0, 0.0, 0.0, 0.0, 0.0, 0.0, 0.0, 0.0, 0.0, 0.0, 0.0, 0.0, 0.0, 0.0, 0.0, 0.0, 0.0, 0.0, 0.0, 0.0], [0.0, 0.0, 0.0, 0.0, 0.0, 0.0, 0.0, 2.212595094811631e-25, 0.0, 