{
  "currentPredictionRaw": [],
  "currentPrediction": [
    {
      "name": "LaplaceMonteCarlo Model",
      "predictions": [
        [
          3,
          6,
          10,
          14,
          17,
          20,
          24,
          25,
          31,
          33,
          38,
          41,
          43,
          46,
          48,
          54,
          57,
          62,
          63,
          68
        ],
        [
          3,
          14,
          31,
          43,
          68
        ],
        [
          3,
          6,
          10,
          17,
          20,
          24,
          46,
          48,
          54,
          57
        ]
      ]
    }
  ],
  "realResult": [
    3,
    4,
    11,
    14,
    19,
    20,
    21,
    24,
    26,
    27,
    29,
    35,
    36,
    40,
    42,
    44,
    45,
    51,
    63,
    69
  ],
  "newPrediction": [
    {
      "name": "LaplaceMonteCarlo Model",
      "predictions": [
        [
          3,
          7,
          9,
          13,
          15,
          19,
          22,
          26,
          31,
          34,
          36,
          40,
          44,
          48,
          50,
          54,
          58,
          61,
          65,
          67
        ],
        [
          3,
          7,
          15,
          40,
          65
        ],
        [
          7,
          13,
          15,
          19,
          26,
          40,
          44,
          48,
          50,
          61
        ]
      ]
    }
  ],
  "newPredictionRaw": [],
  "matchingNumbers": {
    "model": "LaplaceMonteCarlo Model",
    "prediction": [
      3,
      6,
      10,
      14,
      17,
      20,
      24,
      25,
      31,
      33,
      38,
      41,
      43,
      46,
      48,
      54,
      57,
      62,
      63,
      68
    ],
    "matching_numbers": [
      3,
      14,
      20,
      24,
      63
    ],
    "match_count": 5
  },
  "labels": [],
  "numberFrequency": {
    "3": 0.05714285714285714,
    "7": 0.08571428571428572,
    "9": 0.02857142857142857,
    "13": 0.05714285714285714,
    "15": 0.08571428571428572,
    "19": 0.05714285714285714,
    "22": 0.02857142857142857,
    "26": 0.05714285714285714,
    "31": 0.02857142857142857,
    "34": 0.02857142857142857,
    "36": 0.02857142857142857,
    "40": 0.08571428571428572,
    "44": 0.05714285714285714,
    "48": 0.05714285714285714,
    "50": 0.05714285714285714,
    "54": 0.02857142857142857,
    "58": 0.02857142857142857,
    "61": 0.05714285714285714,
    "65": 0.05714285714285714,
    "67": 0.02857142857142857
  }
}