{"currentPredictionRaw": [], "currentPrediction": [{"name": "PoissonMarkov Model", "predictions": [[52, 38, 37, 30, 68, 60, 57, 47, 1, 9, 70, 17, 10, 18, 23, 49, 42, 28, 4, 63], [17, 18, 23, 30, 37, 42, 68]]}], "realResult": [2, 3, 4, 15, 21, 22, 24, 33, 36, 38, 40, 42, 43, 46, 47, 53, 54, 55, 56, 62], "newPrediction": [{"name": "PoissonMarkov Model", "predictions": [[41, 32, 67, 47, 20, 51, 34, 70, 8, 60, 56, 10, 16, 1, 4, 44, 37, 62, 24, 26], [1, 8, 10, 16, 24, 34, 44]]}, {"name": "xgboost", "predictions": [[2, 2, 8, 13, 17, 21, 20, 31, 36, 41, 37, 36, 42, 50, 43, 54, 62, 63, 67, 70], [2, 8, 21, 50, 62, 13, 17]]}], "newPredictionRaw": [], "matchingNumbers": {"model": "PoissonMarkov Model", "prediction": [52, 38, 37, 30, 68, 60, 57, 47, 1, 9, 70, 17, 10, 18, 23, 49, 42, 28, 4, 63], "matching_numbers": [42, 4, 38, 47], "match_count": 4}, "labels": [], "numberFrequency": {"1": 0.014415427187824282, "5": 0.014389484607402282, "6": 0.014579730197163611, "8": 0.014043583535108959, "11": 0.01435489450017295, "16": 0.014398132134209617, "17": 0.014034936008301626, "26": 0.014821860947768939, "27": 0.01382739536492563, "32": 0.01474403320650294, "35": 0.014026288481494292, "37": 0.01435489450017295, "43": 0.01413005880318229, "44": 0.014199239017640955, "49": 0.014285714285714285, "52": 0.014156001383604289, "56": 0.014000345901072294, "57": 0.014207886544448288, "59": 0.014389484607402282, "66": 0.014372189553787617, "7": 0.014372189553787617, "9": 0.01424247665167762, "10": 0.014571082670356278, "15": 0.014562435143548946, "20": 0.014156001383604289, "24": 0.014303009339328952, "30": 0.014303009339328952, "31": 0.01438083708059495, "34": 0.014536492563126946, "50": 0.01387928052576963, "54": 0.014389484607402282, "58": 0.01426841923209962, "67": 0.014484607402282947, "69": 0.014856451054998271, "70": 0.013939813213420962, "2": 0.014156001383604289, "3": 0.014553787616741611, "25": 0.014138706329989623, "38": 0.013723625043237634, "39": 0.014181943964026288, "40": 0.013758215150466966, "42": 0.01474403320650294, "55": 0.014467312348668281, "62": 0.01438083708059495, "4": 0.014026288481494292, "28": 0.014519197509512279, "36": 0.013983050847457627, "41": 0.014138706329989623, "51": 0.014190591490833621, "60": 0.01476997578692494, "64": 0.01424247665167762, "12": 0.014043583535108959, "13": 0.014363542026980284, "23": 0.014501902455897614, "47": 0.01440677966101695, "48": 0.014069526115530959, "61": 0.01435489450017295, "14": 0.013887928052576963, "29": 0.014104116222760291, "53": 0.013758215150466966, "19": 0.014303009339328952, "65": 0.014519197509512279, "22": 0.014104116222760291, "33": 0.01426841923209962, "68": 0.014614320304392943, "18": 0.014519197509512279, "46": 0.01429436181252162, "63": 0.014138706329989623, "21": 0.013732272570044966, "45": 0.0137668626772743, "74": 8.647526807333103e-05, "76": 0.00015565548253199585, "80": 0.00012106537530266344, "71": 0.00012106537530266344, "77": 0.00014700795572466274, "72": 0.00015565548253199585, "75": 0.00015565548253199585, "78": 0.00013836042891732966, "79": 0.00010377032168799724, "73": 0.00011241784849533033}}