{"currentPredictionRaw": [], "currentPrediction": [], "realResult": [2, 3, 5, 6, 9, 10, 21, 23, 25, 29, 33, 40, 41, 43, 44, 47, 53, 63, 68, 69], "newPrediction": [{"name": "MarkovBayesian Model", "predictions": [[12, 13, 15, 16, 17, 19, 21, 22, 23, 26, 28, 31, 34, 35, 37, 42, 45, 47, 50, 52], [21, 45, 50, 53, 70], [21, 45, 50, 53, 56, 70], [17, 21, 45, 50, 53, 56, 70], [17, 21, 35, 45, 50, 53, 56, 70], [12, 17, 21, 22, 35, 45, 50, 53, 56, 70]]}, {"name": "PoissonMarkov Model", "predictions": [[67, 37, 70, 23, 35, 39, 75, 72, 62, 28, 29, 71, 27, 49, 73, 24, 50, 76, 19, 66], [23, 28, 29, 49, 70], [27, 28, 29, 37, 49, 50], [35, 37, 71, 72, 73, 75, 76], [19, 24, 28, 29, 35, 37, 39, 50], [19, 24, 27, 28, 39, 66, 70, 71, 72, 76]]}, {"name": "HybridStatisticalModel", "predictions": [[13, 19, 42, 69, 1, 3, 7, 11, 12, 15, 16, 20, 22, 23, 26, 31, 35, 45, 47, 53], [26, 42, 45, 53, 69], [26, 35, 42, 45, 53, 69], [15, 26, 35, 42, 45, 53, 69], [12, 15, 26, 35, 42, 45, 53, 69], [3, 12, 15, 22, 26, 35, 42, 45, 53, 69]]}], "newPredictionRaw": [], "matchingNumbers": {}, "labels": [], "numberFrequency": {"1": 0.014395509499136441, "5": 0.014378238341968911, "6": 0.014576856649395509, "8": 0.014050086355785838, "11": 0.014343696027633851, "16": 0.014412780656303973, "17": 0.014024179620034542, "26": 0.014818652849740932, "27": 0.01383419689119171, "32": 0.014723661485319516, "35": 0.014024179620034542, "37": 0.014343696027633851, "43": 0.014136442141623488, "44": 0.01420552677029361, "49": 0.014265975820379966, "52": 0.014162348877374784, "56": 0.013998272884283246, "57": 0.014214162348877376, "59": 0.014378238341968911, "66": 0.014369602763385147, "7": 0.014369602763385147, "9": 0.01424006908462867, "10": 0.014585492227979275, "15": 0.014576856649395509, "20": 0.01417098445595855, "24": 0.014300518134715026, "30": 0.014300518134715026, "31": 0.014386873920552677, "34": 0.014542314335060449, "50": 0.013860103626943005, "54": 0.014404145077720207, "58": 0.014283246977547496, "67": 0.014464594127806563, "69": 0.014887737478411054, "70": 0.01393782383419689, "2": 0.014162348877374784, "3": 0.014559585492227979, "25": 0.014145077720207254, "38": 0.013721934369602763, "39": 0.014196891191709844, "40": 0.013756476683937823, "42": 0.014740932642487046, "55": 0.014455958549222797, "62": 0.014395509499136441, "4": 0.014015544041450776, "28": 0.014525043177892919, "36": 0.013972366148531952, "41": 0.014136442141623488, "51": 0.01418825561312608, "60": 0.014758203799654576, "64": 0.014231433506044906, "12": 0.014041450777202072, "13": 0.014386873920552677, "23": 0.014507772020725389, "47": 0.014412780656303973, "48": 0.014050086355785838, "61": 0.014335060449050087, "14": 0.013877374784110535, "29": 0.014101899827288428, "53": 0.013765112262521589, "19": 0.014300518134715026, "65": 0.014516407599309153, "22": 0.014119170984455958, "33": 0.014274611398963731, "68": 0.01461139896373057, "18": 0.014525043177892919, "46": 0.014291882556131261, "63": 0.01415371329879102, "21": 0.013739205526770293, "45": 0.013765112262521589, "74": 8.635578583765112e-05, "76": 0.000155440414507772, "80": 0.00012089810017271158, "71": 0.00012089810017271158, "77": 0.0001468048359240069, "72": 0.000155440414507772, "75": 0.000155440414507772, "78": 0.0001381692573402418, "79": 0.00010362694300518135, "73": 0.00011226252158894646}}