{"currentPredictionRaw": [], "currentPrediction": [{"name": "HybridStatisticalModel", "predictions": [[4, 11, 37, 60, 64, 65, 5, 7, 8, 10, 13, 15, 17, 18, 28, 30, 33, 36, 39, 46], [4, 10, 15, 36, 60], [4, 10, 15, 17, 36, 60], [4, 8, 10, 15, 17, 28, 36, 60]]}, {"name": "xgboost", "predictions": [[1, 4, 10, 13, 17, 29, 21, 26, 33, 35, 36, 44, 41, 46, 51, 53, 63, 60, 65, 68], [1, 4, 10, 13, 29], [1, 4, 10, 13, 29, 21], [1, 4, 10, 13, 21, 29, 26, 33]]}], "realResult": [6, 8, 9, 16, 17, 18, 26, 27, 36, 39, 44, 50, 53, 54, 55, 58, 60, 62, 66, 70], "newPrediction": [{"name": "HybridStatisticalModel", "predictions": [[5, 16, 66, 3, 6, 9, 18, 21, 26, 32, 34, 39, 41, 42, 44, 49, 54, 56, 57, 59], [21, 26, 32, 42, 56], [21, 26, 32, 41, 42, 56], [6, 21, 26, 32, 41, 42, 56, 57]]}, {"name": "xgboost", "predictions": [[1, 4, 15, 10, 15, 20, 18, 21, 34, 37, 30, 33, 46, 50, 55, 53, 59, 67, 59, 69], [1, 4, 15, 20, 18], [1, 4, 15, 18, 20, 34], [1, 34, 4, 15, 18, 20, 37, 33]]}], "newPredictionRaw": [], "matchingNumbers": {"model": "HybridStatisticalModel", "prediction": [4, 11, 37, 60, 64, 65, 5, 7, 8, 10, 13, 15, 17, 18, 28, 30, 33, 36, 39, 46], "matching_numbers": [36, 39, 8, 17, 18, 60], "match_count": 6}, "labels": [], "numberFrequency": {"1": 0.014392507303660422, "5": 0.014392507303660422, "6": 0.014564358137136964, "8": 0.014108953428424128, "11": 0.014315174428595978, "16": 0.01440109984533425, "17": 0.014040213095033512, "26": 0.01484791201237326, "27": 0.013859769719883142, "32": 0.014736208970613507, "35": 0.014023028011685857, "37": 0.014332359511943633, "43": 0.014143323595119436, "44": 0.01422065647018388, "49": 0.014263619178553016, "52": 0.01416050867846709, "56": 0.01401443547001203, "57": 0.014169101220140918, "59": 0.01440109984533425, "66": 0.014332359511943633, "7": 0.014383914761986596, "9": 0.014229249011857707, "10": 0.014590135762158446, "15": 0.014590135762158446, "20": 0.014177693761814745, "24": 0.014323766970269805, "30": 0.014272211720226843, "31": 0.01437532222031277, "34": 0.014547173053789312, "50": 0.013851177178209315, "54": 0.014383914761986596, "58": 0.014297989345248325, "67": 0.014435470012029558, "69": 0.014899467262416222, "70": 0.013962880219969068, "2": 0.014177693761814745, "3": 0.014555765595463137, "25": 0.014151916136793263, "38": 0.013730881594775734, "39": 0.014229249011857707, "40": 0.013748066678123389, "42": 0.014753394053961161, "55": 0.014478432720398693, "62": 0.014366729678638942, "4": 0.013997250386664375, "28": 0.014547173053789312, "36": 0.014005842928338202, "41": 0.014091768345076474, "51": 0.01416050867846709, "60": 0.014770579137308816, "64": 0.014237841553531534, "12": 0.014005842928338202, "13": 0.014358137136965115, "23": 0.014444062553703386, "47": 0.014392507303660422, "48": 0.014048805636707337, "61": 0.014332359511943633, "14": 0.013885547344904622, "29": 0.014048805636707337, "53": 0.01377384430314487, "19": 0.01430658188692215, "65": 0.014495617803746348, "22": 0.014100360886750301, "33": 0.01430658188692215, "68": 0.014641691012201408, "18": 0.01452139542876783, "46": 0.014315174428595978, "63": 0.01416050867846709, "21": 0.013739474136449562, "45": 0.013791029386492525, "74": 8.592541673827119e-05, "76": 0.00015466575012888813, "80": 0.00012029558343357966, "71": 0.00012029558343357966, "77": 0.000146073208455061, "72": 0.00015466575012888813, "75": 0.00015466575012888813, "78": 0.0001374806667812339, "79": 0.00010311050008592542, "73": 0.00011170304175975254}}