{"currentPredictionRaw": [], "currentPrediction": [], "realResult": [], "newPrediction": [[4, 13, 16, 18, 21, 23, 24, 33, 41, 42, 46, 47, 50, 52, 54, 55, 57, 63, 66, 70], [8, 30, 21, 21, 18, 24, 27, 32, 78, 80, 75, 48, 49, 53, 64, 53, 56, 73, 54, 77], [2, 9, 19, 19, 20, 21, 28, 27, 75, 29, 44, 46, 53, 56, 66, 56, 58, 72, 64, 60], [3, 25, 17, 80, 80, 26, 26, 29, 42, 22, 48, 51, 52, 57, 55, 64, 53, 60, 53, 8], [7, 34, 42, 29, 19, 22, 23, 28, 40, 23, 49, 72, 55, 55, 53, 2, 52, 75, 68, 69], [23, 14, 18, 23, 23, 27, 30, 38, 76, 24, 42, 54, 57, 50, 61, 61, 55, 59, 55, 10], [80, 26, 20, 24, 35, 4, 2, 2, 46, 25, 41, 45, 51, 51, 68, 26, 50, 71, 65, 71], [31, 23, 80, 25, 4, 28, 25, 55, 80, 26, 40, 63, 48, 49, 65, 22, 51, 67, 61, 68], [25, 76, 77, 26, 30, 31, 22, 58, 79, 27, 72, 59, 56, 58, 52, 23, 28, 65, 69, 79], [26, 27, 12, 27, 25, 25, 34, 36, 44, 28, 80, 65, 35, 2, 56, 24, 2, 76, 52, 80]], "newPredictionRaw": [[0.0, 6.54977669323209e-11, 1.334420866711447e-16, 1.0, 0.0, 0.0, 1.876378755961426e-25, 2.2310371328160272e-09, 0.0, 0.0, 0.0, 0.0, 0.0, 0.0, 0.0, 0.0, 0.0, 0.0, 0.0, 0.0, 0.0, 0.0, 7.06388008999715e-37, 0.0, 0.0, 0.0, 0.0, 0.0, 0.0, 0.0, 0.0, 0.0, 0.0, 0.0, 0.0, 0.0, 0.0, 0.0, 0.0, 0.0, 0.0, 0.0, 0.0, 0.0, 0.0, 0.0, 0.0, 0.0, 0.0, 0.0, 0.0, 0.0, 0.0, 0.0, 0.0, 0.0, 0.0, 0.0, 0.0, 0.0, 0.0, 0.0, 0.0, 0.0, 0.0, 0.0, 0.0, 0.0, 0.0, 0.0, 0.0, 0.0, 0.0, 0.0, 0.0, 0.0, 0.0, 0.0, 0.0, 0.0], [1.7591794843772436e-19, 2.0194574217367944e-19, 2.288863547378003e-16, 1.6953865710746028e-17, 1.5847091434234573e-12, 5.884310101894955e-14, 6.641667925133326e-16, 1.1538571907122167e-18, 0.0007718401029706001, 1.510220608971686e-19, 2.7451524386989945e-10, 3.207352392564644e-06, 0.9952502250671387, 0.00011396135232644156, 2.622265787908373e-22, 5.661660584799222e-10, 1.387931367628614e-25, 2.0232224015032543e-17, 6.43298071214914e-16, 6.1412755769652e-08, 1.0428892194269679e-09, 3.585047636902629e-14, 1.363817136734724e-05, 1.6031933810015109e-12, 0.0004536581109277904, 8.983030420495197e-05, 3.949568053940311e-06, 3.0459069863970675e-17, 8.994897049419137e-10, 0.0031318427063524723, 8.859364353241972e-10, 1.2648042335694498e-13, 1.2347731725981248e-08, 0.0001571216998854652, 1.7431619880881044e-06, 3.6457462048043314e-20, 3.380622448645454e-10, 4.68042668960342e-20, 0.0, 2.0241395833761542e-26, 1.3360294102621795e-32, 8.348325919449451e-10, 2.2553715839368493e-10, 3.359436740086959e-21, 0.0, 5.490732275980982e-34, 0.0, 0.0, 0.0, 0.0, 0.0, 0.0, 1.777797093642066e-36, 0.0, 8.431110401296746e-35, 0.0, 0.0, 4.975632874598422e-23, 1.1817304724746506e-16, 9.974156233873596e-18, 5.241664301321284e-37, 0.0, 0.0, 1.0216866116878122e-35, 0.0, 0.0, 1.7114243246559638e-31, 0.0, 0.0, 3.1436078184108155e-28, 4.518473726009808e-38, 2.1941411114184244e-27, 7.899734555394389e-08, 1.121100467571523e-06, 9.291606646237443e-28, 7.598208412673557e-06, 4.905793986198053e-20, 6.277118824726813e-09, 1.1760013415357972e-31, 2.5038908019723877e-16], [0.0, 0.0, 0.0, 0.0, 0.0, 0.0, 0.0, 0.0, 0.0, 0.0, 0.0, 4.3818234088909003e-13, 0.0, 0.0, 5.140703045616325e-32, 0.9998694658279419, 1.7968468455364928e-05, 2.4688739586054e-07, 4.506540790316649e-05, 2.054464864897909e-08, 5.8970974350813776e-05, 3.484174594190078e-26, 1.1367897725586551e-13, 0.0, 0.0, 0.0, 0.0, 0.0, 0.0, 0.0, 1.3201440103418512e-35, 0.0, 0.0, 0.0, 1.4203733339855864e-32, 0.0, 0.0, 0.0, 0.0, 0.0, 5.530670614905131e-34, 8.23653408588143e-06, 7.658737337127479e-20, 2.1243211840196088e-21, 0.0, 0.0, 0.0, 0.0, 0.0, 0.0, 0.0, 0.0, 0.0, 0.0, 0.0, 0.0, 0.0, 0.0, 0.0, 0.0, 0.0, 0.0, 0.0, 0.0, 0.0, 0.0, 0.0, 0.0, 0.0, 0.0, 7.812372903240835e-23, 0.0, 3.652897841519999e-36, 0.0, 0.0, 0.0, 7.676402374000302e-13, 6.589170694586564e-32, 3.2986698631940967e-14, 1.605432475328128e-12], [0.0, 0.0, 0.0, 0.0, 0.0, 0.0, 0.0, 0.0, 0.0, 0.0, 0.0, 0.0, 0.0, 0.0, 0.0, 0.0, 0.0, 0.9999998807907104, 1.0754206642839639e-15, 0.0, 1.2078234590262582e-07, 0.0, 0.0, 0.0, 0.0, 0.0, 0.0, 0.0, 0.0, 0.0, 0.0, 0.0, 0.0, 0.0, 0.0, 0.0, 0.0, 0.0, 0.0, 0.0, 0.0, 0.0, 0.0, 0.0, 0.0, 0.0, 0.0, 0.0, 0.0, 0.0, 0.0, 0.0, 0.0, 0.0, 0.0, 0.0, 0.0, 0.0, 0.0, 0.0, 0.0, 0.0, 0.0, 0.0, 0.0, 0.0, 0.0, 0.0, 0.0, 0.0, 0.0, 0.0, 0.0, 0.0, 0.0, 0.0, 0.0, 0.0, 0.0, 2.081157309455002e-25], [0.0, 0.0, 0.0, 0.0, 0.0, 0.0, 0.0, 0.0, 0.0, 0.0, 0.0, 0.0, 0.0, 0.0, 0.0, 0.0, 0.0, 8.827445441283999e-08, 2.8013685815508893e-10, 8.494244241319393e-08, 0.9999998807907104, 0.0, 1.170411966129603e-12, 0.0, 0.0, 0.0, 0.0, 0.0, 0.0, 0.0, 0.0, 0.0, 0.0, 0.0, 3.4318579013273643e-28, 0.0, 0.0, 0.0, 0.0, 0.0, 0.0, 0.0, 0.0, 0.0, 0.0, 0.0, 0.0, 0.0, 0.0, 0.0, 0.0, 0.0, 0.0, 0.0, 0.0, 0.0, 0.0, 0.0, 0.0, 0.0, 0.0, 0.0, 0.0, 0.0, 0.0, 0.0, 0.0, 0.0, 0.0, 0.0, 0.0, 0.0, 0.0, 0.0, 0.0, 0.0, 0.0, 0.0, 0.0, 3.6578079454230306e-10], [0.0, 1.1676550348225503e-16, 5.1383957617946435e-30, 8.42823977276197e-10, 9.184704421449369e-31, 0.0, 0.0, 8.609387628600431e-32, 0.0, 0.0, 0.0, 0.0, 0.0, 0.0, 0.0, 0.0, 0.0, 1.1092800397374143e-34, 0.0, 5.3228265301267716e-14, 1.9054936046813964e-06, 3.813812270436756e-07, 0.9999916553497314, 4.1416292333451565e-06, 6.220157852329655e-13, 1.723196419334272e-06, 2.3542555993572023e-07, 3.5585503294077725e-11, 2.4759183833748326e-38, 1.6792135105916754e-14, 5.2645132177231435e-12, 1.4345250002725406e-33, 6.801639469428482e-29, 1.4406023037193468e-24, 1.2985954106245798e-30, 0.0, 0.0, 0.0, 0.0, 0.0, 0.0, 0.0, 0.0, 0.0, 0.0, 0.0, 0.0, 0.0, 0.0, 0.0, 0.0, 0.0, 0.0, 0.0, 0.0, 0.0, 0.0, 0.0, 0.0, 0.0, 0.0, 0.0, 0.0, 0.0, 0.0, 0.0, 0.0, 0.0, 0.0, 0.0, 0.0, 0.0, 0.0, 0.0, 0.0, 0.0, 0.0, 0.0, 0.0, 8.302122792389868e-38], [0.0, 1.4677880222010997e-12, 6.104085247774823e-30, 8.647982583313001e-26, 1.333622677414367e-34, 0.0, 0.0, 0.0, 0.0, 0.0, 0.0, 0.0, 0.0, 0.0, 0.0, 0.0, 0.0, 0.0, 0.0, 0.0, 8.740288328519299e-32, 5.467670052830107e-19, 2.9456423411566846e-10, 0.9988316893577576, 2.5948288521126725e-14, 9.064439154826687e-08, 0.001022216398268938, 0.0001460017665522173, 0.0, 9.079596449690364e-12, 1.1032078750629042e-24, 0.0, 2.6964574409851395e-28, 4.748158584799574e-22, 0.0, 0.0, 0.0, 0.0, 0.0, 0.0, 0.0, 0.0, 0.0, 0.0, 0.0, 0.0, 0.0, 0.0, 0.0, 0.0, 0.0, 0.0, 0.0, 0.0, 0.0, 0.0, 0.0, 0.0, 0.0, 0.0, 0.0, 0.0, 0.0, 0.0, 0.0, 0.0, 0.0, 0.0, 0.0, 0.0, 0.0, 0.0, 0.0, 0.0, 0.0, 0.0, 0.0, 0.0, 0.0, 0.0], [0.0, 2.015144787956622e-24, 0.0, 0.0, 0.0, 0.0, 0.0, 0.0, 0.0, 0.0, 0.0, 0.0, 0.0, 0.0, 0.0, 0.0, 0.0, 0.0, 0.0, 0.0, 0.0, 0.0, 0.0, 0.0, 0.0, 0.0, 4.82666246170993e-06, 3.2885961003524013e-15, 1.8027602793815184e-13, 0.0, 0.0, 2.894804856623523e-05, 0.9999662637710571, 2.2086328092769435e-31, 0.0, 1.9855209902056968e-26, 0.0, 1.2006474478828606e-17, 0.0, 0.0, 0.0, 0.0, 0.0, 0.0, 0.0, 0.0, 0.0, 0.0, 0.0, 0.0, 0.0, 0.0, 6.056151009666653e-32, 0.0, 1.044446908131962e-24, 1.956898731925578e-37, 2.7595213248830257e-30, 1.4901368028066306e-25, 0.0, 0.0, 0.0, 0.0, 0.0, 0.0, 0.0, 0.0, 0.0, 0.0, 0.0, 0.0, 0.0, 0.0, 0.0, 0.0, 0.0, 0.0, 0.0, 0.0, 0.0, 0.0], [0.0, 0.0, 0.0, 0.0, 0.0, 0.0, 0.0, 0.0, 0.0, 0.0, 0.0, 0.0, 1.6368707177733765e-34, 2.6393509773570134e-12, 0.0, 1.442709426886239e-28, 7.066948155137753e-12, 1.76702443367531e-13, 1.6756634006259803e-18, 1.5162252434968696e-22, 9.584722910206081e-18, 0.0, 4.371856147947195e-37, 0.0, 9.039527530643628e-26, 5.899145375746345e-14, 2.2412590590601992e-33, 0.0, 0.0, 0.0, 0.0, 2.019358309989774e-15, 2.3960593591070093e-33, 7.781952868703671e-19, 1.1513253544981339e-10, 1.3579316436498207e-13, 2.293422873833606e-08, 1.8526792158479349e-22, 4.380452597874118e-11, 4.1974060877691954e-05, 0.9986715316772461, 0.0001971620658878237, 0.0, 2.8055907819179993e-08, 0.0, 2.830333869496826e-06, 0.0, 1.5816124724265736e-22, 4.152101579224521e-11, 0.0, 0.0, 0.0, 0.0, 0.0, 0.0, 0.0, 0.0, 0.0, 0.0, 0.0, 0.0, 0.0, 0.0, 0.0, 0.0, 0.0, 0.0, 0.0, 0.0, 0.0, 4.4190667697729345e-32, 8.811629953860257e-24, 2.8031058030286715e-10, 7.421016483805795e-23, 0.00030265108216553926, 2.4177807063097134e-05, 1.9020718333706554e-09, 0.0007588689913973212, 1.398977076405572e-07, 