{"currentPredictionRaw": [], "currentPrediction": [{"name": "PoissonMonteCarlo Model", "predictions": [[1, 5, 7, 13, 16, 19, 23, 26, 30, 34, 38, 40, 41, 45, 49, 53, 60, 63, 67, 70], [1, 5, 26, 30, 38], [1, 7, 13, 19, 26, 45], [19, 26, 30, 38, 41, 49, 60]]}, {"name": "xgboost", "predictions": [[3, 5, 14, 7, 18, 27, 21, 29, 33, 33, 32, 40, 47, 45, 49, 57, 60, 56, 66, 68], [3, 5, 33, 49, 57], [33, 3, 5, 49, 57, 60], [33, 3, 5, 49, 57, 60, 56]]}], "realResult": [2, 8, 10, 15, 16, 17, 20, 23, 28, 31, 34, 41, 42, 43, 45, 49, 51, 55, 57, 69], "newPrediction": [{"name": "Markov Model", "predictions": [[3, 15, 16, 18, 21, 23, 25, 32, 34, 37, 40, 46, 56, 58, 59, 60, 61, 69, 70, 72], [15, 18, 23, 56, 58, 61, 69], [3, 21, 23, 32, 34, 40, 61, 69, 70], [3, 15, 16, 25, 37, 58, 59, 60, 69, 72]]}, {"name": "PoissonMonteCarlo Model", "predictions": [[1, 4, 7, 10, 17, 19, 23, 27, 30, 35, 38, 40, 44, 49, 50, 56, 61, 64, 66, 69], [10, 19, 27, 35, 38, 49, 56], [4, 10, 19, 23, 44, 50, 56, 61, 66], [1, 4, 7, 10, 19, 27, 35, 40, 61, 66]]}, {"name": "PoissonMarkov Model", "predictions": [[20, 24, 32, 70, 1, 4, 7, 11, 17, 26, 35, 39, 43, 45, 50, 51, 55, 60, 63, 67], [7, 11, 17, 20, 24, 32, 67], [7, 11, 20, 24, 35, 45, 50, 63, 70], [1, 7, 20, 24, 32, 39, 45, 55, 60, 63]]}], "newPredictionRaw": [], "matchingNumbers": {"model": "PoissonMonteCarlo Model", "prediction": [1, 5, 7, 13, 16, 19, 23, 26, 30, 34, 38, 40, 41, 45, 49, 53, 60, 63, 67, 70], "matching_numbers": [34, 41, 45, 16, 49, 23], "match_count": 6}, "labels": [], "numberFrequency": {"1": 0.014423243712055507, "5": 0.01437987857762359, "6": 0.014570685169124024, "8": 0.014024284475281873, "11": 0.014362532523850825, "16": 0.014388551604509974, "17": 0.01404163052905464, "26": 0.014813529921942759, "27": 0.013842150910667823, "32": 0.014735472679965307, "35": 0.014032957502168257, "37": 0.014362532523850825, "43": 0.014111014744145707, "44": 0.01422376409366869, "49": 0.014293148308759758, "52": 0.014137033824804857, "56": 0.01401561144839549, "57": 0.014163052905464006, "59": 0.014371205550737207, "66": 0.014362532523850825, "7": 0.014362532523850825, "9": 0.014258456201214223, "10": 0.014570685169124024, "15": 0.014588031222896791, "20": 0.014145706851691241, "24": 0.01432784041630529, "30": 0.01430182133564614, "31": 0.014371205550737207, "34": 0.014579358196010408, "50": 0.01391153512575889, "54": 0.01440589765828274, "58": 0.01422376409366869, "67": 0.014475281873373807, "69": 0.014865568083261059, "70": 0.013954900260190807, "2": 0.014171725932350391, "3": 0.014570685169124024, "25": 0.014145706851691241, "38": 0.013720728534258457, "39": 0.014189071986123156, "40": 0.013738074588031222, "42": 0.014726799653078925, "55": 0.014475281873373807, "62": 0.014397224631396357, "4": 0.014032957502168257, "28": 0.014518647007805724, "36": 0.013998265394622723, "41": 0.014128360797918474, "51": 0.014154379878577624, "60": 0.014787510841283607, "64": 0.01422376409366869, "12": 0.014050303555941024, "13": 0.01437987857762359, "23": 0.014492627927146574, "47": 0.014388551604509974, "48": 0.014084995663486557, "61": 0.01432784041630529, "14": 0.01388551604509974, "29": 0.014102341717259324, "53": 0.013772766695576756, "19": 0.014310494362532523, "65": 0.014509973980919341, "22": 0.014084995663486557, "33": 0.014241110147441458, "68": 0.014622723330442325, "18": 0.014527320034692108, "46": 0.014284475281873373, "63": 0.014154379878577624, "21": 0.013712055507372072, "45": 0.013790112749349524, "74": 8.673026886383348e-05, "76": 0.00015611448395490027, "80": 0.00012142237640936687, "71": 0.00012142237640936687, "77": 0.0001474414570685169, "72": 0.00015611448395490027, "75": 0.00015611448395490027, "78": 0.00013876843018213356, "79": 0.00010407632263660017, "73": 0.00011274934952298353}}