{
  "currentPredictionRaw": [],
  "currentPrediction": [
    {
      "name": "MarkovBayesianEnhanched Model",
      "predictions": [
        [
          1,
          5,
          12,
          21,
          22,
          28,
          29,
          32,
          33,
          34,
          42,
          44,
          49,
          50,
          54,
          58,
          60,
          61,
          68,
          69
        ],
        [
          4,
          7,
          15,
          20,
          24,
          27,
          28
        ],
        [
          4,
          7,
          15,
          20,
          21,
          24,
          27,
          28
        ]
      ]
    }
  ],
  "realResult": [
    2,
    4,
    8,
    10,
    12,
    14,
    21,
    29,
    36,
    37,
    39,
    40,
    44,
    45,
    50,
    51,
    59,
    61,
    65,
    69
  ],
  "newPrediction": [
    {
      "name": "MarkovBayesianEnhanched Model",
      "predictions": [
        [
          1,
          2,
          4,
          10,
          23,
          25,
          26,
          27,
          31,
          32,
          41,
          44,
          45,
          48,
          50,
          53,
          63,
          65,
          68,
          70
        ],
        [
          3,
          14,
          24,
          30,
          31,
          37,
          39
        ],
        [
          3,
          14,
          24,
          25,
          30,
          31,
          37,
          39
        ]
      ]
    }
  ],
  "newPredictionRaw": [],
  "matchingNumbers": {
    "model": "MarkovBayesianEnhanched Model",
    "prediction": [
      1,
      5,
      12,
      21,
      22,
      28,
      29,
      32,
      33,
      34,
      42,
      44,
      49,
      50,
      54,
      58,
      60,
      61,
      68,
      69
    ],
    "matching_numbers": [
      69,
      12,
      44,
      50,
      61,
      21,
      29
    ],
    "match_count": 7
  },
  "labels": [],
  "numberFrequency": {
    "1": 0.02857142857142857,
    "2": 0.02857142857142857,
    "4": 0.02857142857142857,
    "10": 0.02857142857142857,
    "23": 0.02857142857142857,
    "25": 0.05714285714285714,
    "26": 0.02857142857142857,
    "27": 0.02857142857142857,
    "31": 0.08571428571428572,
    "32": 0.02857142857142857,
    "41": 0.02857142857142857,
    "44": 0.02857142857142857,
    "45": 0.02857142857142857,
    "48": 0.02857142857142857,
    "50": 0.02857142857142857,
    "53": 0.02857142857142857,
    "63": 0.02857142857142857,
    "65": 0.02857142857142857,
    "68": 0.02857142857142857,
    "70": 0.02857142857142857,
    "3": 0.05714285714285714,
    "14": 0.05714285714285714,
    "24": 0.05714285714285714,
    "30": 0.05714285714285714,
    "37": 0.05714285714285714,
    "39": 0.05714285714285714
  }
}