{"currentPredictionRaw": [], "currentPrediction": [{"name": "HybridStatisticalModel", "predictions": [[26, 9, 19, 57, 2, 10, 12, 15, 16, 17, 20, 25, 38, 46, 49, 51, 54, 63, 65, 69], [10, 12, 26, 38, 69], [10, 12, 17, 26, 38, 69], [10, 12, 15, 17, 26, 38, 63, 69]]}, {"name": "xgboost", "predictions": [[1, 8, 15, 14, 22, 20, 23, 32, 36, 40, 35, 42, 49, 44, 59, 60, 60, 65, 66, 69], [1, 8, 20, 23, 32], [32, 1, 8, 20, 23, 40], [32, 1, 8, 40, 20, 23, 60, 14]]}], "realResult": [4, 5, 6, 7, 10, 16, 17, 18, 19, 25, 26, 27, 36, 37, 39, 44, 46, 48, 57, 68], "newPrediction": [{"name": "HybridStatisticalModel", "predictions": [[3, 5, 16, 18, 26, 39, 2, 7, 19, 24, 27, 32, 36, 37, 42, 43, 44, 45, 47, 56], [26, 27, 32, 42, 45], [26, 27, 32, 42, 45, 56], [3, 26, 27, 32, 36, 42, 45, 56]]}, {"name": "xgboost", "predictions": [[4, 5, 10, 10, 15, 18, 24, 27, 32, 30, 43, 38, 53, 45, 47, 53, 62, 59, 68, 69], [4, 5, 10, 18, 24], [4, 5, 10, 18, 24, 27], [4, 5, 10, 18, 24, 27, 43, 53]]}], "newPredictionRaw": [], "matchingNumbers": {"model": "HybridStatisticalModel", "prediction": [26, 9, 19, 57, 2, 10, 12, 15, 16, 17, 20, 25, 38, 46, 49, 51, 54, 63, 65, 69], "matching_numbers": [10, 46, 16, 17, 19, 57, 26, 25], "match_count": 8}, "labels": [], "numberFrequency": {"1": 0.014385091034008932, "5": 0.01440226726210924, "6": 0.014565441429062178, "8": 0.01410168327035383, "11": 0.01430779800755754, "16": 0.01440226726210924, "17": 0.014058742700103058, "26": 0.014857437306767434, "27": 0.013861216076949501, "32": 0.014728615596015114, "35": 0.01402439024390244, "37": 0.014333562349708005, "43": 0.014136035726554448, "44": 0.014221916867055994, "49": 0.014273445551356923, "52": 0.014153211954654759, "56": 0.01400721401580213, "57": 0.014178976296805222, "59": 0.01440226726210924, "66": 0.01432497423565785, "7": 0.014385091034008932, "9": 0.014239093095156304, "10": 0.014599793885262797, "15": 0.014591205771212642, "20": 0.014170388182755067, "24": 0.014316386121607695, "30": 0.014264857437306768, "31": 0.014385091034008932, "34": 0.014539677086911715, "50": 0.013852627962899348, "54": 0.014393679148059087, "58": 0.014299209893507386, "67": 0.014428031604259704, "69": 0.014900377877018207, "70": 0.013964273445551357, "2": 0.014170388182755067, "3": 0.014548265200961868, "25": 0.014170388182755067, "38": 0.013723806252147029, "39": 0.01423050498110615, "40": 0.013740982480247337, "42": 0.014745791824115425, "55": 0.014470972174510478, "62": 0.014367914805908622, "4": 0.013998625901751976, "28": 0.014539677086911715, "36": 0.01400721401580213, "41": 0.014084507042253521, "51": 0.014170388182755067, "60": 0.014771556166265888, "64": 0.014247681209206458, "12": 0.01400721401580213, "13": 0.014350738577808313, "23": 0.014445207832360014, "47": 0.014385091034008932, "48": 0.014058742700103058, "61": 0.014333562349708005, "14": 0.01389556853315012, "29": 0.014041566472002748, "53": 0.013775334936447956, "19": 0.014316386121607695, "65": 0.014496736516660941, "22": 0.014093095156303677, "33": 0.01430779800755754, "68": 0.014642734455513569, "18": 0.014522500858811405, "46": 0.014316386121607695, "63": 0.014161800068704912, "21": 0.013732394366197184, "45": 0.013783923050498111, "74": 8.588114050154586e-05, "76": 0.00015458605290278254, "80": 0.0001202335967021642, "71": 0.0001202335967021642, "77": 0.00014599793885262797, "72": 0.00015458605290278254, "75": 0.00015458605290278254, "78": 0.00013740982480247338, "79": 0.00010305736860185504, "73": 0.00011164548265200962}}