{"currentPredictionRaw": [], "currentPrediction": [{"name": "LaplaceMonteCarlo Model", "predictions": [[1, 7, 11, 13, 16, 18, 24, 25, 31, 32, 36, 39, 44, 48, 50, 55, 56, 62, 63, 67], [18, 24, 39, 48, 50], [1, 7, 24, 31, 32, 36, 44, 50, 56, 67]]}], "realResult": [3, 4, 12, 17, 23, 31, 38, 44, 45, 46, 47, 49, 50, 55, 60, 62, 64, 65, 68, 70], "newPrediction": [{"name": "LaplaceMonteCarlo Model", "predictions": [[2, 7, 9, 12, 16, 20, 23, 27, 30, 33, 38, 39, 42, 48, 51, 53, 56, 60, 64, 66], [7, 12, 27, 33, 42], [2, 7, 9, 16, 20, 38, 39, 42, 56, 64]]}], "newPredictionRaw": [], "matchingNumbers": {"model": "LaplaceMonteCarlo Model", "prediction": [1, 7, 11, 13, 16, 18, 24, 25, 31, 32, 36, 39, 44, 48, 50, 55, 56, 62, 63, 67], "matching_numbers": [44, 50, 55, 62, 31], "match_count": 5}, "labels": [], "numberFrequency": {"2": 0.05714285714285714, "7": 0.08571428571428572, "9": 0.05714285714285714, "12": 0.05714285714285714, "16": 0.05714285714285714, "20": 0.05714285714285714, "23": 0.02857142857142857, "27": 0.05714285714285714, "30": 0.02857142857142857, "33": 0.05714285714285714, "38": 0.05714285714285714, "39": 0.05714285714285714, "42": 0.08571428571428572, "48": 0.02857142857142857, "51": 0.02857142857142857, "53": 0.02857142857142857, "56": 0.05714285714285714, "60": 0.02857142857142857, "64": 0.05714285714285714, "66": 0.02857142857142857}}