{"currentPredictionRaw": [], "currentPrediction": [{"name": "MarkovBayesian Model", "predictions": [[3, 4, 5, 6, 11, 14, 15, 18, 24, 25, 28, 29, 30, 31, 33, 35, 37, 38, 40, 41], [14, 38, 40, 50, 53], [14, 38, 40, 50, 53, 70], [4, 14, 38, 40, 50, 53, 70], [4, 14, 35, 38, 40, 50, 53, 70], [4, 14, 35, 38, 40, 48, 50, 53, 70], [4, 14, 29, 35, 38, 40, 48, 50, 53, 70]]}, {"name": "PoissonMonteCarlo Model", "predictions": [[1, 5, 9, 10, 13, 18, 21, 29, 34, 36, 37, 42, 46, 51, 54, 55, 60, 65, 66, 70], [9, 18, 21, 37, 42], [9, 13, 18, 34, 51, 66], [1, 5, 10, 13, 29, 36, 46], [1, 10, 18, 36, 51, 60, 65, 66], [1, 9, 13, 29, 36, 51, 54, 65, 66], [13, 18, 29, 34, 37, 42, 46, 55, 66, 70]]}], "realResult": [4, 5, 9, 12, 19, 22, 25, 30, 33, 39, 45, 46, 48, 51, 52, 55, 61, 67, 69, 70], "newPrediction": [{"name": "MarkovBayesian Model", "predictions": [[5, 6, 9, 10, 13, 14, 15, 16, 20, 21, 24, 27, 28, 29, 30, 31, 32, 33, 35, 37], [14, 21, 27, 45, 53], [14, 21, 27, 35, 45, 53], [14, 20, 21, 27, 35, 45, 53], [14, 20, 21, 27, 29, 35, 45, 53], [14, 20, 21, 27, 29, 35, 43, 45, 53], [14, 20, 21, 27, 29, 35, 43, 45, 53, 64]]}, {"name": "PoissonMonteCarlo Model", "predictions": [[1, 4, 10, 11, 15, 22, 26, 29, 30, 32, 37, 42, 45, 47, 52, 56, 60, 63, 66, 70], [1, 29, 30, 52, 60], [1, 11, 22, 32, 37, 45], [1, 4, 11, 52, 63, 66, 70], [1, 4, 11, 22, 42, 47, 52, 56], [1, 4, 29, 30, 32, 42, 47, 52, 63], [1, 10, 15, 22, 26, 29, 37, 56, 60, 63]]}], "newPredictionRaw": [], "matchingNumbers": {"model": "PoissonMonteCarlo Model", "prediction": [1, 5, 9, 10, 13, 18, 21, 29, 34, 36, 37, 42, 46, 51, 54, 55, 60, 65, 66, 70], "matching_numbers": [5, 70, 9, 46, 51, 55], "match_count": 6}, "labels": [], "numberFrequency": {"1": 0.014397496087636933, "5": 0.014380107807337854, "6": 0.014588767170926796, "8": 0.014023648061206746, "11": 0.014388801947487394, "16": 0.014388801947487394, "17": 0.014023648061206746, "26": 0.014823508954964353, "27": 0.013832376977916883, "32": 0.014719179273169883, "35": 0.014041036341505825, "37": 0.014380107807337854, "43": 0.014119283602851678, "44": 0.014232307424795688, "49": 0.01431055468614154, "52": 0.014154060163449835, "56": 0.014006259780907668, "57": 0.014162754303599374, "59": 0.014380107807337854, "66": 0.014362719527038777, "7": 0.014345331246739697, "9": 0.014249695705094765, "10": 0.014562684750478177, "15": 0.014571378890627717, "20": 0.014136671883150756, "24": 0.014336637106590158, "30": 0.01431924882629108, "31": 0.014362719527038777, "34": 0.014571378890627717, "50": 0.013928012519561815, "54": 0.014397496087636933, "58": 0.014214919144496609, "67": 0.014493131629281864, "69": 0.014858285515562512, "70": 0.013954094940010433, "2": 0.014154060163449835, "3": 0.014571378890627717, "25": 0.014145366023300295, "38": 0.013719353155972874, "39": 0.01420622500434707, "40": 0.013745435576421492, "42": 0.014719179273169883, "55": 0.014467049208833247, "62": 0.014397496087636933, "4": 0.014049730481655365, "28": 0.014510519909580943, "36": 0.014014953921057208, "41": 0.014119283602851678, "51": 0.014162754303599374, "60": 0.014771344114067119, "64": 0.014197530864197531, "12": 0.014084507042253521, "13": 0.014388801947487394, "23": 0.014449660928534168, "47": 0.014380107807337854, "48": 0.014067118761954442, "61": 0.014345331246739697, "14": 0.01388454181881412, "29": 0.014127977743001218, "53": 0.013780212137019649, "19": 0.01431924882629108, "65": 0.014519214049730481, "22": 0.014075812902103982, "33": 0.014223613284646148, "68": 0.01463223787167449, "18": 0.014519214049730481, "46": 0.014293166405842462, "63": 0.014136671883150756, "21": 0.013728047296122413, "45": 0.01377151799687011, "74": 8.69414014953921e-05, "76": 0.00015649452269170578, "80": 0.00012171796209354895, "71": 0.00012171796209354895, "77": 0.00014780038254216658, "72": 0.00015649452269170578, "75": 0.00015649452269170578, "78": 0.00013910624239262738, "79": 0.00010432968179447053, "73": 0.00011302382194400974}}