{
  "currentPredictionRaw": [],
  "currentPrediction": [
    {
      "name": "LaplaceMonteCarlo Model",
      "predictions": [
        [
          3,
          7,
          9,
          13,
          15,
          20,
          23,
          27,
          31,
          33,
          37,
          40,
          45,
          48,
          50,
          55,
          58,
          59,
          64,
          66
        ],
        [
          31,
          33,
          45,
          50,
          59
        ],
        [
          13,
          15,
          20,
          23,
          27,
          31,
          37,
          45,
          50,
          59
        ]
      ]
    }
  ],
  "realResult": [
    3,
    6,
    20,
    23,
    24,
    27,
    28,
    31,
    32,
    34,
    35,
    37,
    40,
    43,
    45,
    50,
    53,
    58,
    63,
    64
  ],
  "newPrediction": [
    {
      "name": "LaplaceMonteCarlo Model",
      "predictions": [
        [
          2,
          5,
          9,
          12,
          15,
          21,
          24,
          27,
          31,
          32,
          37,
          39,
          44,
          48,
          52,
          55,
          57,
          60,
          64,
          67
        ],
        [
          2,
          15,
          39,
          55,
          64
        ],
        [
          2,
          9,
          15,
          21,
          24,
          27,
          39,
          44,
          52,
          60
        ]
      ]
    }
  ],
  "newPredictionRaw": [],
  "matchingNumbers": {
    "model": "LaplaceMonteCarlo Model",
    "prediction": [
      3,
      7,
      9,
      13,
      15,
      20,
      23,
      27,
      31,
      33,
      37,
      40,
      45,
      48,
      50,
      55,
      58,
      59,
      64,
      66
    ],
    "matching_numbers": [
      64,
      3,
      37,
      40,
      45,
      50,
      20,
      23,
      58,
      27,
      31
    ],
    "match_count": 11
  },
  "labels": [],
  "numberFrequency": {
    "2": 0.08571428571428572,
    "5": 0.02857142857142857,
    "9": 0.05714285714285714,
    "12": 0.02857142857142857,
    "15": 0.08571428571428572,
    "21": 0.05714285714285714,
    "24": 0.05714285714285714,
    "27": 0.05714285714285714,
    "31": 0.02857142857142857,
    "32": 0.02857142857142857,
    "37": 0.02857142857142857,
    "39": 0.08571428571428572,
    "44": 0.05714285714285714,
    "48": 0.02857142857142857,
    "52": 0.05714285714285714,
    "55": 0.05714285714285714,
    "57": 0.02857142857142857,
    "60": 0.05714285714285714,
    "64": 0.05714285714285714,
    "67": 0.02857142857142857
  }
}