{
  "currentPredictionRaw": [],
  "currentPrediction": [
    {
      "name": "MarkovBayesianEnhanched Model",
      "predictions": [
        [
          1,
          5,
          10,
          17,
          18,
          25,
          28,
          29,
          31,
          41,
          48,
          51,
          52,
          53,
          55,
          60,
          69,
          70
        ],
        [
          1,
          2,
          6,
          26,
          46
        ]
      ]
    }
  ],
  "realResult": [
    5,
    6,
    7,
    10,
    14,
    17,
    19,
    20,
    30,
    33,
    34,
    40,
    41,
    42,
    46,
    51,
    55,
    56,
    58,
    61
  ],
  "newPrediction": [
    {
      "name": "MarkovBayesianEnhanched Model",
      "predictions": [
        [
          1,
          7,
          18,
          19,
          22,
          34,
          36,
          37,
          41,
          50,
          53,
          54,
          57,
          59,
          61,
          62,
          63,
          64,
          67
        ],
        [
          6,
          15,
          23,
          46,
          51
        ]
      ]
    }
  ],
  "newPredictionRaw": [],
  "matchingNumbers": {
    "model": "MarkovBayesianEnhanched Model",
    "prediction": [
      1,
      5,
      10,
      17,
      18,
      25,
      28,
      29,
      31,
      41,
      48,
      51,
      52,
      53,
      55,
      60,
      69,
      70
    ],
    "matching_numbers": [
      5,
      41,
      10,
      17,
      51,
      55
    ],
    "match_count": 6
  },
  "labels": [],
  "numberFrequency": {
    "1": 0.041666666666666664,
    "7": 0.041666666666666664,
    "18": 0.041666666666666664,
    "19": 0.041666666666666664,
    "22": 0.041666666666666664,
    "34": 0.041666666666666664,
    "36": 0.041666666666666664,
    "37": 0.041666666666666664,
    "41": 0.041666666666666664,
    "50": 0.041666666666666664,
    "53": 0.041666666666666664,
    "54": 0.041666666666666664,
    "57": 0.041666666666666664,
    "59": 0.041666666666666664,
    "61": 0.041666666666666664,
    "62": 0.041666666666666664,
    "63": 0.041666666666666664,
    "64": 0.041666666666666664,
    "67": 0.041666666666666664,
    "6": 0.041666666666666664,
    "15": 0.041666666666666664,
    "23": 0.041666666666666664,
    "46": 0.041666666666666664,
    "51": 0.041666666666666664
  }
}