{"currentPredictionRaw": [], "currentPrediction": [{"name": "MarkovBayesian Model", "predictions": [[4, 6, 8, 9, 10, 11, 13, 14, 15, 16, 18, 19, 20, 21, 22, 26, 27, 31, 33, 34], [14, 21, 27, 40, 45], [8, 14, 21, 27, 40, 45], [4, 8, 14, 21, 27, 40, 45], [4, 8, 14, 21, 27, 35, 40, 45], [4, 8, 14, 21, 22, 27, 35, 40, 45], [4, 8, 14, 20, 21, 22, 27, 35, 40, 45]]}, {"name": "PoissonMonteCarlo Model", "predictions": [[1, 3, 9, 10, 16, 17, 21, 28, 34, 35, 37, 42, 47, 48, 50, 56, 60, 62, 66, 70], [17, 34, 37, 48, 50], [1, 3, 10, 16, 17, 62], [10, 16, 28, 35, 48, 50, 56], [28, 34, 35, 47, 48, 50, 56, 60], [1, 3, 9, 10, 17, 34, 35, 48, 50], [1, 10, 17, 21, 28, 35, 37, 42, 48, 56]]}], "realResult": [1, 3, 10, 14, 16, 18, 19, 20, 29, 30, 33, 48, 51, 54, 56, 58, 59, 60, 61, 64], "newPrediction": [{"name": "MarkovBayesian Model", "predictions": [[1, 3, 4, 10, 14, 16, 18, 19, 20, 23, 26, 29, 30, 32, 33, 35, 42, 48, 51, 54], [4, 14, 35, 56, 70], [4, 14, 35, 48, 56, 70], [4, 14, 29, 35, 48, 56, 70], [4, 14, 20, 29, 35, 48, 56, 70], [4, 14, 20, 29, 35, 48, 51, 56, 70], [4, 14, 20, 29, 35, 48, 51, 56, 64, 70]]}, {"name": "PoissonMonteCarlo Model", "predictions": [[1, 4, 9, 10, 17, 21, 23, 26, 31, 34, 36, 42, 43, 50, 51, 55, 61, 62, 68, 70], [17, 26, 31, 51, 68], [1, 17, 26, 34, 50, 70], [1, 17, 23, 26, 42, 68, 70], [4, 9, 10, 21, 43, 50, 55, 61], [1, 4, 10, 23, 42, 43, 50, 51, 55], [1, 4, 9, 17, 31, 34, 43, 50, 55, 68]]}, {"name": "xgboost", "predictions": [[1, 6, 9, 13, 11, 15, 19, 24, 31, 37, 38, 40, 51, 45, 57, 56, 57, 63, 65, 69], [13, 57, 6, 5, 9], [13, 57, 6, 5, 9, 25], [13, 57, 6, 5, 9, 25, 40], [13, 57, 6, 5, 9, 25, 40, 45], [13, 57, 6, 5, 9, 25, 40, 45, 51], [13, 57, 6, 5, 9, 25, 40, 45, 51, 44]]}], "newPredictionRaw": [], "matchingNumbers": {"model": "MarkovBayesian Model", "prediction": [4, 6, 8, 9, 10, 11, 13, 14, 15, 16, 18, 19, 20, 21, 22, 26, 27, 31, 33, 34], "matching_numbers": [33, 10, 14, 16, 18, 19, 20], "match_count": 7}, "labels": [], "numberFrequency": {"1": 0.014402504783440599, "4": 0.014045921029744304, "7": 0.014350321795094798, "11": 0.014385110453991998, "18": 0.014515567924856497, "20": 0.014132892676987302, "21": 0.013732823099669507, "24": 0.0143329274656462, "27": 0.013819794746912507, "28": 0.014515567924856497, "35": 0.014045921029744304, "37": 0.0143764132892677, "40": 0.013741520264393807, "45": 0.013776308923291007, "48": 0.014072012523917203, "54": 0.014402504783440599, "56": 0.014002435206122803, "58": 0.014219864324230301, "62": 0.014402504783440599, "63": 0.014141589841711603, "8": 0.014019829535571404, "13": 0.014393807618716298, "14": 0.013880674899982605, "15": 0.014576448077926596, "19": 0.014324230300921899, "23": 0.014454687771786398, "26": 0.014811271525482693, "32": 0.014724299878239694, "41": 0.014124195512263002, "43": 0.014115498347538702, "46": 0.0142894416420247, "59": 0.014385110453991998, "60": 0.014776482866585493, "70": 0.013950252217777005, "2": 0.014141589841711603, "3": 0.014567750913202296, "6": 0.014593842407375195, "9": 0.014254652983127501, "25": 0.014150287006435901, "30": 0.0143155331361976, "33": 0.014228561488954601, "53": 0.013776308923291007, "66": 0.014367716124543399, "69": 0.014854757349104191, "12": 0.014080709688641503, "16": 0.0143764132892677, "17": 0.014028526700295703, "31": 0.014359018959819099, "42": 0.014715602713515394, "55": 0.014454687771786398, "61": 0.014350321795094798, "65": 0.014524265089580797, "34": 0.014576448077926596, "52": 0.014150287006435901, "38": 0.013724125934945208, "50": 0.013932857888328406, "57": 0.014167681335884502, "22": 0.014072012523917203, "39": 0.014202469994781702, "67": 0.014498173595407896, "68": 0.014637328230996696, "29": 0.014124195512263002, "47": 0.014385110453991998, "51": 0.014167681335884502, "5": 0.014385110453991998, "36": 0.014011132370847104, "44": 0.014228561488954601, "64": 0.014185075665333101, "10": 0.014559053748477995, "49": 0.0143068359714733, "74": 8.697164724299878e-05, "76": 0.00015654896503739782, "80": 0.0001217603061401983, "71": 0.0001217603061401983, "77": 0.00014785180031309794, "72": 0.00015654896503739782, "75": 0.00015654896503739782, "78": 0.00013915463558879804, "79": 0.00010436597669159854, "73": 0.00011306314141589841}}