{"currentPredictionRaw": [], "currentPrediction": [{"name": "PoissonMarkov Model", "predictions": [[32, 26, 52, 60, 62, 70, 42, 47, 25, 1, 13, 18, 10, 4, 19, 45, 40, 29, 68, 55], [4, 25, 29, 32, 47, 62, 68]]}, {"name": "xgboost", "predictions": [[1, 4, 8, 14, 14, 19, 26, 30, 39, 39, 32, 37, 38, 50, 55, 59, 56, 59, 52, 70], [1, 4, 8, 14, 19, 30, 32]]}], "realResult": [4, 8, 10, 16, 20, 24, 25, 26, 27, 30, 33, 34, 37, 40, 44, 47, 51, 57, 63, 69], "newPrediction": [{"name": "PoissonMarkov Model", "predictions": [[22, 60, 62, 29, 48, 45, 70, 54, 34, 5, 23, 10, 56, 38, 1, 46, 11, 32, 68, 15], [1, 15, 32, 56, 62, 68, 70]]}, {"name": "xgboost", "predictions": [[2, 3, 9, 12, 10, 20, 23, 30, 30, 38, 35, 36, 35, 46, 49, 54, 54, 60, 68, 67], [2, 3, 9, 12, 10, 23, 38]]}], "newPredictionRaw": [], "matchingNumbers": {"model": "PoissonMarkov Model", "prediction": [32, 26, 52, 60, 62, 70, 42, 47, 25, 1, 13, 18, 10, 4, 19, 45, 40, 29, 68, 55], "matching_numbers": [4, 40, 10, 47, 25, 26], "match_count": 6}, "labels": [], "numberFrequency": {"1": 0.014405461458693397, "5": 0.014379536812996889, "6": 0.014578292430003456, "8": 0.014051157967507777, "11": 0.01435361216730038, "16": 0.014396819910127895, "17": 0.014025233321811268, "26": 0.014828897338403042, "27": 0.013835119253370203, "32": 0.014733840304182509, "35": 0.014025233321811268, "37": 0.01435361216730038, "43": 0.014128931904597304, "44": 0.01420670584168683, "49": 0.014275838230210855, "52": 0.014163498098859315, "56": 0.01399930867611476, "57": 0.014215347390252334, "59": 0.014388178361562393, "66": 0.014362253715865882, "7": 0.014370895264431386, "9": 0.014241272035948842, "10": 0.014578292430003456, "15": 0.014569650881437954, "20": 0.014163498098859315, "24": 0.014301762875907363, "30": 0.014301762875907363, "31": 0.014388178361562393, "34": 0.014543726235741445, "50": 0.013869685447632216, "54": 0.014405461458693397, "58": 0.014284479778776357, "67": 0.014474593847217422, "69": 0.01488074662979606, "70": 0.013930176287590737, "2": 0.014154856550293813, "3": 0.014552367784306948, "25": 0.014137573453162806, "38": 0.01373142067058417, "39": 0.014198064293121327, "40": 0.013757345316280678, "42": 0.014742481852748013, "55": 0.014465952298651918, "62": 0.014396819910127895, "4": 0.014025233321811268, "28": 0.014517801590044937, "36": 0.013982025578983754, "41": 0.014128931904597304, "51": 0.014189422744555825, "60": 0.014759764949879019, "64": 0.01423263048738334, "12": 0.01403387487037677, "13": 0.014370895264431386, "23": 0.014491876944348427, "47": 0.014414103007258901, "48": 0.014059799516073281, "61": 0.014344970618734878, "14": 0.013878326996197718, "29": 0.014103007258900796, "53": 0.013748703767715175, "19": 0.014293121327341859, "65": 0.014517801590044937, "22": 0.014111648807466298, "33": 0.01426719668164535, "68": 0.014604217075699965, "18": 0.014535084687175941, "46": 0.014301762875907363, "63": 0.01414621500172831, "21": 0.01373142067058417, "45": 0.01376598686484618, "74": 8.641548565502938e-05, "76": 0.0001555478741790529, "80": 0.00012098167991704114, "71": 0.00012098167991704114, "77": 0.00014690632561354994, "72": 0.0001555478741790529, "75": 0.0001555478741790529, "78": 0.000138264777048047, "79": 0.00010369858278603526, "73": 0.00011234013135153819}}