{"currentPredictionRaw": [], "currentPrediction": [{"name": "PoissonMarkov Model", "predictions": [[22, 60, 62, 29, 48, 45, 70, 54, 34, 5, 23, 10, 56, 38, 1, 46, 11, 32, 68, 15], [1, 15, 32, 56, 62, 68, 70]]}, {"name": "xgboost", "predictions": [[2, 3, 9, 12, 10, 20, 23, 30, 30, 38, 35, 36, 35, 46, 49, 54, 54, 60, 68, 67], [2, 3, 9, 12, 10, 23, 38]]}], "realResult": [2, 3, 7, 12, 13, 15, 16, 19, 20, 22, 23, 24, 25, 27, 39, 41, 53, 60, 65, 70], "newPrediction": [{"name": "PoissonMarkov Model", "predictions": [[54, 33, 39, 26, 66, 8, 25, 32, 70, 38, 1, 4, 48, 18, 58, 44, 51, 63, 16, 11], [4, 8, 11, 25, 44, 51, 58]]}, {"name": "xgboost", "predictions": [[1, 7, 11, 16, 21, 19, 26, 29, 35, 34, 35, 36, 50, 48, 48, 53, 63, 55, 67, 67], [1, 7, 11, 16, 26, 29, 34]]}], "newPredictionRaw": [], "matchingNumbers": {"model": "xgboost", "prediction": [2, 3, 9, 12, 10, 20, 23, 30, 30, 38, 35, 36, 35, 46, 49, 54, 54, 60, 68, 67], "matching_numbers": [2, 3, 12, 20, 23, 60], "match_count": 6}, "labels": [], "numberFrequency": {"1": 0.014402972179021947, "5": 0.014377052013132883, "6": 0.014575773284949023, "8": 0.014048729911871435, "11": 0.014351131847243822, "16": 0.014402972179021947, "17": 0.014022809745982374, "26": 0.014826334888543286, "27": 0.013841368584758942, "32": 0.014731294280283394, "35": 0.014022809745982374, "37": 0.014351131847243822, "43": 0.01412649040953862, "44": 0.014204250907205807, "49": 0.014273371349576637, "52": 0.014161050630724037, "56": 0.013996889580093312, "57": 0.01421289096250216, "59": 0.014385692068429238, "66": 0.014359771902540177, "7": 0.014377052013132883, "9": 0.014238811128391222, "10": 0.014575773284949023, "15": 0.014575773284949023, "20": 0.01416969068602039, "24": 0.014307931570762053, "30": 0.014299291515465698, "31": 0.014385692068429238, "34": 0.014541213063763608, "50": 0.013867288750648004, "54": 0.014402972179021947, "58": 0.014282011404872992, "67": 0.014472092621392776, "69": 0.01487817522032141, "70": 0.013936409193018836, "2": 0.014161050630724037, "3": 0.014558493174356316, "25": 0.014143770520131329, "38": 0.013729047865906343, "39": 0.014204250907205807, "40": 0.013754968031795404, "42": 0.014739934335579748, "55": 0.014463452566096423, "62": 0.014394332123725592, "4": 0.014022809745982374, "28": 0.014515292897874546, "36": 0.013979609469500606, "41": 0.014135130464834975, "51": 0.014186970796613099, "60": 0.01476585450146881, "64": 0.014230171073094868, "12": 0.014040089856575082, "13": 0.014377052013132883, "23": 0.014498012787281838, "47": 0.0144116122343183, "48": 0.01405736996716779, "61": 0.014342491791947468, "14": 0.013875928805944357, "29": 0.014100570243649559, "53": 0.013754968031795404, "19": 0.014299291515465698, "65": 0.0145239329531709, "22": 0.014117850354242267, "33": 0.014264731294280283, "68": 0.014601693450838085, "18": 0.014532573008467255, "46": 0.014299291515465698, "63": 0.014143770520131329, "21": 0.013729047865906343, "45": 0.013763608087091758, "74": 8.640055296353897e-05, "76": 0.00015552099533437013, "80": 0.00012096077414895456, "71": 0.00012096077414895456, "77": 0.00014688094003801624, "72": 0.00015552099533437013, "75": 0.00015552099533437013, "78": 0.00013824088474166234, "79": 0.00010368066355624676, "73": 0.00011232071885260065}}