{
  "currentPredictionRaw": [],
  "currentPrediction": [
    {
      "name": "LaplaceMonteCarlo Model",
      "predictions": [
        [
          3,
          5,
          10,
          13,
          16,
          21,
          24,
          25,
          31,
          32,
          37,
          41,
          45,
          48,
          52,
          54,
          58,
          61,
          64,
          66
        ],
        [
          13,
          25,
          37,
          41,
          64
        ],
        [
          5,
          13,
          16,
          21,
          25,
          37,
          41,
          52,
          64,
          66
        ]
      ]
    }
  ],
  "realResult": [
    13,
    15,
    16,
    20,
    25,
    32,
    35,
    40,
    41,
    42,
    44,
    46,
    53,
    56,
    57,
    58,
    62,
    68,
    69,
    70
  ],
  "newPrediction": [
    {
      "name": "LaplaceMonteCarlo Model",
      "predictions": [
        [
          3,
          7,
          11,
          12,
          18,
          19,
          23,
          26,
          31,
          34,
          38,
          39,
          45,
          47,
          49,
          54,
          58,
          61,
          63,
          66
        ],
        [
          3,
          18,
          34,
          47,
          49
        ],
        [
          3,
          7,
          11,
          23,
          26,
          38,
          49,
          61,
          63,
          66
        ]
      ]
    }
  ],
  "newPredictionRaw": [],
  "matchingNumbers": {
    "model": "LaplaceMonteCarlo Model",
    "prediction": [
      3,
      5,
      10,
      13,
      16,
      21,
      24,
      25,
      31,
      32,
      37,
      41,
      45,
      48,
      52,
      54,
      58,
      61,
      64,
      66
    ],
    "matching_numbers": [
      32,
      41,
      13,
      16,
      25,
      58
    ],
    "match_count": 6
  },
  "labels": [],
  "numberFrequency": {
    "3": 0.08571428571428572,
    "7": 0.05714285714285714,
    "11": 0.05714285714285714,
    "12": 0.02857142857142857,
    "18": 0.05714285714285714,
    "19": 0.02857142857142857,
    "23": 0.05714285714285714,
    "26": 0.05714285714285714,
    "31": 0.02857142857142857,
    "34": 0.05714285714285714,
    "38": 0.05714285714285714,
    "39": 0.02857142857142857,
    "45": 0.02857142857142857,
    "47": 0.05714285714285714,
    "49": 0.08571428571428572,
    "54": 0.02857142857142857,
    "58": 0.02857142857142857,
    "61": 0.05714285714285714,
    "63": 0.05714285714285714,
    "66": 0.05714285714285714
  }
}