{
  "currentPredictionRaw": [],
  "currentPrediction": [
    {
      "name": "LaplaceMonteCarlo Model",
      "predictions": [
        [
          4,
          6,
          11,
          13,
          17,
          19,
          23,
          27,
          29,
          35,
          38,
          40,
          42,
          47,
          50,
          53,
          57,
          60,
          65,
          67
        ],
        [
          4,
          6,
          17,
          40,
          60
        ],
        [
          4,
          11,
          19,
          27,
          38,
          40,
          42,
          53,
          57,
          60
        ]
      ]
    }
  ],
  "realResult": [
    1,
    3,
    9,
    11,
    12,
    16,
    23,
    25,
    28,
    34,
    43,
    46,
    48,
    49,
    52,
    56,
    59,
    60,
    64,
    69
  ],
  "newPrediction": [
    {
      "name": "LaplaceMonteCarlo Model",
      "predictions": [
        [
          2,
          6,
          11,
          14,
          15,
          21,
          23,
          27,
          31,
          32,
          38,
          41,
          43,
          48,
          51,
          54,
          57,
          60,
          64,
          66
        ],
        [
          14,
          32,
          48,
          51,
          60
        ],
        [
          2,
          14,
          23,
          31,
          32,
          41,
          48,
          51,
          60,
          64
        ]
      ]
    }
  ],
  "newPredictionRaw": [],
  "matchingNumbers": {
    "model": "LaplaceMonteCarlo Model",
    "prediction": [
      4,
      6,
      11,
      13,
      17,
      19,
      23,
      27,
      29,
      35,
      38,
      40,
      42,
      47,
      50,
      53,
      57,
      60,
      65,
      67
    ],
    "matching_numbers": [
      11,
      60,
      23
    ],
    "match_count": 3
  },
  "labels": [],
  "numberFrequency": {
    "2": 0.05714285714285714,
    "6": 0.02857142857142857,
    "11": 0.02857142857142857,
    "14": 0.08571428571428572,
    "15": 0.02857142857142857,
    "21": 0.02857142857142857,
    "23": 0.05714285714285714,
    "27": 0.02857142857142857,
    "31": 0.05714285714285714,
    "32": 0.08571428571428572,
    "38": 0.02857142857142857,
    "41": 0.05714285714285714,
    "43": 0.02857142857142857,
    "48": 0.08571428571428572,
    "51": 0.08571428571428572,
    "54": 0.02857142857142857,
    "57": 0.02857142857142857,
    "60": 0.08571428571428572,
    "64": 0.05714285714285714,
    "66": 0.02857142857142857
  }
}