{
  "currentPredictionRaw": [],
  "currentPrediction": [
    {
      "name": "LaplaceMonteCarlo Model",
      "predictions": [
        [
          3,
          7,
          9,
          14,
          15,
          20,
          24,
          27,
          30,
          34,
          38,
          41,
          44,
          48,
          51,
          53,
          58,
          62,
          64,
          66
        ],
        [
          3,
          15,
          20,
          44,
          48
        ],
        [
          3,
          9,
          14,
          20,
          24,
          27,
          34,
          38,
          44,
          66
        ]
      ]
    }
  ],
  "realResult": [
    1,
    2,
    12,
    13,
    14,
    21,
    22,
    25,
    29,
    31,
    39,
    52,
    53,
    55,
    58,
    59,
    63,
    68,
    69,
    70
  ],
  "newPrediction": [
    {
      "name": "LaplaceMonteCarlo Model",
      "predictions": [
        [
          3,
          7,
          10,
          13,
          17,
          18,
          23,
          28,
          31,
          34,
          36,
          41,
          43,
          46,
          52,
          53,
          58,
          62,
          63,
          68
        ],
        [
          3,
          10,
          34,
          62,
          63
        ],
        [
          3,
          7,
          10,
          17,
          18,
          23,
          28,
          52,
          53,
          63
        ]
      ]
    }
  ],
  "newPredictionRaw": [],
  "matchingNumbers": {
    "model": "LaplaceMonteCarlo Model",
    "prediction": [
      3,
      7,
      9,
      14,
      15,
      20,
      24,
      27,
      30,
      34,
      38,
      41,
      44,
      48,
      51,
      53,
      58,
      62,
      64,
      66
    ],
    "matching_numbers": [
      58,
      53,
      14
    ],
    "match_count": 3
  },
  "labels": [],
  "numberFrequency": {
    "3": 0.08571428571428572,
    "7": 0.05714285714285714,
    "10": 0.08571428571428572,
    "13": 0.02857142857142857,
    "17": 0.05714285714285714,
    "18": 0.05714285714285714,
    "23": 0.05714285714285714,
    "28": 0.05714285714285714,
    "31": 0.02857142857142857,
    "34": 0.05714285714285714,
    "36": 0.02857142857142857,
    "41": 0.02857142857142857,
    "43": 0.02857142857142857,
    "46": 0.02857142857142857,
    "52": 0.05714285714285714,
    "53": 0.05714285714285714,
    "58": 0.02857142857142857,
    "62": 0.05714285714285714,
    "63": 0.08571428571428572,
    "68": 0.02857142857142857
  }
}