{"currentPredictionRaw": [], "currentPrediction": [{"name": "LaplaceMonteCarlo Model", "predictions": [[3, 7, 10, 13, 17, 18, 23, 28, 31, 34, 36, 41, 43, 46, 52, 53, 58, 62, 63, 68], [3, 10, 34, 62, 63], [3, 7, 10, 17, 18, 23, 28, 52, 53, 63]]}], "realResult": [4, 21, 22, 24, 25, 28, 29, 30, 31, 40, 41, 44, 45, 51, 55, 56, 60, 61, 66, 68], "newPrediction": [{"name": "LaplaceMonteCarlo Model", "predictions": [[3, 5, 11, 14, 16, 20, 24, 27, 31, 33, 35, 40, 44, 48, 51, 55, 58, 61, 64, 66], [5, 31, 35, 55, 61], [3, 5, 16, 24, 27, 33, 44, 55, 58, 66]]}], "newPredictionRaw": [], "matchingNumbers": {"model": "LaplaceMonteCarlo Model", "prediction": [3, 7, 10, 13, 17, 18, 23, 28, 31, 34, 36, 41, 43, 46, 52, 53, 58, 62, 63, 68], "matching_numbers": [41, 28, 68, 31], "match_count": 4}, "labels": [], "numberFrequency": {"3": 0.05714285714285714, "5": 0.08571428571428572, "11": 0.02857142857142857, "14": 0.02857142857142857, "16": 0.05714285714285714, "20": 0.02857142857142857, "24": 0.05714285714285714, "27": 0.05714285714285714, "31": 0.05714285714285714, "33": 0.05714285714285714, "35": 0.05714285714285714, "40": 0.02857142857142857, "44": 0.05714285714285714, "48": 0.02857142857142857, "51": 0.02857142857142857, "55": 0.08571428571428572, "58": 0.05714285714285714, "61": 0.05714285714285714, "64": 0.02857142857142857, "66": 0.05714285714285714}}