{
  "currentPredictionRaw": [],
  "currentPrediction": [
    {
      "name": "LaplaceMonteCarlo Model",
      "predictions": [
        [
          1,
          5,
          10,
          12,
          17,
          20,
          22,
          26,
          29,
          34,
          38,
          41,
          45,
          48,
          51,
          54,
          57,
          61,
          64,
          66
        ],
        [
          5,
          29,
          41,
          48,
          54
        ],
        [
          1,
          5,
          10,
          17,
          20,
          34,
          54,
          64
        ]
      ]
    }
  ],
  "realResult": [
    2,
    7,
    8,
    9,
    12,
    19,
    27,
    28,
    29,
    30,
    38,
    42,
    44,
    45,
    49,
    52,
    55,
    61,
    63,
    68
  ],
  "newPrediction": [
    {
      "name": "LaplaceMonteCarlo Model",
      "predictions": [
        [
          3,
          6,
          10,
          14,
          16,
          21,
          22,
          26,
          31,
          33,
          36,
          42,
          45,
          47,
          50,
          54,
          59,
          61,
          64,
          69
        ],
        [
          14,
          26,
          33,
          36,
          59,
          61
        ]
      ]
    }
  ],
  "newPredictionRaw": [],
  "matchingNumbers": {
    "model": "LaplaceMonteCarlo Model",
    "prediction": [
      1,
      5,
      10,
      12,
      17,
      20,
      22,
      26,
      29,
      34,
      38,
      41,
      45,
      48,
      51,
      54,
      57,
      61,
      64,
      66
    ],
    "matching_numbers": [
      38,
      12,
      45,
      29,
      61
    ],
    "match_count": 5
  },
  "labels": [],
  "numberFrequency": {
    "3": 0.038461538461538464,
    "6": 0.038461538461538464,
    "10": 0.038461538461538464,
    "14": 0.07692307692307693,
    "16": 0.038461538461538464,
    "21": 0.038461538461538464,
    "22": 0.038461538461538464,
    "26": 0.07692307692307693,
    "31": 0.038461538461538464,
    "33": 0.07692307692307693,
    "36": 0.07692307692307693,
    "42": 0.038461538461538464,
    "45": 0.038461538461538464,
    "47": 0.038461538461538464,
    "50": 0.038461538461538464,
    "54": 0.038461538461538464,
    "59": 0.07692307692307693,
    "61": 0.07692307692307693,
    "64": 0.038461538461538464,
    "69": 0.038461538461538464
  }
}