{"currentPredictionRaw": [], "currentPrediction": [{"name": "PoissonMarkov Model", "predictions": [[32, 26, 52, 60, 62, 70, 42, 47, 25, 1, 13, 18, 10, 4, 19, 45, 40, 29, 68, 55], [4, 25, 29, 32, 47, 62, 68]]}, {"name": "xgboost", "predictions": [[1, 4, 8, 14, 14, 19, 26, 30, 39, 39, 32, 37, 38, 50, 55, 59, 56, 59, 52, 70], [1, 4, 8, 14, 19, 30, 32]]}], "realResult": [2, 7, 11, 13, 18, 27, 29, 31, 38, 39, 43, 45, 52, 54, 56, 58, 59, 62, 65, 69], "newPrediction": [{"name": "MarkovBayesian Model", "predictions": [[3, 6, 8, 9, 11, 14, 15, 18, 21, 22, 26, 27, 31, 36, 38, 39, 40, 42, 44, 45], [21, 38, 40, 45, 53], [21, 27, 38, 40, 45, 53], [14, 21, 27, 38, 40, 45, 53], [14, 21, 27, 38, 40, 45, 53, 70], [14, 21, 27, 36, 38, 40, 45, 53, 56, 70]]}, {"name": "PoissonMarkov Model", "predictions": [[67, 35, 10, 55, 23, 70, 37, 61, 41, 33, 71, 28, 53, 9, 56, 69, 64, 20, 68, 22], [10, 23, 28, 41, 64], [22, 23, 28, 35, 41, 53], [33, 35, 67, 68, 69, 70, 71], [9, 20, 23, 28, 33, 35, 37, 53], [9, 20, 22, 23, 37, 56, 64, 67, 68, 71]]}, {"name": "HybridStatisticalModel", "predictions": [[3, 11, 13, 47, 69, 1, 6, 7, 9, 15, 18, 19, 20, 22, 26, 36, 38, 39, 42, 46], [26, 36, 38, 42, 69], [22, 26, 36, 38, 42, 69], [6, 22, 26, 36, 38, 42, 69], [6, 20, 22, 26, 36, 38, 42, 69], [6, 15, 20, 22, 26, 36, 38, 39, 42, 69]]}], "newPredictionRaw": [], "matchingNumbers": {"model": "PoissonMarkov Model", "prediction": [32, 26, 52, 60, 62, 70, 42, 47, 25, 1, 13, 18, 10, 4, 19, 45, 40, 29, 68, 55], "matching_numbers": [45, 13, 18, 52, 29, 62], "match_count": 6}, "labels": [], "numberFrequency": {"1": 0.014395509499136441, "5": 0.014378238341968911, "6": 0.014576856649395509, "8": 0.014050086355785838, "11": 0.014343696027633851, "16": 0.014412780656303973, "17": 0.014024179620034542, "26": 0.014818652849740932, "27": 0.01383419689119171, "32": 0.014723661485319516, "35": 0.014024179620034542, "37": 0.014343696027633851, "43": 0.014136442141623488, "44": 0.01420552677029361, "49": 0.014265975820379966, "52": 0.014162348877374784, "56": 0.013998272884283246, "57": 0.014214162348877376, "59": 0.014378238341968911, "66": 0.014369602763385147, "7": 0.014369602763385147, "9": 0.01424006908462867, "10": 0.014585492227979275, "15": 0.014576856649395509, "20": 0.01417098445595855, "24": 0.014300518134715026, "30": 0.014300518134715026, "31": 0.014386873920552677, "34": 0.014542314335060449, "50": 0.013860103626943005, "54": 0.014404145077720207, "58": 0.014283246977547496, "67": 0.014464594127806563, "69": 0.014887737478411054, "70": 0.01393782383419689, "2": 0.014162348877374784, "3": 0.014559585492227979, "25": 0.014145077720207254, "38": 0.013721934369602763, "39": 0.014196891191709844, "40": 0.013756476683937823, "42": 0.014740932642487046, "55": 0.014455958549222797, "62": 0.014395509499136441, "4": 0.014015544041450776, "28": 0.014525043177892919, "36": 0.013972366148531952, "41": 0.014136442141623488, "51": 0.01418825561312608, "60": 0.014758203799654576, "64": 0.014231433506044906, "12": 0.014041450777202072, "13": 0.014386873920552677, "23": 0.014507772020725389, "47": 0.014412780656303973, "48": 0.014050086355785838, "61": 0.014335060449050087, "14": 0.013877374784110535, "29": 0.014101899827288428, "53": 0.013765112262521589, "19": 0.014300518134715026, "65": 0.014516407599309153, "22": 0.014119170984455958, "33": 0.014274611398963731, "68": 0.01461139896373057, "18": 0.014525043177892919, "46": 0.014291882556131261, "63": 0.01415371329879102, "21": 0.013739205526770293, "45": 0.013765112262521589, "74": 8.635578583765112e-05, "76": 0.000155440414507772, "80": 0.00012089810017271158, "71": 0.00012089810017271158, "77": 0.0001468048359240069, "72": 0.000155440414507772, "75": 0.000155440414507772, "78": 0.0001381692573402418, "79": 0.00010362694300518135, "73": 0.00011226252158894646}}