{"currentPredictionRaw": [], "currentPrediction": [], "realResult": [8, 10, 15, 20, 24, 26, 27, 28, 31, 32, 34, 35, 36, 45, 47, 52, 60, 62, 63, 65], "newPrediction": [{"name": "MarkovBayesian Model", "predictions": [[1, 3, 4, 5, 10, 13, 16, 17, 19, 20, 21, 22, 26, 28, 29, 32, 33, 34, 37, 39], [4, 21, 40, 50, 70], [4, 17, 21, 40, 50, 70], [4, 17, 21, 22, 40, 50, 70], [4, 17, 20, 21, 22, 40, 50, 70], [4, 17, 20, 21, 22, 29, 40, 50, 70], [4, 17, 20, 21, 22, 29, 40, 41, 50, 70]]}, {"name": "PoissonMonteCarlo Model", "predictions": [[1, 3, 7, 12, 17, 19, 24, 29, 30, 35, 40, 42, 45, 48, 53, 54, 60, 62, 66, 70], [1, 7, 12, 24, 53], [12, 29, 42, 45, 54, 62], [1, 3, 29, 30, 45, 53, 60], [3, 17, 29, 30, 35, 48, 60, 66], [7, 17, 19, 29, 35, 40, 42, 45, 54], [3, 7, 12, 17, 24, 30, 40, 45, 48, 53]]}], "newPredictionRaw": [], "matchingNumbers": {"model": null, "prediction": null, "matching_numbers": [], "match_count": 0}, "labels": [], "numberFrequency": {"1": 0.014397496087636933, "5": 0.014380107807337854, "6": 0.014588767170926796, "8": 0.014023648061206746, "11": 0.014388801947487394, "16": 0.014388801947487394, "17": 0.014023648061206746, "26": 0.014823508954964353, "27": 0.013832376977916883, "32": 0.014719179273169883, "35": 0.014041036341505825, "37": 0.014380107807337854, "43": 0.014119283602851678, "44": 0.014232307424795688, "49": 0.01431055468614154, "52": 0.014154060163449835, "56": 0.014006259780907668, "57": 0.014162754303599374, "59": 0.014380107807337854, "66": 0.014362719527038777, "7": 0.014345331246739697, "9": 0.014249695705094765, "10": 0.014562684750478177, "15": 0.014571378890627717, "20": 0.014136671883150756, "24": 0.014336637106590158, "30": 0.01431924882629108, "31": 0.014362719527038777, "34": 0.014571378890627717, "50": 0.013928012519561815, "54": 0.014397496087636933, "58": 0.014214919144496609, "67": 0.014493131629281864, "69": 0.014858285515562512, "70": 0.013954094940010433, "2": 0.014154060163449835, "3": 0.014571378890627717, "25": 0.014145366023300295, "38": 0.013719353155972874, "39": 0.01420622500434707, "40": 0.013745435576421492, "42": 0.014719179273169883, "55": 0.014467049208833247, "62": 0.014397496087636933, "4": 0.014049730481655365, "28": 0.014510519909580943, "36": 0.014014953921057208, "41": 0.014119283602851678, "51": 0.014162754303599374, "60": 0.014771344114067119, "64": 0.014197530864197531, "12": 0.014084507042253521, "13": 0.014388801947487394, "23": 0.014449660928534168, "47": 0.014380107807337854, "48": 0.014067118761954442, "61": 0.014345331246739697, "14": 0.01388454181881412, "29": 0.014127977743001218, "53": 0.013780212137019649, "19": 0.01431924882629108, "65": 0.014519214049730481, "22": 0.014075812902103982, "33": 0.014223613284646148, "68": 0.01463223787167449, "18": 0.014519214049730481, "46": 0.014293166405842462, "63": 0.014136671883150756, "21": 0.013728047296122413, "45": 0.01377151799687011, "74": 8.69414014953921e-05, "76": 0.00015649452269170578, "80": 0.00012171796209354895, "71": 0.00012171796209354895, "77": 0.00014780038254216658, "72": 0.00015649452269170578, "75": 0.00015649452269170578, "78": 0.00013910624239262738, "79": 0.00010432968179447053, "73": 0.00011302382194400974}}