{
  "currentPredictionRaw": [],
  "currentPrediction": [
    {
      "name": "HybridStatisticalModel",
      "predictions": [
        [
          22,
          10,
          11,
          13,
          18,
          23,
          26,
          59,
          2,
          9,
          15,
          25,
          29,
          31,
          32,
          41,
          42,
          44,
          47,
          49
        ],
        [
          22,
          26,
          29,
          32,
          41,
          42
        ],
        [
          10,
          22,
          26,
          29,
          32,
          41,
          42
        ],
        [
          2,
          10,
          22,
          26,
          29,
          32,
          41,
          42
        ],
        [
          2,
          10,
          15,
          22,
          26,
          29,
          32,
          41,
          42
        ]
      ]
    }
  ],
  "realResult": [
    3,
    8,
    10,
    13,
    17,
    18,
    25,
    27,
    30,
    32,
    40,
    43,
    44,
    45,
    47,
    53,
    56,
    57,
    64,
    66
  ],
  "newPrediction": [
    {
      "name": "Markov Model",
      "predictions": [
        [
          5,
          18,
          19,
          27,
          28,
          29,
          34,
          36,
          39,
          46,
          51,
          52,
          54,
          56,
          60,
          63,
          67,
          68,
          69,
          70
        ],
        [
          18,
          28,
          34,
          60,
          67,
          68,
          69
        ],
        [
          5,
          18,
          28,
          34,
          54,
          60,
          67,
          68,
          69
        ],
        [
          5,
          18,
          28,
          34,
          46,
          54,
          60,
          67,
          68,
          69
        ]
      ]
    }
  ],
  "newPredictionRaw": [],
  "matchingNumbers": {
    "model": "HybridStatisticalModel",
    "prediction": [
      22,
      10,
      11,
      13,
      18,
      23,
      26,
      59,
      2,
      9,
      15,
      25,
      29,
      31,
      32,
      41,
      42,
      44,
      47,
      49
    ],
    "matching_numbers": [
      32,
      10,
      44,
      13,
      47,
      18,
      25
    ],
    "match_count": 7
  },
  "labels": [],
  "numberFrequency": {
    "5": 0.06521739130434782,
    "18": 0.08695652173913043,
    "19": 0.021739130434782608,
    "27": 0.021739130434782608,
    "28": 0.08695652173913043,
    "29": 0.021739130434782608,
    "34": 0.08695652173913043,
    "36": 0.021739130434782608,
    "39": 0.021739130434782608,
    "46": 0.043478260869565216,
    "51": 0.021739130434782608,
    "52": 0.021739130434782608,
    "54": 0.06521739130434782,
    "56": 0.021739130434782608,
    "60": 0.08695652173913043,
    "63": 0.021739130434782608,
    "67": 0.08695652173913043,
    "68": 0.08695652173913043,
    "69": 0.08695652173913043,
    "70": 0.021739130434782608
  }
}