{
  "currentPredictionRaw": [],
  "currentPrediction": [
    {
      "name": "MarkovBayesianEnhanched Model",
      "predictions": [
        [
          7,
          16,
          18,
          19,
          22,
          23,
          28,
          29,
          30,
          37,
          44,
          48,
          49,
          50,
          58,
          61,
          62,
          67,
          70
        ],
        [
          4,
          5,
          7,
          15,
          20,
          24,
          46
        ],
        [
          4,
          5,
          7,
          15,
          20,
          24,
          46,
          53
        ]
      ]
    }
  ],
  "realResult": [
    1,
    2,
    3,
    4,
    5,
    10,
    15,
    19,
    21,
    29,
    30,
    31,
    32,
    35,
    36,
    51,
    55,
    57,
    61,
    67
  ],
  "newPrediction": [
    {
      "name": "MarkovBayesianEnhanched Model",
      "predictions": [
        [
          9,
          10,
          17,
          19,
          22,
          27,
          29,
          37,
          44,
          46,
          49,
          51,
          55,
          60,
          61,
          64,
          66,
          70
        ],
        [
          1,
          2,
          3,
          5,
          16,
          31,
          32
        ],
        [
          1,
          2,
          3,
          5,
          15,
          16,
          31,
          32
        ]
      ]
    }
  ],
  "newPredictionRaw": [],
  "matchingNumbers": {
    "model": "MarkovBayesianEnhanched Model",
    "prediction": [
      7,
      16,
      18,
      19,
      22,
      23,
      28,
      29,
      30,
      37,
      44,
      48,
      49,
      50,
      58,
      61,
      62,
      67,
      70
    ],
    "matching_numbers": [
      67,
      29,
      19,
      61,
      30
    ],
    "match_count": 5
  },
  "labels": [],
  "numberFrequency": {
    "9": 0.030303030303030304,
    "10": 0.030303030303030304,
    "17": 0.030303030303030304,
    "19": 0.030303030303030304,
    "22": 0.030303030303030304,
    "27": 0.030303030303030304,
    "29": 0.030303030303030304,
    "37": 0.030303030303030304,
    "44": 0.030303030303030304,
    "46": 0.030303030303030304,
    "49": 0.030303030303030304,
    "51": 0.030303030303030304,
    "55": 0.030303030303030304,
    "60": 0.030303030303030304,
    "61": 0.030303030303030304,
    "64": 0.030303030303030304,
    "66": 0.030303030303030304,
    "70": 0.030303030303030304,
    "1": 0.06060606060606061,
    "2": 0.06060606060606061,
    "3": 0.06060606060606061,
    "5": 0.06060606060606061,
    "16": 0.06060606060606061,
    "31": 0.06060606060606061,
    "32": 0.06060606060606061,
    "15": 0.030303030303030304
  }
}