{"currentPredictionRaw": [], "currentPrediction": [{"name": "MarkovBayesian Model", "predictions": [[1, 3, 10, 12, 14, 15, 16, 18, 19, 20, 22, 24, 26, 29, 30, 33, 34, 44, 45, 48], [14, 22, 45, 56, 70], [14, 22, 45, 48, 56, 70], [12, 14, 22, 45, 48, 56, 70], [12, 14, 22, 29, 45, 48, 56, 70], [12, 14, 20, 22, 29, 45, 48, 56, 70], [12, 14, 20, 22, 29, 45, 48, 56, 63, 70]]}, {"name": "PoissonMonteCarlo Model", "predictions": [[1, 4, 9, 12, 15, 18, 25, 27, 30, 34, 37, 44, 45, 49, 52, 56, 60, 63, 65, 70], [18, 37, 45, 49, 52], [1, 9, 15, 27, 30, 37], [4, 9, 12, 44, 52, 60, 63], [12, 15, 27, 37, 45, 52, 65, 70], [1, 9, 12, 25, 30, 44, 45, 52, 60], [4, 12, 15, 18, 34, 37, 44, 49, 60, 65]]}], "realResult": [2, 3, 4, 16, 18, 20, 26, 27, 29, 30, 36, 37, 39, 42, 46, 49, 53, 55, 64, 70], "newPrediction": [{"name": "MarkovBayesian Model", "predictions": [[2, 8, 10, 11, 12, 14, 16, 18, 22, 23, 24, 25, 26, 27, 31, 37, 40, 41, 43, 44], [14, 27, 40, 45, 70], [14, 27, 40, 45, 56, 70], [8, 14, 27, 40, 45, 56, 70], [8, 14, 22, 27, 40, 45, 56, 70], [8, 12, 14, 22, 27, 40, 45, 56, 70], [8, 12, 14, 22, 27, 40, 41, 45, 56, 70]]}, {"name": "PoissonMonteCarlo Model", "predictions": [[1, 4, 8, 10, 17, 19, 22, 26, 28, 34, 37, 42, 44, 48, 55, 56, 59, 65, 67, 70], [17, 34, 44, 65, 67], [19, 26, 34, 48, 55, 67], [10, 34, 42, 48, 55, 59, 67], [4, 17, 26, 28, 42, 48, 56, 59], [4, 22, 26, 28, 34, 42, 44, 55, 67], [1, 4, 10, 22, 26, 34, 44, 48, 55, 67]]}], "newPredictionRaw": [], "matchingNumbers": {"model": "MarkovBayesian Model", "prediction": [1, 3, 10, 12, 14, 15, 16, 18, 19, 20, 22, 24, 26, 29, 30, 33, 34, 44, 45, 48], "matching_numbers": [3, 16, 18, 20, 26, 29, 30], "match_count": 7}, "labels": [], "numberFrequency": {"1": 0.014396177237185056, "5": 0.014387489139878367, "6": 0.014578627280625542, "8": 0.014031277150304083, "11": 0.014378801042571677, "16": 0.014387489139878367, "17": 0.014022589052997393, "26": 0.014821894005212858, "27": 0.013840139009556907, "32": 0.014726324934839271, "35": 0.014048653344917464, "37": 0.014370112945264987, "43": 0.014109470026064292, "44": 0.01423110338835795, "49": 0.014300608166811469, "52": 0.014144222415291051, "56": 0.014013900955690703, "57": 0.014161598609904432, "59": 0.014378801042571677, "66": 0.014370112945264987, "7": 0.014352736750651606, "9": 0.014248479582971329, "10": 0.014569939183318854, "15": 0.014578627280625542, "20": 0.014135534317984361, "24": 0.014335360556038228, "30": 0.014317984361424847, "31": 0.014361424847958297, "34": 0.014578627280625542, "50": 0.013927019982623806, "54": 0.014396177237185056, "58": 0.01423110338835795, "67": 0.014500434404865335, "69": 0.014847958297132927, "70": 0.013961772371850565, "2": 0.014152910512597741, "3": 0.014569939183318854, "25": 0.014144222415291051, "38": 0.01370981754995656, "39": 0.014196350999131191, "40": 0.013753258036490008, "42": 0.014726324934839271, "55": 0.014465682015638574, "62": 0.014387489139878367, "4": 0.014048653344917464, "28": 0.014500434404865335, "36": 0.014005212858384014, "41": 0.01412684622067767, "51": 0.014161598609904432, "60": 0.014787141615986099, "64": 0.01420503909643788, "12": 0.014074717636837533, "13": 0.014378801042571677, "23": 0.014465682015638574, "47": 0.014378801042571677, "48": 0.014066029539530843, "61": 0.014344048653344918, "14": 0.013892267593397047, "29": 0.014118158123370982, "53": 0.013788010425716767, "19": 0.014317984361424847, "65": 0.014526498696785404, "22": 0.014083405734144223, "33": 0.01421372719374457, "68": 0.014630755864465682, "18": 0.014509122502172024, "46": 0.014283231972198088, "63": 0.014144222415291051, "21": 0.013727193744569939, "45": 0.013770634231103389, "74": 8.688097306689835e-05, "76": 0.00015638575152041704, "80": 0.00012163336229365769, "71": 0.00012163336229365769, "77": 0.00014769765421372718, "72": 0.00015638575152041704, "75": 0.00015638575152041704, "78": 0.00013900955690703736, "79": 0.00010425716768027802, "73": 0.00011294526498696786}}