{
  "currentPredictionRaw": [],
  "currentPrediction": [
    {
      "name": "MarkovBayesianEnhanched Model",
      "predictions": [
        [
          8,
          10,
          11,
          15,
          23,
          24,
          25,
          39,
          42,
          43,
          44,
          45,
          46,
          53,
          54,
          55,
          56,
          58,
          62,
          67
        ],
        [
          1,
          2,
          3,
          9,
          47
        ]
      ]
    }
  ],
  "realResult": [
    3,
    9,
    12,
    22,
    25,
    29,
    30,
    31,
    32,
    36,
    46,
    47,
    48,
    51,
    56,
    62,
    63,
    65,
    68,
    69
  ],
  "newPrediction": [
    {
      "name": "MarkovBayesianEnhanched Model",
      "predictions": [
        [
          5,
          12,
          15,
          17,
          23,
          32,
          33,
          35,
          38,
          42,
          48,
          49,
          58,
          59,
          61,
          62,
          64,
          69,
          70
        ],
        [
          6,
          14,
          23,
          30,
          32
        ]
      ]
    }
  ],
  "newPredictionRaw": [],
  "matchingNumbers": {
    "model": "MarkovBayesianEnhanched Model",
    "prediction": [
      8,
      10,
      11,
      15,
      23,
      24,
      25,
      39,
      42,
      43,
      44,
      45,
      46,
      53,
      54,
      55,
      56,
      58,
      62,
      67
    ],
    "matching_numbers": [
      56,
      25,
      46,
      62
    ],
    "match_count": 4
  },
  "labels": [],
  "numberFrequency": {
    "5": 0.041666666666666664,
    "12": 0.041666666666666664,
    "15": 0.041666666666666664,
    "17": 0.041666666666666664,
    "23": 0.08333333333333333,
    "32": 0.08333333333333333,
    "33": 0.041666666666666664,
    "35": 0.041666666666666664,
    "38": 0.041666666666666664,
    "42": 0.041666666666666664,
    "48": 0.041666666666666664,
    "49": 0.041666666666666664,
    "58": 0.041666666666666664,
    "59": 0.041666666666666664,
    "61": 0.041666666666666664,
    "62": 0.041666666666666664,
    "64": 0.041666666666666664,
    "69": 0.041666666666666664,
    "70": 0.041666666666666664,
    "6": 0.041666666666666664,
    "14": 0.041666666666666664,
    "30": 0.041666666666666664
  }
}