{"currentPredictionRaw": [], "currentPrediction": [{"name": "PoissonMarkov Model", "predictions": [[44, 55, 40, 13, 45, 4, 68, 70, 18, 54, 62, 27, 8, 10, 30, 32, 42, 60, 1, 21], [4, 10, 18, 21, 32, 42, 44]]}, {"name": "xgboost", "predictions": [[2, 2, 8, 13, 17, 21, 20, 31, 36, 41, 37, 36, 42, 50, 43, 54, 62, 63, 67, 70], [2, 8, 21, 50, 62, 13, 17]]}], "realResult": [10, 13, 15, 18, 20, 21, 22, 26, 28, 34, 35, 39, 42, 44, 46, 54, 55, 58, 62, 69], "newPrediction": [{"name": "PoissonMarkov Model", "predictions": [[24, 35, 63, 17, 30, 70, 39, 53, 15, 25, 60, 51, 1, 3, 43, 8, 47, 16, 50, 66], [1, 3, 8, 25, 30, 51, 66]]}, {"name": "xgboost", "predictions": [[1, 3, 11, 8, 18, 21, 18, 29, 19, 30, 39, 42, 35, 42, 52, 47, 58, 55, 66, 67], [11, 8, 30, 52, 55, 3, 18]]}], "newPredictionRaw": [], "matchingNumbers": {"model": "PoissonMarkov Model", "prediction": [44, 55, 40, 13, 45, 4, 68, 70, 18, 54, 62, 27, 8, 10, 30, 32, 42, 60, 1, 21], "matching_numbers": [10, 42, 44, 13, 18, 21, 54, 55, 62], "match_count": 9}, "labels": [], "numberFrequency": {"1": 0.014412934463081445, "5": 0.014386996368666782, "6": 0.014577209061040982, "8": 0.014041155109804599, "11": 0.014352412242780563, "16": 0.014395642400138336, "17": 0.014032509078333045, "26": 0.014827943973716064, "27": 0.013825004323015736, "32": 0.014741483659000519, "35": 0.014032509078333045, "37": 0.014352412242780563, "43": 0.014127615424520146, "44": 0.014205429707764136, "49": 0.014283243991008127, "52": 0.01415355351893481, "56": 0.013997924952446826, "57": 0.014205429707764136, "59": 0.014386996368666782, "66": 0.014369704305723673, "7": 0.014369704305723673, "9": 0.014240013833650355, "10": 0.014577209061040982, "15": 0.014568563029569428, "20": 0.014162199550406363, "24": 0.014300536053951237, "30": 0.014300536053951237, "31": 0.014378350337195228, "34": 0.014542624935154763, "50": 0.013876880511845062, "54": 0.014395642400138336, "58": 0.014274597959536573, "67": 0.014482102714853883, "69": 0.014862528099602283, "70": 0.013937402732145944, "2": 0.01415355351893481, "3": 0.014551270966626319, "25": 0.0141362614559917, "38": 0.013721251945357081, "39": 0.014188137644821026, "40": 0.0137558360712433, "42": 0.014750129690472073, "55": 0.014473456683382327, "62": 0.014386996368666782, "4": 0.014023863046861491, "28": 0.014525332872211656, "36": 0.013980632889503717, "41": 0.0141362614559917, "51": 0.014188137644821026, "60": 0.014767421753415182, "64": 0.014240013833650355, "12": 0.014041155109804599, "13": 0.014369704305723673, "23": 0.01449939477779699, "47": 0.014404288431609891, "48": 0.014067093204219264, "61": 0.014352412242780563, "14": 0.013885526543316618, "29": 0.014101677330105481, "53": 0.0137558360712433, "19": 0.014300536053951237, "65": 0.0145166868407401, "22": 0.014110323361577037, "33": 0.014265951928065018, "68": 0.0146117931869272, "18": 0.014525332872211656, "46": 0.014300536053951237, "63": 0.0141362614559917, "21": 0.01373854400830019, "45": 0.013764482102714854, "74": 8.646031471554557e-05, "76": 0.000155628566487982, "80": 0.00012104444060176379, "71": 0.00012104444060176379, "77": 0.00014698253501642747, "72": 0.000155628566487982, "75": 0.000155628566487982, "78": 0.0001383365035448729, "79": 0.00010375237765865468, "73": 0.00011239840913020923}}