{"currentPredictionRaw": [], "currentPrediction": [{"name": "HybridStatisticalModel", "predictions": [[10, 63, 8, 13, 17, 4, 9, 14, 15, 18, 23, 25, 31, 34, 37, 43, 47, 48, 55, 56], [4, 10, 14, 15, 34], [4, 10, 14, 15, 34, 56], [4, 10, 14, 15, 18, 34, 48, 56]]}], "realResult": [3, 5, 7, 15, 18, 20, 21, 23, 26, 28, 31, 35, 36, 42, 49, 50, 51, 56, 67, 68], "newPrediction": [{"name": "HybridStatisticalModel", "predictions": [[5, 7, 11, 21, 26, 69, 3, 9, 15, 17, 18, 25, 28, 31, 32, 34, 35, 36, 39, 43], [21, 26, 32, 36, 69], [21, 26, 32, 35, 36, 69], [15, 17, 21, 26, 32, 35, 36, 69]]}], "newPredictionRaw": [], "matchingNumbers": {"model": "HybridStatisticalModel", "prediction": [10, 63, 8, 13, 17, 4, 9, 14, 15, 18, 23, 25, 31, 34, 37, 43, 47, 48, 55, 56], "matching_numbers": [15, 18, 23, 56, 31], "match_count": 5}, "labels": [], "numberFrequency": {"5": 0.02564102564102564, "7": 0.02564102564102564, "11": 0.02564102564102564, "21": 0.10256410256410256, "26": 0.10256410256410256, "69": 0.10256410256410256, "3": 0.02564102564102564, "9": 0.02564102564102564, "15": 0.05128205128205128, "17": 0.05128205128205128, "18": 0.02564102564102564, "25": 0.02564102564102564, "28": 0.02564102564102564, "31": 0.02564102564102564, "32": 0.10256410256410256, "34": 0.02564102564102564, "35": 0.07692307692307693, "36": 0.10256410256410256, "39": 0.02564102564102564, "43": 0.02564102564102564}}