{"currentPredictionRaw": [], "currentPrediction": [], "realResult": [1, 2, 3, 9, 10, 21, 32, 38, 39, 40, 42, 46, 51, 55, 59, 60, 62, 64, 65, 69], "newPrediction": [{"name": "MarkovBayesian Model", "predictions": [[1, 6, 7, 8, 11, 15, 17, 22, 23, 25, 26, 32, 33, 42, 45, 46, 47, 52, 53, 55], [8, 17, 45, 53, 70], [8, 17, 22, 45, 53, 56, 70], [8, 17, 22, 45, 52, 53, 56, 70], [8, 17, 22, 25, 45, 52, 53, 56, 70]]}, {"name": "MarkovBayesianEnhanched Model", "predictions": [[1, 11, 13, 15, 18, 19, 24, 28, 33, 34, 36, 38, 42, 55, 56, 60, 63, 66, 69, 70], [2, 6, 7, 25, 52], [2, 4, 6, 7, 25, 33, 52], [2, 4, 6, 7, 19, 25, 33, 52], [2, 4, 6, 7, 19, 25, 33, 52, 55]]}, {"name": "PoissonMarkov Model", "predictions": [[11, 42, 60, 62, 70, 1, 4, 10, 18, 19, 23, 25, 32, 33, 40, 48, 50, 52, 55, 67], [4, 25, 32, 42, 67], [1, 10, 32, 40, 55, 67, 70], [1, 19, 33, 40, 42, 52, 60, 62], [4, 18, 19, 23, 25, 48, 55, 60, 70]]}, {"name": "LaplaceMonteCarlo Model", "predictions": [[3, 7, 10, 12, 16, 20, 24, 26, 31, 32, 37, 42, 45, 46, 52, 54, 58, 59, 64, 67], [3, 12, 16, 32, 42], [3, 7, 16, 26, 32, 42, 46], [7, 10, 16, 37, 54, 58, 59, 67], [7, 12, 24, 32, 37, 42, 45, 58, 64]]}], "newPredictionRaw": [], "matchingNumbers": {}, "labels": [], "numberFrequency": {"1": 0.014424579066134351, "5": 0.01438118382225308, "6": 0.014572122895330672, "8": 0.014016663773650408, "11": 0.014372504773476827, "16": 0.01438118382225308, "17": 0.014034021871202916, "26": 0.014823815309842042, "27": 0.013843082798125326, "32": 0.0147370248220795, "35": 0.014034021871202916, "37": 0.014372504773476827, "43": 0.014112133310189203, "44": 0.014224960944280506, "49": 0.01429439333449054, "52": 0.01414684950529422, "56": 0.014025342822426663, "57": 0.014164207602846727, "59": 0.014372504773476827, "66": 0.014372504773476827, "7": 0.01435514667592432, "9": 0.014259677139385524, "10": 0.014572122895330672, "15": 0.014580801944106925, "20": 0.014138170456517966, "24": 0.014329109529595556, "30": 0.014303072383266793, "31": 0.014346467627148064, "34": 0.014572122895330672, "50": 0.013921194237111613, "54": 0.014407220968581843, "58": 0.014233639993056761, "67": 0.01448533240756813, "69": 0.014849852456170804, "70": 0.013955910432216629, "2": 0.014155528554070474, "3": 0.014563443846554417, "25": 0.01414684950529422, "38": 0.013712897066481513, "39": 0.014198923797951745, "40": 0.01374761326158653, "42": 0.014728345773303246, "55": 0.014467974310015622, "62": 0.01439854191980559, "4": 0.014042700919979171, "28": 0.014511369553896893, "36": 0.0139993056760979, "41": 0.014120812358965458, "51": 0.014155528554070474, "60": 0.014797778163513279, "64": 0.014224960944280506, "12": 0.014060059017531679, "13": 0.01438118382225308, "23": 0.014476653358791877, "47": 0.01439854191980559, "48": 0.014068738066307932, "61": 0.014329109529595556, "14": 0.013886478042006597, "29": 0.014112133310189203, "53": 0.013782329456691547, "19": 0.014311751432043048, "65": 0.014520048602673146, "22": 0.014077417115084187, "33": 0.014233639993056761, "68": 0.014624197187988196, "18": 0.014520048602673146, "46": 0.014285714285714285, "63": 0.01414684950529422, "21": 0.013721576115257768, "45": 0.013773650407915292, "74": 8.679048776254123e-05, "76": 0.0001562228779725742, "80": 0.00012150668286755772, "71": 0.00012150668286755772, "77": 0.0001475438291963201, "72": 0.0001562228779725742, "75": 0.0001562228779725742, "78": 0.00013886478042006596, "79": 0.00010414858531504947, "73": 0.00011282763409130359}}