{"currentPredictionRaw": [], "currentPrediction": [], "realResult": [], "newPrediction": [[6, 8, 12, 14, 18, 20, 21, 23, 24, 25, 30, 33, 37, 43, 44, 46, 48, 58, 61, 66], [35, 36, 9, 74, 43, 45, 46, 16, 48, 19, 21, 22, 24, 57, 56, 29, 0, 0, 0, 0], [67, 36, 35, 39, 43, 79, 18, 19, 21, 53, 25, 58, 59, 31, 0, 0, 0, 0, 0, 0], [37, 38, 72, 9, 8, 43, 13, 46, 45, 16, 20, 21, 55, 59, 60, 29, 31, 0, 0, 0], [33, 67, 36, 38, 40, 10, 42, 76, 16, 80, 49, 19, 20, 22, 56, 0, 0, 0, 0, 0], [33, 5, 37, 71, 8, 77, 78, 79, 16, 80, 47, 51, 20, 49, 56, 57, 0, 0, 0, 0], [35, 70, 8, 73, 43, 44, 76, 78, 47, 48, 17, 75, 20, 24, 29, 0, 0, 0, 0, 0], [35, 36, 37, 38, 71, 72, 9, 40, 11, 43, 77, 79, 48, 56, 24, 0, 0, 0, 0, 0], [3, 68, 7, 72, 73, 77, 78, 47, 80, 21, 55, 56, 25, 27, 0, 0, 0, 0, 0, 0], [32, 36, 37, 71, 8, 59, 74, 13, 77, 46, 18, 19, 50, 26, 27, 0, 0, 0, 0, 0]], "newPredictionRaw": [[0.0, 0.0, 2.5408382953173714e-07, 2.265214665616486e-30, 0.0, 0.999264657497406, 2.799763122001587e-36, 6.937714291943564e-11, 3.157757787894635e-20, 4.4334265425494124e-11, 3.2734803908328336e-13, 1.74839531470119e-28, 1.3414995971522676e-18, 0.0, 0.0, 0.0, 0.0, 0.0, 6.578008105191245e-16, 0.0, 0.0, 0.0, 0.0, 2.2280612724928233e-17, 4.1180769896923756e-16, 9.76027578758476e-08, 0.0, 0.0, 6.28173347649863e-06, 0.0, 0.0, 0.0, 1.92126099136658e-05, 6.165927253255199e-31, 0.00044197647366672754, 1.767709756350655e-09, 4.5585146324356174e-08, 6.80175431183296e-21, 1.0875583100755648e-08, 0.0, 0.0, 2.133807681287101e-16, 0.0, 0.0, 0.0, 0.0, 0.0, 0.0, 0.0, 0.0, 0.0, 0.0, 0.0, 2.3166793129282547e-29, 5.967723700450733e-05, 9.594156153980293e-07, 6.9322827584983315e-06, 0.00019979201897513121, 8.100973047930893e-08, 6.312513012307619e-11, 0.0, 2.0782475636309108e-32, 0.0, 0.0, 2.4975156323280196e-20, 2.1188551923033168e-19, 4.088695160220368e-09, 3.007544268645879e-16, 0.0, 0.0, 1.1725931220577498e-24, 1.32078538644248e-13, 0.0, 1.2124082769520977e-22, 1.9282111082580054e-25, 2.529685879174015e-12, 3.0144049284691957e-14, 0.0, 0.0, 0.0], [0.0, 0.0, 0.0, 0.0, 0.0, 0.0, 0.0, 1.0, 4.6362769669065784e-32, 0.0, 0.0, 0.0, 0.0, 0.0, 0.0, 0.0, 0.0, 0.0, 2.909473387805735e-19, 0.0, 0.0, 0.0, 0.0, 4.358448412440324e-27, 0.0, 0.0, 0.0, 0.0, 0.0, 0.0, 0.0, 0.0, 0.0, 0.0, 0.0, 5.782343492910513e-10, 0.0, 0.0, 0.0, 0.0, 0.0, 0.0, 0.0, 0.0, 0.0, 0.0, 0.0, 0.0, 0.0, 0.0, 0.0, 0.0, 0.0, 0.0, 0.0, 0.0, 0.0, 0.0, 0.0, 0.0, 0.0, 0.0, 0.0, 0.0, 0.0, 0.0, 4.1467221323365777e-10, 0.0, 0.0, 0.0, 6.085514414311883e-24, 6.871234252113147e-18, 0.0, 0.0, 0.0, 0.0, 0.0, 0.0, 0.0, 0.0], [1.2746310608960322e-16, 4.134559321220675e-30, 9.324281798062106e-13, 5.907497353540333e-16, 8.466043485829897e-15, 8.961182524378029e-15, 7.988548532011919e-06, 2.4340064896932745e-07, 0.0024404057767242193, 0.00043257034849375486, 1.753676770022139e-06, 0.9948716163635254, 0.0007659541442990303, 5.294601359445185e-15, 3.796305031633773e-20, 3.119264558020668e-14, 5.338766650986315e-10, 0.0011799591593444347, 4.274954001903808e-10, 4.453261161810703e-17, 1.6291072657548256e-11, 2.6769539362980765e-10, 7.964845087078559e-19, 1.0989588190568611e-05, 2.135817567250342e-06, 3.683342129079392e-07, 3.0412391234823695e-19, 1.1180742577165514e-14, 1.3795791630388451e-14, 3.428835042729786e-22, 2.3682461645657696e-21, 3.93098288372606e-30, 0.00016148725990206003, 4.510564231147152e-12, 4.4914175460417094e-13, 2.1620517145493068e-06, 1.7233379979129937e-14, 2.514751915819874e-13, 5.415138275566278e-07, 2.4861173823706587e-21, 1.4672116115159328e-20, 9.812541179599066e-08, 6.876129440142043e-14, 1.8407766331844758e-16, 1.6057292089425315e-19, 2.3207846235051566e-13, 8.443173243888324e-12, 4.765564441741564e-25, 2.128423356324768e-33, 1.0544370151833214e-20, 4.043950305452505e-21, 6.586882150966021e-28, 4.1081241271746373e-26, 9.239620787221403e-13, 1.9783518356505936e-13, 8.140809303863847e-16, 6.52774926127031e-13, 1.1393158104928713e-17, 6.09375883087182e-11, 1.607298322214845e-11, 2.61413173587886e-27, 1.3982118973510137e-15, 2.5547216239371775e-22, 2.8952672474096686e-21, 2.97991253894736e-09, 7.981158205438987e-07, 4.4440623403474433e-10, 4.075886295140663e-09, 5.233482555213215e-20, 0.00011843868560390547, 1.4186389307724312e-07, 1.9949590590595534e-10, 2.732960696507585e-18, 8.895057135305251e-08, 4.465189107349943e-08, 3.7989051904219195e-09, 2.325855803064769e-06, 4.1462831974238556e-13, 1.869234628193439e-11, 7.660729282920123e-14], [0.0, 0.0, 0.0, 0.0, 1.4892807842003959e-22, 0.0, 0.0, 3.1270624978319006e-10, 1.6787474188539875e-11, 1.7626847062756472e-37, 1.4059173736313824e-06, 9.491097479957531e-17, 5.808093919767998e-05, 0.9986929297447205, 1.3263813567068133e-33, 0.0011213800171390176, 4.3343958040952006e-18, 6.14621676504612e-05, 4.492203553585483e-10, 3.7851339584449306e-05, 3.8446327010888126e-08, 7.929733338027215e-20, 5.347951158523642e-28, 3.0270036477375584e-11, 1.3855936584546773e-26, 0.0, 0.0, 1.332677775357848e-37, 0.0, 0.0, 0.0, 0.0, 4.638144313062753e-10, 0.0, 0.0, 1.8229064835395548e-07, 0.0, 0.0, 2.6008487030715344e-11, 0.0, 2.0924665783399302e-36, 6.306829902769095e-08, 2.368129470298186e-09, 5.576559033215744e-06, 4.905448269809654e-10, 1.9837029154728958e-12, 1.977083640830345e-21, 0.0, 0.0, 0.0, 0.0, 0.0, 0.0, 0.0, 0.0, 0.0, 0.0, 0.0, 4.4501329237404604e-26, 0.0, 0.0, 0.0, 0.0, 0.0, 0.0, 0.0, 1.4274260586270534e-24, 0.0, 2.3126572878950924e-10, 3.0844779313164705e-13, 1.7812222183333226e-11, 2.7883617290114238e-11, 4.2531375754606415e-08, 3.285395955288095e-09, 4.585617219277083e-08, 1.2396206283682432e-09, 2.0917492804528592e-07, 2.0638555724872276e-05, 2.313427316380512e-08, 0.0], [3.7805743372896386e-38, 0.0, 0.0, 0.0, 2.9322297923073393e-09, 0.0, 1.1920168990003607e-25, 3.0162002076394856e-05, 0.00013346799823921174, 7.584509980206065e-30, 3.767624079387133e-08, 1.0323649712873362e-09, 5.389247803577746e-07, 9.196143935241707e-08, 2.522137669858762e-29, 0.00010079104686155915, 4.7056373554676956e-12, 0.9981175661087036, 1.752521683329178e-07, 1.1805156646005344e-05, 8.99572341950261e-07, 1.1232729946186737e-07, 5.714580718352291e-12, 0.0013762499438598752, 5.742863962154843e-10, 6.189350281999952e-23, 0.0, 1.3490882813387998e-19, 5.23285372130475e-38, 0.0, 0.0, 0.0, 3.70921598991103e-10, 0.0, 0.0, 0.00022622125106863678, 2.1649253319410533e-28, 7.296043139892807e-29, 2.0470788258952766e-11, 0.0, 0.0, 1.937981997102156e-09, 1.5609899151058926e-08, 1.6546871650646722e-09, 3.0164407213359445e-13, 2.3591593956151513e-11, 7.906580341750799e-16, 0.0, 0.0, 0.0, 0.0, 0.0, 9.536944084452091e-37, 1.208286080134014e-35, 0.0, 0.0, 0.0, 0.0, 1.5305409466632954e-30, 0.0, 0.0, 0.0, 0.0, 0.0, 0.0, 3.9389371248596564e-30, 1.0968754794423233e-13, 0.0, 1.426547139964096e-12, 7.156550931105042e-17, 1.6919841527851531e-06, 1.6401763280882165e-09, 5.973638805834014e-10, 3.975432760761066e-10, 2.1973129094021715e-08, 5.019626207747319e-12, 2.477605523087262e-13, 1.4379385269297495e-12, 9.032942926978649e-08, 1.0896900073815096e-35], [0.0, 0.0, 0.0, 0.0, 0.0, 0.0, 0.0, 2.7371347918227207e-13, 0.0, 0.0, 0.0, 0.0, 0.0, 0.0, 0.0, 1.877705673239416e-12, 0.0, 6.907229108260247e-25, 0.0006045422633178532, 0.9986451268196106, 0.0007503472152166069, 0.0, 0.0, 2.3022114073030594e-19, 0.0, 0.0, 0.0, 0.0, 0.0, 0.0, 0.0, 0.0, 0.0, 0.0, 0.0, 2.3651114053335753e-11, 0.0, 0.0, 0.0, 0.0, 0.0, 0.0, 2.3735904908228633e-10, 0.0, 0.0, 0.0, 0.0, 0.0, 0.0, 0.0, 0.0, 0.0, 0.0, 0.0, 0.0, 0.0, 0.0, 0.0, 0.0, 0.0, 0.0, 0.0, 0.0, 0.0, 0.0, 0.0, 0.0, 0.0, 0.0, 0.0, 4.110210272526653e-36, 1.2389548932329887e-26, 5.71049063416741e-21, 0.0, 0.0, 0.0, 0.0, 0.0, 6.293468206904683e-26, 0.0], [0.0, 0.0, 0.0, 0.0, 0.0, 0.0, 0.0, 0.0, 0.0, 0.0, 0.0, 0.0, 0.0, 0.0, 0.0, 1.6868232727253697e-36, 0.0, 0.0, 0.0, 0.0, 1.0, 0.0, 0.0, 0.0, 0.0, 0.0, 0.0, 0.0, 0.0, 0.0, 0.0, 0.0, 0.0, 0.0, 0.0, 0.0, 0.0, 0.0, 0.0, 0.0, 0.0, 0.0, 8.34368485413961e-09, 0.0, 0.0, 0.0, 0.0, 0.0, 0.0, 0.0, 0.0, 0.0, 0.0, 0.0, 0.0, 0.0, 0.0, 0.0, 0.0, 0.0, 0.0, 0.0, 0.0, 0.0, 0.0, 0.0, 0.0, 0.0, 0.0, 0.0,