{"currentPredictionRaw": [], "currentPrediction": [{"name": "LaplaceMonteCarlo Model", "predictions": [[3, 7, 10, 12, 15, 21, 22, 26, 31, 34, 38, 39, 43, 48, 52, 54, 57, 61, 65, 67], [7, 10, 21, 43, 48], [7, 12, 15, 22, 31, 34, 38, 39, 61, 65]]}], "realResult": [3, 10, 12, 15, 17, 21, 22, 25, 30, 31, 36, 37, 41, 47, 54, 55, 61, 63, 65, 68], "newPrediction": [{"name": "LaplaceMonteCarlo Model", "predictions": [[4, 7, 10, 12, 15, 19, 23, 25, 30, 34, 37, 40, 45, 47, 49, 53, 58, 62, 65, 67], [4, 15, 19, 37, 58], [4, 7, 15, 19, 30, 37, 45, 49, 62, 65]]}], "newPredictionRaw": [], "matchingNumbers": {"model": "LaplaceMonteCarlo Model", "prediction": [3, 7, 10, 12, 15, 21, 22, 26, 31, 34, 38, 39, 43, 48, 52, 54, 57, 61, 65, 67], "matching_numbers": [65, 3, 10, 12, 15, 21, 22, 54, 61, 31], "match_count": 10}, "labels": [], "numberFrequency": {"4": 0.08571428571428572, "7": 0.05714285714285714, "10": 0.02857142857142857, "12": 0.02857142857142857, "15": 0.08571428571428572, "19": 0.08571428571428572, "23": 0.02857142857142857, "25": 0.02857142857142857, "30": 0.05714285714285714, "34": 0.02857142857142857, "37": 0.08571428571428572, "40": 0.02857142857142857, "45": 0.05714285714285714, "47": 0.02857142857142857, "49": 0.05714285714285714, "53": 0.02857142857142857, "58": 0.05714285714285714, "62": 0.05714285714285714, "65": 0.05714285714285714, "67": 0.02857142857142857}}