{
  "currentPredictionRaw": [],
  "currentPrediction": [
    {
      "name": "LaplaceMonteCarlo Model",
      "predictions": [
        [
          2,
          6,
          10,
          12,
          16,
          19,
          24,
          26,
          30,
          33,
          38,
          41,
          43,
          46,
          52,
          53,
          56,
          62,
          65,
          68
        ],
        [
          10,
          24,
          53,
          62,
          68
        ],
        [
          2,
          6,
          16,
          19,
          24,
          30,
          41,
          52,
          53,
          68
        ]
      ]
    }
  ],
  "realResult": [
    4,
    6,
    10,
    16,
    18,
    21,
    24,
    26,
    28,
    34,
    37,
    42,
    43,
    46,
    51,
    54,
    55,
    59,
    62,
    68
  ],
  "newPrediction": [
    {
      "name": "LaplaceMonteCarlo Model",
      "predictions": [
        [
          1,
          5,
          11,
          12,
          15,
          19,
          22,
          26,
          30,
          32,
          36,
          41,
          43,
          46,
          51,
          53,
          58,
          60,
          63,
          67
        ],
        [
          15,
          41,
          43,
          58,
          60
        ],
        [
          1,
          11,
          12,
          15,
          19,
          22,
          30,
          36,
          43,
          60
        ]
      ]
    }
  ],
  "newPredictionRaw": [],
  "matchingNumbers": {
    "model": "LaplaceMonteCarlo Model",
    "prediction": [
      2,
      6,
      10,
      12,
      16,
      19,
      24,
      26,
      30,
      33,
      38,
      41,
      43,
      46,
      52,
      53,
      56,
      62,
      65,
      68
    ],
    "matching_numbers": [
      68,
      6,
      10,
      43,
      46,
      16,
      24,
      26,
      62
    ],
    "match_count": 9
  },
  "labels": [],
  "numberFrequency": {
    "1": 0.05714285714285714,
    "5": 0.02857142857142857,
    "11": 0.05714285714285714,
    "12": 0.05714285714285714,
    "15": 0.08571428571428572,
    "19": 0.05714285714285714,
    "22": 0.05714285714285714,
    "26": 0.02857142857142857,
    "30": 0.05714285714285714,
    "32": 0.02857142857142857,
    "36": 0.05714285714285714,
    "41": 0.05714285714285714,
    "43": 0.08571428571428572,
    "46": 0.02857142857142857,
    "51": 0.02857142857142857,
    "53": 0.02857142857142857,
    "58": 0.05714285714285714,
    "60": 0.08571428571428572,
    "63": 0.02857142857142857,
    "67": 0.02857142857142857
  }
}