{
  "currentPredictionRaw": [],
  "currentPrediction": [
    {
      "name": "LaplaceMonteCarlo Model",
      "predictions": [
        [
          1,
          7,
          11,
          12,
          16,
          21,
          24,
          28,
          29,
          33,
          38,
          39,
          45,
          47,
          50,
          53,
          58,
          60,
          65,
          68
        ],
        [
          11,
          16,
          24,
          38,
          53
        ],
        [
          7,
          11,
          21,
          24,
          33,
          47,
          53,
          58,
          60,
          68
        ]
      ]
    }
  ],
  "realResult": [
    6,
    18,
    19,
    20,
    22,
    28,
    29,
    41,
    48,
    49,
    51,
    55,
    56,
    57,
    58,
    60,
    62,
    63,
    67,
    70
  ],
  "newPrediction": [
    {
      "name": "LaplaceMonteCarlo Model",
      "predictions": [
        [
          2,
          5,
          10,
          12,
          16,
          19,
          24,
          26,
          31,
          32,
          37,
          39,
          43,
          47,
          49,
          53,
          56,
          60,
          63,
          67
        ],
        [
          16,
          26,
          53,
          56,
          67
        ],
        [
          5,
          10,
          12,
          32,
          37,
          39,
          43,
          47,
          49,
          67
        ]
      ]
    }
  ],
  "newPredictionRaw": [],
  "matchingNumbers": {
    "model": "LaplaceMonteCarlo Model",
    "prediction": [
      1,
      7,
      11,
      12,
      16,
      21,
      24,
      28,
      29,
      33,
      38,
      39,
      45,
      47,
      50,
      53,
      58,
      60,
      65,
      68
    ],
    "matching_numbers": [
      58,
      28,
      29,
      60
    ],
    "match_count": 4
  },
  "labels": [],
  "numberFrequency": {
    "2": 0.02857142857142857,
    "5": 0.05714285714285714,
    "10": 0.05714285714285714,
    "12": 0.05714285714285714,
    "16": 0.05714285714285714,
    "19": 0.02857142857142857,
    "24": 0.02857142857142857,
    "26": 0.05714285714285714,
    "31": 0.02857142857142857,
    "32": 0.05714285714285714,
    "37": 0.05714285714285714,
    "39": 0.05714285714285714,
    "43": 0.05714285714285714,
    "47": 0.05714285714285714,
    "49": 0.05714285714285714,
    "53": 0.05714285714285714,
    "56": 0.05714285714285714,
    "60": 0.02857142857142857,
    "63": 0.02857142857142857,
    "67": 0.08571428571428572
  }
}