{"currentPredictionRaw": [], "currentPrediction": [], "realResult": [], "newPrediction": [[2, 9, 14, 17, 24, 30, 35, 36, 40, 41, 44, 48, 51, 53, 54, 57, 66, 67, 68, 70], [33, 65, 69, 70, 71, 75, 43, 44, 14, 79, 80, 17, 50, 51, 47, 58, 0, 0, 0, 0], [66, 68, 70, 71, 74, 75, 42, 44, 79, 16, 80, 49, 51, 52, 54, 56, 57, 58, 0, 0], [1, 65, 33, 72, 73, 74, 11, 43, 47, 80, 79, 53, 58, 29, 0, 0, 0, 0, 0, 0], [65, 70, 39, 8, 73, 40, 76, 46, 79, 80, 50, 51, 20, 54, 24, 60, 61, 0, 0, 0], [2, 69, 70, 71, 75, 44, 43, 77, 79, 16, 47, 56, 63, 0, 0, 0, 0, 0, 0, 0], [34, 70, 39, 71, 75, 76, 45, 78, 44, 49, 52, 55, 56, 62, 30, 0, 0, 0, 0, 0], [2, 72, 59, 73, 42, 76, 77, 79, 80, 47, 18, 51, 56, 27, 31, 0, 0, 0, 0, 0], [64, 1, 72, 73, 9, 74, 76, 45, 46, 79, 43, 50, 54, 55, 56, 57, 28, 0, 0, 0], [1, 69, 71, 72, 74, 11, 76, 77, 47, 79, 51, 54, 55, 56, 62, 0, 0, 0, 0, 0]], "newPredictionRaw": [[8.38604155758536e-36, 1.0, 0.0, 0.0, 0.0, 0.0, 0.0, 0.0, 0.0, 0.0, 0.0, 0.0, 0.0, 0.0, 0.0, 0.0, 0.0, 0.0, 0.0, 0.0, 0.0, 0.0, 0.0, 0.0, 0.0, 0.0, 0.0, 0.0, 0.0, 0.0, 0.0, 0.0, 0.0, 0.0, 0.0, 0.0, 0.0, 0.0, 0.0, 0.0, 0.0, 0.0, 0.0, 0.0, 0.0, 0.0, 0.0, 0.0, 0.0, 0.0, 0.0, 0.0, 0.0, 0.0, 0.0, 0.0, 0.0, 0.0, 0.0, 0.0, 0.0, 0.0, 0.0, 0.0, 0.0, 0.0, 0.0, 0.0, 0.0, 0.0, 4.958275138576337e-32, 0.0, 0.0, 0.0, 0.0, 0.0, 0.0, 0.0, 1.0383271234542257e-19, 0.0], [0.0, 2.578499876936345e-38, 0.0, 0.0, 0.0, 0.0, 0.0, 5.001911803503597e-24, 0.9999996423721313, 0.0, 2.844751997869716e-20, 0.0, 0.0, 0.0, 0.0, 0.0, 0.0, 0.0, 0.0, 0.0, 0.0, 0.0, 0.0, 0.0, 0.0, 0.0, 0.0, 0.0, 0.0, 0.0, 0.0, 0.0, 0.0, 0.0, 0.0, 0.0, 0.0, 0.0, 0.0, 0.0, 0.0, 0.0, 0.0, 0.0, 0.0, 0.0, 0.0, 0.0, 0.0, 0.0, 0.0, 0.0, 0.0, 0.0, 0.0, 0.0, 0.0, 0.0, 0.0, 0.0, 0.0, 0.0, 0.0, 0.0, 0.0, 0.0, 0.0, 0.0, 8.82717665201703e-26, 3.3107221497630235e-07, 0.0, 0.0, 0.0, 4.233564887545782e-11, 1.1342228998944086e-26, 0.0, 0.0, 0.0, 0.0, 0.0], [0.0, 0.0, 0.0, 0.0, 0.0, 0.0, 0.0, 0.0, 0.0, 0.0, 0.0, 0.0, 0.0, 1.0, 0.0, 4.0281442591343853e-17, 1.0900084774598143e-15, 0.0, 0.0, 0.0, 0.0, 0.0, 0.0, 0.0, 0.0, 0.0, 0.0, 0.0, 0.0, 0.0, 0.0, 0.0, 0.0, 0.0, 0.0, 0.0, 0.0, 0.0, 0.0, 0.0, 0.0, 0.0, 0.0, 0.0, 0.0, 0.0, 0.0, 0.0, 0.0, 0.0, 0.0, 0.0, 0.0, 0.0, 0.0, 0.0, 0.0, 0.0, 0.0, 0.0, 0.0, 0.0, 0.0, 0.0, 0.0, 0.0, 0.0, 0.0, 0.0, 0.0, 0.0, 0.0, 0.0, 0.0, 0.0, 0.0, 0.0, 0.0, 0.0, 0.0], [7.519748375998696e-20, 1.5547643557263784e-25, 0.0, 0.0, 0.0, 0.0, 0.0, 2.8809573909769263e-32, 8.59674665837887e-18, 0.0, 1.1993860388077478e-18, 0.0, 0.0, 0.00023585485178045928, 0.0, 1.8094821196967814e-09, 0.999758780002594, 9.581236899789541e-15, 0.0, 4.812825580176211e-30, 0.0, 0.0, 0.0, 0.0, 0.0, 0.0, 0.0, 0.0, 0.0, 0.0, 0.0, 0.0, 0.0, 0.0, 0.0, 0.0, 0.0, 0.0, 0.0, 0.0, 0.0, 0.0, 0.0, 0.0, 0.0, 0.0, 0.0, 0.0, 0.0, 0.0, 0.0, 0.0, 0.0, 0.0, 0.0, 0.0, 0.0, 0.0, 0.0, 0.0, 0.0, 0.0, 0.0, 0.0, 0.0, 3.6824649516274857e-26, 0.0, 0.0, 1.4593292006637619e-18, 1.3264708775828637e-10, 0.0, 1.0753098063099719e-36, 2.8242761462848875e-09, 2.4964581371023087e-06, 2.8504546207841486e-06, 0.0, 0.0, 0.0, 3.501791522207135e-25, 0.0], [4.212502459612415e-36, 8.236059515358798e-18, 0.0, 7.005452811352584e-30, 0.0, 0.0, 0.0, 0.0, 0.0, 0.0, 0.0, 0.0, 0.0, 0.0, 0.0, 0.0, 0.0, 0.0, 0.0, 7.214917140292709e-13, 0.0, 0.0, 0.0, 0.999980092048645, 0.0, 0.0, 0.0, 4.1893170965841255e-27, 0.0, 1.5178182376544367e-22, 0.0, 0.0, 0.0, 0.0, 0.0, 0.0, 0.0, 0.0, 0.0, 0.0, 0.0, 0.0, 0.0, 0.0, 0.0, 0.0, 0.0, 0.0, 0.0, 0.0, 0.0, 0.0, 0.0, 3.5110977851802494e-27, 0.0, 3.469893044036005e-24, 0.0, 1.20222599236941e-11, 0.0, 0.0, 0.0, 0.0, 0.0, 0.0, 0.0, 0.0, 0.0, 0.0, 0.0, 0.0, 0.0, 0.0, 0.0, 0.0, 0.0, 0.0, 0.0, 0.0, 6.948597697231662e-09, 1.992117176996544e-05], [1.397180756023089e-21, 0.0, 0.0, 0.0, 0.0, 0.0, 0.0, 0.0, 0.0, 0.0, 0.0, 0.0, 0.0, 0.0, 0.0, 0.0, 0.0, 0.0, 0.0, 0.0, 0.0, 0.0, 0.0, 9.40775669172611e-13, 0.0, 0.0, 3.275723630637956e-19, 6.6266973513739455e-25, 1.0337083722333773e-06, 0.9999754428863525, 0.0, 0.0, 0.0, 0.0, 0.0, 0.0, 0.0, 2.861197911590931e-24, 3.0402262408222983e-17, 0.0, 0.0, 0.0, 0.0, 0.0, 0.0, 0.0, 0.0, 0.0, 0.0, 0.0, 0.0, 0.0, 0.0, 0.0, 2.1724513261179246e-19, 0.0, 0.0, 2.1478121198015288e-05, 0.0, 0.0, 4.806405176733715e-28, 0.0, 0.0, 0.0, 0.0, 0.0, 0.0, 0.0, 0.0, 0.0, 0.0, 0.0, 0.0, 0.0, 0.0, 0.0, 0.0, 0.0, 8.180918960894298e-16, 2.0011782453366322e-06], [1.8612712570877836e-15, 9.801253284322372e-16, 7.714872645348154e-15, 0.0, 3.151771205134324e-11, 0.0, 7.862533357944155e-15, 2.2887740795229494e-15, 3.682647646882754e-24, 5.451564523186273e-21, 1.3647373183746933e-35, 1.3983883647541733e-17, 5.1914966767776135e-19, 0.0, 0.0, 0.0, 0.0, 0.0, 0.0, 0.0, 0.0, 0.0, 8.601196352359991e-26, 0.0, 0.0, 5.795156889087938e-12, 0.0, 0.0, 1.9953911589709605e-07, 0.0, 3.8836435816191294e-18, 7.212080744358099e-19, 0.0006714683840982616, 2.9952112527098507e-05, 0.9986295700073242, 1.1225064433517673e-08, 3.3180472241701965e-16, 4.735428195778773e-35, 3.210495124638141e-31, 1.0505710641088552e-22, 6.358446895815626e-20, 8.0035773564191e-09, 0.0, 1.6806735582235166e-13, 0.0, 0.0, 7.838410454041878e-08, 0.0, 0.0, 6.927149570401525e-06, 1.342932819170528e-06, 0.0, 0.00010669620678527281, 1.4655407198915782e-07, 5.103603087017183e-13, 3.955677675548941e-05, 0.0004462671058718115, 2.57170562623088e-10, 9.355331712868065e-06, 4.709837230620906e-05, 3.896718503426655e-10, 3.2155350027096574e-07, 2.98262595177512e-11, 1.837896324117117e-15, 2.584165104124736e-10, 2.3569913309984258e-07, 4.993105538406151e-13, 1.4129386408708727e-13, 6.212076751437035e-13, 4.705289313733374e-07, 6.442973699449794e-06, 6.839352550969124e-08, 1.4563554229512624e-29, 9.568985749874423e-31, 1.9293451412870918e-19, 2.9505577083516515e-24, 1.562569199326199e-18, 3.714178319569328e-06, 1.057460134140004e-19, 3.069206888639542e-09], [1.525795345646598e-14, 1.0710185993287324e-12, 0.0, 0.0, 1.0458004228079282e-29, 9.109666764756997e-16, 6.679662360019003e-24, 1.6013710357754007e-09, 3.420618099880812e-08, 1.0217087806046998e-18, 1.7366811277952365e-07, 1.945980559277036e-21, 2.36378888684996e-10, 2.487387466137969e-12, 1.706887771044368e-14, 1.0664006483418476e-10, 2.4840435155874807e-13, 7.589873452222996e-15, 0.0, 2.4176768704627403e-21, 0.0, 0.0, 0.0, 0.0, 0.0, 0.0, 0.0, 0.0, 0.0, 0.0, 0.0, 0.0, 5.043623797617338e-27, 5.361594116530475e-23, 0.0, 0.9950089454650879, 1.5347757355917938e-30, 1.3994076167049612e-16, 0.0, 0.0, 0.0, 3.556864958836622e-24, 0.0, 0.0, 0.0, 1.6537875654557786e-23, 8.181821353813691e-30, 2.432682798025593e-28, 0.0, 0.0, 4.098192584933713e-05, 3.149567419313826e-05, 0.0, 0.0, 0.0, 0.0, 0.0, 0.0, 0.0, 0.0, 0.0, 2.9753515623509585e-11, 0.0, 3.7037611633005915e-18, 5.540546044358052e-05, 0.0015664879465475678, 2.5035295391116613e-18, 4.446812917890952e-10, 1.2735478227554609e-09, 3.509463931550272e-05, 1.4684774240353377e-21, 7.007332539742117e-13, 2.4631553969811648e-05, 1.4211540246833465e-06, 0.0032353077549487352, 0.0, 6.8649555376735634e-18, 3.560946244744835e-27, 2.868491468660528e-12, 0.0], [2.2420277711199949e-13, 1.9346048200918897e-12, 1.0382287477656016e-12, 1.025408531414411e-13, 1.3151433739390378e-19, 0.0, 1.261914714077581e-16, 0.0, 1.1228551495551771e-29, 0.0, 6.014799452030778e-37, 2.584571283121423e-14, 0.0, 2.6218827170527977e-23, 0.0, 8.239905813197109e-37, 0.0, 0.0, 4.4457970291289506e-12, 7.794138598415934e-12, 1.1604065798531682e-11, 2.515550467062253e-38, 0.0, 2.568097897892585e-06, 4.016467605554019e-15, 2.597079723585388e-13, 4.590639868240487e-09, 4.5327284148299896e-09, 7.877039820414211e-08, 9.086512022804527e-07, 9.118474864067139e-09, 3.864433086553462e-34, 0.0013576444471254945, 0.0, 9.359846473360883e-25, 0.0, 0.0, 2.0814084678022482e-07, 0.0003718005900736898, 0.991486668586731, 4.4637598506369613e-08, 0.0014362158253788948, 0.005150249227881432, 8.844590047374368e-05, 6.021210197104665e-07, 4.195386281935498e-06, 7.486406161660852e-08, 0.0, 3.954886418355841e-10, 3.566885808936604e-08, 0.0, 0.0, 4.783001719013408e-26, 3.3081557830882957e-06, 1.9479868385019472e-08, 