{
  "currentPredictionRaw": [],
  "currentPrediction": [
    {
      "name": "LaplaceMonteCarlo Model",
      "predictions": [
        [
          3,
          5,
          11,
          14,
          17,
          19,
          23,
          26,
          31,
          33,
          38,
          41,
          44,
          47,
          51,
          54,
          57,
          60,
          64,
          67
        ],
        [
          5,
          17,
          26,
          31,
          51
        ],
        [
          5,
          11,
          14,
          19,
          26,
          33,
          41,
          44,
          47,
          60
        ]
      ]
    }
  ],
  "realResult": [
    6,
    7,
    8,
    9,
    12,
    18,
    24,
    26,
    28,
    30,
    33,
    34,
    39,
    45,
    46,
    50,
    60,
    66,
    67,
    69
  ],
  "newPrediction": [
    {
      "name": "LaplaceMonteCarlo Model",
      "predictions": [
        [
          3,
          7,
          10,
          12,
          15,
          21,
          22,
          26,
          31,
          34,
          38,
          39,
          43,
          48,
          52,
          54,
          57,
          61,
          65,
          67
        ],
        [
          7,
          10,
          21,
          43,
          48
        ],
        [
          7,
          12,
          15,
          22,
          31,
          34,
          38,
          39,
          61,
          65
        ]
      ]
    }
  ],
  "newPredictionRaw": [],
  "matchingNumbers": {
    "model": "LaplaceMonteCarlo Model",
    "prediction": [
      3,
      5,
      11,
      14,
      17,
      19,
      23,
      26,
      31,
      33,
      38,
      41,
      44,
      47,
      51,
      54,
      57,
      60,
      64,
      67
    ],
    "matching_numbers": [
      33,
      26,
      67,
      60
    ],
    "match_count": 4
  },
  "labels": [],
  "numberFrequency": {
    "3": 0.02857142857142857,
    "7": 0.08571428571428572,
    "10": 0.05714285714285714,
    "12": 0.05714285714285714,
    "15": 0.05714285714285714,
    "21": 0.05714285714285714,
    "22": 0.05714285714285714,
    "26": 0.02857142857142857,
    "31": 0.05714285714285714,
    "34": 0.05714285714285714,
    "38": 0.05714285714285714,
    "39": 0.05714285714285714,
    "43": 0.05714285714285714,
    "48": 0.05714285714285714,
    "52": 0.02857142857142857,
    "54": 0.02857142857142857,
    "57": 0.02857142857142857,
    "61": 0.05714285714285714,
    "65": 0.05714285714285714,
    "67": 0.02857142857142857
  }
}