{
  "currentPredictionRaw": [],
  "currentPrediction": [
    {
      "name": "PoissonMarkov Model",
      "predictions": [
        [
          25,
          64,
          70,
          58,
          51,
          27,
          9,
          42,
          39,
          69,
          45,
          36,
          47,
          40,
          59,
          34,
          56,
          57,
          2,
          55
        ],
        [
          34,
          39,
          40,
          47,
          51
        ],
        [
          2,
          27,
          36,
          45,
          47,
          57,
          58
        ]
      ]
    }
  ],
  "realResult": [
    2,
    7,
    13,
    15,
    17,
    18,
    22,
    23,
    24,
    27,
    30,
    33,
    34,
    42,
    43,
    47,
    50,
    52,
    66,
    68
  ],
  "newPrediction": [
    {
      "name": "LaplaceMonteCarlo Model",
      "predictions": [
        [
          1,
          5,
          10,
          12,
          17,
          20,
          22,
          26,
          29,
          34,
          38,
          41,
          45,
          48,
          51,
          54,
          57,
          61,
          64,
          66
        ],
        [
          5,
          29,
          41,
          48,
          54
        ],
        [
          1,
          5,
          10,
          17,
          20,
          34,
          54,
          64
        ]
      ]
    }
  ],
  "newPredictionRaw": [],
  "matchingNumbers": {
    "model": "PoissonMarkov Model",
    "prediction": [
      25,
      64,
      70,
      58,
      51,
      27,
      9,
      42,
      39,
      69,
      45,
      36,
      47,
      40,
      59,
      34,
      56,
      57,
      2,
      55
    ],
    "matching_numbers": [
      2,
      34,
      42,
      47,
      27
    ],
    "match_count": 5
  },
  "labels": [],
  "numberFrequency": {
    "1": 0.06060606060606061,
    "5": 0.09090909090909091,
    "10": 0.06060606060606061,
    "12": 0.030303030303030304,
    "17": 0.06060606060606061,
    "20": 0.06060606060606061,
    "22": 0.030303030303030304,
    "26": 0.030303030303030304,
    "29": 0.06060606060606061,
    "34": 0.06060606060606061,
    "38": 0.030303030303030304,
    "41": 0.06060606060606061,
    "45": 0.030303030303030304,
    "48": 0.06060606060606061,
    "51": 0.030303030303030304,
    "54": 0.09090909090909091,
    "57": 0.030303030303030304,
    "61": 0.030303030303030304,
    "64": 0.06060606060606061,
    "66": 0.030303030303030304
  }
}