{
  "currentPredictionRaw": [],
  "currentPrediction": [
    {
      "name": "LaplaceMonteCarlo Model",
      "predictions": [
        [
          1,
          6,
          10,
          13,
          17,
          18,
          22,
          25,
          30,
          33,
          36,
          40,
          44,
          48,
          50,
          55,
          58,
          60,
          65,
          67
        ],
        [
          1,
          6,
          17,
          18,
          25
        ],
        [
          6,
          10,
          13,
          17,
          18,
          22,
          30,
          33,
          36,
          65
        ]
      ]
    }
  ],
  "realResult": [
    1,
    2,
    3,
    7,
    17,
    22,
    23,
    24,
    25,
    26,
    35,
    37,
    40,
    43,
    44,
    46,
    47,
    49,
    53,
    70
  ],
  "newPrediction": [
    {
      "name": "LaplaceMonteCarlo Model",
      "predictions": [
        [
          3,
          7,
          9,
          14,
          15,
          20,
          24,
          27,
          30,
          34,
          38,
          41,
          44,
          48,
          51,
          53,
          58,
          62,
          64,
          66
        ],
        [
          3,
          15,
          20,
          44,
          48
        ],
        [
          3,
          9,
          14,
          20,
          24,
          27,
          34,
          38,
          44,
          66
        ]
      ]
    }
  ],
  "newPredictionRaw": [],
  "matchingNumbers": {
    "model": "LaplaceMonteCarlo Model",
    "prediction": [
      1,
      6,
      10,
      13,
      17,
      18,
      22,
      25,
      30,
      33,
      36,
      40,
      44,
      48,
      50,
      55,
      58,
      60,
      65,
      67
    ],
    "matching_numbers": [
      1,
      40,
      44,
      17,
      22,
      25
    ],
    "match_count": 6
  },
  "labels": [],
  "numberFrequency": {
    "3": 0.08571428571428572,
    "7": 0.02857142857142857,
    "9": 0.05714285714285714,
    "14": 0.05714285714285714,
    "15": 0.05714285714285714,
    "20": 0.08571428571428572,
    "24": 0.05714285714285714,
    "27": 0.05714285714285714,
    "30": 0.02857142857142857,
    "34": 0.05714285714285714,
    "38": 0.05714285714285714,
    "41": 0.02857142857142857,
    "44": 0.08571428571428572,
    "48": 0.05714285714285714,
    "51": 0.02857142857142857,
    "53": 0.02857142857142857,
    "58": 0.02857142857142857,
    "62": 0.02857142857142857,
    "64": 0.02857142857142857,
    "66": 0.05714285714285714
  }
}