{"currentPredictionRaw": [], "currentPrediction": [{"name": "PoissonMarkov Model", "predictions": [[45, 70, 39, 49, 67, 54, 30, 34, 27, 56, 5, 18, 21, 57, 17, 63, 1, 42, 13, 9], [1, 17, 21, 30, 39, 56, 67]]}, {"name": "xgboost", "predictions": [[4, 6, 9, 10, 29, 33, 18, 29, 34, 30, 36, 37, 37, 46, 55, 57, 57, 59, 61, 67], [4, 6, 29, 57, 61, 59, 37]]}], "realResult": [2, 7, 11, 13, 18, 27, 29, 31, 38, 39, 43, 45, 52, 54, 56, 58, 59, 62, 65, 69], "newPrediction": [{"name": "PoissonMarkov Model", "predictions": [[32, 26, 52, 60, 62, 70, 42, 47, 25, 1, 13, 18, 10, 4, 19, 45, 40, 29, 68, 55], [4, 25, 29, 32, 47, 62, 68]]}, {"name": "xgboost", "predictions": [[1, 4, 8, 14, 14, 19, 26, 30, 39, 39, 32, 37, 38, 50, 55, 59, 56, 59, 52, 70], [1, 4, 8, 14, 19, 30, 32]]}], "newPredictionRaw": [], "matchingNumbers": {"model": "PoissonMarkov Model", "prediction": [45, 70, 39, 49, 67, 54, 30, 34, 27, 56, 5, 18, 21, 57, 17, 63, 1, 42, 13, 9], "matching_numbers": [39, 45, 13, 18, 54, 56, 27], "match_count": 7}, "labels": [], "numberFrequency": {"1": 0.014407951598962835, "5": 0.014382022471910113, "6": 0.014580812445980985, "8": 0.014044943820224719, "11": 0.01435609334485739, "16": 0.01439066551426102, "17": 0.014027657735522904, "26": 0.014822817631806396, "27": 0.013828867761452032, "32": 0.01473638720829732, "35": 0.014027657735522904, "37": 0.014347450302506483, "43": 0.014131374243733794, "44": 0.014200518582541054, "49": 0.014278305963699223, "52": 0.014165946413137424, "56": 0.014001728608470182, "57": 0.014209161624891962, "59": 0.01439066551426102, "66": 0.014364736387208298, "7": 0.014373379429559205, "9": 0.014243733794295593, "10": 0.014572169403630078, "15": 0.014572169403630078, "20": 0.014157303370786517, "24": 0.014295592048401038, "30": 0.014295592048401038, "31": 0.01439066551426102, "34": 0.014537597234226448, "50": 0.013872082973206568, "54": 0.014407951598962835, "58": 0.01428694900605013, "67": 0.014477095937770095, "69": 0.01487467588591184, "70": 0.013932584269662922, "2": 0.014157303370786517, "3": 0.014554883318928263, "25": 0.014131374243733794, "38": 0.013733794295592048, "39": 0.014200518582541054, "40": 0.013751080380293863, "42": 0.014745030250648229, "55": 0.014468452895419188, "62": 0.014399308556611928, "4": 0.014019014693171997, "28": 0.014520311149524633, "36": 0.013984442523768367, "41": 0.014131374243733794, "51": 0.014183232497839239, "60": 0.014762316335350044, "64": 0.014235090751944684, "12": 0.014036300777873812, "13": 0.014373379429559205, "23": 0.01449438202247191, "47": 0.014407951598962835, "48": 0.014062229904926534, "61": 0.014347450302506483, "14": 0.013880726015557477, "29": 0.014105445116681072, "53": 0.013751080380293863, "19": 0.014295592048401038, "65": 0.014520311149524633, "22": 0.014114088159031979, "33": 0.014261019878997408, "68": 0.014606741573033709, "18": 0.014537597234226448, "46": 0.014304235090751944, "63": 0.014140017286084702, "21": 0.013733794295592048, "45": 0.013768366464995678, "74": 8.643042350907519e-05, "76": 0.00015557476231633534, "80": 0.00012100259291270527, "71": 0.00012100259291270527, "77": 0.00014693171996542782, "72": 0.00015557476231633534, "75": 0.00015557476231633534, "78": 0.00013828867761452032, "79": 0.00010371650821089024, "73": 0.00011235955056179776}}