{
  "currentPredictionRaw": [],
  "currentPrediction": [
    {
      "name": "LaplaceMonteCarlo Model",
      "predictions": [
        [
          2,
          5,
          10,
          12,
          16,
          19,
          24,
          26,
          31,
          32,
          37,
          39,
          43,
          47,
          49,
          53,
          56,
          60,
          63,
          67
        ],
        [
          16,
          26,
          53,
          56,
          67
        ],
        [
          5,
          10,
          12,
          32,
          37,
          39,
          43,
          47,
          49,
          67
        ]
      ]
    }
  ],
  "realResult": [
    3,
    4,
    5,
    10,
    12,
    15,
    24,
    27,
    34,
    35,
    40,
    47,
    50,
    51,
    52,
    55,
    60,
    64,
    67,
    69
  ],
  "newPrediction": [
    {
      "name": "LaplaceMonteCarlo Model",
      "predictions": [
        [
          2,
          5,
          10,
          14,
          18,
          20,
          24,
          26,
          28,
          33,
          38,
          40,
          43,
          46,
          51,
          54,
          57,
          61,
          65,
          67
        ],
        [
          14,
          18,
          20,
          46,
          67
        ],
        [
          2,
          20,
          24,
          28,
          38,
          40,
          57,
          61,
          65,
          67
        ]
      ]
    }
  ],
  "newPredictionRaw": [],
  "matchingNumbers": {
    "model": "LaplaceMonteCarlo Model",
    "prediction": [
      2,
      5,
      10,
      12,
      16,
      19,
      24,
      26,
      31,
      32,
      37,
      39,
      43,
      47,
      49,
      53,
      56,
      60,
      63,
      67
    ],
    "matching_numbers": [
      67,
      5,
      10,
      12,
      47,
      24,
      60
    ],
    "match_count": 7
  },
  "labels": [],
  "numberFrequency": {
    "2": 0.05714285714285714,
    "5": 0.02857142857142857,
    "10": 0.02857142857142857,
    "14": 0.05714285714285714,
    "18": 0.05714285714285714,
    "20": 0.08571428571428572,
    "24": 0.05714285714285714,
    "26": 0.02857142857142857,
    "28": 0.05714285714285714,
    "33": 0.02857142857142857,
    "38": 0.05714285714285714,
    "40": 0.05714285714285714,
    "43": 0.02857142857142857,
    "46": 0.05714285714285714,
    "51": 0.02857142857142857,
    "54": 0.02857142857142857,
    "57": 0.05714285714285714,
    "61": 0.05714285714285714,
    "65": 0.05714285714285714,
    "67": 0.08571428571428572
  }
}