{
  "currentPredictionRaw": [],
  "currentPrediction": [
    {
      "name": "LaplaceMonteCarlo Model",
      "predictions": [
        [
          2,
          6,
          10,
          13,
          16,
          19,
          24,
          27,
          29,
          33,
          36,
          39,
          45,
          48,
          50,
          54,
          56,
          62,
          65,
          66
        ],
        [
          2,
          10,
          33,
          45,
          50
        ],
        [
          2,
          6,
          27,
          29,
          36,
          39,
          50,
          62,
          65,
          66
        ]
      ]
    }
  ],
  "realResult": [
    1,
    3,
    6,
    12,
    15,
    25,
    26,
    29,
    32,
    40,
    45,
    46,
    52,
    53,
    54,
    56,
    57,
    58,
    62,
    63
  ],
  "newPrediction": [
    {
      "name": "LaplaceMonteCarlo Model",
      "predictions": [
        [
          1,
          7,
          8,
          13,
          15,
          19,
          22,
          26,
          31,
          32,
          36,
          39,
          42,
          47,
          50,
          55,
          58,
          60,
          63,
          66
        ],
        [
          13,
          32,
          36,
          42,
          50
        ],
        [
          1,
          19,
          22,
          26,
          31,
          36,
          47,
          55,
          58,
          63
        ]
      ]
    }
  ],
  "newPredictionRaw": [],
  "matchingNumbers": {
    "model": "LaplaceMonteCarlo Model",
    "prediction": [
      2,
      6,
      10,
      13,
      16,
      19,
      24,
      27,
      29,
      33,
      36,
      39,
      45,
      48,
      50,
      54,
      56,
      62,
      65,
      66
    ],
    "matching_numbers": [
      6,
      45,
      54,
      56,
      29,
      62
    ],
    "match_count": 6
  },
  "labels": [],
  "numberFrequency": {
    "1": 0.05714285714285714,
    "7": 0.02857142857142857,
    "8": 0.02857142857142857,
    "13": 0.05714285714285714,
    "15": 0.02857142857142857,
    "19": 0.05714285714285714,
    "22": 0.05714285714285714,
    "26": 0.05714285714285714,
    "31": 0.05714285714285714,
    "32": 0.05714285714285714,
    "36": 0.08571428571428572,
    "39": 0.02857142857142857,
    "42": 0.05714285714285714,
    "47": 0.05714285714285714,
    "50": 0.05714285714285714,
    "55": 0.05714285714285714,
    "58": 0.05714285714285714,
    "60": 0.02857142857142857,
    "63": 0.05714285714285714,
    "66": 0.02857142857142857
  }
}