{
  "currentPredictionRaw": [],
  "currentPrediction": [
    {
      "name": "LaplaceMonteCarlo Model",
      "predictions": [
        [
          2,
          6,
          10,
          14,
          15,
          21,
          24,
          27,
          30,
          33,
          37,
          41,
          45,
          48,
          49,
          54,
          57,
          60,
          64,
          67
        ],
        [
          2,
          14,
          21,
          24,
          41
        ],
        [
          6,
          10,
          14,
          21,
          24,
          27,
          33,
          37,
          45,
          48
        ]
      ]
    }
  ],
  "realResult": [
    1,
    4,
    11,
    12,
    14,
    15,
    16,
    18,
    22,
    24,
    30,
    35,
    37,
    41,
    45,
    47,
    49,
    51,
    54,
    68
  ],
  "newPrediction": [
    {
      "name": "LaplaceMonteCarlo Model",
      "predictions": [
        [
          3,
          5,
          11,
          12,
          18,
          20,
          22,
          28,
          30,
          32,
          36,
          39,
          43,
          47,
          51,
          55,
          56,
          61,
          64,
          67
        ],
        [
          22,
          28,
          56,
          61,
          64
        ],
        [
          12,
          18,
          22,
          32,
          36,
          43,
          51,
          55,
          61,
          64
        ]
      ]
    }
  ],
  "newPredictionRaw": [],
  "matchingNumbers": {
    "model": "LaplaceMonteCarlo Model",
    "prediction": [
      2,
      6,
      10,
      14,
      15,
      21,
      24,
      27,
      30,
      33,
      37,
      41,
      45,
      48,
      49,
      54,
      57,
      60,
      64,
      67
    ],
    "matching_numbers": [
      37,
      41,
      45,
      14,
      15,
      49,
      54,
      24,
      30
    ],
    "match_count": 9
  },
  "labels": [],
  "numberFrequency": {
    "3": 0.02857142857142857,
    "5": 0.02857142857142857,
    "11": 0.02857142857142857,
    "12": 0.05714285714285714,
    "18": 0.05714285714285714,
    "20": 0.02857142857142857,
    "22": 0.08571428571428572,
    "28": 0.05714285714285714,
    "30": 0.02857142857142857,
    "32": 0.05714285714285714,
    "36": 0.05714285714285714,
    "39": 0.02857142857142857,
    "43": 0.05714285714285714,
    "47": 0.02857142857142857,
    "51": 0.05714285714285714,
    "55": 0.05714285714285714,
    "56": 0.05714285714285714,
    "61": 0.08571428571428572,
    "64": 0.08571428571428572,
    "67": 0.02857142857142857
  }
}