{
  "currentPredictionRaw": [],
  "currentPrediction": [
    {
      "name": "LaplaceMonteCarlo Model",
      "predictions": [
        [
          4,
          7,
          10,
          12,
          15,
          19,
          23,
          25,
          30,
          34,
          37,
          40,
          45,
          47,
          49,
          53,
          58,
          62,
          65,
          67
        ],
        [
          4,
          15,
          19,
          37,
          58
        ],
        [
          4,
          7,
          15,
          19,
          30,
          37,
          45,
          49,
          62,
          65
        ]
      ]
    }
  ],
  "realResult": [
    6,
    9,
    12,
    15,
    16,
    24,
    27,
    32,
    40,
    42,
    47,
    52,
    53,
    56,
    60,
    61,
    62,
    63,
    64,
    68
  ],
  "newPrediction": [
    {
      "name": "LaplaceMonteCarlo Model",
      "predictions": [
        [
          3,
          5,
          9,
          14,
          15,
          19,
          22,
          25,
          30,
          33,
          36,
          39,
          44,
          47,
          51,
          54,
          57,
          60,
          63,
          67
        ],
        [
          5,
          9,
          39,
          44,
          47
        ],
        [
          3,
          9,
          15,
          19,
          33,
          39,
          47,
          54,
          57,
          67
        ]
      ]
    }
  ],
  "newPredictionRaw": [],
  "matchingNumbers": {
    "model": "LaplaceMonteCarlo Model",
    "prediction": [
      4,
      7,
      10,
      12,
      15,
      19,
      23,
      25,
      30,
      34,
      37,
      40,
      45,
      47,
      49,
      53,
      58,
      62,
      65,
      67
    ],
    "matching_numbers": [
      40,
      12,
      47,
      15,
      53,
      62
    ],
    "match_count": 6
  },
  "labels": [],
  "numberFrequency": {
    "3": 0.05714285714285714,
    "5": 0.05714285714285714,
    "9": 0.08571428571428572,
    "14": 0.02857142857142857,
    "15": 0.05714285714285714,
    "19": 0.05714285714285714,
    "22": 0.02857142857142857,
    "25": 0.02857142857142857,
    "30": 0.02857142857142857,
    "33": 0.05714285714285714,
    "36": 0.02857142857142857,
    "39": 0.08571428571428572,
    "44": 0.05714285714285714,
    "47": 0.08571428571428572,
    "51": 0.02857142857142857,
    "54": 0.05714285714285714,
    "57": 0.05714285714285714,
    "60": 0.02857142857142857,
    "63": 0.02857142857142857,
    "67": 0.05714285714285714
  }
}