{
  "currentPredictionRaw": [],
  "currentPrediction": [
    {
      "name": "LaplaceMonteCarlo Model",
      "predictions": [
        [
          2,
          5,
          11,
          12,
          18,
          19,
          23,
          27,
          31,
          32,
          36,
          39,
          44,
          47,
          50,
          54,
          57,
          60,
          65,
          68
        ],
        [
          5,
          19,
          23,
          54,
          68
        ],
        [
          5,
          18,
          23,
          27,
          32,
          39,
          44,
          50,
          54,
          68
        ]
      ]
    }
  ],
  "realResult": [
    6,
    9,
    13,
    22,
    23,
    26,
    28,
    31,
    32,
    34,
    45,
    50,
    54,
    56,
    57,
    63,
    66,
    67,
    69,
    70
  ],
  "newPrediction": [
    {
      "name": "LaplaceMonteCarlo Model",
      "predictions": [
        [
          2,
          7,
          9,
          13,
          17,
          20,
          24,
          27,
          29,
          34,
          38,
          40,
          43,
          46,
          51,
          54,
          57,
          62,
          63,
          67
        ],
        [
          17,
          24,
          29,
          46,
          51
        ],
        [
          7,
          13,
          17,
          20,
          34,
          43,
          46,
          62,
          63,
          67
        ]
      ]
    }
  ],
  "newPredictionRaw": [],
  "matchingNumbers": {
    "model": "LaplaceMonteCarlo Model",
    "prediction": [
      2,
      5,
      11,
      12,
      18,
      19,
      23,
      27,
      31,
      32,
      36,
      39,
      44,
      47,
      50,
      54,
      57,
      60,
      65,
      68
    ],
    "matching_numbers": [
      32,
      50,
      54,
      23,
      57,
      31
    ],
    "match_count": 6
  },
  "labels": [],
  "numberFrequency": {
    "2": 0.02857142857142857,
    "7": 0.05714285714285714,
    "9": 0.02857142857142857,
    "13": 0.05714285714285714,
    "17": 0.08571428571428572,
    "20": 0.05714285714285714,
    "24": 0.05714285714285714,
    "27": 0.02857142857142857,
    "29": 0.05714285714285714,
    "34": 0.05714285714285714,
    "38": 0.02857142857142857,
    "40": 0.02857142857142857,
    "43": 0.05714285714285714,
    "46": 0.08571428571428572,
    "51": 0.05714285714285714,
    "54": 0.02857142857142857,
    "57": 0.02857142857142857,
    "62": 0.05714285714285714,
    "63": 0.05714285714285714,
    "67": 0.05714285714285714
  }
}