{"currentPredictionRaw": [], "currentPrediction": [{"name": "MarkovBayesian Model", "predictions": [[3, 4, 6, 7, 14, 17, 18, 24, 25, 26, 28, 30, 31, 33, 35, 37, 38, 39, 40, 41], [14, 38, 40, 50, 53], [14, 38, 40, 50, 53, 70], [14, 38, 40, 50, 53, 56, 70], [4, 14, 38, 40, 50, 53, 56, 70], [4, 14, 35, 38, 40, 50, 53, 56, 70], [4, 14, 17, 35, 38, 40, 50, 53, 56, 70]]}, {"name": "PoissonMonteCarlo Model", "predictions": [[1, 3, 8, 11, 16, 17, 21, 24, 32, 33, 37, 41, 44, 48, 52, 55, 60, 61, 66, 70], [1, 3, 11, 17, 52], [3, 8, 11, 16, 21, 33], [1, 8, 17, 52, 55, 60, 66], [3, 8, 17, 21, 37, 48, 60, 66], [1, 3, 8, 24, 32, 33, 41, 52, 66], [1, 3, 11, 17, 21, 24, 33, 48, 60, 66]]}], "realResult": [1, 3, 7, 8, 10, 15, 19, 22, 26, 33, 34, 37, 39, 44, 47, 55, 56, 64, 66, 69], "newPrediction": [{"name": "MarkovBayesian Model", "predictions": [[4, 6, 8, 9, 10, 11, 13, 14, 16, 17, 18, 19, 20, 21, 22, 23, 26, 30, 31, 33], [8, 14, 21, 40, 45], [8, 14, 17, 21, 40, 45], [4, 8, 14, 17, 21, 40, 45], [4, 8, 14, 17, 21, 22, 40, 45], [4, 8, 14, 17, 20, 21, 22, 40, 45], [4, 8, 14, 17, 20, 21, 22, 40, 45, 51]]}, {"name": "PoissonMonteCarlo Model", "predictions": [[1, 5, 9, 13, 14, 17, 24, 26, 30, 32, 39, 42, 44, 48, 51, 56, 59, 65, 67, 70], [1, 9, 39, 56, 65], [1, 14, 17, 24, 26, 32], [5, 14, 17, 24, 30, 32, 51], [1, 13, 26, 30, 32, 39, 51, 67], [1, 5, 13, 14, 24, 32, 42, 51, 67], [5, 9, 13, 26, 30, 32, 39, 44, 48, 65]]}], "newPredictionRaw": [], "matchingNumbers": {"model": "PoissonMonteCarlo Model", "prediction": [1, 3, 8, 11, 16, 17, 21, 24, 32, 33, 37, 41, 44, 48, 52, 55, 60, 61, 66, 70], "matching_numbers": [1, 33, 3, 66, 37, 8, 44, 55], "match_count": 8}, "labels": [], "numberFrequency": {"1": 0.014397496087636933, "5": 0.014380107807337854, "6": 0.014588767170926796, "8": 0.014023648061206746, "11": 0.014388801947487394, "16": 0.014388801947487394, "17": 0.014023648061206746, "26": 0.014823508954964353, "27": 0.013832376977916883, "32": 0.014719179273169883, "35": 0.014041036341505825, "37": 0.014380107807337854, "43": 0.014119283602851678, "44": 0.014232307424795688, "49": 0.01431055468614154, "52": 0.014154060163449835, "56": 0.014006259780907668, "57": 0.014162754303599374, "59": 0.014380107807337854, "66": 0.014362719527038777, "7": 0.014345331246739697, "9": 0.014249695705094765, "10": 0.014562684750478177, "15": 0.014571378890627717, "20": 0.014136671883150756, "24": 0.014336637106590158, "30": 0.01431924882629108, "31": 0.014362719527038777, "34": 0.014571378890627717, "50": 0.013928012519561815, "54": 0.014397496087636933, "58": 0.014214919144496609, "67": 0.014493131629281864, "69": 0.014858285515562512, "70": 0.013954094940010433, "2": 0.014154060163449835, "3": 0.014571378890627717, "25": 0.014145366023300295, "38": 0.013719353155972874, "39": 0.01420622500434707, "40": 0.013745435576421492, "42": 0.014719179273169883, "55": 0.014467049208833247, "62": 0.014397496087636933, "4": 0.014049730481655365, "28": 0.014510519909580943, "36": 0.014014953921057208, "41": 0.014119283602851678, "51": 0.014162754303599374, "60": 0.014771344114067119, "64": 0.014197530864197531, "12": 0.014084507042253521, "13": 0.014388801947487394, "23": 0.014449660928534168, "47": 0.014380107807337854, "48": 0.014067118761954442, "61": 0.014345331246739697, "14": 0.01388454181881412, "29": 0.014127977743001218, "53": 0.013780212137019649, "19": 0.01431924882629108, "65": 0.014519214049730481, "22": 0.014075812902103982, "33": 0.014223613284646148, "68": 0.01463223787167449, "18": 0.014519214049730481, "46": 0.014293166405842462, "63": 0.014136671883150756, "21": 0.013728047296122413, "45": 0.01377151799687011, "74": 8.69414014953921e-05, "76": 0.00015649452269170578, "80": 0.00012171796209354895, "71": 0.00012171796209354895, "77": 0.00014780038254216658, "72": 0.00015649452269170578, "75": 0.00015649452269170578, "78": 0.00013910624239262738, "79": 0.00010432968179447053, "73": 0.00011302382194400974}}