{"currentPredictionRaw": [], "currentPrediction": [{"name": "LaplaceMonteCarlo Model", "predictions": [[1, 5, 11, 13, 17, 20, 23, 26, 30, 34, 38, 39, 45, 48, 51, 55, 57, 61, 64, 66], [20, 26, 30, 38, 48], [5, 11, 17, 20, 34, 39, 45, 48, 61, 66]]}], "realResult": [1, 2, 4, 6, 10, 12, 17, 19, 20, 22, 31, 37, 39, 42, 46, 50, 54, 63, 69, 70], "newPrediction": [{"name": "LaplaceMonteCarlo Model", "predictions": [[2, 7, 9, 14, 16, 20, 22, 26, 31, 34, 38, 40, 42, 47, 50, 54, 56, 60, 65, 66], [7, 9, 16, 34, 47], [2, 7, 16, 20, 22, 26, 31, 50, 54, 60]]}], "newPredictionRaw": [], "matchingNumbers": {"model": "LaplaceMonteCarlo Model", "prediction": [1, 5, 11, 13, 17, 20, 23, 26, 30, 34, 38, 39, 45, 48, 51, 55, 57, 61, 64, 66], "matching_numbers": [1, 20, 17, 39], "match_count": 4}, "labels": [], "numberFrequency": {"2": 0.05714285714285714, "7": 0.08571428571428572, "9": 0.05714285714285714, "14": 0.02857142857142857, "16": 0.08571428571428572, "20": 0.05714285714285714, "22": 0.05714285714285714, "26": 0.05714285714285714, "31": 0.05714285714285714, "34": 0.05714285714285714, "38": 0.02857142857142857, "40": 0.02857142857142857, "42": 0.02857142857142857, "47": 0.05714285714285714, "50": 0.05714285714285714, "54": 0.05714285714285714, "56": 0.02857142857142857, "60": 0.05714285714285714, "65": 0.02857142857142857, "66": 0.02857142857142857}}