{"currentPredictionRaw": [], "currentPrediction": [{"name": "LaplaceMonteCarlo Model", "predictions": [[2, 5, 11, 13, 16, 19, 24, 27, 30, 34, 36, 40, 43, 48, 51, 54, 57, 60, 65, 66], [19, 24, 43, 54, 57], [2, 11, 13, 34, 36, 43, 48, 57, 60, 66]]}], "realResult": [5, 6, 8, 10, 12, 16, 17, 26, 27, 32, 35, 37, 48, 49, 51, 58, 65, 66, 67, 69], "newPrediction": [{"name": "LaplaceMonteCarlo Model", "predictions": [[3, 6, 10, 12, 15, 21, 24, 28, 31, 34, 36, 41, 45, 47, 49, 53, 57, 61, 63, 67], [10, 28, 31, 53, 61], [3, 31, 36, 41, 45, 47, 53, 61, 63, 67]]}], "newPredictionRaw": [], "matchingNumbers": {"model": "LaplaceMonteCarlo Model", "prediction": [2, 5, 11, 13, 16, 19, 24, 27, 30, 34, 36, 40, 43, 48, 51, 54, 57, 60, 65, 66], "matching_numbers": [65, 66, 5, 16, 48, 51, 27], "match_count": 7}, "labels": [], "numberFrequency": {"3": 0.05714285714285714, "6": 0.02857142857142857, "10": 0.05714285714285714, "12": 0.02857142857142857, "15": 0.02857142857142857, "21": 0.02857142857142857, "24": 0.02857142857142857, "28": 0.05714285714285714, "31": 0.08571428571428572, "34": 0.02857142857142857, "36": 0.05714285714285714, "41": 0.05714285714285714, "45": 0.05714285714285714, "47": 0.05714285714285714, "49": 0.02857142857142857, "53": 0.08571428571428572, "57": 0.02857142857142857, "61": 0.08571428571428572, "63": 0.05714285714285714, "67": 0.05714285714285714}}