{
  "currentPredictionRaw": [],
  "currentPrediction": [
    {
      "name": "Markov Model",
      "predictions": [
        [
          1,
          2,
          3,
          9,
          16,
          24,
          28,
          30,
          33,
          34,
          40,
          41,
          44,
          45,
          60,
          61,
          63,
          67,
          69,
          70
        ],
        [
          3,
          34,
          60,
          67,
          69
        ],
        [
          3,
          28,
          34,
          60,
          67,
          69
        ],
        [
          3,
          16,
          28,
          34,
          60,
          67,
          69
        ]
      ]
    }
  ],
  "realResult": [
    2,
    3,
    6,
    7,
    10,
    11,
    13,
    15,
    18,
    20,
    28,
    31,
    32,
    40,
    47,
    53,
    60,
    61,
    65,
    69
  ],
  "newPrediction": [
    {
      "name": "LaplaceMonteCarlo Model",
      "predictions": [
        [
          3,
          5,
          10,
          13,
          17,
          20,
          22,
          25,
          30,
          35,
          37,
          41,
          43,
          47,
          51,
          53,
          58,
          60,
          63,
          66
        ],
        [
          3,
          5,
          10,
          17,
          20
        ],
        [
          3,
          5,
          10,
          17,
          37,
          47
        ]
      ]
    }
  ],
  "newPredictionRaw": [],
  "matchingNumbers": {
    "model": "Markov Model",
    "prediction": [
      1,
      2,
      3,
      9,
      16,
      24,
      28,
      30,
      33,
      34,
      40,
      41,
      44,
      45,
      60,
      61,
      63,
      67,
      69,
      70
    ],
    "matching_numbers": [
      2,
      3,
      69,
      40,
      60,
      28,
      61
    ],
    "match_count": 7
  },
  "labels": [],
  "numberFrequency": {
    "3": 0.0967741935483871,
    "5": 0.0967741935483871,
    "10": 0.0967741935483871,
    "13": 0.03225806451612903,
    "17": 0.0967741935483871,
    "20": 0.06451612903225806,
    "22": 0.03225806451612903,
    "25": 0.03225806451612903,
    "30": 0.03225806451612903,
    "35": 0.03225806451612903,
    "37": 0.06451612903225806,
    "41": 0.03225806451612903,
    "43": 0.03225806451612903,
    "47": 0.06451612903225806,
    "51": 0.03225806451612903,
    "53": 0.03225806451612903,
    "58": 0.03225806451612903,
    "60": 0.03225806451612903,
    "63": 0.03225806451612903,
    "66": 0.03225806451612903
  }
}