{
  "currentPredictionRaw": [],
  "currentPrediction": [
    {
      "name": "LaplaceMonteCarlo Model",
      "predictions": [
        [
          3,
          5,
          11,
          12,
          18,
          20,
          22,
          28,
          30,
          32,
          36,
          39,
          43,
          47,
          51,
          55,
          56,
          61,
          64,
          67
        ],
        [
          22,
          28,
          56,
          61,
          64
        ],
        [
          12,
          18,
          22,
          32,
          36,
          43,
          51,
          55,
          61,
          64
        ]
      ]
    }
  ],
  "realResult": [
    1,
    2,
    3,
    9,
    16,
    20,
    23,
    25,
    26,
    30,
    36,
    38,
    40,
    43,
    47,
    61,
    63,
    64,
    68,
    70
  ],
  "newPrediction": [
    {
      "name": "LaplaceMonteCarlo Model",
      "predictions": [
        [
          1,
          5,
          11,
          14,
          15,
          19,
          23,
          25,
          30,
          32,
          36,
          41,
          42,
          48,
          49,
          54,
          58,
          60,
          65,
          67
        ],
        [
          1,
          14,
          19,
          30,
          54
        ],
        [
          5,
          11,
          15,
          23,
          32,
          41,
          42,
          48,
          60,
          65
        ]
      ]
    }
  ],
  "newPredictionRaw": [],
  "matchingNumbers": {
    "model": "LaplaceMonteCarlo Model",
    "prediction": [
      3,
      5,
      11,
      12,
      18,
      20,
      22,
      28,
      30,
      32,
      36,
      39,
      43,
      47,
      51,
      55,
      56,
      61,
      64,
      67
    ],
    "matching_numbers": [
      64,
      3,
      36,
      43,
      47,
      20,
      61,
      30
    ],
    "match_count": 8
  },
  "labels": [],
  "numberFrequency": {
    "1": 0.05714285714285714,
    "5": 0.05714285714285714,
    "11": 0.05714285714285714,
    "14": 0.05714285714285714,
    "15": 0.05714285714285714,
    "19": 0.05714285714285714,
    "23": 0.05714285714285714,
    "25": 0.02857142857142857,
    "30": 0.05714285714285714,
    "32": 0.05714285714285714,
    "36": 0.02857142857142857,
    "41": 0.05714285714285714,
    "42": 0.05714285714285714,
    "48": 0.05714285714285714,
    "49": 0.02857142857142857,
    "54": 0.05714285714285714,
    "58": 0.02857142857142857,
    "60": 0.05714285714285714,
    "65": 0.05714285714285714,
    "67": 0.02857142857142857
  }
}