{"currentPredictionRaw": [], "currentPrediction": [{"name": "MarkovBayesian Model", "predictions": [[4, 7, 8, 9, 11, 44, 13]]}, {"name": "PoissonMonteCarlo Model", "predictions": [[2, 4, 15, 26, 35, 39, 48]]}], "realResult": [16, 17, 24, 28, 36, 43, 3], "newPrediction": [{"name": "MarkovBayesian Model", "predictions": [[2, 34, 3, 36, 43, 15, 48]]}, {"name": "PoissonMonteCarlo Model", "predictions": [[2, 4, 15, 24, 35, 41, 47]]}], "newPredictionRaw": [], "matchingNumbers": {"model": null, "prediction": null, "matching_numbers": [], "match_count": 0}, "labels": [], "numberFrequency": {"1": 0.03663003663003663, "15": 0.020757020757020756, "21": 0.018315018315018316, "22": 0.022588522588522588, "29": 0.014041514041514042, "48": 0.017094017094017096, "3": 0.03785103785103785, "6": 0.017094017094017096, "9": 0.021367521367521368, "31": 0.020757020757020756, "35": 0.021367521367521368, "46": 0.013431013431013432, "47": 0.018925518925518924, "7": 0.017704517704517704, "23": 0.018925518925518924, "42": 0.014041514041514042, "44": 0.021367521367521368, "5": 0.03724053724053724, "25": 0.017094017094017096, "30": 0.017094017094017096, "11": 0.018925518925518924, "14": 0.02197802197802198, "39": 0.023809523809523808, "2": 0.05372405372405373, "32": 0.021367521367521368, "36": 0.017094017094017096, "38": 0.014652014652014652, "41": 0.018925518925518924, "17": 0.020146520146520148, "20": 0.019536019536019536, "27": 0.01282051282051282, "28": 0.018925518925518924, "43": 0.022588522588522588, "45": 0.016483516483516484, "24": 0.018925518925518924, "37": 0.018315018315018316, "8": 0.018315018315018316, "18": 0.017704517704517704, "40": 0.018315018315018316, "4": 0.045177045177045176, "16": 0.017094017094017096, "13": 0.019536019536019536, "34": 0.020757020757020756, "26": 0.018925518925518924, "19": 0.015262515262515262, "12": 0.014652014652014652, "10": 0.017704517704517704, "33": 0.014652014652014652}}