{"currentPredictionRaw": [], "currentPrediction": [], "realResult": [17, 21, 22, 35, 41, 48, 1], "newPrediction": [[18, 22, 32, 36, 44, 5, 3], [9, 23, 31, 40, 43, 3, 2], [9, 19, 23, 29, 38, 43, 3], [1, 2, 35, 36, 39, 41, 31], [11, 17, 21, 29, 36, 42, 36]], "newPredictionRaw": [[0.026557432487607002, 0.00314647750928998, 0.0050135510973632336, 0.0014994528610259295, 0.0032866180408746004, 0.021490763872861862, 0.058439649641513824, 0.02959631010890007, 0.11218611896038055, 0.061733223497867584, 0.023289209231734276, 0.02086508646607399, 0.06838073581457138, 0.07582198083400726, 0.03588119521737099, 0.05795138329267502, 0.06281942874193192, 0.11630050092935562, 0.0038660697173327208, 0.04376986622810364, 0.0787898525595665, 0.021074434742331505, 0.008318196050822735, 0.018258612602949142, 0.0053735412657260895, 0.011867552064359188, 0.0007237091194838285, 0.0028766270261257887, 0.01587112806737423, 0.004034052602946758, 0.00022916523448657244, 0.0003795826924033463, 0.00016888417303562164, 1.4714284588990267e-05, 7.74664367781952e-05, 2.370514630456455e-05, 1.6309912780343438e-06, 3.8699783999618376e-07, 1.7345670130453072e-05, 1.9067566654484835e-06, 4.5209301902104926e-07, 1.2609594080004172e-07, 1.2161636959717725e-06, 6.447368150475086e-08, 9.777878062777745e-08, 2.8803878393546256e-08, 1.1503792585187966e-08, 4.5491768219108053e-07], [0.01917661353945732, 0.0019834807608276606, 0.002079413505271077, 0.0011040539247915149, 0.0017878093058243394, 0.0021464177407324314, 0.008053453639149666, 0.0018202293431386352, 0.0447077751159668, 0.010432688519358635, 0.004428076557815075, 0.007822469808161259, 0.05967935174703598, 0.04930148273706436, 0.05317283421754837, 0.02383711189031601, 0.013828756287693977, 0.060729458928108215, 0.01659797504544258, 0.019765770062804222, 0.05462764576077461, 0.12069986760616302, 0.11157926172018051, 0.052945081144571304, 0.030548255890607834, 0.07029758393764496, 0.02411242388188839, 0.007209409959614277, 0.03523659333586693, 0.05025551840662956, 0.006868375465273857, 0.022542111575603485, 0.0054823169484734535, 0.0008939575054682791, 0.0031862249597907066, 0.000765120901633054, 1.8608252503327094e-05, 1.5268749848473817e-05, 0.00018571845430415124, 3.638086491264403e-05, 6.929444680281449e-06, 2.671381253094296e-06, 2.6800964405993e-05, 3.2083221412904095e-07, 4.5795610503773787e-07, 2.1230464142263372e-07, 1.548869619227844e-07, 1.4304096112027764e-06], [0.004510699771344662, 0.0016464394284412265, 0.001648524310439825, 0.0016261176206171513, 0.0014667187351733446, 8.6826148617547e-06, 7.000156620051712e-05, 4.597794486471685e-06, 0.0006350725889205933, 4.639721373678185e-05, 6.943084736121818e-05, 9.47958033066243e-05, 0.0033444412983953953, 0.000827615731395781, 0.006225289776921272, 0.00027116111596114933, 0.00012440439604688436, 0.0015239176573231816, 0.0023948904126882553, 0.000379021221306175, 0.0008139079436659813, 0.018038786947727203, 0.05816280096769333, 0.00884045846760273, 0.07505157589912415, 0.029812835156917572, 0.059361476451158524, 0.005005208775401115, 0.002754759509116411, 0.061004407703876495, 0.12821459770202637, 0.16813063621520996, 0.08198904991149902, 0.0662134513258934, 0.1044306829571724, 0.07556647807359695, 0.002778183901682496, 0.004639924969524145, 0.007328440900892019, 0.007722355425357819, 0.002770107937976718, 0.0012141518527641892, 0.0029955024365335703, 7.218326936708763e-05, 4.789933518623002e-05, 3.7506804801523685e-05, 4.293394522392191e-05, 4.154575435677543e-05], [0.0024369799066334963, 0.0032555428333580494, 0.00413234019652009, 0.0073146638460457325, 0.0034019809681922197, 7.141731117599193e-08, 9.740512041389593e-07, 5.053646034980375e-08, 3.905322955688462e-06, 2.969393904095341e-07, 1.587619863130385e-06, 1.406407136528287e-06, 6.290843884926289e-05, 5.494980541698169e-06, 0.00024436661624349654, 1.170205450762296e-06, 1.3339069937501336e-06, 2.473004315106664e-05, 0.00013068488624412566, 1.2577487723319791e-05, 5.568200776906451e-06, 0.00018926647317130119, 0.0016596743371337652, 0.00035302824107930064, 0.011838696897029877, 0.0011009110603481531, 0.004270526114851236, 0.0012704884866252542, 7.157090294640511e-05, 0.0056593287736177444, 0.032809674739837646, 0.01252823881804943, 0.026658017188310623, 0.04644925892353058, 0.0327165313065052, 0.13921520113945007, 0.10232140868902206, 0.07353400439023972, 0.07724549621343613, 0.12664476037025452, 0.12027966976165771, 0.05484309419989586, 0.05415796861052513, 0.027983473613858223, 0.009611811488866806, 0.0038848132826387882, 0.010968521237373352, 0.0006959183956496418], [0.010152095928788185, 0.020510122179985046, 0.02261020988225937, 0.022123636677861214, 0.02007274143397808, 2.0105039411077996e-08, 4.3643339608934184e-07, 1.5057718627531358e-08, 5.258180522105249e-07, 4.1750286783326374e-08, 3.283438445578213e-07, 1.392163397895274e-07, 3.6470123632170726e-06, 3.879565326769807e-07, 2.6918698495137505e-05, 4.339926817920059e-08, 2.34267687915235e-07, 3.356118440933642e-06, 5.350112132873619e-06, 5.082058578409487e-06, 7.602835125908314e-07, 2.501723656678223e-06, 6.194309389684349e-05, 3.227453998988494e-05, 0.0009221088257618248, 2.062967723759357e-05, 0.00014468362496700138, 0.0008214007830247283, 3.7366264677984873e-06, 0.000716047768946737, 0.0005251888069324195, 0.00036512271617539227, 0.002646838082000613, 0.001286324462853372, 0.0010461010970175266, 0.03047291375696659, 0.04921957105398178, 0.02684880420565605, 0.04336390644311905, 0.1083419919013977, 0.10669124126434326, 0.07563329488039017, 0.11969199031591415, 0.12677086889743805, 0.07585008442401886, 0.03406377136707306, 0.0979200229048729, 0.0010205237194895744], [0.06440122425556183, 0.14972980320453644, 0.15766817331314087, 0.07955129444599152, 0.1674732267856598, 3.1357052510117e-09, 9.162660319361748e-08, 4.551733656654733e-09, 7.946230340394322e-08, 8.77821548783686e-09, 1.4836176731591877e-08, 1.0076989021001737e-08, 3.436644817611523e-07, 2.1518127724107217e-08, 1.5923242244753055e-06, 2.3641346658109796e-09, 2.7397661028771836e-08, 4.2233173758177145e-07, 1.268220870542791e-07, 5.233305273577571e-07, 6.926338613766347e-08, 5.998604279966457e-08, 1.573912527419452e-06, 1.5575087672914378e-06, 4.835901199840009e-05, 2.435059798244765e-07, 2.1829034722031793e-06, 0.00011077366070821881, 8.528459005674449e-08, 5.246613363851793e-05, 4.2854680941672996e-06, 5.151141522219405e-06, 4.843757051276043e-05, 6.7968553594255354e-06, 7.701875802013092e-06, 0.0009065837366506457, 0.0017146564787253737, 0.002112701302394271, 0.004336826968938112, 0.011399821378290653, 0.005097667220979929, 0.010682846419513226, 0.03537401556968689, 0.04322124272584915, 0.09338688105344772, 0.059389352798461914, 0.11256156861782074, 0.0006991169648244977], [0.08805441856384277, 0.22162988781929016, 0.22446873784065247, 0.07293336093425751, 0.28096696734428406, 3.151627570030513e-10, 1.0968086883167416e-08, 8.611755197840409e-10, 7.13360037707389e-09, 1.1585354897647449e-09, 5.417987170019956e-10, 5.751268905562767e-10, 2.625903405828467e-08, 9.691712987702772e-10, 7.241769139909593e-08, 1.1778704400722262e-10, 2.0574493220237855e-09, 3.399750170274274e-08, 3.0012605733986675e-09, 3.717862639973646e-08, 4.0842098592008824e-09, 1.6113935741302043e-09, 3.701525130850314e-08, 6.209029379533604e-08, 1.9419951513555134e-06, 3.3371883034760685e-09, 3.3213307659707425e-08, 8.238880582212005e-06, 1.7475971780811506e-09, 2.663699206095771e-06, 4.3021973539225655e-08, 7.076712194020729e-08, 7.443572940246668e-07, 4.6554195165526835e-08, 6.93904951276636e-08, 1.897208858281374e-05, 3.936908615287393e-05, 0.00010446846863487735, 0.00023404481180477887, 0.0005902533885091543, 0.0001370279205730185, 0.0007422357448376715, 0.004084086045622826, 0.0056469133123755455, 0.03283682465553284, 0.02957448549568653, 0.03771797940135002, 0.00020583414880093187]], "matchingNumbers": [],