{"currentPredictionRaw": [], "currentPrediction": [], "realResult": [], "newPrediction": [[18, 23, 36, 40, 41, 47, 5], [13, 32, 31, 39, 40, 45, 3], [21, 31, 39, 41, 44, 5, 2], [14, 25, 25, 36, 43, 44, 1], [17, 26, 32, 44, 42, 43, 4], [15, 30, 34, 37, 37, 3, 47], [10, 34, 28, 42, 47, 2, 45], [22, 35, 23, 43, 45, 41, 44], [9, 22, 35, 33, 36, 40, 43], [7, 28, 40, 47, 39, 1, 46]], "newPredictionRaw": [[0.014747335575520992, 0.0026203247252851725, 0.006983321160078049, 0.0035862301010638475, 0.006894167512655258, 0.007610449101775885, 0.04134523496031761, 0.013048901222646236, 0.045984867960214615, 0.0514199323952198, 0.02861623838543892, 0.020464448258280754, 0.09392713010311127, 0.07194071263074875, 0.06098927557468414, 0.03203855827450752, 0.06900040805339813, 0.13151238858699799, 0.0009747622534632683, 0.030615391209721565, 0.07602683454751968, 0.05049087852239609, 0.019459441304206848, 0.011406205594539642, 0.006761157885193825, 0.012605410069227219, 0.021968774497509003, 0.001015818677842617, 0.024892866611480713, 0.01947503536939621, 0.005617547780275345, 0.0029498483054339886, 0.003138338215649128, 0.0028951107524335384, 0.005159532651305199, 0.0007979840156622231, 0.00012319060624577105, 5.8686069678515196e-05, 0.00010217019007541239, 9.3446797109209e-05, 3.469283547019586e-05, 3.7136800528969616e-05, 0.0002135294780600816, 0.0002353676682105288, 1.9837823856505565e-05, 3.8297388528008014e-05, 5.459432941279374e-05, 8.2056876635761e-06], [0.0011270622489973903, 0.00043237581849098206, 0.0004029855481348932, 0.00040138766053132713, 0.000918314210139215, 0.00018509908113628626, 0.0012364896247163415, 0.0005109394551254809, 0.002968717133626342, 0.001861807075329125, 0.001375930616632104, 0.0007433352875523269, 0.01728157512843609, 0.016359053552150726, 0.01180855743587017, 0.0009336632792837918, 0.0042043630965054035, 0.016217121854424477, 0.003007430350407958, 0.004802522715181112, 0.007419634610414505, 0.04797254502773285, 0.11396346241235733, 0.01246845256537199, 0.09044215828180313, 0.07700791209936142, 0.03901751711964607, 0.04152024909853935, 0.003597128903493285, 0.05973714962601662, 0.09256850183010101, 0.09787440299987793, 0.023162879049777985, 0.056587059050798416, 0.0509503073990345, 0.04086729884147644, 0.005196297075599432, 0.0038444295059889555, 0.014056660234928131, 0.008417832665145397, 0.0044312383979558945, 0.002720164367929101, 0.0054583060555160046, 0.009744112379848957, 0.001138576539233327, 0.000860111671499908, 0.0018878343980759382, 0.00030901480931788683], [0.00029021536465734243, 0.0003059805603697896, 0.00012591258564498276, 0.00019310397328808904, 0.0003455484111327678, 2.681395926629193e-05, 8.216724381782115e-05, 4.687795080826618e-05, 0.00035130346077494323, 0.00017319884500466287, 0.0002755347522906959, 6.815392407588661e-05, 0.0027529338840395212, 0.003379608504474163, 0.002241133013740182, 6.884937465656549e-05, 0.00035869533894583583, 0.0023867671843618155, 0.0025336449034512043, 0.0008006670395843685, 0.0010149256559088826, 0.011605425737798214, 0.05280248448252678, 0.005645180121064186, 0.07142399996519089, 0.029560860246419907, 0.01754954271018505, 0.0532057099044323, 0.0004847354139201343, 0.0327775813639164, 0.08567336201667786, 0.07073985785245895, 0.039492566138505936, 0.06584354490041733, 0.05163642391562462, 0.09864052385091782, 0.025652531534433365, 0.016883766278624535, 0.07896459102630615, 0.05075677111744881, 0.026094842702150345, 0.021263362839818, 0.020129118114709854, 0.03063366562128067, 0.00824736524373293, 0.002382191363722086, 0.012391587719321251, 0.0016963172238320112], [0.0006064532790333033, 0.0010448152897879481, 0.00039626643410883844, 0.0006526328506879508, 0.0010205386206507683, 1.2603147297340911e-05, 1.525970219518058e-05, 1.0136508535651956e-05, 6.296533683780581e-05, 5.178930587135255e-05, 6.975729047553614e-05, 9.647312253946438e-06, 0.0007476838072761893, 0.000757489528041333, 0.0005535943200811744, 1.1298294339212589e-05, 2.0313726054155268e-05, 0.00031613308237865567, 0.0009041773737408221, 0.00015944404003676027, 0.00028918436146341264, 0.0018074315739795566, 0.011584112420678139, 0.0010854515712708235, 0.02222622185945511, 0.005206053610891104, 0.006359081715345383, 0.018504131585359573, 9.195847815135494e-05, 0.013210908509790897, 0.03375827893614769, 0.015963107347488403, 0.03701148182153702, 0.026976928114891052, 0.0351979099214077, 0.08531144261360168, 0.07504186034202576, 0.032022975385189056, 0.09415818005800247, 0.1151309385895729, 0.08537682145833969, 0.057815197855234146, 0.05505156144499779, 0.08486469089984894, 0.028692111372947693, 0.0092189135029912, 0.0361889973282814, 0.004431014880537987], [0.003438033629208803, 0.004263953771442175, 0.0029273617547005415, 0.0037764632143080235, 0.006107934284955263, 7.697032742726151e-06, 1.0375889360147994e-05, 5.599934411293361e-06, 2.3946491637616418e-05, 4.1246486944146454e-05, 3.1173993193078786e-05, 3.5339976420800667e-06, 0.00022441275359597057, 0.0001945704862009734, 0.00017327717796433717, 6.0045831560273655e-06, 4.832821559830336e-06, 9.210099960910156e-05, 0.00026246829656884074, 6.419974670279771e-05, 0.00014543021097779274, 0.00033754235482774675, 0.0024216072633862495, 0.00015643042570445687, 0.006046962458640337, 0.0006990699912421405, 0.0018747813301160932, 0.004122572485357523, 2.387461790931411e-05, 0.004989278968423605, 0.01030934602022171, 0.0025727206375449896, 0.013509727083146572, 0.006308505777269602, 0.008106695488095284, 0.04974788799881935, 0.0736466646194458, 0.02834198623895645, 0.042623165994882584, 0.1283968985080719, 0.1370398849248886, 0.07855020463466644, 0.09133125841617584, 0.12440314888954163, 0.06176083907485008, 0.0262138769030571, 0.0703354924917221, 0.004324991721659899], [0.04453350603580475, 0.05970451608300209, 0.0642004907131195, 0.03994397446513176, 0.0949789360165596, 1.3205183677200694e-05, 2.8842579922638834e-05, 1.7181186194648035e-05, 3.0040313504287042e-05, 8.954036456998438e-05, 2.2053463908378035e-05, 5.4644178817397915e-06, 8.115438686218113e-05, 6.574662256753072e-05, 6.067887807148509e-05, 1.1167799129907507e-05, 6.182797278597718e-06, 4.759438888868317e-05, 8.81020023371093e-05, 4.428743341122754e-05, 9.255040640709922e-05, 9.069438965525478e-05, 0.00021925220789853483, 2.8095288143958896e-05, 0.0008105530869215727, 5.1740506023634225e-05, 0.0004084938846062869, 0.00047108877333812416, 1.131648059526924e-05, 0.0009540662285871804, 0.0019992529414594173, 0.00019178380898665637, 0.0021715741604566574, 0.0007923129596747458, 0.00046946792281232774, 0.025051146745681763, 0.01938467286527157, 0.02016552910208702, 0.008427212946116924, 0.058374181389808655, 0.05850542336702347, 0.04448455199599266, 0.07249285280704498, 0.08372410386800766, 0.1068258285522461, 0.03796547278761864, 0.14926135540008545, 0.0026027471758425236], [0.11353560537099838, 0.16894273459911346, 0.2732756733894348, 0.09333036094903946, 0.2808033525943756, 4.042428372486029e-06, 2.329255767108407e-05, 1.5376250303233974e-05, 6.890075837873155e-06, 3.234061659895815e-05, 2.4177213617804227e-06, 1.3660609283761005e-06, 3.6437252219911898e-06, 2.4513117296010023e-06, 2.8399833809089614e-06, 3.348163090777234e-06, 1.5563130091322819e-06, 3.596551778173307e-06, 2.094671572194784e-06, 4.8163733481487725e-06, 8.485078978992533e-06, 2.595202204247471e-06, 1.608661705176928e-06, 5.30642239482404e-07, 6.9218731368891895e-06, 3.1792032473276777e-07, 6.057422979210969e-06, 3.658188688859809e-06, 9.078465268430591e-07, 1.2735815289488528e-05, 3.219966311007738e-05, 1.1736671012840816e-06, 2.3518963644164614e-05, 6.148637567093829e-06, 1.3046161484453478e-06, 0.0010647892486304045, 0.0003664109099190682, 0.0013819059822708368, 0.0001352059334749356, 0.0022460827603936195, 0.0015232522273436189, 0.0019516863394528627, 0.0045212432742118835, 0.005359561648219824, 0.017582178115844727, 0.0037640610244125128, 0.02985003963112831, 0.00014765169180464]], "matchingNumbers": [],