{"currentPredictionRaw": [], "currentPrediction": [], "realResult": [], "newPrediction": [[5, 40, 11, 44, 18, 22, 31], [35, 36, 3, 9, 42, 43, 14], [2, 39, 12, 47, 17, 27, 28], [1, 34, 41, 13, 14, 45, 25], [32, 34, 4, 41, 10, 20, 25], [8, 40, 43, 15, 47, 23, 30], [36, 42, 13, 45, 21, 26, 29], [37, 11, 48, 17, 23, 31, 0], [32, 5, 38, 7, 10, 44, 28], [4, 37, 43, 44, 16, 18, 29]], "newPredictionRaw": [[0.00279743573628366, 0.015046844258904457, 0.03339796140789986, 0.011733719147741795, 0.005114282481372356, 0.012292229570448399, 0.0472431480884552, 0.0813518688082695, 0.13513310253620148, 0.0827426090836525, 0.16486945748329163, 0.1112545058131218, 0.06567172706127167, 0.0875697135925293, 0.02467508055269718, 0.005069527309387922, 0.05678943172097206, 0.036753471940755844, 0.003622946562245488, 0.01095923688262701, 0.004387727472931147, 1.213059567817254e-05, 6.199099516379647e-06, 9.008010124489374e-07, 2.411975947325118e-05, 0.0011885823914781213, 1.8194712538388558e-05, 0.00021229987032711506, 2.6057006834889762e-05, 2.4899775326048257e-06, 3.6133349112787982e-06, 1.1633043186520808e-06, 1.6698100679946037e-08, 3.924372151686839e-07, 2.5011740945046768e-05, 7.263670340762474e-07, 3.2952931405816344e-07, 2.9292681347214966e-07, 6.911200216563884e-07, 2.1157765672796813e-07, 2.0628998953498012e-08, 4.02277073874302e-08, 9.326839034429213e-08, 2.997137116267368e-08, 4.010337306681322e-08, 5.392691093675239e-08, 9.951682145015184e-09, 2.6771644456857757e-07], [3.224261672585271e-05, 0.0002554917591623962, 0.0015078304568305612, 0.0029667068738490343, 0.00013808987569063902, 0.00010297818516846746, 0.00022316724061965942, 0.0042853993363678455, 0.025471968576312065, 0.030612388625741005, 0.03433656692504883, 0.002433998975902796, 0.09572477638721466, 0.18935604393482208, 0.06427323073148727, 0.030551420524716377, 0.14427584409713745, 0.19917596876621246, 0.025079073384404182, 0.06791459023952484, 0.05771450698375702, 0.0010968147544190288, 0.00037965644150972366, 3.263958205934614e-05, 0.0010827009100466967, 0.01380091067403555, 0.0011838951613754034, 0.003432090859860182, 0.0007517628255300224, 7.145250856410712e-05, 0.0002404637198196724, 0.00013588998990599066, 1.6537441069885972e-06, 8.3563018051791e-06, 0.001319932285696268, 2.099520315823611e-05, 3.622395752245211e-06, 1.4772525673834025e-06, 2.1164580630284036e-06, 9.778608500710106e-07, 1.1761532192622326e-08, 7.70690462559287e-08, 3.0153916696917804e-08, 1.7742301849921205e-08, 1.8680973212781282e-08, 7.841481419745833e-08, 6.062406576745616e-09, 1.0726726173970746e-07], [8.842354759508453e-07, 2.6381858333479613e-06, 1.408437492500525e-05, 0.0001562486431794241, 3.558222260835464e-06, 1.422045983190401e-07, 1.0262197491783809e-07, 2.461187705193879e-06, 8.524322765879333e-05, 0.0002363673411309719, 0.0001070610960596241, 1.3934424032413517e-06, 0.0033971169032156467, 0.0052744257263839245, 0.0050919558852910995, 0.01580033265054226, 0.01139920111745596, 0.02993425540626049, 0.016999656334519386, 0.018687374889850616, 0.03153638169169426, 0.17809396982192993, 0.07203642278909683, 0.006651787087321281, 0.0828588530421257, 0.06360393017530441, 0.08799979835748672, 0.05246947333216667, 0.047626372426748276, 0.018489498645067215, 0.055648237466812134, 0.07484248280525208, 0.007285125553607941, 0.006436601746827364, 0.09335856139659882, 0.010272949002683163, 0.002142094075679779, 0.0004887498798780143, 0.00044751836685463786, 0.0004203452554065734, 5.813534698972944e-06, 5.939347465755418e-05, 5.1807292038574815e-06, 5.7695592659001704e-06, 2.9025388812442543e-06, 1.1164738680236042e-05, 1.9533072190824896e-06, 4.142196758039063e-06], [1.8339037524128798e-06, 1.237214746652171e-06, 3.812951035797596e-06, 5.210188464843668e-05, 4.073935087944847e-06, 4.4211536653904204e-09, 4.543071696616607e-09, 2.744119065312134e-08, 2.225150183221558e-06, 5.915924248256488e-06, 1.3186421483624144e-06, 1.1268041610890123e-08, 0.00014933875354472548, 0.00015631882706657052, 0.0003815748495981097, 0.0007507562404498458, 0.0005853783222846687, 0.0012905648909509182, 0.00152446492575109, 0.0004934156313538551, 0.0012298078509047627, 0.04072369262576103, 0.04945410415530205, 0.006365467328578234, 0.06640027463436127, 0.016386590898036957, 0.008787163533270359, 0.08437489718198776, 0.06263992190361023, 0.06376861035823822, 0.15812838077545166, 0.048470959067344666, 0.03941241651773453, 0.0837128683924675, 0.02474432997405529, 0.10594161599874496, 0.04165562614798546, 0.021776491776108742, 0.028610358014702797, 0.027404984459280968, 0.00187242915853858, 0.009452760219573975, 0.0015317910583689809, 0.0008061177795752883, 0.000287735543679446, 0.00026085085119120777, 0.0003465550544206053, 4.878208346781321e-05], [3.10569375869818e-05, 9.867197150015272e-06, 1.7303287677350454e-05, 0.00012025647447444499, 4.51364103355445e-05, 1.3261337583614363e-09, 1.6028232074916104e-09, 5.616469955782577e-09, 7.618882591486908e-08, 1.01407536590159e-07, 1.3291072242793689e-08, 2.737696458421368e-10, 1.0240528354188427e-06, 5.577744559559505e-07, 6.3200541262631305e-06, 4.501800049183657e-06, 2.1263940652715974e-06, 5.644756129186135e-06, 5.240353857516311e-06, 7.149662337724294e-07, 6.0281540754658636e-06, 0.00019563395471777767, 0.0012299844529479742, 0.0006888177013024688, 0.0036693508736789227, 0.00012920844892505556, 4.242843351676129e-05, 0.00363986031152308, 0.0042372653260827065, 0.012557871639728546, 0.02129020169377327, 0.0012595297303050756, 0.00725128035992384, 0.07542930543422699, 0.0001364808267680928, 0.072353295981884, 0.0681273564696312, 0.05477943643927574, 0.11207833141088486, 0.18937639892101288, 0.09716102480888367, 0.12491848319768906, 0.07468318194150925, 0.041790254414081573, 0.01260281354188919, 0.0025787237100303173, 0.016797374933958054, 0.0007401813054457307], [0.008391072042286396, 0.004174415022134781, 0.005435032304376364, 0.012311519123613834, 0.012471465393900871, 5.833640415175978e-08, 3.5703617839999424e-08, 2.891511883262865e-07, 5.629247823435435e-08, 6.576250655143667e-08, 2.442974933458686e-09, 5.738834962798478e-10, 8.122243144725871e-08, 3.075954069231557e-08, 5.790498676105926e-07, 1.5722645230198395e-07, 4.9933291279558034e-08, 1.4400170300632453e-07, 4.0970014936192456e-08, 6.212280023731864e-09, 1.5949419207572646e-07, 1.3200025250625913e-06, 1.5613404684700072e-05, 2.960039819299709e-05, 9.934971603797749e-05, 5.910250138185802e-07, 4.4290047185313597e-07, 4.264937888365239e-05, 5.816490011056885e-05, 0.0007124803378246725, 0.0004318877763580531, 1.897289439511951e-05, 0.00016854745626915246, 0.004316321108490229, 9.879944400381646e-07, 0.004690452478826046, 0.012172101065516472, 0.0056509170681238174, 0.009902928955852985, 0.0892590656876564, 0.0904768630862236, 0.03474437817931175, 0.1805679202079773, 0.19640570878982544, 0.13944818079471588, 0.0070391749031841755, 0.1635996401309967, 0.017360543832182884], [0.1707313507795334, 0.17743155360221863, 0.18868298828601837, 0.09354846924543381, 0.32653430104255676, 3.613443197991728e-07, 9.802297284977612e-08, 2.2710455596097745e-06, 9.647879162244521e-10, 1.6622857534898117e-09, 1.1350417133959567e-11, 1.39428968370936e-10, 1.7538352714563388e-10, 4.464142597249143e-11, 5.361245891677413e-10, 3.506954449061794e-11, 1.9268238046765696e-11, 3.2090170798415585e-11, 2.0950359502780458e-12, 5.141789229633209e-13, 3.1092302343882494e-11, 3.4673073440183444e-11, 3.852151930772152e-10, 2.2744688354947584e-09, 6.22840534703073e-09, 5.315249542586775e-12, 1.61285672317657e-11, 1.031499108350431e-09, 1.0447714915429174e-09, 8.742664192595839e-08, 9.706171866241675e-09, 8.45841285901372e-10, 6.045949518806992e-09, 2.0808339229461126e-07, 3.544180920966866e-11, 3.8333433849402354e-07, 2.859181904568686e-06, 8.368552926185657e-07, 6.059208885744738e-07, 9.045466140378267e-05, 9.686512930784374e-05, 1.189379963761894e-05, 0.0013557360507547855, 0.0038329437375068665, 0.014942281879484653, 0.00013163435505703092, 0.01518318336457014, 0.007418671622872353]],