{"currentPredictionRaw": [], "currentPrediction": [], "realResult": [], "newPrediction": [[9, 18, 22, 31, 40, 43, 5], [11, 14, 21, 36, 42, 47, 2], [10, 17, 28, 34, 39, 45, 3], [12, 13, 26, 30, 41, 44, 1], [8, 15, 27, 25, 34, 41, 4], [7, 20, 35, 28, 36, 40, 47], [14, 16, 20, 39, 37, 42, 45], [3, 11, 25, 23, 43, 38, 48], [13, 21, 23, 29, 38, 37, 43], [4, 26, 29, 38, 31, 5, 44]], "newPredictionRaw": [[0.007977074012160301, 0.012630986981093884, 0.04243876039981842, 0.021741261705756187, 0.006140252575278282, 0.017453640699386597, 0.0587674044072628, 0.09377685934305191, 0.1877887099981308, 0.12961359322071075, 0.18614979088306427, 0.10627451539039612, 0.0416685976088047, 0.05443231388926506, 0.008855786174535751, 0.0007010241388343275, 0.017869191244244576, 0.003377219196408987, 0.00017528713215142488, 0.0012403922155499458, 0.00020402824156917632, 1.7411181033821777e-05, 1.2424189662851859e-05, 4.198093108698231e-07, 2.6954905479215086e-05, 0.0004333192191552371, 5.567304469877854e-06, 0.00018102389003615826, 6.3579882407793775e-06, 5.459320462364303e-08, 7.3624501055746805e-06, 5.8379300753585994e-06, 8.875539947439393e-07, 4.0617939589537855e-07, 2.0164430679869838e-05, 1.0590044041691726e-07, 2.768162801203289e-07, 1.2991259836780955e-06, 2.7820501458108993e-08, 3.41289251082344e-07, 1.0747759660034717e-07, 6.921449369201582e-08, 1.0897704783019435e-07, 6.993163310653472e-07, 2.9868613182770787e-07, 2.561616838647751e-07, 1.2101155277832731e-07, 1.3815994179822155e-06], [0.00013965867401566356, 0.00023312203120440245, 0.0029993329662829638, 0.0026473852340132, 9.198847692459822e-05, 0.00011610210640355945, 0.0008834330947138369, 0.0032733147963881493, 0.02474243938922882, 0.01611141674220562, 0.02955714799463749, 0.007854517549276352, 0.11095414310693741, 0.15866924822330475, 0.09040241688489914, 0.043405890464782715, 0.15105049312114716, 0.20469509065151215, 0.015219544060528278, 0.05729331076145172, 0.027761919423937798, 0.004460860975086689, 0.002036671619862318, 5.646150384563953e-05, 0.005114964675158262, 0.025300592184066772, 0.0016906376695260406, 0.008001796901226044, 0.0011508807074278593, 4.3250631279079244e-05, 0.0009713441831991076, 0.0015528720105066895, 0.00016720114217605442, 0.00010358632425777614, 0.001074599800631404, 4.978924334864132e-05, 2.7637563107418828e-05, 6.278159708017483e-05, 1.3733668311033398e-05, 1.0799538358696736e-05, 9.528818623039115e-07, 2.9951393116789404e-06, 8.966603104454407e-07, 7.207128192021628e-07, 2.5693350380606716e-07, 4.003417757303396e-07, 4.4489119943591504e-08, 1.475979047427245e-06], [3.410510180401616e-05, 7.221168925752863e-05, 0.0006207359838299453, 0.0011655109701678157, 3.161077984259464e-05, 2.486408902768744e-06, 2.960094752779696e-05, 3.6818284570472315e-05, 0.0011502642882987857, 0.0005113007500767708, 0.0006641885847784579, 6.589025724679232e-05, 0.008283388800919056, 0.002758409595116973, 0.010272551327943802, 0.03729797527194023, 0.02686259150505066, 0.040680404752492905, 0.03058415651321411, 0.06172086298465729, 0.08032233268022537, 0.12674333155155182, 0.05534052103757858, 0.00609543127939105, 0.05977769196033478, 0.06818554550409317, 0.06713732331991196, 0.06920578330755234, 0.04391951858997345, 0.017996717244386673, 0.039916038513183594, 0.04094647616147995, 0.008608228527009487, 0.008888352662324905, 0.06354060024023056, 0.011320240795612335, 0.0018562315963208675, 0.0028485183138400316, 0.0029272818937897682, 0.00110336160287261, 2.1371532056946307e-05, 0.00033584775519557297, 7.841057959012687e-05, 5.009093911212403e-06, 3.738369969141786e-06, 6.807970294175902e-06, 9.26568020531704e-07, 2.3332082491833717e-05], [2.316276732017286e-05, 5.151794903213158e-05, 0.00018403473950456828, 0.0005644636112265289, 4.3615891627268866e-05, 3.435264872564403e-08, 1.278323082942734e-07, 6.344812675251887e-08, 6.096860488469247e-06, 9.716640079204808e-07, 6.656148912043136e-07, 1.1342056183138993e-07, 4.9999140173895285e-05, 7.032410849205917e-06, 3.8701025914633647e-05, 0.00012836421956308186, 7.497097249142826e-05, 0.00027191906701773405, 0.0023293308913707733, 0.0006494746194221079, 0.001103013870306313, 0.0283327866345644, 0.04672326520085335, 0.014486049301922321, 0.06575550884008408, 0.008605646900832653, 0.00519194221124053, 0.058798305690288544, 0.04335588961839676, 0.08900812268257141, 0.15118829905986786, 0.03652211278676987, 0.031496383249759674, 0.10069569200277328, 0.022604312747716904, 0.11772716045379639, 0.03144189342856407, 0.03827034682035446, 0.054652485996484756, 0.033137377351522446, 0.001350376638583839, 0.01162969321012497, 0.0029783989302814007, 0.00018223315419163555, 6.345738074742258e-05, 4.2527346522547305e-05, 5.6574674090370536e-05, 0.0001755586126819253], [6.823196599725634e-05, 0.00012248966959305108, 0.00016506917017977685, 0.00038518759538419545, 0.00020103156566619873, 3.6362273192480643e-09, 1.7704631094517254e-09, 9.563565495085413e-10, 5.608031017345638e-08, 3.4167666473905456e-09, 1.086562395613555e-09, 1.3905777640488282e-09, 1.4218218780115421e-07, 5.015187909407359e-08, 5.152061177682299e-08, 6.02566885277156e-08, 1.2547964445275284e-07, 8.740918815419718e-07, 5.32985450263368e-06, 2.9733678275079e-06, 2.3613538360223174e-06, 0.00012970682291779667, 0.001117564970627427, 0.0009214409510605037, 0.006736623588949442, 1.529532346467022e-05, 7.763017492834479e-06, 0.0018657771870493889, 0.0005836468189954758, 0.015689386054873466, 0.030438996851444244, 0.0008313155849464238, 0.0050962381064891815, 0.0781596377491951, 3.6399022064870223e-05, 0.07129094749689102, 0.06947056204080582, 0.04791391268372536, 0.1256508231163025, 0.22219552099704742, 0.08811654150485992, 0.14365243911743164, 0.058841925114393234, 0.01685953699052334, 0.004757670219987631, 0.00036439293762668967, 0.007188530173152685, 0.0011134176747873425], [0.005716728046536446, 0.008570234291255474, 0.00866285152733326, 0.011205866001546383, 0.014076217077672482, 5.742865596403135e-07, 2.2417498257709667e-07, 1.7540223495871032e-07, 7.93195113146794e-07, 2.9214726637860622e-08, 8.554102315372347e-09, 5.80954306883541e-08, 1.5523438889886165e-07, 1.4748545140719216e-07, 8.453037025901722e-08, 3.1521423693448014e-08, 5.4920096914656824e-08, 3.697035992900055e-07, 6.749663157279429e-07, 1.401406507284264e-06, 5.451778974929766e-07, 1.1648294275801163e-05, 3.877266135532409e-05, 3.6666777305072173e-05, 0.0008276081643998623, 1.241421045961033e-06, 8.349176141564385e-07, 5.170706208446063e-05, 9.864796084002592e-06, 0.0003582359349820763, 0.00040284733404405415, 3.6084955354453996e-05, 0.000328512309351936, 0.001906941062770784, 8.956606620813545e-07, 0.0050308918580412865, 0.01523355022072792, 0.018532488495111465, 0.009931833483278751, 0.05262257158756256, 0.09215707331895828, 0.05233491212129593, 0.1932467222213745, 0.1588304042816162, 0.16124555468559265, 0.0055108931846916676, 0.17075061798095703, 0.012323440052568913], [0.14200302958488464, 0.2055302858352661, 0.19751626253128052, 0.10397323220968246, 0.25437650084495544, 0.00011116961832158267, 0.00011906642612302676, 7.384490891126916e-05, 5.708534081350081e-05, 2.6359041385148885e-06, 7.828609227544803e-07, 5.50348113392829e-06, 4.5517310809373157e-07, 4.0053436123344e-07, 3.517724280754919e-07, 3.627598132993626e-08, 9.006855350435217e-08, 1.1546207900892114e-07, 8.339016233094299e-08, 7.231833478726912e-07, 1.3991632386023412e-07, 8.418487027483934e-07, 6.724411036884703e-07, 5.529113877855707e-07, 1.3484127521223854e-05, 1.3386186026309588e-07, 1.4166094786105532e-07, 1.205769422085723e-06, 1.2264727899946593e-07, 1.0746244925030624e-06, 1.469518451813201e-06, 4.3864918097824557e-07, 2.116994892276125e-06, 2.8153403945907485e-06, 1.1553796497310032e-07, 2.2377382265403867e-05, 7.330853986786678e-05, 0.0002801289374474436, 1.5298401194741018e-05, 0.0005033951019868255, 0.0005894151399843395, 0.00033091742079705, 0.009359689429402351, 0.00790451467037201, 0.028962373733520508, 0.0021833155769854784, 0.03622756898403168, 