{"currentPredictionRaw": [], "currentPrediction": [], "realResult": [23, 31, 33, 35, 36, 39, 1], "newPrediction": [{"name": "MarkovBayesian Model", "predictions": [[32, 35, 4, 6, 7, 8, 18]]}, {"name": "PoissonMonteCarlo Model", "predictions": [[2, 4, 11, 26, 28, 39, 48]]}], "newPredictionRaw": [], "matchingNumbers": {"model": null, "prediction": null, "matching_numbers": [], "match_count": 0}, "labels": [1, 2, 3, 4, 5, 6, 7, 8, 9, 10, 11, 12, 13, 14, 15, 16, 17, 18, 19, 20, 21, 22, 23, 24, 25, 26, 27, 28, 29, 30, 31, 32, 33, 34, 35, 36, 37, 38, 39, 40, 41, 42, 43, 44, 45, 46, 47, 48], "numberFrequency": {"1": 0.03678724708767627, "15": 0.020846106683016553, "21": 0.018393623543838136, "22": 0.022685469037400367, "29": 0.014101778050275904, "48": 0.017167381974248927, "3": 0.03740036787247088, "6": 0.017167381974248927, "9": 0.02145922746781116, "31": 0.020846106683016553, "35": 0.02145922746781116, "46": 0.0134886572654813, "47": 0.01900674432863274, "7": 0.017780502759043533, "23": 0.01900674432863274, "42": 0.014101778050275904, "44": 0.02145922746781116, "5": 0.03740036787247088, "25": 0.017167381974248927, "30": 0.017167381974248927, "11": 0.01900674432863274, "14": 0.022072348252605765, "39": 0.023911710606989576, "2": 0.0539546290619252, "32": 0.02145922746781116, "36": 0.01655426118945432, "38": 0.014714898835070508, "41": 0.01900674432863274, "17": 0.019619865113427344, "20": 0.019619865113427344, "27": 0.012875536480686695, "28": 0.018393623543838136, "43": 0.022072348252605765, "45": 0.01655426118945432, "24": 0.018393623543838136, "37": 0.018393623543838136, "8": 0.018393623543838136, "18": 0.017780502759043533, "40": 0.018393623543838136, "4": 0.045370938074800735, "16": 0.01655426118945432, "13": 0.019619865113427344, "34": 0.020846106683016553, "26": 0.01900674432863274, "19": 0.015328019619865114, "12": 0.014714898835070508, "10": 0.017780502759043533, "33": 0.014714898835070508}}