Datum	BTC	ETH	BNB	XRP	SOL
2020-08-12	0.01500698347	0.02135349609	0.009429247019	-0.002723592579	0.1298334921
2020-08-13	0.01847781764	0.09211652864	0.01270515905	0.04118320863	-0.006893078136
2020-08-14	-0.00165331844	0.03146379058	0.05965478103	0.01935598593	-0.0897252683
2020-08-15	0.007780518936	-0.01330396563	-0.0007187267589	-0.003707480992	-0.07200545275
2020-08-16	0.004931964179	0.003002519751	0.01891636962	0.01892696417	0.06570983299
2020-08-17	0.03060159513	-0.006315737411	-0.001399252968	0.03497469097	-0.0857646194
2020-08-18	-0.02775032008	-0.02096601351	-0.02262366594	-0.04169563348	0.07155763968
2020-08-19	-0.01606981534	-0.03494405525	-0.02621735902	-0.04309585256	-0.1460317437
2020-08-20	0.008383598167	0.02059825074	0.0313542265	0.008351568485	0.1041889831
2020-08-21	-0.02755885469	-0.06961300204	-0.04382434306	-0.04497617214	-0.08875514573
2020-08-22	0.01134946197	0.01856515828	0.004767159031	0.02331817284	0.02722103373
2020-08-23	-0.001272355947	-0.01152757851	-0.01583786132	-0.003924871873	0.07585150306
2020-08-24	0.008554385259	0.04251695612	0.03328931394	0.01256122587	0.02746550004
2020-08-25	-0.0372685503	-0.06263034809	-0.05490255197	-0.04304215258	-0.02746550004
2020-08-26	0.01255599829	0.007492815449	0.03724841628	0.001013061341	0.09346231972
2020-08-27	-0.0114998716	-0.006605318654	0.04029446564	-0.04375998427	-0.03371409993
2020-08-28	0.01719668808	0.0304245055	-0.001368149186	0.02628639689	0.149464906
2020-08-29	-0.005312121744	0.008919631803	-0.006140707549	0.007552186058	-0.01326685958
2020-08-30	0.02117005325	0.07323321006	0.02925428653	0.03311965367	0.1140014612
2020-08-31	-0.005278114294	0.01124349702	-0.02023225625	-0.006629231786	0.06817253616
2020-09-01	0.0231187974	0.0915960089	0.06502117399	0.04879863275	-0.08897003855
2020-09-02	-0.04577532981	-0.0785188378	0.002522844388	-0.06746727761	-0.03988918549
2020-09-03	-0.1160357655	-0.141789024	-0.1959065437	-0.1226826801	-0.1736969851
2020-09-04	0.02967124125	0.01006973787	0.0296171697	0.03920653165	0.007107148406
2020-09-05	-0.02712637231	-0.1397580489	-0.07428552077	-0.06708130877	-0.3038167515
2020-09-06	0.008765710744	0.05174094201	0.1727846013	0.01039318718	0.1719876246
2020-09-07	0.0113662926	0.002236725688	-0.03068820998	0.00879965831	-0.0566471348
2020-09-08	-0.02407813069	-0.04689851856	0.03679260647	-0.02261093089	-0.1694418314
2020-09-09	0.009097741147	0.03911925044	0.04975971656	0.01026124484	0.3775535168
2020-09-10	0.0114488115	0.04753392099	0.003153785215	0.01663835242	-0.03505064717
2020-09-11	0.004923589278	0.01537330023	0.03404275645	-0.002059563277	-0.02316548604
2020-09-12	0.005091996574	0.03717216559	0.1153697073	0.02040720562	-0.01929282057
2020-09-13	-0.01040649622	-0.05665795204	0.08923541196	-0.0218101355	-0.02163345339
2020-09-14	0.03227573226	0.02878322272	0.002778051032	0.01418579813	0.001164858203
2020-09-15	0.01058308584	-0.03524474997	-0.1418915719	-0.009530698996	-0.1081523139
2020-09-16	0.01552057622	0.002879988825	0.02733149927	0.01448502385	-0.1455458326
2020-09-17	-0.001280716353	0.06430568748	-0.02818369188	0.02116311449	0.1295108046
2020-09-18	-0.0006034732812	-0.01284670334	0.01951673672	-0.005926945094	0.07723978535
2020-09-19	0.01337893422	0.002234812011	-0.01552030424	0.001873368824	-0.02714391924
2020-09-20	-0.01457873284	-0.03758260069	-0.03316852227	-0.01848778644	-0.05709243119
2020-09-21	-0.04716140491	-0.08630599253	-0.1293406767	-0.06493883923	-0.03396418824
2020-09-22	0.01073108232	0.01124805525	0.03916548903	0.008619999931	0.04969835446
2020-09-23	-0.02774710085	-0.0706834679	-0.051790694	-0.05006984279	-0.01853254498
2020-09-24	0.04718819847	0.08441749029	0.07349808238	0.04895343579	0.09627141535
2020-09-25	-0.004635215616	0.008417918418	0.004786184033	0.03702721106	0.0159069158
2020-09-26	0.003915902399	0.005667021853	0.05925627317	-4.140186723e-05	-0.02056253646
2020-09-27	0.004245955172	0.01003649082	0.0019523064	0.007465953379	0.009257999793
2020-09-28	-0.007277969115	-0.009923477316	0.02759560116	-0.009372294611	-0.06472009862
2020-09-29	0.01340621659	0.01633661551	0.06835504174	0.007356621044	-0.003180836466
2020-09-30	-0.005911086566	0.0001111697842	0.01275803839	-0.004705308335	-0.01840248949
2020-10-01	-0.01471909735	-0.01958866025	-0.06341655861	-0.01466998595	-0.0103408514
2020-10-02	-0.004599449436	-0.02076100052	-0.004758768346	-0.0183460288	-0.08883636008
2020-10-03	-0.002684672181	0.001012219015	0.0306127976	-0.004843662356	-0.03069661002
2020-10-04	0.01174720669	0.01838750396	0.0273001111	0.06330779805	-0.009360073076
2020-10-05	0.01170440095	0.003541130345	-0.01219133375	0.009473417028	0.05105122081
2020-10-06	-0.01800265244	-0.03707381967	-0.03320553042	-0.01956693793	-0.1988206956
2020-10-07	0.006275751163	0.002432841614	0.0003106319217	0.01315409031	0.05655770191
2020-10-08	0.02400823724	0.02706185099	0.001897814476	0.0108377218	0.02714400298
2020-10-09	0.0113824313	0.03930838343	0.02369478619	0.00602769799	0.06850201578
2020-10-10	0.02171420081	0.01495527778	0.001189115164	0.004300233473	-0.05334543956
2020-10-11	0.006689566669	0.009776089032	0.003008682505	0.00557454433	0.009455550895
2020-10-12	0.01390843248	0.0324742275	0.07178793759	0.002307076707	0.06430115446
2020-10-13	-0.009385304988	-0.01425338442	0.00245373307	0.001834039497	-0.07113503556
2020-10-14	-0.0002338162189	-0.00618642806	0.003651512416	-0.02943483332	-0.04049823068
2020-10-15	0.007610730096	-0.002776567569	0.01568795888	-0.01252491021	-0.01856394353
2020-10-16	-0.01628115338	-0.03267508167	-0.04151975047	-0.02407176941	-0.05827419868
2020-10-17	0.003605018472	0.007685846344	0.00629594238	0.001913955814	0.03015118734
2020-10-18	0.01250402281	0.02623303304	0.0137241956	0.006794010971	0.004388849431
2020-10-19	0.02135829757	0.003142290118	-0.02471976622	0.01381764127	-0.07293484564
2020-10-20	0.01339920459	-0.02883246445	-0.03705300479	-0.00965637618	-0.08838973696
2020-10-21	0.07057901976	0.05762563948	0.0310909057	0.03100835361	0.00196094082
2020-10-22	0.01456831883	0.05869703976	0.03003911314	0.02445148098	0.03613692222
2020-10-23	-0.003510796107	-0.01183359494	-6.201317619e-05	-0.009300575053	0.0004084550246
2020-10-24	0.01449316318	0.007379028916	0.0008547901391	0.005832746371	-0.02313435818
2020-10-25	-0.006342655086	-0.01535482491	-0.017631095	-0.01205519871	-0.06563270084
2020-10-26	0.001791341462	-0.03342078121	0.03003755062	-0.02007130005	-0.06493281211
2020-10-27	0.04376988542	0.02746507296	0.01394248972	0.0184898345	0.01834372708
2020-10-28	-0.02749129828	-0.03845461679	-0.03717240991	-0.02943219292	-0.1196843159
2020-10-29	0.01416828518	-0.002837393567	-0.01540127446	-0.01234153306	-0.05783290306
2020-10-30	0.007728849021	-0.0120580448	-0.04727658984	-0.01387526415	0.003762021993
2020-10-31	0.01688454838	0.01032586065	0.000522837299	0.002631965257	0.0747385659
2020-11-01	-0.0021413673	0.02607633098	0.0009116793764	0.001292555478	0.03692980695
2020-11-02	-0.01553478641	-0.03501749363	-0.02604438697	-0.0200334969	-0.08714707141
2020-11-03	0.0343965813	0.0126088063	-0.03419521235	0.01840710733	-0.04297861337
2020-11-04	0.008554579827	0.03697423839	0.003574630644	-0.00846645738	-0.01469880192
2020-11-05	0.09733975303	0.03467228823	0.02662676176	0.0332405032	0.006805427605
2020-11-06	-0.0006480603013	0.08995288155	0.0478136583	0.05165355683	0.3048817745
2020-11-07	-0.0501200022	-0.04646674839	-0.04501486977	-0.03754404662	0.06198592393
2020-11-08	0.04336937715	0.04292909955	0.0229648794	0.01845569844	0.06432207427
2020-11-09	-0.00952431128	-0.02221274921	-0.01118512587	-0.01249198328	-0.06017535361
2020-11-10	-0.002037510476	0.01345782947	0.004428832606	0.01272841784	0.1100737615
2020-11-11	0.0249859277	0.02791856661	-0.007212646944	0.007888426142	-0.1249131117
2020-11-12	0.03800921004	-0.001512728819	-0.01179833948	-0.00356367004	-0.04662002064
2020-11-13	0.001768644198	0.02991211696	0.01825233905	0.04224898687	0.05364528557
2020-11-14	-0.01545205893	-0.03316140498	-0.009489011756	0.008761803909	-0.04878519918
2020-11-15	-0.007084577418	-0.02818761491	-0.009081211921	0.004834700183	0.06190563994
2020-11-16	0.04632335988	0.02744963953	0.009582319737	0.06669496484	0.1032217083
2020-11-17	0.05504612266	0.04583384152	0.02159718495	0.04857033182	-0.02814814737
2020-11-18	0.006588896578	-0.007787163528	-0.01631506153	-0.03061566363	-0.03916980073
2020-11-19	0.001500888167	-0.01507936667	0.00162185845	0.03427873183	-0.01442779116
2020-11-20	0.04679324962	0.0792572534	0.02916673511	0.08317472279	0.008738684648
2020-11-21	0.00257659044	0.07953591116	0.05194182505	0.338539926	0.1245168906
2020-11-22	-0.01559211538	0.0138084504	-0.01630398181	-0.03679425765	-0.1019056374
2020-11-23	-0.002524576253	0.08313802089	0.03187546977	0.3223404379	0.05744242627
2020-11-24	0.04221527433	-0.005949504591	0.09078898307	0.1195659642	0.001622487146
2020-11-25	-0.02328036728	-0.06042008714	-0.0811469577	-0.09640299573	-0.007123414169
2020-11-26	-0.08757765784	-0.09125694784	-0.1028843334	-0.1609278482	-0.1703812997
2020-11-27	-0.0005803612343	-0.002214712367	0.00793708154	0.04689439869	-0.02656501485
2020-11-28	0.03329857202	0.03567884593	0.02484634348	0.1069793363	0.01376829477
2020-11-29	0.02591104841	0.06966238983	0.0313076441	-0.03307590219	0.0149919959
2020-11-30	0.07981244056	0.06768946009	0.04510651309	0.09259919143	0.02638104456
2020-12-01	-0.04841766814	-0.05226162559	-0.04195249607	-0.08363760027	0.003705305866
2020-12-02	0.02313197622	0.01967664887	0.002906406883	0.03037473561	0.07187990814
2020-12-03	0.01127801818	0.03127058558	0.01373927242	0.001174435533	-0.01147584673
2020-12-04	-0.04052726762	-0.08222093279	-0.05638229393	-0.1298808703	-0.1232889366
2020-12-05	0.02630648721	0.0507995543	0.023997298	0.05533356191	0.06576854396
2020-12-06	0.01099757468	0.00791098473	-0.007610967576	0.05954139369	-0.06738841472
2020-12-07	-0.009993256659	-0.01720335514	-0.004504649845	-0.02097290622	-0.01267113236
2020-12-08	-0.04496715391	-0.06342967868	-0.05960688146	-0.08450032451	-0.09410140979
2020-12-09	0.01178191861	0.03218277265	0.0170099612	0.04161609674	-0.002347772201
2020-12-10	-0.01558085119	-0.02491118854	-0.01621159546	-0.01727702844	-0.05634332833
2020-12-11	-0.01201960068	-0.02639220811	-0.01274490536	-0.04139185669	-0.08611329737
2020-12-12	0.04191985128	0.04245246298	0.02949286052	-0.08123551998	0.03570223216
2020-12-13	0.01928782866	0.03911643554	0.03478526625	0.01385984175	0.05155814665
2020-12-14	0.005105590998	-0.007493726603	0.02962496322	-0.03214756829	0.01548360949
2020-12-15	0.007922093279	0.004000243646	-0.01775350589	-0.06107581929	0.09789511688
2020-12-16	0.09373877942	0.07923739887	0.03504679146	0.196282025	0.0137232141
2020-12-17	0.06626267736	0.008625862153	-0.01093076072	0.01306820423	-0.05944745864
2020-12-18	0.01351651299	0.01719991498	0.0249205479	0.01115269215	0.01265764814
2020-12-19	0.03044067212	0.006372555639	0.07245228592	-0.01156879535	-0.01820874128
2020-12-20	-0.01548729026	-0.03063014778	0.02951797521	-0.03673637408	-0.06631580237
2020-12-21	-0.03187303196	-0.04913652143	-0.06827956462	-0.07741809516	-0.01963506858
2020-12-22	0.0469060096	0.04642200653	0.04469890018	-0.1418381559	-0.02851570938
2020-12-23	-0.02457548768	-0.08333720601	-0.07208132051	-0.5386573517	-0.2181226203
2020-12-24	0.02114300567	0.04467003591	0.04100219717	0.2623052047	0.127713164
2020-12-25	0.04060161726	0.02342072786	0.02162086745	-0.06386347907	0.06071104701
2020-12-26	0.06958729338	0.01680073688	0.01306206731	-0.07471350578	-0.08706165983
2020-12-27	-0.008023910389	0.07211925436	0.001126131264	-0.03711039438	-0.01680967514
2020-12-28	0.02990230298	0.064026611	0.06543087396	-0.1339790686	0.1516601551
2020-12-29	0.01122175773	0.002174493646	0.08311354152	-0.1151802676	0.09619658787
2020-12-30	0.05299945173	0.02718184827	-0.02359266409	-0.04640388885	-0.08453273767
2020-12-31	0.00166403812	-0.02116175409	-0.0211092847	0.03810470968	-0.0182104102
2021-01-01	0.01400959343	-0.01025034055	0.01111078177	0.07823701698	0.2005862543
2021-01-02	0.09262474312	0.06074485859	0.01202235788	-0.07346677419	-0.02317511737
2021-01-03	0.02521583199	0.2335008014	0.07613128186	0.02134418756	0.190630002
2021-01-04	-0.03112604857	0.06255412006	-0.003014902006	0.04447105176	0.1342829812
2021-01-05	0.05949198197	0.05431533108	0.01660211335	-0.04300805857	-0.1408705899
2021-01-06	0.07978987965	0.09440362142	0.009987759025	0.09626420358	-0.1083641387
2021-01-07	0.06991988054	0.01352099471	0.03102521767	0.2648001536	0.196734209
2021-01-08	0.02875980772	-0.006503422053	-0.0283230149	-0.01108345585	0.3096724764
2021-01-09	-0.01226205237	0.04739889106	0.03461673957	0.01200926754	0.04891728212
2021-01-10	-0.04955624359	-0.01719240054	-0.03350535436	-0.02904287995	0.01935100416
2021-01-11	-0.07468819862	-0.1431069767	-0.1052397247	-0.09130753138	-0.1061662266
2021-01-12	-0.03897163439	-0.03448827422	0.002268995955	0.01762205713	0.1588010388
2021-01-13	0.09303872187	0.07317774934	0.04740983912	0.04439528412	-0.03106568604
2021-01-14	0.04635475642	0.08621009312	0.04296392727	-0.03121932605	-0.06812780113
2021-01-15	-0.06333342469	-0.05258382737	-0.02430651298	-0.0573092446	-0.01364018946
2021-01-16	-0.02054701828	0.04950183505	0.0541790031	-0.002396495826	0.05312840707
2021-01-17	-0.00463274803	0.003755674501	0.0612598047	-0.00639484845	0.1110150682
2021-01-18	0.02215551097	0.02087674681	-0.01154069385	0.02779437546	-0.01050760955
2021-01-19	-0.02040202718	0.08153732516	-0.06414513739	0.02997254955	-0.04264687786
2021-01-20	-0.01186285382	0.008481827428	0.001945237953	0.00485281346	0.02393481445
2021-01-21	-0.1394964019	-0.2146754511	-0.09787572906	-0.09723491253	-0.2175693298
2021-01-22	0.06570370019	0.1039174789	0.05683308865	0.01536526647	0.1092927056
2021-01-23	-0.02667422755	0.0007947385485	0.0004229596234	-0.001838776629	0.05048492025
2021-01-24	0.005654535963	0.1211711503	0.02212879707	0.00631125274	0.03360883611
2021-01-25	-0.0001767055578	-0.05508348923	0.0002008104141	-0.02151813283	0.0207329157
2021-01-26	0.006599637655	0.03584041408	0.0001171207887	0.002873618816	0.08713286645
2021-01-27	-0.06691940379	-0.09753598355	-0.02313871483	-0.06923513084	-0.09493905343
2021-01-28	0.09417474915	0.07061701693	0.03939699981	0.05319451719	0.03607605647
2021-01-29	0.02624754589	0.03677528232	0.007879441894	0.06887925879	0.005052829726
2021-01-30	0.0003117561882	-0.001051658272	0.04389004267	0.4501002546	0.09904704914
2021-01-31	-0.03474137711	-0.04869764641	-0.01022742691	0.1095054338	0.00577797728
2021-02-01	0.01301111806	0.0458781025	0.1495128724	-0.2883353921	0.08176148478
2021-02-02	0.05624896473	0.09549738273	-0.009191635789	0.003980640006	0.1257353066
2021-02-03	0.05892452812	0.09617147498	0.02158391354	0.06412069348	0.09090364767
2021-02-04	-0.01830123242	-0.04222505947	0.07108661055	0.1146198991	0.1117177498
2021-02-05	0.03599047963	0.07455953894	0.1904582026	0.01501743832	0.04455691629
2021-02-06	0.0231484946	-0.02523443886	0.07311128125	-0.02037467438	-0.09021164063
2021-02-07	-0.01003437004	-0.03937892652	-0.06350183696	-0.05707477632	0.08977874343
2021-02-08	0.1784485597	0.08246161426	0.1552890566	0.07479217153	0.1594010184
2021-02-09	0.0009817309404	0.01078640178	0.2960735801	0.05472870459	-0.006962437502
2021-02-10	-0.03536212709	-0.01615461168	0.1835227019	0.05697762852	0.152987074
2021-02-11	0.06818827921	0.02543240522	-0.03862153362	0.04605841419	0.01207205318
2021-02-12	-0.01431749606	0.03014117213	0.09619188428	0.1426083541	-4.347731572e-05
2021-02-13	-0.002835837794	-0.01384343708	-0.02418444792	0.03879432442	-0.05082429683
2021-02-14	0.02975416368	-0.008043457889	0.01866762181	-0.0669201637	-0.003241716709
2021-02-15	-0.01381922022	-0.01182804382	-0.04177936515	-0.07421060908	0.01546076313
2021-02-16	0.02519285523	0.001538790163	-0.0009213547637	-0.05574916625	-0.06431862274
2021-02-17	0.05900312258	0.03739005476	0.2389617978	0.02791708105	-0.007801247845
2021-02-18	-0.0109405425	0.04736614982	0.1681688069	-0.004931059668	0.08619852724
2021-02-19	0.08106906327	0.007903271499	0.5324040102	0.05948739568	0.2469046348
2021-02-20	-0.001159939812	-0.02171750298	-0.275086279	-0.09852618418	-0.1403072909
2021-02-21	0.0276818262	0.01067465739	0.1544658193	0.06251858027	0.1034431694
2021-02-22	-0.05958734672	-0.08409445913	-0.09868078995	0.03920800272	0.263836313
2021-02-23	-0.1010129181	-0.1191643772	-0.1451796969	-0.1744298886	0.05434568736
2021-02-24	0.0159326147	0.02842804391	0.09532801847	-0.01522705434	0.1202118526
2021-02-25	-0.05381084921	-0.09129273373	-0.08010079584	-0.07208434721	-0.2152448842
2021-02-26	-0.01707282772	-0.02539827741	-0.05782024996	-0.01882239643	-0.01807603043
2021-02-27	-0.003689848563	0.00932924857	0.01640958821	0.0185471355	-0.03021007854
2021-02-28	-0.02127979823	-0.02707555282	-0.06968627404	-0.04754635796	-0.007831000853
2021-03-01	0.09405668616	0.1009072034	0.192996074	0.06906183739	0.1353338044
2021-03-02	-0.02338997034	-0.05437373577	-0.06179937576	-0.02195146425	-0.07204810188
2021-03-03	0.03864676942	0.05299049066	0.003689716842	0.02886555822	0.009308369016
2021-03-04	-0.04002176687	-0.01832090692	-0.04651215735	0.06996461522	-0.07549389947
2021-03-05	0.007775933948	-0.007119741636	-0.01830604419	-0.0564321894	-0.04006945034
2021-03-06	0.002673048282	0.07682483688	0.004027865846	0.01805111035	0.03940260225
2021-03-07	0.04185823565	0.04491190162	0.0588759642	0.005880912655	0.05774608102
2021-03-08	0.02716106638	0.06015287546	0.001834557892	0.01817651404	-0.0156530136
2021-03-09	0.04679835308	0.02015895725	0.1979409956	0.0224822299	0.08698319612
2021-03-10	0.01746701708	-0.04113924888	-0.05163455428	-0.04935229368	-0.04367891437
2021-03-11	0.03382631374	0.01693542091	0.04074655979	-0.02119586259	0.120944412
2021-03-12	-0.009590761378	-0.03323356727	-0.09699414638	-0.02812092706	-0.09626690955
2021-03-13	0.06702391905	0.08477467023	0.04843224281	0.04131170024	0.04981105326
2021-03-14	-0.03695728468	-0.03939031164	-0.0483642412	-0.04197199922	-0.05664769714
2021-03-15	-0.0587234589	-0.03000021776	-0.03370115001	-0.007567566608	-0.02116214859
2021-03-16	0.0230318	0.006469205021	0.01567443897	0.05470235736	-0.03731064603
2021-03-17	0.03475274809	0.01017453041	0.04261054107	0.02055897967	0.04042071747
2021-03-18	-0.02170294068	-0.02639291338	-0.03127847822	-0.001853568649	0.0001548979437
2021-03-19	0.00660196106	0.01842079544	0.005542935602	-0.005174047291	-0.003441567334
2021-03-20	0.001244615246	-0.001659659598	0.005186670462	0.1202688742	0.002413159233
2021-03-21	-0.01300486117	-0.01288370268	0.001319586635	-0.01845368103	0.01036235111
2021-03-22	-0.05867551852	-0.05891511402	-0.03794360594	0.05203840404	0.03152634985
2021-03-23	0.00475245614	-0.00769774333	0.002614343684	0.01042152224	-0.04430186019
2021-03-24	-0.03821082391	-0.05308453799	-0.02754603734	-0.1353310675	-0.04021080413
2021-03-25	-0.01949666105	0.002462448917	-0.06044492666	0.06132382621	-0.04656169144
2021-03-26	0.07022885249	0.06889448986	0.08699581064	0.09874421493	0.1290447774
2021-03-27	0.01428264093	0.00808453547	0.05345282339	-0.02889255866	0.1085120348
2021-03-28	-0.0007080977299	-0.01507246945	-0.002965129838	-0.003659522491	0.09308232205
2021-03-29	0.03276528384	0.07408595494	0.02528175461	0.03575860323	0.0478763531
2021-03-30	0.01909459155	0.01297185421	0.1228867275	-0.005818301439	0.006212719456
2021-03-31	-0.0001024793187	0.04198146682	-0.0290855002	0.01364075147	0.01651855548
2021-04-01	-0.0003424115563	0.02504619762	0.1018712801	0.001840991499	-0.01778847022
2021-04-02	0.003901919152	0.08080967041	0.01038232464	0.06138375241	0.03639071042
2021-04-03	-0.03272771563	-0.06045474278	-0.04951765292	-0.04843520831	0.1303567546
2021-04-04	0.01995780924	0.03289549608	0.08028024643	0.09351494182	0.05514032949
2021-04-05	0.01581835049	0.01515184124	0.05347883441	0.366216678	-0.03439261516
2021-04-06	-0.01944782802	0.002289322948	0.0916869604	0.180155443	0.0868024024
2021-04-07	-0.03577031764	-0.07302147664	-0.07143962683	-0.1806141435	0.0575310829
2021-04-08	0.03725857483	0.05787570703	0.1087644004	0.1428510182	0.01495626913
2021-04-09	0.001118911947	-0.006553637468	0.08091718428	-0.03741513012	0.02488598905
2021-04-10	0.02759172511	0.03172375086	0.03740620815	0.2997888643	-0.02995852437
2021-04-11	0.003895754469	0.008341063797	0.1096738411	-0.01587416501	0.03841376315
2021-04-12	-0.002376558977	-0.006374393531	0.126268533	0.08321551809	0.02449669521
2021-04-13	0.06021180888	0.07283108023	-0.07852863033	0.2014294124	-0.03899903247
2021-04-14	-0.009728172284	0.05640375721	-0.00295190465	0.02124686416	-0.03877390271
2021-04-15	0.003178733707	0.03293037674	-0.01490236486	-0.04280136332	0.05075616523
2021-04-16	-0.02932349103	-0.03702078318	-0.06402774125	-0.1270726417	-0.09358534573
2021-04-17	-0.02189182564	-0.04433807029	0.01253593779	-0.005889210772	-0.01793083279
2021-04-18	-0.06642869678	-0.03600462693	-0.06678244185	-0.08895791293	0.263317223
2021-04-19	-0.00924779242	-0.03390093471	0.0458653965	-0.07254174897	-0.0271053112
2021-04-20	0.01413325584	0.0752545372	0.1512997495	0.05610015811	0.007335340668
2021-04-21	-0.04786880762	0.01153393669	-0.07566606944	-0.07031348604	0.02647681283
2021-04-22	-0.03976060379	0.01719495572	-0.07323809391	-0.1113887725	0.1781124327
2021-04-23	-0.01100655855	-0.01282195296	0.04128339446	0.01362238453	-0.03960968339
2021-04-24	-0.02129700476	-0.06728087757	-0.05774520616	-0.110429064	0.08827987464
2021-04-25	-0.01979732438	0.04727116536	0.01598449989	-0.01270038142	0.1490632665
2021-04-26	0.09582776337	0.08746807276	0.05832494989	0.275116742	-0.07731465285
2021-04-27	0.01854101094	0.05138153972	0.06061033696	0.02807100324	-0.01680016532
2021-04-28	-0.003017528794	0.03033272403	-0.01060492812	-0.03196735075	0.0383315852
2021-04-29	-0.02382410591	0.003196933669	0.06354074217	0.02918113712	-0.05381694094
2021-04-30	0.07444869861	0.005562944542	0.03755503299	0.1343537758	0.007083411815
2021-05-01	0.001837315218	0.06031013058	-0.004265085128	0.03212781708	0.1491901828
2021-05-02	-0.02137124829	0.001625291103	0.002866854385	-0.05637488221	-0.0574474216
2021-05-03	0.01039468653	0.1512074155	0.0838286125	-0.003788004915	-0.02122718672
2021-05-04	-0.07196003097	-0.05759569466	-0.1041041877	-0.1135705774	-0.07402755398
2021-05-05	0.07661461529	0.08440275759	0.06635248299	0.1506340703	0.0535189797
2021-05-06	-0.01831610412	-0.009846115823	-0.0266300588	-0.00652967091	-0.03354896669
2021-05-07	0.01620091221	-0.002927142131	-0.01540215937	-0.01477038889	-0.00724523809
2021-05-08	0.02663856291	0.1167066408	0.0343232685	-0.01159100991	0.05474709804
2021-05-09	-0.01060974374	0.003494931572	0.02391843898	-0.0171861059	-0.02850919104
2021-05-10	-0.04252375199	0.005573197074	-0.04740840096	-0.09846928639	-0.03386265918
2021-05-11	0.01518224823	0.05607103529	0.06266007439	0.06136038546	0.03854376778
2021-05-12	-0.132623237	-0.087652648	-0.1221514058	-0.1527877063	-0.01878872681
2021-05-13	0.0007985717571	-0.02792870144	-0.0404086715	0.07211357159	-0.06278755549
2021-05-14	0.003426309335	0.09171151823	0.05370589564	0.0260506772	0.03943244517
2021-05-15	-0.06375488905	-0.1110560361	-0.06726261665	0.06257230368	0.01824012698
2021-05-16	-0.007113969893	-0.01786794401	0.001613861824	-0.027756884	0.07451196147
2021-05-17	-0.06434306949	-0.08734084696	-0.09716013204	0.03057095621	-0.003035552471
2021-05-18	-0.01593452787	0.0278076912	-0.008216135243	0.0611833404	0.1810254359
2021-05-19	-0.1551938195	-0.3248607465	-0.4167118606	-0.4077964787	-0.4699357465
2021-05-20	0.0994528443	0.1267936827	0.1556089095	0.1098451456	0.2386846729
2021-05-21	-0.08425363255	-0.1300545329	-0.1822141924	-0.1589097608	-0.1320531007
2021-05-22	0.005293597223	-0.05761827121	-0.08394590126	-0.1057802243	-0.2205137432
2021-05-23	-0.07755027101	-0.09045937918	-0.13953512	-0.1363761649	-0.2409815477
2021-05-24	0.1128753942	0.2337501937	0.2819507364	0.2289509152	0.2471758905
2021-05-25	-0.01222950471	0.02117556531	-0.007142680116	-0.01870353364	-0.04702034086
2021-05-26	0.02365018954	0.06436152561	0.09970318873	0.0568391436	0.1672619425
2021-05-27	-0.01830866877	-0.05073264452	-0.02534756381	-0.05673654266	-0.0486673944
2021-05-28	-0.07730916316	-0.1282737206	-0.1171002272	-0.08140302512	-0.1519750768
2021-05-29	-0.03012496149	-0.05687507875	-0.07506757303	-0.07713467891	-0.05681148643
2021-05-30	0.02950172117	0.04598728278	0.06513457674	0.08522650381	0.0428820881
2021-05-31	0.04424998539	0.1259170192	0.08182497214	0.1390224714	0.1359159127
2021-06-01	-0.01516576752	-0.02680697976	0.02531851554	-0.02934362701	-0.05691776027
2021-06-02	0.0235822706	0.02683284644	0.1025861749	0.01307208157	0.09419883664
2021-06-03	0.04369893289	0.05430679654	0.06493690768	0.02020270732	0.1526955836
2021-06-04	-0.06358407913	-0.06050060291	-0.09230406044	-0.07623020778	-0.05886804722
2021-06-05	-0.03638111995	-0.02323866527	-0.001588155768	-0.04791272211	0.05965052975
2021-06-06	0.007940357113	0.0315365155	0.009313548906	0.02566985868	0.06287659287
2021-06-07	-0.06472479604	-0.04520780269	-0.09524414688	-0.094275868	-0.09878737094
2021-06-08	-0.005138835457	-0.03327051034	-0.01537062606	0.01302687164	0.07577856682
2021-06-09	0.1133699507	0.04024062639	0.06331436791	0.05427818347	0.01890133963
2021-06-10	-0.01923617891	-0.05475983563	-0.06490428364	-0.05944556019	-0.02230146434
2021-06-11	0.01773537623	-0.04853909193	-0.01774473598	-0.02506396866	-0.1282592011
2021-06-12	-0.04901960506	0.007081885781	-0.005946786689	-0.01726541668	0.008783942591
2021-06-13	0.09325821607	0.05681364254	0.0623175521	0.05899834076	0.05934011671
2021-06-14	0.03761517248	0.02807201878	0.01192965139	0.008343717365	0.02520541599
2021-06-15	-0.009230129429	-0.0145309925	-0.01007243777	-0.02766412399	-0.003988393524
2021-06-16	-0.04574527342	-0.07155754828	-0.05398536476	-0.04039882807	0.00484457952
2021-06-17	-0.006698961945	0.002273701353	0.01608445263	0.01182880152	-0.01172269194
2021-06-18	-0.06152782083	-0.06043897828	-0.04548544232	-0.054555654	-0.06429236102
2021-06-19	-0.009427930097	-0.03156606142	-0.009386662481	-0.05015838526	-0.04527922447
2021-06-20	0.003276132483	0.03575584949	0.01506513509	0.02075386113	0.00190213977
2021-06-21	-0.1189104566	-0.1738360403	-0.2250032481	-0.2436666293	-0.2821288858
2021-06-22	0.02809452432	-0.003299009306	-0.03250670931	-0.1039513301	0.01374489406
2021-06-23	0.03531268377	0.04620020955	0.1224775821	0.1547252874	0.1344351684
2021-06-24	0.02882854838	0.0108044693	0.04090705419	0.05308551475	0.009810011229
2021-06-25	-0.0930105212	-0.09521870464	-0.09443246259	-0.09663329512	-0.08368602124
2021-06-26	0.02189599925	0.01144452721	-0.004139462786	0.008310974262	0.03624044579
2021-06-27	0.07218857506	0.08012847118	0.03933761069	0.0509362037	0.07143225801
2021-06-28	-0.005938288051	0.05023814421	-0.00299550898	-0.006188138559	0.03402590256
2021-06-29	0.04025278595	0.0380869332	0.03653142386	0.09172042511	0.02893991813
2021-06-30	-0.02443103312	0.04970613406	0.009660951898	0	0.04433656478
2021-07-01	-0.04494752092	-0.07729383221	-0.05509394641	-0.06916480836	-0.06512820027
2021-07-02	0.008377365268	0.02240185312	-0.0009049774373	-0.005324421189	0.02167437793
2021-07-03	0.02578687134	0.03326396817	0.0374552581	0.02649161545	0.01454082673
2021-07-04	0.01765107228	0.04207509884	0.03133562203	0.03330719802	-0.006339257613
2021-07-05	-0.04629552498	-0.05584715432	-0.01837201468	-0.06438527618	-0.04084630442
2021-07-06	0.01560534775	0.05576534927	0.05757772419	0.01852185938	0.03926979985
2021-07-07	-0.0105135752	-0.002556548287	0.02344762442	-0.01913498019	0.06905520033
2021-07-08	-0.02956289827	-0.09040418695	-0.05449478052	-0.0482153524	-0.1012394293
2021-07-09	0.02819435738	0.01438340476	0.02216183682	0.02447674643	0.005206385807
2021-07-10	-0.009297337803	-0.01705195298	-0.003063756917	-0.01950121253	-0.0499119097
2021-07-11	0.02231790521	0.01400117905	0.01892642821	0.01871585161	0.01531145373
2021-07-12	-0.03481973873	-0.05220227186	-0.01892642821	-0.01201405535	-0.0448671007
2021-07-13	-0.01084421199	-0.04604852577	-0.02297480505	-0.01538491884	-0.05456566635
2021-07-14	0.00275363375	0.02766821219	0.001487854853	0.0008071676925	0.07371809856
2021-07-15	-0.02905984112	-0.03836355673	0.02145531614	-0.03581197408	-0.09421083213
2021-07-16	-0.01568478726	-0.0227895114	-0.04275356682	-0.01448812404	-0.08301612021
2021-07-17	0.004330419139	0.01235763968	-0.00782237996	-0.01229313757	0.02001084239
2021-07-18	0.008167362766	-0.004193895729	0.005243780892	0.007700902266	-0.004824693791
2021-07-19	-0.02999064883	-0.03930572237	-0.0740417711	-0.05177791662	-0.08461142077
2021-07-20	-0.03461668417	-0.01814317569	-0.05910193483	-0.05271166728	-0.04314697136
2021-07-21	0.07605715848	0.1108993659	0.1034452051	0.07911057827	0.1287701397
2021-07-22	0.004448704994	0.01445774749	0.0003409362141	0.03454248396	0.03673274605
2021-07-23	0.04084975692	0.0480664059	0.01994565219	0.02847582296	0.0290690218
2021-07-24	0.01838406474	0.02808260662	0.007622825388	-0.0009855454149	0.003500668701
2021-07-25	0.03225131746	0.002304243294	0.003310603567	-0.002632879586	-0.01294334333
2021-07-26	0.05114348534	0.01733457924	0.004748096496	0.02682433449	-0.002268217587
2021-07-27	0.05791451692	0.03154713115	0.03070786078	0.0342169762	-0.002878108832
2021-07-28	0.01413481417	0.0006129915264	0.001020278114	0.1273309976	-0.008146102427
2021-07-29	-7.696532716e-05	0.03502627568	0.01024056632	0.021735584	0.1138090312
2021-07-30	0.05327978825	0.03257022533	0.01735476087	0.004397368669	0.03519839996
2021-07-31	-0.01779791256	0.02773738465	0.02992772521	-0.008143693629	0.1272372861
2021-08-01	-0.03976527538	0.009688009499	0.0006316074619	-0.02965800287	-0.07277321879
2021-08-02	-0.01766323196	0.0198510379	-0.006152566382	0.01887622727	-0.02964632254
2021-08-03	-0.02432468406	-0.03827307394	-0.02177522656	-0.03362124333	0.02788859541
2021-08-04	0.03891484284	0.08248748105	0.03446102165	0.02409087848	0.0473859492
2021-08-05	0.02827689676	0.03682485048	0.009335858971	0.002322881416	0.04358327933
2021-08-06	0.04718738719	0.02259052415	0.0131708504	0.01986417589	0.05652015346
2021-08-07	0.03971879399	0.08886705852	0.03948578281	0.08805890592	-0.00141782944
2021-08-08	-0.01761270403	-0.04811561615	-0.04123970767	-0.04690514947	-0.04718259941
2021-08-09	0.05462970446	0.04818206312	0.03600394624	0.04788482136	0.02611032255
2021-08-10	-0.0145564791	-0.005985248375	0.04847831777	0.04089053562	0.05030952648
2021-08-11	-0.001624440687	0.005978920282	0.04992647558	0.1716709064	0.02385204432
2021-08-12	-0.02473710832	-0.03691412052	-0.01364910067	-0.04503670263	-0.01254806547
2021-08-13	0.07380869284	0.08684721166	0.06305295004	0.1208608799	0.08682077605
2021-08-14	-0.01542143957	-0.01796728303	-0.005101117928	0.1598872705	-0.01551115734
2021-08-15	-0.002013774691	0.01337259759	0.01307875508	0.003745614992	0.1928945245
2021-08-16	-0.02309720399	-0.04976839029	0.004025217241	-0.07973769409	0.1471314909
2021-08-17	-0.02661032776	-0.04378891421	-0.03405750434	-0.07685644939	0.03341069765
2021-08-18	0.0002089456485	0.0009392211793	-0.01416152497	0.04043569292	0.1250292002
2021-08-19	0.04494955658	0.05472539041	0.08494141667	0.07708415554	0.001389013268
2021-08-20	0.05333836243	0.0311359002	0.05340921688	0.02258263808	0.07769729624
2021-08-21	-0.01020138994	-0.01886584591	-0.01369990553	-0.03800836734	-0.06354634199
2021-08-22	0.008512092206	0.004509845249	-0.0001337166546	0.008354541182	-0.01399979202
2021-08-23	0.005056931265	0.02539439554	0.1064163902	0.0159407834	0.03838798009
2021-08-24	-0.03736100601	-0.04642309843	-0.05655275242	-0.09280068772	-0.0697648545
2021-08-25	0.02688927436	0.0175854748	0.06479425579	0.03309380312	0.02029543346
2021-08-26	-0.04445550302	-0.04230647341	-0.05114791674	-0.09121122091	0.04012982889
2021-08-27	0.04642565519	0.05663832086	0.03372723543	0.1066852539	0.1606886383
2021-08-28	-0.00356351226	-0.008889383829	-0.01692708918	-0.03927441488	0.08952772035
2021-08-29	-0.002611425769	-0.006496671711	-0.01345915337	-0.004460583772	-0.02089863405
2021-08-30	-0.0372869556	0.001912256844	-0.04128245768	-0.03623778922	0.1570119121
2021-08-31	0.002507978246	0.05995632191	0.007790560935	0.0747569941	-0.018122407
2021-09-01	0.03565396659	0.1097071733	0.05351113925	0.04179318268	0.02228606255
2021-09-02	0.008895278544	-0.01077166303	-0.01171527118	0.01373791439	0.1469113566
2021-09-03	0.01516466334	0.03943840471	0.009874591654	0.02940463422	0.1325170751
2021-09-04	-0.001671424777	-0.01344408979	0.01865801438	-0.02820850952	-0.05273235062
2021-09-05	0.03622298967	0.01653217094	0.01416482536	0.04121719853	0.02221680669
2021-09-06	0.01737284116	-0.005971788941	-0.01738479192	0.06067860341	0.1453799347
2021-09-07	-0.1166861826	-0.1339254691	-0.1696228463	-0.2073625819	0.05474003298
2021-09-08	-0.01755296593	0.0185854775	-0.008876152794	-0.02638107231	0.09643110935
2021-09-09	0.007503649579	-0.02139617984	0.01506664875	-0.01189074652	-0.01646822819
2021-09-10	-0.03385083421	-0.06516529967	-0.04838673262	-0.02950727615	-0.04517775055
2021-09-11	0.007170959564	0.01802067583	0.009175513846	0.02202628998	-0.003122911304
2021-09-12	0.01867510394	0.04107649123	0.02727220399	0.03587420377	-0.02688866603
2021-09-13	-0.02384543116	-0.03553970977	-0.04219414215	-0.04931351011	-0.02769067622
2021-09-14	0.0471730466	0.04436031158	0.03737833703	0.02962356763	-0.06488070201
2021-09-15	0.02120963532	0.05085716591	0.04021355457	0.02201261638	-0.0005666257589
2021-09-16	-0.008003236568	-0.01269105932	-0.01636315145	-0.02759232443	-0.04179597667
2021-09-17	-0.00921408319	-0.04828006161	-0.04261085101	-0.02235403567	-0.03141619623
2021-09-18	0.02077136614	0.01048367793	0.01003311977	0.008406550535	0.1368292419
2021-09-19	-0.02200320328	-0.03164542196	-0.005126338579	-0.02524387603	-0.1023315811
2021-09-20	-0.09371472997	-0.1115476717	-0.1153081272	-0.1288137935	-0.1402497544
2021-09-21	-0.05449085223	-0.07364405273	-0.05562478263	-0.05268772375	-0.06600076315
2021-09-22	0.06669051131	0.1065630174	0.09573243253	0.1376262797	0.174729855
2021-09-23	0.02990081126	0.02426669221	0.01180341572	-0.001695845586	0.01268771425
2021-09-24	-0.04687874118	-0.07369519821	-0.07722183133	-0.0592278342	-0.07462636617
2021-09-25	-0.003273938799	-0.002324684052	-0.01532814569	-0.004246290881	-0.02231278294
2021-09-26	0.0114238969	0.04603310582	-0.01614798641	0.003822472269	-0.003091647659
2021-09-27	-0.02376318104	-0.04471284267	-0.02501970096	-0.02337406725	0.005220792034
2021-09-28	-0.02695263741	-0.04212471685	-0.007479466431	-0.03196568866	-0.03090918187
2021-09-29	0.01205914204	0.01610542365	0.09912489833	0.03737520093	0.02280899031
2021-09-30	0.05390557798	0.05133872478	0.05244846049	0.02819185694	0.04425564915
2021-10-01	0.09396298154	0.09810539735	0.08410392865	0.08915949298	0.1334960238
2021-10-02	-0.01058119006	0.02324793734	0.01319840041	-0.006063249411	0.04490377403
2021-10-03	0.01179354267	0.008807651982	0.00792914602	0.01845970834	0.02339561615
2021-10-04	0.02104117711	-0.009235755034	-0.009804000097	-0.01210864773	-0.03440402818
2021-10-05	0.04463737058	0.03737550299	0.03639277706	0.03894397315	-0.01513216516
2021-10-06	0.07200634327	0.01681807047	-0.01641998123	-0.006850610017	-0.06753169748
2021-10-07	-0.02804541125	0.00351281224	0.008243692209	-0.008114580738	0.002531400437
2021-10-08	0.003085489142	-0.006807846616	-0.04501167881	-0.003941076697	0.0293838207
2021-10-09	0.01833438792	0.003275453163	0.006420186123	0.08710539288	-0.01279713378
2021-10-10	-0.005304699877	-0.04596576239	-0.04310594705	-0.0219559264	-0.06105907604
2021-10-11	0.05017267734	0.03677635512	0.02202732232	0.001056524134	-0.01902082522
2021-10-12	-0.02598969496	-0.01440543111	0.07258521706	-0.03092016494	0.05083729488
2021-10-13	0.0241723573	0.03267284855	0.05815846393	0.02305758634	-0.02850106353
2021-10-14	-0.0003323019683	0.04958951913	0.004027562413	0.005395617	0.01328611102
2021-10-15	0.07269990622	0.02041113654	0.003800680251	0.006769554183	0.08408526746
2021-10-16	-0.01300488455	-0.01013913179	-0.0185052606	-0.006152242995	-0.03517449173
2021-10-17	0.01066577434	0.004400272314	0.0108893998	-0.0358094527	0.01624413985
2021-10-18	0.007795362977	-0.02684369558	0.02929692686	-0.01074834655	-0.01891368952
2021-10-19	0.03596463729	0.0346584606	0.006577618782	0.007728440344	-0.008565089114
2021-10-20	0.02641838601	0.07072208178	0.02668442138	0.04865486123	0.1261218036
2021-10-21	-0.05943124037	-0.02633659804	-0.06255896702	-0.05094875589	0.07508563545
2021-10-22	-0.02449525502	-0.02013478295	0.01768094892	-9.18653255e-05	0.02994096298
2021-10-23	0.009814059458	0.04790505234	0.01285258157	0.004491505786	0.007410449098
2021-10-24	-0.007115367573	-0.02055724588	-0.02018168986	-0.01038850988	0.02195692
2021-10-25	0.03593611946	0.03325489809	0.01935745738	0.0119420857	0.03671741126
2021-10-26	-0.04457465398	-0.02127742393	-0.01453513962	0.01125953964	-0.04811085275
2021-10-27	-0.03226376707	-0.05204365023	-0.06346540265	-0.1071177648	-0.07997182369
2021-10-28	0.03635095878	0.08875683562	0.09192093082	0.06129835283	0.05755582705
2021-10-29	0.02732117284	0.03052996993	0.07516744034	0.02298736988	0.02521417965
2021-10-30	-0.006357458875	-0.02201295305	-0.003778579973	0.00193807453	-0.02378239376
2021-10-31	-0.009084092794	-0.008239408556	-0.007028236737	0.0256681062	0.03410762821
2021-11-01	-0.006360992003	0.007487277386	0.04964305816	-0.01932646462	0.006939174969
2021-11-02	0.03720496032	0.06073260954	0.00560732228	0.03899164432	0.07971821243
2021-11-03	-0.005130348313	0.002928240668	0.02493894835	0.0641584595	0.09723502904
2021-11-04	-0.0241616388	-0.01555034964	-0.01721273976	-0.008048166238	0.01508877823
2021-11-05	-0.007486048651	-0.01289744477	0.08341024644	-0.03587410338	-0.04558568729
2021-11-06	0.008716661568	0.009732913144	0.04884505042	-0.006149601468	0.09057754869
2021-11-07	0.02890884809	0.02072010333	0.01848883553	0.05805578114	-0.03448346073
2021-11-08	0.06504216885	0.04148751612	0.005985744217	0.04934435594	-0.005703513875
2021-11-09	-0.008599071277	-0.01585935585	-0.02871753417	-0.01922378588	-0.03784568214
2021-11-10	-0.0313342572	-0.02212434718	-0.03346721756	-0.05468612071	-0.02520625687
2021-11-11	-0.001668560644	0.01930357829	0.02301912505	0.01996406349	0.001200531808
2021-11-12	-0.01011719655	-0.01141047666	-0.002389868102	-0.0215617094	-0.02117649774
2021-11-13	0.004011920194	-0.004550081214	0.03541579783	0.000757097828	0.05579339532
2021-11-14	0.01753867732	-0.003835712162	0.001999539234	-0.001093769828	-0.01228593427
2021-11-15	-0.02962226361	-0.0136494152	-0.02646892809	-0.01347535116	-0.001845483285
2021-11-16	-0.05739419171	-0.08074558856	-0.07381673122	-0.07464631604	-0.08385629538
2021-11-17	0.004750691929	0.01836814195	-0.01834284736	0.00696292323	-0.0004566418637
2021-11-18	-0.05892788542	-0.07025472024	-0.08330638986	-0.05123082847	-0.1157468804
2021-11-19	0.02019524046	0.07187661429	0.08848327804	0.04564601194	0.09874930401
2021-11-20	0.02811451331	0.02697095698	0.03932000652	0.006679807058	0.01099622982
2021-11-21	-0.01834741421	-0.03549426397	-0.03416978054	-0.03678319384	0.05749787232
2021-11-22	-0.04135448742	-0.04131321373	-0.043214981	-0.02055226955	-0.06691578967
2021-11-23	0.02274652299	0.0601861533	0.055299206	0.02921930449	0.02817216542
2021-11-24	-0.007027959624	-0.01628137443	-0.001354325584	-0.03192723651	-0.07513182453
2021-11-25	0.03139088384	0.05812049433	0.07943005441	0.01078800676	0.02054586671
2021-11-26	-0.09295843321	-0.1130427499	-0.08452517413	-0.1053818056	-0.08728418044
2021-11-27	0.01834117575	0.0132958553	0.02122721213	0.00615517172	0.00166164749
2021-11-28	0.04561403695	0.0475627989	0.01882486238	0.02455842112	0.04041929853
2021-11-29	0.0087156584	0.03427379482	0.0196005303	0.02154793609	0.01679964407
2021-11-30	-0.01439426855	0.04093889544	-0.001444738994	0.008550929825	0.02152184276
2021-12-01	0.004091840063	-0.01027012645	0.008000042667	-0.008449904417	0.09716996479
2021-12-02	-0.0123827501	-0.01577748537	-0.0121854963	-0.0186597308	0.01635737039
2021-12-03	-0.05232395556	-0.06774264277	-0.04099676916	-0.05337558913	-0.09867628399
2021-12-04	-0.08664155778	-0.02363730267	-0.04538420633	-0.08635033084	-0.05327219917
2021-12-05	0.004949030282	0.01905108204	-0.01917672402	-0.04899731073	-0.02135563405
2021-12-06	0.02094644546	0.03538512178	0.05187577082	0.02576829693	-0.01471859182
2021-12-07	0.002910597598	-0.00951938032	-0.01509203744	-0.01231047298	-0.01756396943
2021-12-08	-0.002330494561	0.02985589995	0.0480740175	0.05580847193	0.0229739834
2021-12-09	-0.05971363823	-0.07759655003	-0.0628710496	-0.004533573589	-0.07189297442
2021-12-10	-0.008555687529	-0.05191342972	-0.03171475494	-0.07134246139	-0.07877816236
2021-12-11	0.0466144194	0.0479427155	0.02166796205	0.04883782975	0.02803977067
2021-12-12	0.01335265272	0.009886483013	0.01022215457	0.0001191540067	0.003768666585
2021-12-13	-0.06929737535	-0.08804294563	-0.09041249641	-0.07096925773	-0.1073558177
2021-12-14	0.03452417623	0.02017102987	0.01353561796	0.03580559611	0.03823893059
2021-12-15	0.01073375882	0.04064752951	0.02431844494	0.0194323255	0.1016826705
2021-12-16	-0.02554820243	-0.01528638211	-0.02792273604	-0.02587038166	-0.009342180613
2021-12-17	-0.0320232714	-0.02111259458	-0.001331178289	-0.01061382256	-0.007662437808
2021-12-18	0.01513017312	0.02157230431	0.01585836519	0.03648420422	0.0405872225
2021-12-19	-0.003277527106	-0.009079129396	-0.007708978668	0.01059484989	-0.01571535748
2021-12-20	0.004977392175	0.005233291945	-0.01100789252	0.05226288406	-0.034087465
2021-12-21	0.04125087324	0.01744510799	0.008172619849	0.07328764422	0.03241875842
2021-12-22	-0.006190542271	-0.008666922745	0.009982190431	0.00736690345	-0.006870959635
2021-12-23	0.04528015945	0.03260733923	0.02845194691	0.04148864863	0.06315373429
2021-12-24	-0.000370061389	-0.01594832381	-0.01264795524	-0.0867462111	0.00173506182
2021-12-25	-0.008305548869	0.01190749085	0.00972931034	0.01491833624	0.01429117318
2021-12-26	0.007429328816	-0.007665765704	-0.00182848835	-0.005636260314	0.02409878459
2021-12-27	-0.001459445278	-0.006500623451	0.03117088683	0.007472014839	-0.01087740724
2021-12-28	-0.06430418313	-0.0624674636	-0.05375189441	-0.08484618478	-0.09847355691
2021-12-29	-0.02295810578	-0.04380636114	-0.0375747454	-0.04123801371	-0.03845854034
2021-12-30	0.01402397902	0.02155010326	0.007744472395	0.02597234835	0.01101570224
2021-12-31	-0.01936982149	-0.008947321215	-0.01378796481	-0.01066964507	-0.01477355999
2022-01-01	0.03205994678	0.02400350672	0.03061758368	0.02499535031	0.05198133342
2022-01-02	-0.009188052744	0.01652172676	0.006992374706	0.009243615809	-0.01525028852
2022-01-03	-0.01792557473	-0.01642878292	-0.03663272778	-0.03099006127	-0.03579025574
2022-01-04	-0.01330974519	0.005090727455	-0.009815547985	-0.01159993674	-0.01438447864
2022-01-05	-0.05334589702	-0.06677027114	-0.06689547557	-0.06295170755	-0.0819723845
2022-01-06	-0.008524386257	-0.03852830783	-0.003168905155	0.008377957105	-0.02795641086
2022-01-07	-0.03581839879	-0.06286308799	-0.05323294296	-0.02035726703	-0.09640887979
2022-01-08	0.002721086192	-0.03767529061	-0.04146379829	-0.02412950158	0.04085424024
2022-01-09	0.004425919399	0.0227896632	0.02026318467	0.01041258907	-0.009330008308
2022-01-10	-0.001006845703	-0.02222830567	-0.03243277085	-0.01755018587	-0.03585753533
2022-01-11	0.02145040044	0.0496875578	0.08763907415	0.04026500743	0.03144503084
2022-01-12	0.02709027694	0.03979965541	0.05088337432	0.03620535656	0.07758165477
2022-01-13	-0.03105748088	-0.03952497804	-0.02616971773	-0.03919567278	-0.03608656301
2022-01-14	0.01167613338	0.02040684557	0.03066962306	0.006748014187	0.0002052615381
2022-01-15	0.0005648665035	0.005613977895	0.009141759958	0.007601660003	0.01000655026
2022-01-16	-0.0002931892711	0.006246161427	0.008257020027	-0.000898876465	0.002300251336
2022-01-17	-0.0204066313	-0.04186044046	-0.04806840304	-0.02168775349	-0.0568642997
2022-01-18	0.003559869946	-0.01564357	-0.008028777546	-0.01428029027	0.01010612829
2022-01-19	-0.01647680301	-0.02429061735	-0.02035857307	-0.01719317033	-0.04319404036
2022-01-20	-0.02378273523	-0.02712844041	-0.04811924834	-0.0249670033	-0.05869487684
2022-01-21	-0.1099461599	-0.155919705	-0.1368470671	-0.1226566789	-0.1275233564
2022-01-22	-0.03842622699	-0.06265489239	-0.0690114777	-0.06520876245	-0.1718836591
2022-01-23	0.03290247139	0.05124333833	0.0690114777	0.05177088733	0.05394473707
2022-01-24	0.01140676439	-0.04006722792	-0.03337174082	-0.02661232769	-0.08194034456
2022-01-25	0.008095001639	0.007978613695	0.03649267964	0.01008302574	0.02936974227
2022-01-26	-0.004039173875	0.001690431991	-0.02631038373	0.002101350486	-0.02730508519
2022-01-27	0.009483987688	-0.01585386084	0.0386976389	-0.0171000014	-0.02874172407
2022-01-28	0.0148636503	0.04860452252	-0.01031202744	0.003770805353	0.02023845687
2022-01-29	0.0118678205	0.02193457311	0.008771986073	0.01025650017	0.05111263432
2022-01-30	-0.007497346049	9.60963732e-05	-0.03157470386	-0.02642313402	-0.0299885211
2022-01-31	0.01532840149	0.03224560944	-0.007717935849	0.02642313402	0.06434421563
2022-02-01	0.005901665737	0.03664527146	0.02610563542	0.01765979431	0.1006050308
2022-02-02	-0.04758689579	-0.03898150783	-0.04607391897	-0.04524775083	-0.07686651734
2022-02-03	0.01119163708	0.005502112974	0.01461064952	0.01585761673	-0.001080284907
2022-02-04	0.108176447	0.1053720164	0.07051378433	0.07161153092	0.1013039546
2022-02-05	-0.004620724247	0.005879197445	0.03492730826	0.0152905863	0.009983738005
2022-02-06	0.0238368202	0.01395622919	0.01487551422	0.02507363755	0.01336089386
2022-02-07	0.03384933336	0.02737322953	0.03187520853	0.1973484998	0.01949982329
2022-02-08	0.004619787837	-0.007378007594	-0.06111493808	0.05259747124	-0.03550156376
2022-02-09	0.007458663819	0.04001709916	0.03635888634	-0.007560173466	0.004222013484
2022-02-10	-0.01996876118	-0.05430033262	-0.01958037723	-0.052401368	-0.07054264168
2022-02-11	-0.02612751026	-0.04832582784	-0.03609082014	-0.08361343558	-0.09518774216
2022-02-12	-0.003685003626	-0.002962498874	0.008959741371	0.07997177095	-0.005922402889
2022-02-13	-0.003897169254	-0.01649430055	-0.01422357105	-0.02039382719	-0.03294615017
2022-02-14	0.01140294376	0.02021141465	0.01372790809	-0.005600860991	0.03720966206
2022-02-15	0.04614740565	0.08307040769	0.06942246024	0.06088889631	0.09070555855
2022-02-16	-0.01518491054	-0.01941759312	-0.01186474312	-0.01765344109	-0.03530118695
2022-02-17	-0.07962230742	-0.07666655803	-0.06003972386	-0.0842550895	-0.08542400429
2022-02-18	-0.01344930345	-0.03963949185	-0.007984074348	0.01931805084	-0.03992241352
2022-02-19	0.002616498113	-0.005718826867	0.001501877629	0.04672291713	0.01556924289
2022-02-20	-0.04314075293	-0.05261146153	-0.0492154672	-0.05582029552	-0.006044306549
2022-02-21	-0.03657756618	-0.02079839749	-0.06513424943	-0.1016631788	-0.08941927606
2022-02-22	0.03249075077	0.0262374518	0.04844290948	0.02685196826	0.04039760361
2022-02-23	-0.02597696635	-0.02169563625	-0.02351777533	-0.03414552937	-0.02094011122
2022-02-24	0.02850787452	0.006371847962	-0.01210801804	-0.0005743000876	0.05485709845
2022-02-25	0.02300557007	0.06425320773	0.03749420443	0.1004800343	0.03680318686
2022-02-26	-0.002615660801	0.003958216835	-0.003472689479	-0.02512133157	-0.02711437561
2022-02-27	-0.03691457136	-0.06031188627	-0.03707156584	-0.0398069265	-0.05232627697
2022-02-28	0.1352787147	0.1099605301	0.09402182909	0.07911472245	0.151929366
2022-03-01	0.02880269257	0.01878209209	0.03257779082	0.003834360526	-0.01028545923
2022-03-02	-0.01196243455	-0.009801500907	0.001466992928	-0.01958068484	0.02026757446
2022-03-03	-0.03333326159	-0.03920388433	-0.01650487029	-0.02262956716	-0.05156516707
2022-03-04	-0.0810549423	-0.07771008924	-0.07315309937	-0.05301063469	-0.07941542067
2022-03-05	0.006347843793	0.01628481777	0.02767339592	0.0563317935	0.01472350284
2022-03-06	-0.02511479843	-0.0436612276	-0.02553778379	-0.03908279163	-0.05811049158
2022-03-07	-0.01132891951	-0.02386670506	0.01482292889	-0.007475117864	-0.0350153079
2022-03-08	0.01936043947	0.03349375367	0.002099738304	0.001388503417	0.008049805634
2022-03-09	0.07965003732	0.05696860756	0.03046969511	0.06069807711	0.0674043088
2022-03-10	-0.06195676107	-0.04510971624	-0.055424534	-0.03955505998	-0.06074528547
2022-03-11	-0.01772064514	-0.01930511038	-0.0002688533421	0.08686419413	-0.02690635591
2022-03-12	0.002006528401	0.004658920645	0.001343544472	-0.02165513301	0.008762783625
2022-03-13	-0.02690046739	-0.02090764433	-0.02998316724	-0.03299348363	-0.03310526538
2022-03-14	0.04892031687	0.02889883107	0.03266485295	0.01902337498	0.03113724506
2022-03-15	-0.00990588417	0.01087747947	-0.004563153804	-0.01181448341	0.01974951427
2022-03-16	0.04562481143	0.05791429639	0.03619467868	0.0336446731	0.05780872008
2022-03-17	-0.004781075985	0.01364569765	0.01646974953	0.00201841875	0.000341744037
2022-03-18	0.02031169524	0.04417464288	0.01368842666	0.003773589384	0.02252347467
2022-03-19	0.01056768257	0.004047708659	0.006774583682	0.02834523576	0.02756750269
2022-03-20	-0.02250235248	-0.03078584964	-0.02301859568	-0.01686090033	-0.04079491223
2022-03-21	-0.006317702206	0.009962856753	0.01321829109	0.03847096443	-0.0003385813474
2022-03-22	0.03267507037	0.02717385065	0.02074296539	-0.0008363702023	0.02055708633
2022-03-23	0.01216786674	0.02210012619	0.01008990964	0.001194600548	0.04814225523
2022-03-24	0.02552564381	0.02432620979	0.01410186267	0.006189022374	0.07538683128
2022-03-25	0.007286174228	-0.002774873419	-0.009460349513	-0.02268051861	-0.03703389566
2022-03-26	0.004460717136	0.01372169424	0.01331577598	0.01062426992	0.0312509832
2022-03-27	0.05073377393	0.04678952694	0.03474294844	0.02993066625	0.05088035157
2022-03-28	0.006268250306	0.01124537955	-0.0006971070342	0.007084403359	-0.01212477845
2022-03-29	0.006611696768	0.02007662374	0.009255040611	-0.007434114851	0.05402242743
2022-03-30	-0.007762984397	-0.004338158668	0.01803084339	0.004188487799	0.07920158935
2022-03-31	-0.03365359926	-0.03128357939	-0.03031230931	-0.05550019144	0.01601085148
2022-04-01	0.01684575714	0.05157955453	0.04289957372	0.01570808554	0.09140020068
2022-04-02	-0.01026107307	-0.003316435324	-0.02373260894	-0.004480239982	-0.01520571599
2022-04-03	0.0129336149	0.02243665456	0.02974532052	0.02303364788	0.03274356141
2022-04-04	0.003724361442	-0.0006845220188	-0.006236100388	-0.02060940427	-0.03538876569
2022-04-05	-0.02352373495	-0.03248973053	-0.006500078921	-0.01169034259	-0.04069902645
2022-04-06	-0.05250178166	-0.0725677577	-0.05690711934	-0.0722441089	-0.1162176972
2022-04-07	0.006320429156	0.01835034371	0.03714946517	0.03569498311	0.04779892705
2022-04-08	-0.02782519922	-0.01084193698	-0.03382246591	-0.041770015	-0.07499134149
2022-04-09	0.01181012993	0.02051859626	0.0120270286	0.009623698294	0.02728094527
2022-04-10	-0.01401742975	-0.01718809	-0.02012616767	-0.01041882158	-0.01687314057
2022-04-11	-0.06437336582	-0.07226431045	-0.05784804477	-0.08216613249	-0.1082959042
2022-04-12	0.0136799403	0.01595399555	0.04702672961	0.02893818949	0.03499790374
2022-04-13	0.02641901843	0.02949152382	0.02341803551	0.01112358522	0.01652612554
2022-04-14	-0.02973230413	-0.03136932206	-0.02076199145	0.004139649902	-0.04054806597
2022-04-15	0.0151447196	0.006129463285	0.006250020345	0.07887684814	0.005344430773
2022-04-16	-0.004279969331	0.006144422645	0	-0.006383272025	0.00737575257
2022-04-17	-0.0175027636	-0.02356178423	-0.0259754864	-0.03771569871	-0.01889181352
2022-04-18	0.02790987484	0.02233853449	0.02477658924	0.0236572999	0.02153382299
2022-04-19	0.01681929928	0.01501003441	0.0131094715	0.006473352486	0.05863944953
2022-04-20	-0.003258609229	-0.008329860833	-0.009278049189	-0.03039668059	-0.02727866481
2022-04-21	-0.02146219514	-0.0305191337	-0.03279778971	-0.02546449482	-0.03675004866
2022-04-22	-0.0192258768	-0.007127546795	0.004189778156	-0.02054252978	-0.01215850494
2022-04-23	-0.006761298357	-0.009960356592	-0.01361912842	-0.01714006558	0.0007953077266
2022-04-24	0.0002162457341	-0.004109994972	-0.005750734688	-0.01082785903	-0.01401003602
2022-04-25	0.02443777865	0.02889050082	0.01369713856	-0.007188070052	0.01758111411
2022-04-26	-0.05892887322	-0.06774948549	-0.0465789081	-0.07658598523	-0.05380320358
2022-04-27	0.02904130835	0.02782953704	0.01389626067	0.01576295967	0.02741591889
2022-04-28	0.01282276797	0.01646824232	0.03958432629	-0.01451762949	-0.001220752949
2022-04-29	-0.02925883015	-0.04164618187	-0.03524924364	-0.04975515981	-0.04454430461
2022-04-30	-0.02532863018	-0.03264121926	-0.0412992076	-0.04532169314	-0.1045803461
2022-05-01	0.02201296127	0.03536368874	0.03337989172	0.03777201015	0.05795896508
2022-05-02	0.001475709065	0.01116999654	-0.001026430678	0.01195461711	-0.0246089854
2022-05-03	-0.02088383007	-0.02654885064	-0.0144817633	-0.01575094089	-0.01892073057
2022-05-04	0.05067156252	0.05556499314	0.0475614112	0.06591222576	0.07740524887
2022-05-05	-0.08233682535	-0.06776478747	-0.06199167603	-0.07688672899	-0.09313511892
2022-05-06	-0.01486107612	-0.02026234495	0.001848185345	0.006831651997	-0.03417901889
2022-05-07	-0.01514671792	-0.02158790639	-0.03653374333	-0.03618315254	-0.03513504541
2022-05-08	-0.04126534833	-0.04486839039	-0.02661648667	-0.02545909083	-0.04513214061
2022-05-09	-0.1237514804	-0.1227926658	-0.1839525574	-0.1500674228	-0.1928302818
2022-05-10	0.03080084662	0.04967546445	0.07480729818	0.05139589532	0.07348726107
2022-05-11	-0.0636651051	-0.1162625551	-0.1615423939	-0.206710122	-0.2733360436
2022-05-12	-0.002552393983	-0.06170734723	-0.009250759772	-0.07876516039	-0.1312326055
2022-05-13	0.008824272581	0.02492376948	0.07723637153	0.09209869126	0.09155599275
2022-05-14	0.02693910433	0.02301530206	0.02144763063	0.008009465668	0.06929263577
2022-05-15	0.0404561319	0.042278958	0.0508890362	0.05010770213	0.1151729823
2022-05-16	-0.04755180341	-0.05836698825	-0.04987910512	-0.05740786407	-0.08956435259
2022-05-17	0.0189306062	0.03260075113	0.02983317038	0.03461035265	0.0583145072
2022-05-18	-0.05848869957	-0.08773344202	-0.06232021267	-0.0768514581	-0.132780059
2022-05-19	0.05435138642	0.05309965208	0.06525515689	0.03607702714	0.04446047038
2022-05-20	-0.03757886696	-0.03039973903	-0.01608437761	-0.02504344701	-0.05452496757
2022-05-21	0.008322856375	0.008128865473	0.03319536813	0.01067194218	0.01764633718
2022-05-22	0.02842153842	0.03390847124	0.02215981782	0.01745829347	0.04222828013
2022-05-23	-0.03989513477	-0.03479490855	-0.00691174602	-0.04015049567	-0.06514846321
2022-05-24	0.01856402457	0.003081417055	0.03439533475	0.008355910009	0.0101174477
2022-05-25	-0.003798525195	-0.01875609542	-0.007951112225	-0.006383522782	-0.03461687171
2022-05-26	-0.01160311604	-0.08058207056	-0.07224390677	-0.03509131981	-0.09940358179
2022-05-27	-0.01976680768	-0.03691852711	-0.004631169376	-0.02610304556	-0.05367083984
2022-05-28	0.01392745826	0.03691294746	0.01937345111	0.01145547544	0.07214553567
2022-05-29	0.01493273066	0.01188080067	-0.005543793752	0.007222110318	0.01636257508
2022-05-30	0.07408727159	0.09720111889	0.05099894106	0.07331829303	0.04859958513
2022-05-31	0.002103399739	-0.0288701192	-0.002800686442	0.007139487727	-0.03118867699
2022-06-01	-0.06479498169	-0.06595738261	-0.06601462823	-0.05784215547	-0.1320031749
2022-06-02	0.02146802119	0.008833500758	0.025958415	0.01866886827	0.01828114152
2022-06-03	-0.02501791666	-0.03267496711	-0.03196844979	-0.03794901902	-0.06497925472
2022-06-04	0.005500964526	0.01645985145	0.009001561031	0.005364682684	0.01863407954
2022-06-05	0.001845667998	0.0009139224245	-0.0073284805	0.00710843308	-0.0123840592
2022-06-06	0.04745008883	0.02924866237	-0.01346368369	0.0182985429	0.09573489843
2022-06-07	-0.007928880711	-0.02532552856	-0.01639941092	0.01234278814	-0.07543354593
2022-06-08	-0.03002209821	-0.01189958594	-0.006219785082	-0.01732287812	-0.01228579569
2022-06-09	-0.003144841246	-0.001714753722	0.004840949979	-0.0009990010821	0.02868581004
2022-06-10	-0.03439592024	-0.07298151462	-0.01214660084	-0.04785357143	-0.07237696947
2022-06-11	-0.02320061195	-0.0814142371	-0.05933791506	-0.05828463564	-0.09120240551
2022-06-12	-0.06730524721	-0.06610149785	-0.05757259633	-0.04722151462	-0.1029728258
2022-06-13	-0.1669976412	-0.1705817565	-0.1333071522	-0.09624274384	-0.06792003513
2022-06-14	-0.01573183287	-0.0007607329863	0	0.03032449668	0.03402974859
2022-06-15	0.02000552854	0.02339852172	0.04643847949	0.06679173681	0.161030834
2022-06-16	-0.1016301782	-0.1468535812	-0.1055507925	-0.09263622599	-0.1432778975
2022-06-17	0.003303149654	0.01711061305	0.02629259438	0.02459915901	0.01939893152
2022-06-18	-0.07600183635	-0.08824830592	-0.09114832409	-0.04296603588	0.04177237312
2022-06-19	0.08112771493	0.125797798	0.08789930754	0.05964853584	0.06557249608
2022-06-20	-5.346568196e-06	-0.0002570044813	0.006487511169	-0.01140052403	0.03024859742
2022-06-21	0.007246490992	-0.002120590478	0.01649144109	0.02054971869	0.03293627323
2022-06-22	-0.03613769395	-0.06956720574	-0.02623855934	-0.02179002892	-0.06523435168
2022-06-23	0.05462142688	0.08618896544	0.06544179776	0.04103295582	0.1116420351
2022-06-24	0.006024413337	0.06779710478	0.04818668269	0.0893909141	0.09399870421
2022-06-25	0.01186565032	0.01405562619	-0.002083768206	0.001088731735	0.007369580483
2022-06-26	-0.02130943009	-0.03653460441	-0.02449446785	-0.02311605405	-0.06938206544
2022-06-27	-0.01414602546	-0.004417862685	-0.0004276245522	-0.01543024022	-0.02233439005
2022-06-28	-0.022488842	-0.04148573119	-0.02995665725	-0.0468835859	-0.08587919459
2022-06-29	-0.00783484974	-0.03907352762	-0.0322464124	-0.02368571228	-0.03746835975
2022-06-30	-0.009025345538	-0.02689894218	-0.0004552697552	0.007556330347	-0.008553362868
2022-07-01	-0.03378067521	-0.01058796979	-0.0123712918	-0.05636166453	-0.02762938514
2022-07-02	-0.001400891578	0.00684618565	0.006433845723	0.005401125124	0.01571029291
2022-07-03	0.003267942872	0.006771708103	0.004114291518	0.01852195471	0.000898876465
2022-07-04	0.04657331482	0.06899907729	0.05459531845	0.02214793699	0.09479274355
2022-07-05	-0.003012928465	-0.01620355136	-0.003028338892	-0.010705103	-0.03633737737
2022-07-06	0.01908142117	0.04663921383	0.03323697503	0.02189868531	0.04528658964
2022-07-07	0.05028235345	0.04201834242	0.011666799	0.02905629848	0.03762033038
2022-07-08	-0.00139889837	-0.0191314936	-0.002903963874	-0.005861681496	-0.008879661375
2022-07-09	-0.0001352271935	0.0024516067	0.010743905	0.01343085883	-0.001575216918
2022-07-10	-0.0343631514	-0.04080419163	-0.03598714693	-0.05760207714	-0.03611466436
2022-07-11	-0.04404073475	-0.06356897065	-0.03954458323	-0.03215510366	-0.09389467434
2022-07-12	-0.03231749145	-0.0541776899	-0.0224124128	-0.01148704399	-0.02239125318
2022-07-13	0.04581372899	0.07100000936	0.04389975562	0.03809684694	0.06686903471
2022-07-14	0.01734182763	0.06796872989	0.03411844789	0.0307248503	0.06133146646
2022-07-15	0.01164699415	0.0312067787	0	0.001197604934	0.005636842197
2022-07-16	0.01739743739	0.09639865043	0.04629128736	0.04762109031	0.05772332681
2022-07-17	-0.01892909171	-0.01276692049	-0.008038628496	-0.02075600601	-0.02455366317
2022-07-18	0.07564984518	0.1664212149	0.06370585011	0.06211423334	0.1194503255
2022-07-19	0.04207720105	-0.02479508204	0.01689546479	0.02059135338	0.03054881744
2022-07-20	-0.007435482451	-0.01353850765	-0.03948880568	-0.02553099021	-0.06514787398
2022-07-21	-0.003066708545	0.03479167709	0.02825693919	0.009310034388	0.02513344275
2022-07-22	-0.02039295734	-0.02583468442	-0.01212136053	-0.02511516029	-0.06146584774
2022-07-23	-0.01035814463	0.00869023673	-0.01227009259	0.003905165353	-0.0141599683
2022-07-24	0.005712112265	0.03116859698	0.008451836712	-0.001671775257	0.02373411778
2022-07-25	-0.05783170788	-0.1033735208	-0.06642757794	-0.0645013402	-0.1104498622
2022-07-26	-0.00264204298	0.005764901378	0.01943380999	0.002970005153	-0.01097404703
2022-07-27	0.07684804869	0.1211388257	0.08527236244	0.06375974822	0.1041736047
2022-07-28	0.03806305271	0.05285344955	0.02040887163	0.03955240763	0.06449191304
2022-07-29	-0.002905706516	-0.001648192585	0.05747902942	-0.01617721987	-0.02358043707
2022-07-30	-0.00549337214	-0.01443857206	-0.01995250229	0.05293641234	0.0450221807
2022-07-31	-0.01492203449	-0.01118786706	-0.0154064672	-0.02268380407	-0.03457822154
2022-08-01	-0.001087168365	-0.02892233999	-0.000705965437	-0.0002637478586	-0.01666705249
2022-08-02	-0.01211625042	0.0003863620383	0.002116402906	-0.0205203736	-0.04568574417
2022-08-03	-0.007397292091	-0.007848439983	0.04714446026	-0.00512890853	-0.03191896145
2022-08-04	-0.008599709479	-0.006323406437	0.04694773164	0.004051322219	0.007496480757
2022-08-05	0.03002006193	0.07708380246	0.01306375118	0.0144503451	0.04334263682
2022-08-06	-0.01548490381	-0.02696660177	-0.002218349824	-0.01310354355	-0.01190785591
2022-08-07	0.00954642769	0.00565651401	0.02382557841	0.00188248005	0.01314014196
2022-08-08	0.02705787086	0.04421467656	0.006484506279	0.0173129907	0.03817810844
2022-08-09	-0.0281130398	-0.04270422211	-0.001540120434	-0.03083767616	-0.04485056617
2022-08-10	0.03414479115	0.08486304531	0.01347234094	0.03794203442	0.05170233544
2022-08-11	-0.0008210750279	0.01425932628	-0.015941478	-0.003151263112	0.007038977914
2022-08-12	0.01941760377	0.04069370138	0.01320049867	-0.001579363319	0.06143574664
2022-08-13	0.001543656922	0.01282163167	-0.01103967054	-0.004223871116	0.02432787225
2022-08-14	-0.005585632561	-0.02462064825	-0.02087628394	-0.00610324304	-0.03783112114
2022-08-15	-0.008695085325	-0.01890849346	0.005964544445	-0.001598295492	-0.02596375668
2022-08-16	-0.01001393991	-0.01186009723	-0.0106986546	0.00505253036	-0.01474681102
2022-08-17	-0.02170035192	-0.02286325107	-0.0295366576	0.006609409388	-0.06076971126
2022-08-18	-0.006509691431	0.00659670276	-0.02909296094	-0.02427109406	-0.02548226814
2022-08-19	-0.1071679096	-0.1376132983	-0.06585886014	-0.1022456216	-0.09857968887
2022-08-20	0.01456530491	-0.02070371121	0.01634720127	0.007151401158	-0.01491095287
2022-08-21	0.01760842651	0.02635578969	0.0621784949	0.02376523757	0.03317377368
2022-08-22	-0.00539574013	0.004027401606	-0.006313362057	-0.002612862569	-0.0294957387
2022-08-23	0.00602345927	0.02477277624	-0.002336059798	0.009259325413	0.007596041588
2022-08-24	-0.007508217624	-0.005328176315	-0.009736521437	-0.004618945856	-0.02239005251
2022-08-25	0.008896998431	0.02300447243	0.0160646025	0.01007637718	0.01083248905
2022-08-26	-0.0630824976	-0.1168440096	-0.07441448557	-0.02847374232	-0.1060853475
2022-08-27	-0.01010221198	-0.01141634944	-0.006098673611	-0.01394888324	-0.00600792321
2022-08-28	-0.02434830678	-0.04408113708	-0.005050515786	-0.03714277792	-0.03518194056
2022-08-29	0.0366554814	0.08400940813	0.03343127837	0.03444937512	0.06301798331
2022-08-30	-0.02364702993	-0.01769002602	-0.01515447504	-0.02120006715	-0.02974080523
2022-08-31	0.011959498	0.01917107849	-0.008559253396	0.003056237098	0.0009528347553
2022-09-01	0.004053614328	0.02041940091	-0.003228702356	0.01634418949	0.003485980396
2022-09-02	-0.008961393513	-0.006838531036	-0.002878735345	-0.005116640207	-0.01209435493
2022-09-03	-0.006030619708	-0.01142118065	0.001080497134	-0.005142954915	-0.003528471985
2022-09-04	0.008455521077	0.01391275781	0.004668710222	0.006047795875	0.032872745
2022-09-05	-0.01022494444	0.02409815463	-0.007913710365	0.003611198628	0.0006216972535
2022-09-06	-0.05216505203	-0.03701619718	-0.05340534815	-0.03577816251	-0.04123641641
2022-09-07	0.02637676565	0.0445290104	0.0606022126	0.04772216834	0.05696049558
2022-09-08	0.001394881328	0.003289063623	0.005720430329	0.007982304025	0.027754421
2022-09-09	0.1003962399	0.04942561276	0.04496314075	0.04940694627	0.03105111796
2022-09-10	0.01340361325	0.03200983414	0.01118466159	0.001400364324	0.01033007751
2022-09-11	0.008213002469	-0.004525137445	-0.004729738547	-0.005894753911	-0.00114253083
2022-09-12	0.02572898259	-0.02856779236	-0.00407194319	0.0128673104	0.06767734523
2022-09-13	-0.1044974304	-0.08633734822	-0.05845933768	-0.07860775476	-0.1262320901
2022-09-14	0.002630676354	0.03983980501	0.00682596507	0.02640711225	0.03337616116
2022-09-15	-0.02628994553	-0.1065826509	-0.02979871645	-0.04614359622	-0.03125719563
2022-09-16	0.005134527817	-0.02673339668	0.01391963867	0.08547692832	-0.02510848375
2022-09-17	0.01554860705	0.02406816077	0.01516274537	0.05743990575	0.04338614613
2022-09-18	-0.03529045844	-0.09590198223	-0.04732223458	-0.05070587357	-0.07969637019
2022-09-19	0.006204388222	0.03060202124	0.02118644568	0.07330867549	0.04771777801
2022-09-20	-0.03447283217	-0.03931723084	-0.02081085882	0.07314225503	-0.03779928364
2022-09-21	-0.02215839597	-0.06008713391	-0.008674389674	-0.05053080865	-0.02449365117
2022-09-22	0.04967718399	0.06275189983	0.041912309	0.2112848967	0.05645125794
2022-09-23	-0.005774921881	0.0005953928827	0.005072474644	0.0416936836	0.03722626844
2022-09-24	-0.01933617094	-0.007654005404	-0.008346990941	-0.0384082597	-0.008353270529
2022-09-25	-0.005996644337	-0.01723018704	-0.0003644979082	0.007963288636	-0.03165206408
2022-09-26	0.02210884264	0.03158237249	0.006540720993	-0.04875965823	0.04652001563
2022-09-27	-0.007763121144	-0.006118201347	-0.01385871926	-0.04946303624	-0.03575564905
2022-09-28	0.01733860507	0.006888764382	0.0335832246	0.007154065835	0.01608288345
2022-09-29	0.009162636566	-0.001122376563	0.008838664576	0.08290031693	0.02114747461
2022-09-30	-0.008658457768	-0.005239426192	0.002460890678	-0.01612271385	-0.02024481169
2022-10-01	-0.005765558824	-0.01282345607	-0.00669370123	-0.009421193938	-0.02466253785
2022-10-02	-0.01324829928	-0.02709832763	0.006342515976	-0.05824787343	-0.01178308207
2022-10-03	0.02958814689	0.03567562092	0.007697728703	0.02987263638	0.02555951302
2022-10-04	0.03547006675	0.02860977823	0.03190117885	0.03696257645	0.03583542595
2022-10-05	-0.008868076948	-0.00684679259	-0.006775093666	0.01900490995	-0.001467782445
2022-10-06	-0.0098502925	-0.0001035403401	-0.02477759241	0.009571399819	-0.02017872621
2022-10-07	-0.02180748428	-0.01562368726	-0.0165118805	0.04807571981	-0.01145626036
2022-10-08	-0.005757942171	-0.01180405003	-0.02112124337	-0.001353049399	-0.01220271396
2022-10-09	0.001083975238	0.005798523794	0.006491187596	0.02954002308	0.01038177263
2022-10-10	-0.01592685534	-0.02533466792	-0.02437814012	-0.07524983004	-0.02959525491
2022-10-11	-0.00376363267	-0.007719462178	-0.0003683919732	-0.0159187035	-0.03697043092
2022-10-12	0.00499954856	0.01113215745	-0.00184399831	0.004105938842	0.01162053102
2022-10-13	0.01139883811	-0.005702082449	0.002580646593	-0.018610959	-0.02173646
2022-10-14	-0.01028229082	0.007114822821	-0.008133131708	0.01902062718	-0.01620137934
2022-10-15	-0.005623562393	-0.01660747802	-0.004464293129	-0.01340088089	-0.01376091525
2022-10-16	0.01010068753	0.02404731374	0.01590564326	-0.01085152552	0.01941158676
2022-10-17	0.01478300606	0.0193002749	0.01131192504	0.007941525541	0.03389050311
2022-10-18	-0.01144227746	-0.01566204506	-0.00911251066	-0.03086273276	-0.03455363311
2022-10-19	-0.01058332577	-0.01974022032	-0.004035962184	-0.03362028062	-0.04372836983
2022-10-20	-0.004299657438	-0.001962877335	-0.01109068669	-0.008696676509	-0.02989496407
2022-10-21	0.006409961253	0.01330606081	0.004080881197	0.03282594542	0.003207987068
2022-10-22	0.002083990004	0.01060713407	0.00111008337	0.008417013111	-0.003207987068
2022-10-23	0.01888140477	0.03778910388	0.02049852155	0.007493879412	0.04434309982
2022-10-24	-0.01237441279	-0.01520815482	-0.006907862408	-0.0345048877	-0.03404288444
2022-10-25	0.03808397301	0.08289831625	0.03618521235	0.01664150513	0.08659904229
2022-10-26	0.03385840681	0.07033011482	0.02089212479	0.0180766704	0.01383771075
2022-10-27	-0.02320621735	-0.03380027292	-0.01213396756	-0.01590747215	-0.02295235718
2022-10-28	0.01451491049	0.02630787284	0.03832148683	0.02756879374	0.0475748132
2022-10-29	0.0105229017	0.04105228047	0.02158476627	-0.009105409653	0.02463937397
2022-10-30	-0.008793615103	-0.01813762537	0.02945673409	-0.02563966801	0.002127337073
2022-10-31	-0.00665109064	-0.01122317851	0.03817735221	0.01279427623	-0.01160318362
2022-11-01	-0.0003475344128	0.003674829677	-0.005541886105	-0.001077934782	-0.01111808858
2022-11-02	-0.016329943	-0.03884472587	-0.01148902561	-0.03044141769	-0.04445176257
2022-11-03	0.002774058845	0.008310015519	0.02863055338	0.0112770681	0.001622060372
2022-11-04	0.04550026848	0.07167898834	0.0734140397	0.107469109	0.08954732677
2022-11-05	0.007107568129	-0.01088110107	-0.01534556967	-0.02681769679	0.08952747393
2022-11-06	-0.01866138583	-0.03673968179	-0.03289483025	-0.04586341679	-0.1232859539
2022-11-07	-0.01515570844	-0.000121158402	-0.002667063368	-0.01303855171	-0.09647578835
2022-11-08	-0.1045399488	-0.161105703	-0.02890026542	-0.1355003817	-0.1946866848
2022-11-09	-0.1525677794	-0.190970069	-0.2028110418	-0.1976640786	-0.5490077733
2022-11-10	0.1002115684	0.1640213415	0.1286560783	0.1684156495	0.2265468444
2022-11-11	-0.03062354366	-0.007726341863	-0.04576841846	-0.02543489715	-0.07097671796
2022-11-12	-0.01524302152	-0.02515712695	-0.02651934893	-0.05536913527	-0.1206747506
2022-11-13	-0.02910295425	-0.02885537104	-0.02289084213	-0.06475856735	-0.1009501975
2022-11-14	0.01757957653	0.0176816236	0.009362689928	0.1025396393	0.06035680054
2022-11-15	0.01677305125	0.007971169901	-0.007194275634	0.02922963831	0.02259983192
2022-11-16	-0.01417105989	-0.03001764212	-0.01895100447	-0.03560585545	-0.003497730044
2022-11-17	0.001786821888	-0.01302675046	-0.01445272517	0.0176995771	-0.04441990986
2022-11-18	0.0004725539954	0.01007049509	0.02287922676	0.002615064252	-0.02823367329
2022-11-19	1.377198915e-05	0.004188875583	-0.005487484046	0.003129076869	-0.03294055008
2022-11-20	-0.02549794892	-0.06397421437	-0.03129912717	-0.06257914716	-0.04540803954
2022-11-21	-0.03112642711	-0.03100423927	-0.03976590338	0.01020276326	-0.03651858073
2022-11-22	0.02784776288	0.02871658067	0.04918394248	0.03026440113	0.05027840932
2022-11-23	0.0229172032	0.03866030559	0.1136500221	0.01531989814	0.1435294763
2022-11-24	-0.0002505868625	0.01608744001	0.004674465941	0.05184360166	0.01588979891
2022-11-25	-0.004638140695	-0.003687015991	0.001996672876	0.01482240576	-0.03913846842
2022-11-26	-0.003854985458	0.005239315075	0.03463266732	-0.02936264689	0.009929159588
2022-11-27	-0.001811639317	-0.009768860923	-0.01227802177	0.00050492301	-0.003534821637
2022-11-28	-0.01322683643	-0.0221125602	-0.04692259836	-0.01885406168	-0.05832556695
2022-11-29	0.01406343228	0.0408737157	0.006452730829	0.02363815742	0.001500375375
2022-11-30	0.04292192205	0.06212395687	0.01745010722	0.02407362813	0.05965404778
2022-12-01	-0.01091191199	-0.01404216984	-0.0279998052	-0.02709249835	-0.04699093629
2022-12-02	0.00677253117	0.01491473993	0.003756193592	-0.002017655161	0.0146953416
2022-12-03	-0.01221631335	-0.04344360447	-0.01027758276	-0.02246711811	-0.03111362085
2022-12-04	0.0129742427	0.03087644878	0.004809353138	0.00566427879	0.03111362085
2022-12-05	-0.008179770632	-0.01575567684	-0.01172023068	-0.0005136106944	0.007991324765
2022-12-06	0.007200670308	0.009412373448	0.006221935039	0.005379800346	0.03414271893
2022-12-07	-0.01487517701	-0.03208267168	-0.02089212479	-0.02039043415	-0.05831086705
2022-12-08	0.02275210193	0.03902763395	0.02158106729	0.02726506339	0.01471696908
2022-12-09	-0.005562320142	-0.01343167625	-0.01526747213	-0.01328244304	-0.007331411137
2022-12-10	-6.247071687e-05	0.002569730011	0.007662872746	-0.006190373134	-0.0007361060325
2022-12-11	-0.002480962932	-0.002640985816	-0.01327298564	-0.01459499454	-0.01185199059
2022-12-12	0.00727692009	0.009762093906	-0.02961857899	0.01692087749	-0.008230499137
2022-12-13	0.03229536571	0.0348944724	-0.01422602872	0.0199342149	0.04265352436
2022-12-14	0.001599310024	-0.01008330049	-0.01667013969	-0.02536971424	0.0164230753
2022-12-15	-0.02541755042	-0.03178225374	-0.0338113879	-0.01912805601	-0.005681833467
2022-12-16	-0.04262209197	-0.08199810304	-0.1127724258	-0.07382311245	-0.1363844616
2022-12-17	0.008644524244	0.01727323011	0.04606772715	0.009637262798	0.02100238749
2022-12-18	-0.002286159947	-0.003459597919	0.03610207519	-0.0130609466	-0.01044605722
2022-12-19	-0.01804486905	-0.01296553928	-0.04314873647	-0.03194232076	-0.03618815929
2022-12-20	0.02740160473	0.04120074829	0.0447410935	0.02707194872	0.02644782254
2022-12-21	-0.00420460385	-0.002600054124	-0.02090108241	-0.009522507391	-0.009836144877
2022-12-22	-0.0001925929014	0.003232588596	-0.001626016618	0.01239030402	-0.02671277365
2022-12-23	-0.002555363857	0.00187061629	0.001626016618	0.01449918791	-0.003389833755
2022-12-24	0.003428273557	0.0003442058713	-0.006928904835	-0.007365472391	-0.02841344822
2022-12-25	-0.0002382067616	-0.001558067	-0.005331158823	-0.01720719255	-0.006132301302
2022-12-26	0.005171929814	0.007847601399	0.004512828172	0.05651538903	-0.005286355923
2022-12-27	-0.01267081627	-0.01357587069	0.009776045272	0.004636582696	-0.02052727141
2022-12-28	-0.009565934398	-0.01782118197	-0.00895771462	-0.03235454342	-0.1277514009
2022-12-29	0.00519337964	0.008650457182	0.007334996212	-0.03926568325	-0.0123712918
2022-12-30	-0.001563734207	-0.000416583356	-0.002032107995	0.00873113812	0.02661364852
2022-12-31	-0.003926414431	-0.003221878152	0.002032107995	-0.01812915149	0.007045826833
2023-01-01	0.004484440922	0.003513504722	-0.007744077829	-0.0005903187893	0.002004008687
2023-01-02	0.003371624739	0.01131584264	0.003267976765	0.02766226751	0.1214466534
2023-01-03	0.0001385388353	0.0004529451808	0.003663753335	-0.01329883722	0.169982145
2023-01-04	0.01045063521	0.03427473413	0.05070392936	0.01042279268	0.004477619421
2023-01-05	-0.001099096637	-0.004513312341	-0.00853379888	-0.0268550873	0
2023-01-06	0.007033256255	0.01420444613	0.01238885377	0.01846747486	0.005198674909
2023-01-07	-0.0004177703516	-0.004002831798	0.005372230879	-0.000290486567	-0.03007745524
2023-01-08	0.01081621515	0.02042956775	0.05073822264	0.002901075432	0.09808218435
2023-01-09	0.002940004899	0.02316090582	-0.008401875909	0.01094796299	0.1173984942
2023-01-10	0.01515963093	0.01146845601	0.01637293261	0.004859234944	-0.003081666537
2023-01-11	0.02841029515	0.03946919838	0.02740872767	0.06111092567	0.009828088936
2023-01-12	0.04911903052	0.0189146946	0.01013109102	0.005350467553	0.01396077303
2023-01-13	0.05589304851	0.02461130388	0.02064056765	0.02892655011	0.0975543582
2023-01-14	0.05014682768	0.06579961234	0.03808075352	0.02432586983	0.2816496988
2023-01-15	-0.003988871656	0.001689004469	-0.009550541884	-0.02770118136	-0.05730402724
2023-01-16	0.01493947369	0.01560684314	-0.01064547645	0.002597404058	0.02969876114
2023-01-17	-0.002402621543	-0.007236285399	0.001336898595	0.003366570576	-0.03101023674
2023-01-18	-0.02187674242	-0.03519375238	-0.0433440991	-0.02248460735	-0.0949165565
2023-01-19	0.01888098598	0.02590168704	0.02718213114	0.03787742026	0.02891882016
2023-01-20	0.0729936991	0.06696772883	0.03502108769	0.04990485641	0.1756796101
2023-01-21	0.005119397523	-0.01939680559	-0.02019601833	-0.02327680737	-0.03754434562
2023-01-22	-0.003326783519	0.0004793952337	0.01328923212	-0.007464578079	-0.01476041558
2023-01-23	0.009142992475	-0.0007068810552	0.006906786213	0.05585331126	0.004944385845
2023-01-24	-0.01245083521	-0.04420220164	-0.01585761673	-0.03754050056	-0.06582719878
2023-01-25	0.01873611916	0.03533927718	0.02173998664	0.02230936366	0.07360615305
2023-01-26	-0.002226584083	-0.006753775248	-0.007194275634	-0.01888218772	-0.007778954273
2023-01-27	0.002799683539	-0.002169625481	0.01077209698	0.00875918009	0.004101728474
2023-01-28	-0.002237034512	-0.0161027166	-0.006187937022	-0.01218635603	-0.01775805492
2023-01-29	0.03078192521	0.04515785175	0.03562064381	0.01363878911	0.0827313976
2023-01-30	-0.03935145882	-0.04891785363	-0.03203348849	-0.04958874129	-0.0843994547
2023-01-31	0.01301309644	0.01214028422	0.01550418654	0.03078706426	-0.001670844165
2023-02-01	0.02593225356	0.0349275202	0.01589858607	0.01807572419	0.04416089579
2023-02-02	-0.01032248649	0.0008767657649	0.02029734006	-0.008020458598	-0.02757676777
2023-02-03	-0.002431330219	0.01233896573	0.02653808324	0.004625692971	0.01509924626
2023-02-04	-0.00449371291	0.001717769725	-0.005433155532	-0.002675424191	-0.0142772158
2023-02-05	-0.01703163214	-0.02267500196	-0.007900375337	-0.03016297887	-0.0363980777
2023-02-06	-0.007457673107	-0.009083375489	-0.010734653	-0.01619468592	-0.03512175426
2023-02-07	0.02077940156	0.03454497125	0.02647347667	0.02916244869	0.04992430833
2023-02-08	-0.01201050031	-0.01240434275	-0.01451931132	-0.01522935439	-0.02551158766
2023-02-09	-0.05214170035	-0.06578543811	-0.06938469543	-0.04003613986	-0.1255651761
2023-02-10	-0.007883685678	-0.02111633158	-0.001307189729	-0.0005238344803	-0.01823159639
2023-02-11	0.01091628846	0.01668032526	0.01493049481	0.004183012635	0.03421643662
2023-02-12	-0.00362048863	-0.01551119415	0.007062629678	-0.02269226659	0.03215407025
2023-02-13	-0.0004394190648	-0.006350867518	-0.06032476275	-0.01181221788	-0.03407807277
2023-02-14	0.01936986198	0.03297967914	0.006435246594	0.03084530631	0.05023351299
2023-02-15	0.09138049119	0.07383336988	0.06912790626	0.04905197854	0.08846026579
2023-02-16	-0.03371139328	-0.02238710238	-0.0418201821	-0.04330783742	-0.07031094729
2023-02-17	0.04377078598	0.03363755128	0.02786056455	0.02798282955	0.03967025238
2023-02-18	0.002519415209	-0.001329202172	0.01112005104	-0.001773724018	0.01330777313
2023-02-19	-0.01473084612	-0.007041676854	-0.01592390336	-0.02049777121	0.05758476217
2023-02-20	0.02323028535	0.01390496004	0.0124423363	0.03084225604	0.05559161181
2023-02-21	-0.01582526439	-0.02587691926	-0.0124423363	-0.0164498205	-0.04997136418
2023-02-22	-0.01110131672	-0.0100639682	0.002885079738	0.008638265097	-0.03337713163
2023-02-23	-0.01005818455	0.004487403049	-0.01321108307	-0.01812429957	-0.0104015916
2023-02-24	-0.03204102846	-0.02622966354	-0.01965343311	-0.0258331391	-0.03576370928
2023-02-25	-0.001217892377	-0.008256406234	0.00033074252	-0.001322576572	-0.03081229668
2023-02-26	0.01703161058	0.0289147878	0.0206192872	0.000264655288	0.03858435653
2023-02-27	-0.002667975313	-0.004830824007	-0.01337049105	0.001586462522	-0.02482165317
2023-02-28	-0.0150332014	-0.01742729397	-0.01056115427	-0.006095156011	-0.03545356732
2023-03-01	0.02084293424	0.03669019834	0.004303929835	0.01921870394	0.02792974338
2023-03-02	-0.006949915105	-0.01047977041	-0.009626630359	-0.01656407005	-0.02291720156
2023-03-03	-0.04850310083	-0.04875223691	-0.03185630272	0.0005300821751	-0.02671738834
2023-03-04	-0.0003476439329	-0.00173459475	-0.002758622439	-0.01038762836	-0.02075546205
2023-03-05	0.00373720671	-0.001373227395	-0.003112573843	-0.01810126419	-0.0004767580543
2023-03-06	-0.0009027606175	0.0008050038449	-0.003122292216	0.007334000006	-0.01634651783
2023-03-07	-0.009506895049	-0.002480978317	0.005198417529	0.02828363561	-0.01859153353
2023-03-08	-0.02243747239	-0.01911936056	-0.007633624855	0.02288786517	-0.09526079831
2023-03-09	-0.06388169731	-0.06404181388	-0.03545213526	-0.04819892731	-0.06045489152
2023-03-10	-0.01044269208	-0.007598438659	0.001082056012	-0.001620308213	0.04733277868
2023-03-11	0.01502450786	0.03141980987	-0.005059642164	-0.01689873955	-0.005518777804
2023-03-12	0.07264804225	0.07103204633	0.04290677637	0.02067538283	0.1114294998
2023-03-13	0.09185993913	0.05725367773	0.06646741284	0.002688896484	0.009852296443
2023-03-14	0.02283352955	0.01538788387	0.001622586759	0	0.02229854872
2023-03-15	-0.01571849708	-0.02952420239	-0.00683262785	-0.03692474725	-0.08084200434
2023-03-16	0.02894097098	0.01430362354	0.0727078039	0.01603129966	0.02210318716
2023-03-17	0.09153823669	0.06675304671	0.02843226087	0.04056970056	0.09359868229
2023-03-18	-0.01796057386	-0.0171532146	-0.02358670324	-0.0156564164	-0.01869213301
2023-03-19	0.03883042538	0.01234081298	0.01707395079	0.03107148323	0.03065730107
2023-03-20	-0.009188807743	-0.02726825864	-0.01255246607	-0.03240963411	0.01227567131
2023-03-21	0.01391791517	0.03874270968	0.005698021115	0.2292310374	0.01791360038
2023-03-22	-0.03087510251	-0.0378485932	-0.04058528012	-0.1085360995	-0.05052268942
2023-03-23	0.03761048388	0.04479740706	0.02552021665	0.05202884151	0.03396379686
2023-03-24	-0.03017060445	-0.03604853527	-0.02241076141	-0.04116943357	-0.07008939819
2023-03-25	0.000308827329	-0.004405053737	0.0009309542953	0.039139434	-0.01217448687
2023-03-26	0.01822496367	0.01820424814	0.01904819497	0.01122598228	0.02563622862
2023-03-27	-0.03061029335	-0.03362788558	-0.05633529489	0.0671306042	-0.05043908737
2023-03-28	0.005007183266	0.03312603464	0.008336053402	0.07130057551	0.02676076441
2023-03-29	0.03911796909	0.01126184766	0.00159515108	0.05318691249	0.03129015799
2023-03-30	-0.01135472625	0.0003011141245	0.008570120697	-0.01973258367	-0.02641209954
2023-03-31	0.01546498944	0.01544096867	0.001579030803	0.01028719443	0.02925166605
2023-04-01	-0.0004437956441	-0.0004008445244	-0.00633113859	-0.05331284352	-0.003787883317
2023-04-02	-0.009920151428	-0.01453846867	-0.00381801291	0.0165453896	-0.02692470337
2023-04-03	-0.01328794167	0.008876569372	-0.01574329705	-0.04360094876	-0.003417137814
2023-04-04	0.01306073889	0.03252769871	0.006455800343	0.01342033161	0.02272275671
2023-04-05	0.0001611772904	0.02028087061	0.009924845354	0.005753413351	0.002387205717
2023-04-06	-0.00484629843	-0.0191907717	-0.005110199559	-0.005355561744	-0.01683136633
2023-04-07	-0.004558093631	-0.004651880781	-0.006424692835	0.01930333721	-0.008767713253
2023-04-08	0.001147825945	-0.00802689264	0.0006443299192	-0.0153335027	-0.01976348912
2023-04-09	0.01369965762	0.005448076177	0.007380107298	0.001187883727	0.01190490251
2023-04-10	0.04533402444	0.02721227469	0.01805846634	0.02385254823	0.02963539685
2023-04-11	0.01882077876	-0.01070519636	0.01186031381	-0.001740307894	0.09535369685
2023-04-12	-0.01039642745	0.014462134	-0.007474341866	-0.02310204543	0.03506130826
2023-04-13	0.01612230751	0.04816933615	0.01489323215	0.01494032115	0.02612630459
2023-04-14	0.00306012145	0.04279836041	0.01285207409	0.01970697471	0.01139613473
2023-04-15	-0.005656179901	-0.004481476697	0.01238873679	-0.006718520329	-0.02707302345
2023-04-16	0.0003155129075	0.01333742721	0.04319754903	0.003268919361	0.05224917834
2023-04-17	-0.02927742957	-0.02130942351	-0.0223944214	-0.01938420841	-0.03045107076
2023-04-18	0.03176108982	0.01412351424	0.009076332254	0.04122121018	0.009716675639
2023-04-19	-0.0535101387	-0.0841518438	-0.06222893923	-0.08074731348	-0.09104852418
2023-04-20	-0.01940603406	0.004772096728	-0.01342721188	-0.032912005	-0.02050896672
2023-04-21	-0.03534405077	-0.04969691489	0.009698183318	-0.05649018795	-0.04373539351
2023-04-22	0.0201173494	0.01363459695	0.03367321511	0.04952151864	0.02509425359
2023-04-23	-0.008166817188	-0.006509380186	-0.004525577191	-0.01537506264	-0.01479453707
2023-04-24	-0.002891754749	-0.0108861069	0.001510802523	-0.007777096878	-0.004200706294
2023-04-25	0.0283063392	0.0130856196	0.02150620522	0.01805335944	0.02539965683
2023-04-26	0.00403766112	-4.823008969e-05	-0.02331944235	-0.01653640173	-0.03008789796
2023-04-27	0.03653940565	0.0226094422	0.0009070295406	0.01055475604	0.04816340138
2023-04-28	-0.005480032501	-0.009337843734	-0.02076410478	0.0272657702	0.04423756101
2023-04-29	-0.002775779577	0.0088766858	-0.006811171843	-0.003341690662	-0.006447475591
2023-04-30	9.441762634e-05	-0.01996418768	0.04732457201	-0.01581477347	-0.01959566295
2023-05-01	-0.04066599121	-0.02127176364	-0.02702867239	-0.01197363033	-0.03490287168
2023-05-02	0.02120699617	0.02126641629	-0.02153929425	-0.0008607704426	0.01311939197
2023-05-03	0.0123510956	0.01856378802	0.01359304217	-0.002802631995	-0.0004495392299
2023-05-04	-0.006497982228	-0.01483294826	-0.0064645446	-0.005194816877	-0.02273858769
2023-05-05	0.02288090465	0.06007950628	0.008303907473	0.01357925813	0.04848346274
2023-05-06	-0.02253281543	-0.04987111743	-0.01418901041	-0.01923759749	-0.04069419083
2023-05-07	-0.01459915626	-0.01376812759	-0.002799815175	-0.02028288228	-0.01147591203
2023-05-08	-0.0271433799	-0.0122864621	-0.02268528283	-0.04719900312	-0.04920576298
2023-05-09	-0.001465539298	-0.0005630630779	-0.005432191022	0.001399906902	0.001453840818
2023-05-10	-0.001069042031	-0.003080797369	0.007024294527	0.003258848322	0.01251219403
2023-05-11	-0.02309651396	-0.02560701545	-0.02187285656	-0.02256264925	-0.03603116147
2023-05-12	-0.006458291727	0.007302038414	0.003246756099	0.02302733327	0.035552807
2023-05-13	-0.0007366023552	-0.006850710751	0.007105973054	-0.01521386864	-0.002874942086
2023-05-14	0.005302016969	0.002281378274	0.004495832878	0.003061347028	0.004309319573
2023-05-15	0.009043001164	0.0093987266	0.004156680645	0.00469154039	0.002862597375
2023-05-16	-0.004734677357	0.00440061033	-0.006402070522	0.0349541218	-0.01536276014
2023-05-17	0.01365832239	-0.001146358245	0.009269684404	0.01324522675	0.01869213301
2023-05-18	-0.02155213467	-0.01190293073	-0.01603626411	0.02467085478	-0.03478611609
2023-05-19	0.002196585935	0.006510064842	-0.001294079766	0.01704280275	0.0009828010619
2023-05-20	0.008231203535	0.00390997651	0.00548831079	0.00213675295	-0.003937012959
2023-05-21	-0.01317191252	-0.008007039934	-0.01361447285	-0.02375921696	-0.03359553851
2023-05-22	0.003787153259	0.006868667025	0.008449839031	0.009355012205	-0.00408789532
2023-05-23	0.01369903692	0.01999303943	0.01445808318	0.00712053931	0.024780029
2023-05-24	-0.03326629632	-0.02964688357	-0.02421425812	-0.02636031075	-0.04078037034
2023-05-25	0.005483813844	0.003167394598	-0.004914014802	0.001764446863	0.001559657192
2023-05-26	0.008730076727	0.01221464026	0.007524982343	0.03166605938	0.005181358742
2023-05-27	0.005539576292	0.001148268974	0.001953761611	0.006384358778	0.05431198935
2023-05-28	0.04409840843	0.04213509079	0.02156157544	0.02223712355	0.01842923158
2023-05-29	-0.01177761843	-0.00843940146	-0.007991092548	0.02580524104	-0.01159993674
2023-05-30	-0.001515403279	0.004212819193	-0.0003209757691	0.05104053297	0.03252319171
2023-05-31	-0.01763281106	-0.0142866386	-0.01520326873	-0.007521007393	-0.02092325496
2023-06-01	-0.01452672196	-0.006344706339	-0.006212215499	-0.01974455697	-0.01549667815
2023-06-02	0.01571086386	0.02383049036	0.007515147279	0.0347304282	0.03689041066
2023-06-03	-0.006384268499	-0.007697327106	-0.001955034836	-0.01073629945	-0.003298000634
2023-06-04	0.001697536028	-0.001084062538	-0.00523218983	0.03242912406	0.02929760812
2023-06-05	-0.05250715846	-0.04297906984	-0.09665534643	-0.05149955995	-0.08709470685
2023-06-06	0.05673457802	0.040133771	0.01540972976	0.04042899	0.01882175424
2023-06-07	-0.03325860556	-0.0282575968	-0.08108046739	-0.02232278135	-0.08924421854
2023-06-08	0.006028639733	0.007346876378	0.01035881122	0.01017380884	0.01332287226
2023-06-09	-0.0007852550651	-0.002859462449	-0.005741642568	0.02713052613	-0.08216247529
2023-06-10	-0.02433651928	-0.04947694668	-0.08739532785	-0.05993944768	-0.1085584717
2023-06-11	0.00325846449	0.0007019967243	-0.01392133852	0.02744697841	-0.003851095902
2023-06-12	-0.0007856342027	-0.005830653397	-0.01757062559	0.008222629749	-0.02342332202
2023-06-13	0.001121154204	-0.001406958646	0.05427199244	-0.01129955525	-0.009923998086
2023-06-14	-0.03155784924	-0.05260319656	-0.02613714437	-0.07829474985	-0.03794493156
2023-06-15	0.01852672567	0.009650728476	-0.006325131777	0	0.01982970959
2023-06-16	0.02874513829	0.03011264842	0.01219270938	-0.00878666741	0.03590811313
2023-06-17	0.006507155969	0.005711515143	0.021497314	0.007327573873	0.02132552545
2023-06-18	-0.006698102268	-0.003949307916	-0.001637331516	0.01531803911	-0.01222273177
2023-06-19	0.01896781314	0.009346348899	-0.004105096077	0.01387211148	0.04121026865
2023-06-20	0.05308872645	0.03110392135	0.01874545517	-0.00141915888	0.0329901634
2023-06-21	0.0578495973	0.05277908451	0.00443102437	0.01410176471	0.03484261515
2023-06-22	-0.003639688908	-0.009093098771	-0.03268264743	-0.01227750151	-0.03604526111
2023-06-23	0.02653398624	0.01095467625	0.01443026483	0.004646942396	0.03022452291
2023-06-24	-0.005262367874	-0.009380070315	-0.03287169273	-0.01954061768	-0.02902187694
2023-06-25	-0.002123952411	0.01263478183	0.01010109599	0.007780547031	0.01904819497
2023-06-26	-0.006410952847	-0.02119953679	-0.01137093743	-0.02331685125	-0.04153470913
2023-06-27	0.01392565175	0.01633201125	0.005912179383	0.009971000765	0.02188537197
2023-06-28	-0.02024197854	-0.03312116826	-0.02948301564	-0.04027956208	-0.04049633098
2023-06-29	0.01222325706	0.01302732275	0.01078293821	0.02129098947	0.1191040857
2023-06-30	0.0008105804663	0.04322107125	0.0304205967	-0.003799075907	0.04722722924
2023-07-01	0.003730889275	-0.004815614147	0.0311372963	0.0006341824544	-0.008519753345
2023-07-02	0.001017271646	0.00672196587	-0.005663445558	0.02359929923	0.0393235462
2023-07-03	0.01745687225	0.009278210519	0	0.009245058144	-0.009816663694
2023-07-04	-0.01258650161	-0.009939080827	-0.01636028311	-0.003687773079	-0.006772622918
2023-07-05	-0.008542384639	-0.01343558333	-0.01495665605	-0.019691796	-0.006818804286
2023-07-06	-0.02017875019	-0.03417848313	-0.02844598507	-0.03298522256	0.03160066104
2023-07-07	0.01491624703	0.01331172067	0.01453638251	0.01396520709	0.09201329493
2023-07-08	-0.001981549842	-0.003035212373	0.002966732415	0.003620491656	0.01431564508
2023-07-09	-0.004100239112	-0.001308999017	-0.009353809696	-0.005115100667	-0.02272298092
2023-07-10	0.008283044134	0.009403788042	0.05039583925	0.02114243657	-0.0009385265823
2023-07-11	0.006898842393	-0.001117407731	0.009700965326	-0.005664548871	0.03551214755
2023-07-12	-0.007937473336	-0.003455892851	-0.01908687385	-0.009088089604	-0.005907765422
2023-07-13	0.03474897614	0.06847844473	0.04880968798	0.5486980497	0.1701696246
2023-07-14	-0.03698946969	-0.03382087399	-0.03173610251	-0.1272258601	0.02505825873
2023-07-15	-0.0007422255191	-0.003318484194	0.01201937547	-0.004747286213	0.02919106215
2023-07-16	-0.001901142828	-0.004826765168	-0.03567463834	0.0442144143	-0.001457726206
2023-07-17	-0.003113801276	-0.005692223931	0.007401349576	-0.01266692587	-0.02287078662
2023-07-18	-0.009296178277	-0.007346931096	-0.01610606775	0.05346749541	-0.04815603691
2023-07-19	0.001675804003	-0.00453268743	0.002494803789	0.05258440039	0.02970324445
2023-07-20	-0.003658066211	0.001566046741	0.008271345751	-0.0318470629	-0.03598763277
2023-07-21	0.003407610314	7.400907143e-05	0.003699901446	-0.02925791576	0.004716989878
2023-07-22	-0.003608972868	-0.01341601976	-0.01072617544	-0.05079528471	-0.0391893411
2023-07-23	0.009678127907	0.01182891098	0.00578992519	0.007203564959	0.009740336748
2023-07-24	-0.03062156813	-0.02071900644	-0.01495665605	-0.05040983917	-0.05777629927
2023-07-25	0.00179469724	0.004131992091	-0.005035679966	0.009638628838	-0.004288171237
2023-07-26	0.00420103631	0.007689746874	0.005454177565	0.01010534915	0.07848783183
2023-07-27	-0.004410782171	-0.005742954969	0.006672251609	-0.003076925504	-0.002784963009
2023-07-28	0.003121451357	0.006912142997	0.005388614075	-0.002664985096	-0.01121806636
2023-07-29	0.00132135542	0.00333986168	0.002064836579	0.0001404395761	0.01400302937
2023-07-30	-0.002449433713	-0.009978037224	0.0004124561824	-0.01058808508	-0.03723619176
2023-07-31	-0.001669363306	-0.003039327986	-0.006204776887	-0.009984393312	-0.02167654694
2023-08-01	0.0160761571	0.009293263759	0.027421403	0.01324334058	0.0133949261
2023-08-02	-0.0176592241	-0.018081104	-0.02866699171	-0.03147037491	-0.03814021602
2023-08-03	0.0002613924559	-0.002225421313	0.001660440398	-0.03264384808	-0.0218349286
2023-08-04	-0.002732062666	-0.003044158989	0.002485502522	-0.04220555552	0.006600684031
2023-08-05	-0.001438831365	0.003409053922	0.006186862383	-0.01075619355	-0.006600684031
2023-08-06	0.0005601735343	-0.003381735324	0	-0.007662872746	0.02399242674
2023-08-07	0.004207247849	-0.0006449180139	-0.004533286148	-0.0006412311858	-0.003454234868
2023-08-08	0.01896787841	0.01476121663	0.01272334012	0.02876759149	0.04648069432
2023-08-09	-0.006349552885	-0.000511901726	-0.005725987015	0.002334449741	0.006584385928
2023-08-10	-0.004276592986	-0.001553473782	-0.009478743955	-0.01598279087	0.009795996703
2023-08-11	-0.001009480438	-0.001961468325	-0.007481331652	-0.002055499182	0
2023-08-12	0.0001406818655	0.000589385137	0.002500001302	-0.006669867509	0.01171020852
2023-08-13	-0.004301773191	-0.004985568465	-0.0004162330965	-0.003191831628	-0.02767779445
2023-08-14	0.004327596698	0.002588011417	0.0008322930152	0.01381083941	0.03845849379
2023-08-15	-0.00787745288	-0.008991809076	-0.01551068614	-0.03840754867	-0.05217156968
2023-08-16	-0.01620908496	-0.01164226646	-0.02005614485	-0.03585809002	-0.0462411145
2023-08-17	-0.07616872038	-0.07243586284	-0.06178369846	-0.1509295191	-0.05217010286
2023-08-18	-0.02161959666	-0.01190532984	-0.009212409695	-0.0003950227189	-0.0148839957
2023-08-19	0.001764390195	0.004851026846	0.003234006053	0.02670463728	0.02590339095
2023-08-20	0.003441579224	0.009281984784	-0.001384722123	0.03496529294	-0.005953761576
2023-08-21	-0.002411076287	-0.01055250353	-0.02858006658	-0.02615635049	-0.02653169357
2023-08-22	-0.002718132434	-0.01971879524	0.002373606621	-0.006695386083	-0.02919566064
2023-08-23	0.0143545687	0.02692493549	0.02666824708	0.01731562624	0.05434836065
2023-08-24	-0.009604966342	-0.0110454701	0.01101939525	-0.02173998664	-0.03177837499
2023-08-25	-0.004595714908	-0.0044404832	-0.002743485946	0.01359523094	-0.03086069397
2023-08-26	-0.001637563546	-0.004095932824	-0.008737696428	-0.005148261919	-0.006386658899
2023-08-27	0.003238736241	0.006831334408	0.008737696428	0.0009553836592	0.02434394803
2023-08-28	0.000698176287	-0.003170857368	0.001829826677	-0.0007642338928	-0.01112466128
2023-08-29	0.05932082656	0.04514587766	0.03635132124	0.03123490044	0.05810370837
2023-08-30	-0.01513579508	-0.01408609318	-0.01375659591	-0.02134512794	-0.04553708577
2023-08-31	-0.05107008806	-0.03549771539	-0.03223888734	-0.03348398244	-0.05326702918
2023-09-01	-0.005246038619	-0.01016229187	-0.01394074622	-0.02576951318	-0.02098874079
2023-09-02	0.002494845953	0.004843632696	0.003270266872	0.001605136781	0.008756172349
2023-09-03	0.003923561651	-0.0007271905407	0	0.01175897954	0.003583315838
2023-09-04	-0.005606105974	-0.00326358457	0.003724399091	0.007894258483	-0.002558200423
2023-09-05	-0.00131426735	0.002413507003	-0.002791998091	-0.006112608996	0.03720891784
2023-09-06	-0.001247283247	-0.000795691069	0.002791998091	-0.00455942905	-0.03108019589
2023-09-07	0.01903548685	0.009118511582	0.008790248597	0.003372015493	0.01415594923
2023-09-08	-0.01320815513	-0.007106026157	-0.011116372	0	-0.01568461195
2023-09-09	-0.0003431630207	-0.0005501256259	-0.002798509289	-0.002379065357	-0.008706841176
2023-09-10	-0.002319145461	-0.01114073792	-0.007971906228	-0.01379056531	-0.06371581439
2023-09-11	-0.02663039768	-0.04138451952	-0.03010980147	-0.04633795092	-0.02892303947
2023-09-12	0.02657196308	0.02615243075	0.02207383291	0.01256824252	0.01122346237
2023-09-13	0.0146712042	0.009154626062	0.008506667554	0.005811556415	0.02643325707
2023-09-14	0.01140334812	0.01165719783	-0.001412762185	0.01234075719	0.02416224928
2023-09-15	0.002909114592	0.009070495757	0.008913969416	0.02283619494	0.01526747213
2023-09-16	-0.001517315955	-0.004206753485	0.003729608053	-0.001399580354	-0.001045478402
2023-09-17	-0.001211592099	-0.007319921658	0.007417743794	-0.01471355779	-0.01634626431
2023-09-18	0.00881971984	0.008701736947	-0.002312139758	0.02109570949	0.04317965961
2023-09-19	0.01659208049	0.003939293705	0.005540180376	0.02163309536	0.01966284675
2023-09-20	-0.003138296199	-0.01277663474	-0.01297515886	0.0139105798	0.01289700416
2023-09-21	-0.02074531665	-0.02390482489	-0.01693361253	-0.02742562245	-0.04176707708
2023-09-22	0.0004538251782	0.005753835491	0.001422138187	0.01000695096	-0.001542813369
2023-09-23	-0.000157272637	0.0004894977725	-0.002846301732	-0.009021437925	0.00308325013
2023-09-24	-0.0124027749	-0.008284633958	-0.01050630486	-0.0108944328	-0.006692431671
2023-09-25	0.002147539348	0.004809036608	0.00765187856	0.006946539792	0.001548387406
2023-09-26	-0.00316564405	0.003569704074	0.01278123908	-0.007344946172	-0.01874078795
2023-09-27	0.005754212216	0.002900413917	-0.002826191236	-0.005193779154	0.005763704717
2023-09-28	0.02428839422	0.03343250142	0.01405175346	0.02081137444	0.04194988486
2023-09-29	-0.004243785383	0.008709744137	0.00092980016	0.0226907825	0.01590490784
2023-09-30	0.002064247825	0.002060905251	-0.002791998091	-0.01273656739	0.05235289061
2023-10-01	0.03748988079	0.03695334516	0.0166362432	0.01770979876	0.110634371
2023-10-02	-0.01795276944	-0.0420474224	-0.0166362432	-0.02277211486	-0.0211692918
2023-10-03	-0.002478107536	-0.003326025577	-0.005138997528	0.05080517996	0.009793563481
2023-10-04	0.01275661928	-0.006235906218	-0.000468493801	-0.01194489753	-0.02011623579
2023-10-05	-0.01334272152	-0.02135504692	-0.01320773917	-0.01876298766	-0.01876555176
2023-10-06	0.01881826674	0.02041325849	0.01320773917	0.005342504598	0.03079835702
2023-10-07	0.000915406228	-0.006990817222	-0.005167970158	-0.007449179705	-0.004709920931
2023-10-08	-0.001418198274	-0.0004469739023	-0.004248295273	-0.008084740861	-0.003439384302
2023-10-09	-0.01177987566	-0.03281370787	-0.02684725004	-0.02882269905	-0.04943636775
2023-10-10	-0.007275373195	-0.00794219744	0.01351371917	-0.01241008721	0.0004523863456
2023-10-11	-0.01896652933	-0.000484925835	-0.009633985881	-0.01563007563	-0.004533099331
2023-10-12	-0.00432142654	-0.01755086126	-0.007286891607	-0.0119367542	-0.03372923106
2023-10-13	0.003818239929	0.008118371631	0.004863822818	0.004338401599	0.0259754864
2023-10-14	-0.0003544668067	0.001789450447	0.001938924505	0.002881846375	0.007299302482
2023-10-15	0.01117170753	0.001818351713	0.01537752551	0.001848239565	-0.003186890929
2023-10-16	0.04840156611	0.02638575214	0.02309789229	0.02111324874	0.08811276143
2023-10-17	-0.00368633461	-0.02174884978	-0.01502375676	-0.0133470131	-0.0008354219366
2023-10-18	-0.002676851886	-0.001003692008	-0.005692614993	-0.006945891051	-0.02154254375
2023-10-19	0.01380644023	0.001999994277	0.004746093389	0.06334623623	0.06248153937
2023-10-20	0.03272936881	0.02354341252	0.004252309739	-0.009279014962	0.08087546275
2023-10-21	0.008082108028	0.01549756799	0.009852296443	0.01139338384	0.08132251673
2023-10-22	0.002759830847	0.02111454115	0.01666705249	0.003450262192	-0.009251393721
2023-10-23	0.09768020787	0.05936724197	0.04795899984	0.0465461086	0.09296037062
2023-10-24	0.02545906657	0.01099593103	-0.01454731407	0.02042916569	-0.05513080075
2023-10-25	0.01675953355	0.001214961531	-0.01386116537	-0.00646321819	0.07254417608
2023-10-26	-0.01003363082	0.009040509641	0.004940499607	-0.003428059289	0.01012123346
2023-10-27	-0.007631605467	-0.01338645303	0.0040241503	-0.01879102997	-0.03225085712
2023-10-28	0.005560455808	-0.001799977986	0.007114303017	0.002942260306	-0.003156568278
2023-10-29	0.01296943313	0.01060676249	0.006183765288	0.02089655395	0.0372366942
2023-10-30	-0.001482885498	0.007713304505	0.003955179843	0.03862573448	0.06228957319
2023-10-31	0.004775852063	0.003107315171	-0.007926065272	0.03668889756	0.09442515489
2023-11-01	0.02231456026	0.01765365401	0.00748737257	0.0147341462	0.06916646753
2023-11-02	-0.01363919396	-0.02532627641	0.01739930801	-0.00510751584	-0.02261094116
2023-11-03	-0.006454666697	0.01756473515	-0.007357747974	0.01100627127	-0.01957893867
2023-11-04	0.009896775837	0.01238001306	0.02953349678	0.004563985102	0.07235013619
2023-11-05	-0.001432486925	0.01930542311	0.02868623222	0.07184022608	-0.03016025636
2023-11-06	0.0009766198683	0.004872579288	0.04448739985	0.07870290425	0.02424797711
2023-11-07	0.01002290874	-0.008282714497	-0.0355114114	-0.04258394502	0.018098978
2023-11-08	0.006352817835	0.001510578309	0.002028809785	0.002769882958	0.004647928423
2023-11-09	0.02976667598	0.1164569114	0.01966750129	-0.0301485816	0.04886744691
2023-11-10	0.01623057053	-0.02076739778	-0.002387585695	-0.01055816746	0.2241587126
2023-11-11	-0.004611757238	-0.01188619839	0.001990050408	0.004689517708	-0.005840207733
2023-11-12	-0.001775612634	-0.004143642226	-0.01643652958	-0.001963895185	-0.001065530202
2023-11-13	-0.01635352749	0.004377399733	-0.02579467477	0.01336858062	-0.08681755976
2023-11-14	-0.02532249839	-0.03682998133	0.004964842635	-0.0624914782	0.09619069408
2023-11-15	0.0628739714	0.03917912994	0.04597583878	0.02896030833	0.1412685023
2023-11-16	-0.04579700167	-0.04812071942	-0.04432635387	-0.05747613497	-0.1239920932
2023-11-17	0.01237789657	-0.0004843738543	0.009023851226	0.002285342163	0.01220890412
2023-11-18	-0.001252220313	0.0009073716921	-0.00040841332	-0.004412132331	0.0008541898529
2023-11-19	0.02142059037	0.02459567326	0.006514681021	0.02458875093	0.04245999652
2023-11-20	0.002377266633	0.004924542605	0.02682843589	-0.02197180472	-0.07703305682
2023-11-21	-0.04665745724	-0.04471196714	-0.1154645086	-0.05610203175	-0.09098861379
2023-11-22	0.04557699879	0.06518464889	0.04593528515	0.0539762849	0.1083376865
2023-11-23	-0.003053710529	-0.0004896483114	-0.009789395053	0.01623675872	-0.01841026838
2023-11-24	0.01118001295	0.008998284241	-0.00471597873	0.0004830529037	0.006174492581
2023-11-25	0.001777619529	0.001080709915	0.007278987395	0.002572348685	0.0338898269
2023-11-26	-0.008859513392	-0.01001595667	-0.01158562626	-0.01146560804	-0.02148033444
2023-11-27	-0.005482130309	-0.01703290458	-0.01961274459	-0.0193512106	-0.04457809897
2023-11-28	0.01535223195	0.01012855721	0.0105079776	0.01119721892	0.05511815335
2023-11-29	0.0009453771251	-0.009482649945	-0.01006793359	-0.002623382387	0.01923627278
2023-11-30	-0.00345812519	0.01134601967	0.001318971394	-0.004607544765	-0.000168619847
2023-12-01	0.02509238206	0.01704718515	0.003946508082	0.01017402934	0.007559884808
2023-12-02	0.01965510083	0.03645764278	0.00218579322	0.01346002645	0.06338723104
2023-12-03	0.01314279429	0.01294740749	-0.003937874264	0.003377023391	-0.01073920618
2023-12-04	0.04927197753	0.02273153022	0.02339794782	0.002565337306	-0.02150620522
2023-12-05	0.04839691964	0.02202571021	-0.009898940311	-0.005620247632	-0.009945463896
2023-12-06	-0.007072982823	-0.02679329437	-0.007815932103	0.03013709442	0.01334655228
2023-12-07	-0.01124950869	0.05363904278	0.01385303539	0.004987541511	0.09096474855
2023-12-08	0.02053611956	0.001268440815	0.02672481425	0.04395142111	0.101010946
2023-12-09	-0.01040897226	-0.007758789861	-0.005035679966	-0.02059448961	-0.0358636642
2023-12-10	0.001735024482	0.005071523459	0.008795868227	0.004999631655	0.03492914708
2023-12-11	-0.05966075735	-0.05562098587	0.02715098907	-0.06719177848	-0.06369296803
2023-12-12	0.005776503301	-0.009781994552	0.03273745446	0.0008078197386	-0.02376777348
2023-12-13	0.03263961688	0.02540675504	-0.01026459861	0.01331534873	0.02902085577
2023-12-14	0.003568002356	0.02411229969	0.005145469496	0.006512611376	0.06920053424
2023-12-15	-0.02547047764	-0.04181551118	-0.03372459305	-0.02565888042	-0.04278944136
2023-12-16	0.008020387258	0.003802713226	-0.002043736661	0.007605830014	0.01654964942
2023-12-17	-0.02159919134	-0.01466081919	-0.02317984578	-0.01625259243	-0.03942691998
2023-12-18	0.03054176671	0.01037611637	0.01207090619	0.003598302868	0.0488775101
2023-12-19	-0.008990828549	-0.01888470482	0.04529686597	-0.01281647514	-0.01926528177
2023-12-20	0.03241755264	0.01107753652	0.02884065832	0.02029861805	0.118817508
2023-12-21	0.004406916568	0.0168585057	0.04433483379	0.01127952661	0.1323142552
2023-12-22	0.002441968067	0.03722042644	-0.003681889285	0.0004805767013	0.04235534519
2023-12-23	-0.006088221089	-0.007054169998	-0.0003689356249	-0.007878487572	0.09707294874
2023-12-24	-0.01639510706	-0.0193127551	-0.02427756958	-0.01201703321	0.04148918013
2023-12-25	0.01350710164	0.003219123475	0.009032805112	0.05421338553	0.07253778878
2023-12-26	-0.02479535186	-0.01797824191	0.1092122116	-0.03832974528	-0.07218213838
2023-12-27	0.0214097953	0.06401084348	0.08496584213	0.01926964633	-0.05087696978
2023-12-28	-0.02012077981	-0.0144841071	-0.004638944456	0.0009459247119	-0.04897725491
2023-12-29	-0.01174079024	-0.0193616265	-0.02797605049	-0.01844836036	0.04203147891
2023-12-30	0.001741656115	-0.003276063293	0.01078006635	-0.003698645368	-0.0410496428
2023-12-31	0.00339477815	-0.004289890805	-0.01685522492	-0.008250471455	-0.001767999675
2024-01-01	0.04386318131	0.03028775445	0.005437403449	0.02216958267	0.07743790853
2024-01-02	0.01722000317	0.001402054026	-0.004155351992	-0.007655539781	-0.02935956815
2024-01-03	-0.04788769521	-0.06381928005	0.01146509374	-0.07012566601	-0.08004270767
2024-01-04	0.03002352151	0.02564008195	0.02470805911	0.007698267426	0.06284326649
2024-01-05	-0.000135679663	0.0007363494597	-0.0193393426	-0.01909735459	-0.04853283383
2024-01-06	-0.004012787545	-0.01241822254	-0.03200273109	-0.0136413448	-0.06372503048
2024-01-07	-0.0008942250725	-0.008677388499	-0.01672444294	-0.02930350819	-0.04727696602
2024-01-08	0.06653020711	0.04791045991	0.004289727746	0.04623974889	0.09017422917
2024-01-09	-0.01807551042	0.005925493248	-0.008597936564	-0.01869866625	0.01500737961
2024-01-10	0.01172860796	0.09750304973	0.01548885801	0.05807917912	0.0262231951
2024-01-11	-0.006771062231	0.01292885326	0.007817629391	0.001829218104	-0.02080312763
2024-01-12	-0.07985287547	-0.03714815679	-0.03836449318	-0.05463041171	-0.0810776107
2024-01-13	0.001524219641	0.02182127194	0.01870462013	0.008387258673	0.03969239454
2024-01-14	-0.02638212871	-0.04170818292	-0.008974632283	0.002780192929	-0.02151300935
2024-01-15	0.01848861088	0.01561224573	0.05836340078	-0.001041666761	0.005845794402
2024-01-16	0.01463790183	0.02966184535	-0.007270460349	0	0.03386269265
2024-01-17	-0.008423584725	-0.02235911177	-0.01857241984	-0.01258537849	0.04497277798
2024-01-18	-0.03445139746	-0.02374836663	0.0115682524	-0.02945326691	-0.07841165202
2024-01-19	0.007990013891	0.008539568822	0.00541661353	-0.01404748084	-0.00829703728
2024-01-20	0.0008880084303	-0.008054016031	0.00791268569	0.01658050191	-0.007935698482
2024-01-21	-0.00277894136	-0.006070141542	0.004403907715	-0.0127297591	-0.01946030863
2024-01-22	-0.04960600267	-0.05989738789	-0.04067814632	-0.03520244291	-0.08293780818
2024-01-23	0.008294955473	-0.03142814842	-0.0234837979	-0.01759464015	0.006064588419
2024-01-24	0.004683034141	-0.003385730473	-0.01926060554	-0.0003859513749	0.05107394609
2024-01-25	-0.003092975166	-0.007355781024	-0.003417638323	-0.008334189145	-0.02117565463
2024-01-26	0.04555239093	0.02186288689	0.03399284044	0.0353731555	0.05995433286
2024-01-27	0.007079022807	0.0001146480527	0.01118800745	-0.003764356036	0.02144164476
2024-01-28	-0.002128775639	-0.004879740237	-0.0009821575515	-0.01176037833	0.01787075836
2024-01-29	0.02980611994	0.02653997722	0.01753291666	0.02095800301	0.05769079045
2024-01-30	-0.00838557946	0.01090426008	-0.01002757877	-0.04685817516	-0.002757535724
2024-01-31	-0.008444749797	-0.02588473906	-0.02335248366	-0.01459591987	-0.04477456884
2024-02-01	0.01174243562	0.009216574739	-0.0009988347759	0.004954920454	0.008728298981
2024-02-02	0.002713400165	0.002072252082	0.003989366993	0.009249303369	0.02792660944
2024-02-03	-0.004382505832	-0.005458644988	-0.00565631187	0.0157422355	-0.02639419866
2024-02-04	-0.01000569485	-0.002921760017	0.01654571167	-0.03014516772	-0.02553770212
2024-02-05	0.002950351987	0.005244348441	-0.01155319007	0.007326040092	0.00177870829
2024-02-06	0.00909598831	0.0302988005	0.004967720102	-0.003755316203	0.01267286099
2024-02-07	0.02860505469	0.02186950141	0.01508225311	0.0172756554	0.04303259641
2024-02-08	0.02095275967	-0.002291188188	0.03799339644	0.001750121983	0.01589047659
2024-02-09	0.03991206359	0.02731865672	0.01492565022	0.02209716195	0.03987175728
2024-02-10	0.01303338108	0.005486498081	-0.00309119257	-0.004380542192	0.01917169162
2024-02-11	0.01142945973	0.002783853858	-0.007146216524	0.004190482323	-0.01432093584
2024-02-12	0.03293568145	0.05915178226	0.02189755961	0.01021188905	0.03816072337
2024-02-13	-0.004370351494	-0.007547234116	-0.009501987201	-0.01287652709	0.007496019394
2024-02-14	0.0413002181	0.04980714711	0.02793986784	0.02466007314	0.0391420636
2024-02-15	0.001636457773	0.01707262677	0.0590201784	0.04437091464	-0.03011465474
2024-02-16	0.004694246184	-0.007392835379	0.01735280039	0.003728366503	-0.02832696215
2024-02-17	-0.009279917801	-0.005680318366	-0.02102979505	-0.02639528407	-0.01286220697
2024-02-18	0.009540032295	0.03362512462	-0.008823168097	0.01355401612	0.03002576799
2024-02-19	-0.006985527731	0.02183402905	0.005132603227	0.009824139029	-0.006345822788
2024-02-20	0.009306488031	0.02349590687	0.008496227829	-0.0007112375833	-0.02929612716
2024-02-21	-0.007865510526	-0.01568217794	0.06707337674	-0.02357708419	-0.03075146221
2024-02-22	-0.0108781742	0.001178590206	0.008926286625	-0.01486129544	-0.03162892404
2024-02-23	-0.01066865536	-0.01668277674	-0.0187315858	-0.01264897817	-0.01844741394
2024-02-24	0.01610925093	0.02379881242	0.01637648855	0.02001549399	0.04031736271
2024-02-25	0.003110061679	0.03930591914	0.01765821006	-0.004597709249	-0.005205332748
2024-02-26	0.05175321237	0.02014847448	0.03316339857	0.01482050729	0.06028914579
2024-02-27	0.04593727576	0.0206978082	-0.01758397479	0.06248183077	-0.01411184419
2024-02-28	0.0903734251	0.04249098921	0.04944160641	-0.01912038269	0.09391654496
2024-02-29	-0.02106079086	-0.01279469619	-0.03735077902	0.02014357513	0.05436343177
2024-03-01	0.020352571	0.02756200878	0.01983208281	0.02458036211	0.02940120051
2024-03-02	-0.00644214361	-0.003509937475	0.008554372097	0.06891525885	0.004548090322
2024-03-03	0.01801293695	0.01922420805	0.008723098686	-0.02690321935	0.001076178134
2024-03-04	0.07817243529	0.03934134583	0.009364938175	0.03232160864	0.02361268268
2024-03-05	-0.06855316031	-0.02064013362	-0.05983322855	-0.09127325655	-0.06158647841
2024-03-06	0.0362145168	0.07190600024	0.08578420124	0.03474129822	0.04280231632
2024-03-07	0.01127394525	0.01305279773	0.1000834586	0.02405087278	0.09496953417
2024-03-08	0.01928248632	0.003766716011	0.02332467257	-0.01122706259	0.006721899119
2024-03-09	0.002771674598	0.005610800782	0.0051329545	-0.0004839880711	-0.003459253484
2024-03-10	0.009362842189	-0.006870813085	0.079869407	-0.019060608	0.000692808674
2024-03-11	0.04428337356	0.04692379533	-0.01121791401	0.1732343402	0.030286743
2024-03-12	-0.008724217811	-0.0210927723	0.02734729594	-0.04962038423	0.01480619285
2024-03-13	0.02242483179	0.006219375694	0.1595843954	0.00159756043	0.08164557792
2024-03-14	-0.02330791195	-0.03121794268	-0.04426433871	-0.02960233823	0.07491388806
2024-03-15	-0.02681836109	-0.03660220046	0.04774755946	-0.05341969802	0.04049360775
2024-03-16	-0.06232291028	-0.06033255611	-0.09319451203	-0.05028134165	-0.01038260693
2024-03-17	0.04627581443	0.03393835581	-0.008187485855	0.02618379007	0.1032930132
2024-03-18	-0.01152174525	-0.03468513836	-0.0289258034	0.04144851442	-0.02986797517
2024-03-19	-0.08763155564	-0.1084501077	-0.08979785292	-0.09895854403	-0.1429673601
2024-03-20	0.09103531159	0.1073331527	0.09231538707	0.04384905932	0.1215576847
2024-03-21	-0.03508997738	-0.006756686066	-0.005402498283	0.04748714089	-0.06634439542
2024-03-22	-0.02636900738	-0.04584062681	0	-0.046178026	-0.02396708737
2024-03-23	0.003026453039	-0.00204624217	-0.003436740291	0.00846772687	-0.01471883066
2024-03-24	0.04909491977	0.0369855156	0.02822623973	0.0252975386	0.0630169471
2024-03-25	0.03895773117	0.03845251881	0.03343170965	0.01272501657	0.02741073267
2024-03-26	0.001544170414	-0.0008609940973	-0.01130729882	-0.01399063927	0.007748095159
2024-03-27	-0.007428938025	-0.02430528249	-0.01056561314	-0.03200916619	-0.02192290353
2024-03-28	0.01869009109	0.01679526513	0.01572114956	0.02038575692	0.01755550991
2024-03-29	-0.01322713533	-0.01435621518	0.04867588499	0.009087348307	0.01247264885
2024-03-30	-0.00384931645	-0.001168860551	-0.01945330056	-0.01422544567	0.01134110185
2024-03-31	0.02410742338	0.03906282323	0.009938793092	0.01279607991	0.04160438662
2024-04-01	-0.02313609473	-0.03958782952	-0.05227405677	-0.02935221201	-0.05174835105
2024-04-02	-0.06197960825	-0.06632179487	-0.04329987959	-0.04280158491	-0.05732366213
2024-04-03	0.007598003093	0.009672614295	0.01815127559	-0.01931760657	0.01920512953
2024-04-04	0.03755725764	0.004992305001	0.04185440886	0.03305944636	-0.005690301223
2024-04-05	-0.009789202703	-0.002874235454	-0.01323839501	-0.01084205098	-0.05375627928
2024-04-06	0.01573184268	0.01011787731	0.01306758623	0.009999235928	0.02441701815
2024-04-07	0.006717834112	0.03015602182	-0.002565638968	0.002358094406	0.00469012585
2024-04-08	0.03205840928	0.06728411886	0.004272415283	0.03358185051	0.006440888452
2024-04-09	-0.0351541534	-0.0522879826	-0.01011234943	-0.0009765625776	-0.04679415
2024-04-10	0.02125006308	0.01113166147	0.04907723178	0.005035339154	0.00514853768
2024-04-11	-0.008886036168	-0.01223597024	-0.008399950568	-0.01403188303	-0.005438569295
2024-04-12	-0.04215402471	-0.07870290425	-0.01499778154	-0.1070781326	-0.1181602026
2024-04-13	-0.04872735746	-0.0738335756	-0.07403048381	-0.1328001312	-0.1008294309
2024-04-14	0.02681507892	0.0480771311	0.02376172538	0.0499034401	0.08828040124
2024-04-15	-0.0347388234	-0.01697951966	-0.02448518354	-0.01118892792	-0.08799157172
2024-04-16	0.005870468536	-0.005745051938	-0.02770056963	-0.002414002379	-0.01667129937
2024-04-17	-0.04023897321	-0.03256169824	-0.006531701863	-0.002823721118	-0.03268215965
2024-04-18	0.035158007	0.02611470081	0.03314610194	0.01483587757	0.07473082772
2024-04-19	0.005466825161	-0.002594408124	0.003435497457	0.0009945301665	0.003022105825
2024-04-20	0.01743741303	0.03198147731	0.03004937622	0.05002011844	0.05939373042
2024-04-21	8.623229101e-06	-0.002576364248	0.01512414748	-0.007974221105	-0.01613260773
2024-04-22	0.02851078511	0.01655081125	0.04206345961	0.05813222682	0.05332416089
2024-04-23	-0.006084382651	0.006000335777	0.002808294569	-0.02090035188	-0.01411637172
2024-04-24	-0.03251015685	-0.02473609909	0.004279841924	-0.03171907702	-0.0460862302
2024-04-25	0.003241766256	0.004764485079	0.00720134045	-0.003988988099	-0.02009499646
2024-04-26	-0.0113564699	-0.007793775832	-0.02510039305	0.001331431485	-0.03950244298
2024-04-27	-0.004842030716	0.03891605009	-0.003014572707	-0.01570913531	0.01482881667
2024-04-28	-0.005425173244	0.002420614128	0.006686751762	-0.01478338536	-0.02377483983
2024-04-29	0.01177132522	-0.01441960239	-0.01240585902	0.009362268502	-0.001595590707
2024-04-30	-0.05130483177	-0.06508062629	-0.02459140314	-0.02855367757	-0.08321120711
2024-05-01	-0.03876642553	-0.01389479651	-0.02911975617	0.03320214614	0.06023012893
2024-05-02	0.01184832364	0.004608434561	-0.002316672158	0.00096571712	0.02160101622
2024-05-03	0.06269590852	0.03824536538	0.04619557732	0.02610417825	0.04345263514
2024-05-04	0.01593467073	0.004701094216	-0.002217106732	-0.002825126655	0.01629082759
2024-05-05	0.0018757818	0.006134046776	0.01069892179	-0.001132289232	-0.002193434288
2024-05-06	-0.01331720751	-0.02381460534	-0.006439608764	0.01981743674	0.04750516367
2024-05-07	-0.01359805079	-0.01875706947	-0.02009168641	-0.02949401352	-0.03184580229
2024-05-08	-0.01812201334	-0.01052870142	0.02077149609	-0.01420914843	-0.04032109542
2024-05-09	0.03027550466	0.02063815672	0.01383521309	0.007321805349	0.07052964662
2024-05-10	-0.03671917431	-0.04246696949	-0.01894508624	-0.03655963803	-0.04394839461
2024-05-11	0.0004275402409	0.0008450066111	0.01120745302	0.007340574574	-0.004049005292
2024-05-12	0.01075965098	0.005765421483	0.004380798919	-0.01313190379	-0.01377899592
2024-05-13	0.02340634697	0.007380634428	-0.005225464903	0.01194519479	0.02825221415
2024-05-14	-0.02188678101	-0.02368049868	-0.04246409466	-0.01014429385	-0.03806102256
2024-05-15	0.07248226376	0.05094364115	0.02421510183	0.036510434	0.1098424654
2024-05-16	-0.01477929159	-0.0293969054	-0.02051889064	-0.005993251385	0.005347774549
2024-05-17	0.02705141036	0.04881442053	0.02034675878	0.01482078904	0.06127033898
2024-05-18	-0.001624618094	0.009953500948	-0.001033413802	-0.004020298322	0.01731847638
2024-05-19	-0.009628331806	-0.01670975718	-0.01004511391	-0.02269958752	-0.01443077068
2024-05-20	0.07515278314	0.1758842593	0.04276266894	0.05367467956	0.094116463
2024-05-21	-0.01833845476	0.03431110464	0.0310344256	-0.001302689307	-0.0468771585
2024-05-22	-0.01409376639	-0.01378199734	-0.006000180168	-0.01917712464	-0.00675868526
2024-05-23	-0.01745709429	0.01220010505	-0.0255347042	0.003978408203	-0.004474533817
2024-05-24	0.008501978115	-0.01473157904	0.001667222794	0.013334783	-0.04921600415
2024-05-25	0.01074556177	0.005611485877	0.003492146228	0.01039356053	0.003868476778
2024-05-26	-0.0113631121	0.02038422	-0.003658743479	-0.02486341743	-0.02978276554
2024-05-27	0.01346594794	0.01755069535	0.006145688308	0.01073153479	0.04041802088
2024-05-28	-0.0150623714	-0.01280042701	-0.003649639088	-0.009974675719	-0.008676972069
2024-05-29	-0.01096616001	-0.02029990413	-0.01002179759	-0.009311231168	-0.002136499329
2024-05-30	0.01029018469	-0.005194720105	-0.001007725984	-0.009977058969	-0.008591938297
2024-05-31	-0.011953148	0.003829463283	-0.002355317374	-0.001930129918	-0.007397862507
2024-06-01	0.003352974306	0.0141277681	0.01371717728	0.002122938171	0.002953677665
2024-06-02	-1.800306465e-05	-0.009190861263	0.001660026942	-0.01007565199	-0.01816078337
2024-06-03	0.01529249568	-0.003669865022	0.03823779918	0.01238645602	0.01060856187
2024-06-04	0.02480167348	0.01139469839	0.09045106961	0.01109422244	0.04093600343
2024-06-05	0.008050544646	0.01452823936	0.01892436397	0.0001902044704	0.01019353203
2024-06-06	-0.004354124285	-0.01368088061	0.01758910594	-0.008211637855	-0.01972771942
2024-06-07	-0.02059883045	-0.03608078731	-0.03899576658	-0.04390279797	-0.04600239918
2024-06-08	-0.0006510605637	0.0008831654308	-0.001902393198	-0.01310899079	-0.02915949736
2024-06-09	0.004860162159	0.006721763486	-0.01431019478	0.0121066854	0.02681829735
2024-06-10	-0.001553868336	-0.01045539578	-0.07383369271	-0.003415372481	-0.01911818356
2024-06-11	-0.03253032242	-0.04760583911	-0.03682397157	-0.03418611482	-0.06319393666
2024-06-12	0.01401059058	0.01779443193	0.02766360217	0.0234626939	0.03881878389
2024-06-13	-0.02208343776	-0.02581258382	-0.03215500122	-0.03035855239	-0.05244003292
2024-06-14	-0.01097792182	0.003567733097	0.005818319132	-0.004834481303	-0.02920921301
2024-06-15	0.002786073921	0.02466319087	0.008089189797	0.03356436884	0.01711931471
2024-06-16	0.006751007092	0.01547892412	0.004265798101	-0.003469745291	0.03895108658
2024-06-17	-0.002591057845	-0.03165961103	-0.01069880998	0.0313972258	-0.05453365889
2024-06-18	-0.02018618866	-0.008017335593	-0.02632392757	-0.02752006555	-0.04176180456
2024-06-19	-0.003087985222	0.02188922321	0.01801547166	0.004673380445	-0.01311230009
2024-06-20	-0.001607771373	-0.01341064745	-0.01954569385	-0.009164100382	-0.0153809177
2024-06-21	-0.01126141676	0.001541616841	-0.002726190136	0.0002045617272	0.007831477655
2024-06-22	0.001844936066	-0.006486817486	0.008494784348	-0.004715539235	-0.006783730216
2024-06-23	-0.01650595769	-0.02164134739	-0.02327676543	-0.01428152184	-0.03811727549
2024-06-24	-0.04724168824	-0.02013165821	-0.01641098283	-0.01195358681	0.02789239128
2024-06-25	0.02477962248	0.01250231175	0.01762237002	0.003580081743	0.03161172075
2024-06-26	-0.01534247636	-0.006937298285	-0.009034112868	-0.01248033121	0.001682578399
2024-06-27	0.01373065509	0.02316180634	0.0150691342	0.0116391114	0.09010698753
2024-06-28	-0.02093886175	-0.02058167193	-0.02489032854	-0.007815014957	-0.06684340409
2024-06-29	0.009205553775	-0.0003994703372	0.004571838454	0.002329769136	0.001783739904
2024-06-30	0.02885379381	0.01741582769	0.02117767048	0.007166978401	0.04413557468
2024-07-01	0.002036731241	0.001174357291	-0.009145090049	0.001888574688	0.0004091653085
2024-07-02	-0.01222900332	-0.006075591825	0.005531561209	0.01725076552	0.04896222338
2024-07-03	-0.03150213433	-0.03748337742	-0.04117400728	-0.0380098249	-0.08952289435
2024-07-04	-0.05388661548	-0.07423496067	-0.08058174281	-0.07625067707	-0.09668857895
2024-07-05	-0.007410738462	-0.02579643431	-0.03144726651	-0.01818231908	0.04928909743
2024-07-06	0.02788540524	0.02812401721	0.05530372687	0.05425291884	0.06296920673
2024-07-07	-0.04159356378	-0.04530079311	-0.06946826964	-0.0675138283	-0.08312329542
2024-07-08	0.01522267123	0.02958530135	0.03975356171	0.02843570748	0.06021343392
2024-07-09	0.02327268232	0.01565679752	0.01226292739	0.009225157675	0.01144982818
2024-07-10	-0.005599628023	0.01115500323	0.01497723849	0.007319337342	0.003952016435
2024-07-11	-0.00670853805	-0.0004773716267	0.0001905669372	0.02320185169	-0.0450185843
2024-07-12	0.009532569172	0.01100846128	0.01700399934	0.05501603796	0.02711020348
2024-07-13	0.02246033375	0.01332864936	-0.002626150449	0.1024690898	0.01734476237
2024-07-14	0.02656596839	0.02153950033	0.02302366831	-0.00994081977	0.03978974947
2024-07-15	0.06257882518	0.07086595439	0.07170578146	0.03158057659	0.07637895434
2024-07-16	0.004929571655	-0.01133462489	-0.01566971365	0.07545001345	0.007750038791
2024-07-17	-0.01480682734	-0.01671199661	-0.01275015089	0.077529893	-0.03239559514
2024-07-18	-0.001562667333	0.01157999599	0.005259479165	-0.09424046461	0.02364116204
2024-07-19	0.04091075734	0.02223169961	0.03690455694	0.006299233428	0.06038075633
2024-07-20	0.007174322902	0.003979478349	-0.000505689012	0.03496500136	0.02608615224
2024-07-21	0.01515682874	0.005223010079	0.01572464652	0.007885285384	0.06084145924
2024-07-22	-0.00933451683	-0.02761833453	-0.02572218806	0.01591545531	-0.03076827096
2024-07-23	-0.02391698143	0.01239811261	-0.009066865638	-0.01742059816	-0.03336200065
2024-07-24	-0.008529507623	-0.04303776973	-0.01210249903	0.03357234826	0.02865558228
2024-07-25	0.006463859817	-0.04925672642	-0.00750767385	-0.03006386584	-0.03549856885
2024-07-26	0.03153462224	0.03073997601	0.01789018622	0.006317560497	0.06319196466
2024-07-27	-0.000169213846	-0.007848443474	0.001204301221	-0.01301102592	0.004686912498
2024-07-28	0.005191188977	0.006488578823	0.00394680907	0.009358357069	0.005314257938
2024-07-29	-0.02170181316	0.01442080177	-0.01657782742	0.001163660675	-0.01268147727
2024-07-30	-0.008974685028	-0.01165717542	0.02391511825	0.04197102677	-0.01885439979
2024-07-31	-0.02385142422	-0.01427246488	-0.02009168641	-0.007515826536	-0.04247225401
2024-08-01	0.01117119968	-0.009117329095	-0.002431400989	-0.0436349359	-0.0256000768
2024-08-02	-0.06080893313	-0.06906980164	-0.05761879781	-0.06172557976	-0.09127340815
2024-08-03	-0.01309943613	-0.02917782178	-0.02480313629	-0.008777485821	-0.06945118164
2024-08-04	-0.04269555682	-0.07682549633	-0.06373320601	-0.06120953556	-0.02984020585
2024-08-05	-0.07388270778	-0.1055415217	-0.06807330477	-0.06704101217	-0.06380142569
2024-08-06	0.03641232999	0.01710374992	0.04342094091	0.03477387853	0.1067465173
2024-08-07	-0.01597516147	-0.04935505902	-0.02042163072	0.1703310849	0.002559049707
2024-08-08	0.1122873509	0.1354024003	0.08492147537	0.02695758245	0.1194011528
2024-08-09	-0.01384240931	-0.03170709139	-0.01637782757	-0.06033071431	-0.04289815876
2024-08-10	0.001404713543	0.004277465389	0.02791419855	0.006182399908	-0.01463173482
2024-08-11	-0.03696495867	-0.02111862894	-0.03838756768	-0.05507592859	-0.08422324096
2024-08-12	0.0107413219	0.06327617065	0.02897618543	0.02782912377	0.03279665858
2024-08-13	0.02068731824	-0.007322042615	0.01151202276	0.01501687029	0.002457842433
2024-08-14	-0.03192610182	-0.01528398156	-0.001527300793	-0.0144892122	-0.02025141534
2024-08-15	-0.01965794265	-0.03500799062	-0.008056824706	-0.01416705118	-0.007894134397
2024-08-16	0.02291097834	0.008848278206	0.0009625566245	0.00551357555	-0.02514158417
2024-08-17	0.01043192338	0.008365324821	0.04127599958	0.004777501788	0.02057231679
2024-08-18	-0.01805757952	-0.0009030624377	-0.01938912344	-0.006019848207	0.003446460243
2024-08-19	0.01715806244	0.009225540853	0.04993695329	0.06096929274	0.01304472476
2024-08-20	-0.007170849699	-0.02439660427	0.0195076234	-0.008052383721	-0.01409850265
2024-08-21	0.03565715239	0.02225119813	0.001228609194	0.01038883338	0.003648358779
2024-08-22	-0.01283944233	-0.002980821038	0.02220386101	-0.00384134084	0.003006890137
2024-08-23	0.05887576422	0.0518558763	0.01498410463	0.02201164584	0.06775391596
2024-08-24	0.001868571092	0.001996210757	-0.01910994854	0.002942140076	0.04721674651
2024-08-25	0.0009813284334	-0.007932389942	-0.01143463602	-0.02094576452	-0.01095164111
2024-08-26	-0.02181836042	-0.02419303418	-0.04581498125	-0.02122363645	-0.01139108634
2024-08-27	-0.0559496085	-0.08692421898	-0.02755606626	-0.03605243137	-0.06800685064
2024-08-28	-0.006417925295	0.02848361109	0.006913976902	0.004753948561	-0.01953697691
2024-08-29	0.005475126375	-0.0002848135084	-0.001117943101	-0.01308363784	-0.02782359445
2024-08-30	-0.003967156609	-0.0006371683032	-0.002239642594	0.008506165057	-0.01446120385
2024-08-31	-0.002540264967	-0.005155786067	-0.004306719511	-0.0008826904978	-0.0193172027
2024-09-01	-0.02876341532	-0.03535285032	-0.03922821928	-0.03413300637	-0.05193511173
2024-09-02	0.03144134758	0.04525192186	0.02676582234	0.03677874387	0.04890133086
2024-09-03	-0.02820289778	-0.04542920453	-0.014545711	-0.01866886827	-0.05640019431
2024-09-04	0.008369626775	0.01042667362	-0.02163194552	0.001255492946	0.0467195766
2024-09-05	-0.03138033883	-0.03399005915	-0.01029712069	-0.02449546407	-0.03216395865
2024-09-06	-0.04026275108	-0.06252743828	-0.03072189876	-0.04374230886	-0.03427200151
2024-09-07	0.00366043676	0.02149540064	0.01284814248	0.007075275715	0.02104841118
2024-09-08	0.01300733247	0.01037883862	0.01926609862	0.008915927412	0.01892556293
2024-09-09	0.03882199878	0.02671521187	0.03053672386	0.01870961966	0.03717956408
2024-09-10	0.01035936036	0.01222419508	-0.003282806849	0.002406740031	0.004063394457
2024-09-11	-0.005183618786	-0.02028798278	0.02502279349	-0.0111566795	-0.02395190048
2024-09-12	0.01375821128	0.00902115932	0.02680227438	0.05067605083	0.02704377573
2024-09-13	0.03988851518	0.03225891317	0.02161951768	0.01796771959	0.02159534244
2024-09-14	-0.008381917832	-0.008812117193	-0.005587110145	0.03903268516	-0.01361550582
2024-09-15	-0.01445615577	-0.04296916311	0.0001807174488	-0.04288086203	-0.04298453237
2024-09-16	-0.01564652918	-0.00885564075	-0.03624718401	0.02765471776	0.0007609192271
2024-09-17	0.0354383796	0.01989076851	0.0231513257	-0.004613421254	0.0005322991647
2024-09-18	0.02369166034	0.01397230436	0.02405831871	0.002223933856	0.02106291197
2024-09-19	0.01905308608	0.03738482778	0.01331577598	0.002730377123	0.06170120364
2024-09-20	0.004012085062	0.03827698745	0.003521130399	-0.002901273475	0.02604187918
2024-09-21	0.002337574961	0.01971535504	0.03386640167	0.02113886102	0.0185772222
2024-09-22	0.003620962404	-0.01209241831	0.0001698802348	-0.01772647075	-0.03251544778
2024-09-23	-0.003762569072	0.02523866886	0.02648495402	-0.004096267889	0.001105659708
2024-09-24	0.01446248638	0.002350869074	0.002313285896	0.01088631265	0.05338723979
2024-09-25	-0.01743469234	-0.02799643977	-0.03100893719	-0.0136265096	-0.03159452708
2024-09-26	0.03151578569	0.02007277388	0.01503787736	0.01261093741	0.04989009385
2024-09-27	0.009102584128	0.02334388643	0.01745535135	-0.002883068223	0.01334672898
2024-09-28	0.001337861953	-0.007158797269	-0.009437937429	0.04158257477	-0.005661772814
2024-09-29	-0.003894573316	-0.006596896504	-0.009192009235	0.04367227855	0.01085001602
2024-09-30	-0.03528524055	-0.02106221571	-0.04850477844	-0.04759001128	-0.03840317541
2024-10-01	-0.04063624493	-0.06118319307	-0.03606742422	-0.02433693493	-0.04946912764
2024-10-02	-0.002577086317	-0.03478817682	-0.008809012735	-0.102998449	-0.03470258141
2024-10-03	0.001703926353	-0.006067181682	0.004230669421	-0.03132331554	-0.02426111774
2024-10-04	0.02170883041	0.02712473269	0.01908975341	0.02330312893	0.0458553518
2024-10-05	-0.0004510890655	0.000103539605	0.01377111989	-0.008651549167	-0.004548165836
2024-10-06	0.01220262982	0.01045184387	0.01288291002	0.007902204808	0.02691552107
2024-10-07	-0.009531284031	-0.007123585979	-0.01057651319	-0.009414492431	-0.01735341716
2024-10-08	-0.001021188502	0.007475978565	0.02882043854	0.004530019072	-0.003270136851
2024-10-09	-0.02483048298	-0.02927447917	-0.01754278597	-0.01231659341	-0.02942012623
2024-10-10	-0.005119452833	0.006735419496	-0.01198674673	0.01137453022	-0.002155482944
2024-10-11	0.03603669893	0.02196943306	0.01705535847	0.01552448648	0.04569251374
2024-10-12	0.010596362	0.01501279239	0.005216495919	0.000927557807	0.005960350602
2024-10-13	-0.00533329352	-0.003029134969	-0.007660204588	-0.01344056074	0.009111370573
2024-10-14	0.04985708823	0.0631272374	0.02910736791	0.02999114081	0.06454275153
2024-10-15	0.01487206602	-0.008546603616	0.009124767603	-0.01211023975	-0.0181211938
2024-10-16	0.008105370404	0.001414197008	0.01070781521	0.0119278412	-0.003106396492
2024-10-17	-0.002935834046	-0.002031858699	-0.01340278063	-0.007507130377	-0.02480604915
2024-10-18	0.01481398647	0.01386081944	0.01056968149	0.004401254125	0.02907486101
2024-10-19	-0.0007309621249	0.0022796147	-0.002506476373	-0.004585060761	0.03082250795
2024-10-20	0.00951888488	0.03659647964	0.01362600012	0.007690937013	0.0465257049
2024-10-21	-0.02425888605	-0.02963489063	-0.01178730341	-0.00603789228	-0.007374797342
2024-10-22	0.0007195659177	-0.01659549081	-0.008385090216	-0.02039373608	0.008509159684
2024-10-23	-0.01129587277	-0.03815966677	-0.01510166988	-0.01528764321	0.01926545816
2024-10-24	0.02268451715	0.004430460786	0.01627982368	0.01172257705	0.03643662461
2024-10-25	-0.02223942946	-0.03826495075	-0.03282907226	-0.05764504262	-0.0718833736
2024-10-26	0.005896224371	0.01701803974	0.01398141356	0.02205682171	0.03562232621
2024-10-27	0.01375063242	0.01013572965	0.009892627155	0.006600684031	0.0330955934
2024-10-28	0.02812846722	0.02351899834	0.01999562546	0.005210858071	0.009354288879
2024-10-29	0.03888698283	0.02739939526	0.008613603033	0.01698676211	0.006317988084
2024-10-30	-0.005399473668	0.007697296776	-0.01780561227	-0.01046333145	-0.02568658541
2024-10-31	-0.0287846117	-0.0543144031	-0.03242051561	-0.02596038853	-0.03598012975
2024-11-01	-0.01138879575	-0.002830959526	-0.006088563647	0.007040905285	-0.01547269435
2024-11-02	-0.001746516539	-0.006896138179	-0.007883022341	-0.005471969878	0.0004213440939
2024-11-03	-0.008668122839	-0.01474190463	-0.01935601582	-0.01440861797	-0.0221487606
2024-11-04	-0.01355516781	-0.02451553396	-0.009367750004	0.0009935420589	-0.02858407287
2024-11-05	0.02218393837	0.01009807866	0.01919912698	0.0206395533	0.0534372433
2024-11-06	0.08560223985	0.1164984397	0.0502256271	0.0526736642	0.1131979259
2024-11-07	0.003776009592	0.06182830264	0.0101472546	0.02515168123	0.05098508461
2024-11-08	0.00855685432	0.02263286313	-0.0007357367732	-0.003425587051	0.01766830413
2024-11-09	0.002189217156	0.05404109839	0.04391779642	0.010062978	0.0002001300852
2024-11-10	0.04703330369	0.01806871337	0.004265216252	0.0507209869	0.04967359327
2024-11-11	0.09803226218	0.05749432157	0.05020635379	0.05344088469	0.05582198756
2024-11-12	-0.007882034012	-0.03863896111	-0.05339956137	0.1259304827	-0.04837607803
2024-11-13	0.02717856866	-0.01761524394	-0.007463859178	-0.02037665566	0.01635577853
2024-11-14	-0.03432634644	-0.04110101745	0.00260664036	0.1146532436	-0.02618468413
2024-11-15	0.04156831497	0.01014510647	-0.004719459177	0.1426353786	0.04149934297
2024-11-16	-0.004902030249	0.01377519018	0.005345970254	0.2281968903	-0.01262224239
2024-11-17	-0.008101554091	-0.01831946569	-0.006105093907	-0.06125489444	0.0961063867
2024-11-18	0.006744588166	0.04195529228	4.847192265e-05	0.05481076582	0.009722240599
2024-11-19	0.02020817024	-0.03178610783	-0.005557235043	-0.01210493552	-0.009048698162
2024-11-20	0.02117761954	-0.01213144653	-0.01656206718	0.003447653569	-0.009088857984
2024-11-21	0.0418595171	0.08902538242	0.02684210857	0.1217101432	0.08499572936
2024-11-22	0.005830172848	-0.00838775698	0.01775543513	0.1662888793	0.002065190595
2024-11-23	-0.01240932387	0.01967723407	0.02714788592	-0.002788074296	-0.007854824574
2024-11-24	0.002327936419	-0.009684596005	0.01409108326	-0.02440154157	-0.008510354347
2024-11-25	-0.05123983635	0.01573008766	-0.03619641201	-0.01327592989	-0.07623167477
2024-11-26	-0.0112973121	-0.02663967293	-0.03631641538	-0.01123527427	-0.01501523252
2024-11-27	0.04151142668	0.0942369264	0.04871952985	0.049661529	0.04769760534
2024-11-28	-0.00228848024	-0.02060063975	0.01493128505	0.04815486896	-0.01822592418
2024-11-29	0.0188092813	0.003742857528	0.001283913054	0.1549748188	0.02387204769
2024-11-30	-0.01085295542	0.03053770761	-0.001895880088	0.08037587443	-0.02382995926
2024-12-01	0.008029148707	0.001082144587	0.00391013313	0.1616704171	-0.003372684479
2024-12-02	-0.01393162724	-0.0174646632	-0.01253266494	0.1721186908	-0.04792060991
2024-12-03	9.463180488e-05	-0.007966500889	0.1257677033	-0.0819224938	0.03568388346
2024-12-04	0.02816141767	0.05994298566	0.006634265974	-0.06280311443	-0.02060236561
2024-12-05	-0.01679234704	-0.0138005601	-0.03079954839	-0.04903198521	0.02877679805
2024-12-06	0.02842491609	0.05491309556	0.01813055771	0.07759281093	0.004357858434
2024-12-07	0.0009134510578	-0.0006629068834	0.02635394489	0.0731917639	0.005347268589
2024-12-08	0.01271630507	0.001982408963	-0.01035056032	-0.003300586355	-0.004714210263
2024-12-09	-0.03864784755	-0.07576050836	-0.0738322482	-0.1619334209	-0.08995369663
2024-12-10	-0.007050855728	-0.02282037656	-0.01814118668	0.06919173076	-0.01408572205
2024-12-11	0.04585110055	0.05458683805	0.04959193655	0.009737747461	0.06212162808
2024-12-12	-0.01114429031	0.01291273961	-0.007678339464	-0.02354044254	-0.001452944669
2024-12-13	0.01409912937	0.00646860857	0.02787486012	0.03500283807	-0.009607157456
2024-12-14	-4.190407173e-05	-0.009389184956	-0.01377743765	-0.008792723895	-0.02185731914
2024-12-15	0.02957210835	0.02268476124	0.004293706846	0.01914486827	0.01954136923
2024-12-16	0.01514991855	0.006834229837	0.002375908582	0.01508850365	-0.03669303247
2024-12-17	0.0007076596818	-0.02366579338	-0.004018722339	0.03294434209	0.03168654041
2024-12-18	-0.05749178914	-0.07083192055	-0.04460631072	-0.1054773768	-0.07739851078
2024-12-19	-0.02774708582	-0.05958481712	-0.03071247309	-0.03134804861	-0.06356738259
2024-12-20	0.00351907723	0.01602537917	0.01931291522	0.01783904067	0.003451032295
2024-12-21	-0.005263536126	-0.03914387743	-0.02251807028	-0.01828576839	-0.06934919635
2024-12-22	-0.02188095438	-0.01724620776	-0.02089532795	-0.01571715045	-0.0051385587
2024-12-23	-0.003207280323	0.04197885002	0.06608402737	0.02625128347	0.05176127704
2024-12-24	0.039087453	0.02043245247	0.003939446959	0.02708703386	0.0360576252
2024-12-25	0.00773397467	0.00109296195	0.008316590997	-0.01146925645	0.001774263513
2024-12-26	-0.03727485759	-0.04741778632	-0.01913686536	-0.06352625053	-0.04654895794
2024-12-27	-0.01570409519	-0.0004618688375	0.003547515033	-0.004323074717	-0.02275508722
2024-12-28	0.01055890739	0.02092540779	0.04283600897	0.01741021602	0.05942968387
2024-12-29	-0.0165240204	-0.01405840492	-0.03871068579	-0.04212379222	-0.02885214661
2024-12-30	-0.01014482224	0.001595637343	0.01521381848	-0.01709690324	0.007552747536
2024-12-31	0.008412972329	-0.007182527796	-0.004347647614	0.01202245126	-0.01087509733
2025-01-01	0.01079674547	0.00674814748	0.007857416289	0.1129720959	0.02591453446
2025-01-02	0.02498347626	0.02796229745	-0.002248796993	0.02939897485	0.06972693732
2025-01-03	0.01218908591	0.04341713624	0.01214541398	0.0215363165	0.04542183538
2025-01-04	0.0004717032137	0.01317682834	-0.002058406233	-0.01419569256	-0.006073731459
2025-01-05	0.001455967375	-0.005728898811	-0.005791820506	-0.00859015553	-0.01516026059
2025-01-06	0.03860903512	0.01405373622	0.02798522809	0.00854883407	0.0222885301
2025-01-07	-0.05303702287	-0.08667195388	-0.04401626849	-0.06345921399	-0.0763948006
2025-01-08	-0.01972824268	-0.01610504952	-0.002840666454	0.04388879114	-0.02347161424
2025-01-09	-0.02673874513	-0.03302527737	-0.01527344006	-0.04344859216	-0.06555179511
2025-01-10	0.02321373193	0.01475149471	0.0112136608	0.03000051591	0.01465286663
2025-01-11	-0.001332304618	0.004821479079	0.005021918448	0.09564403463	0.002182186778
2025-01-12	-0.0005808240982	-0.004741899504	-0.00483440267	-0.02826403454	0.002230484196
2025-01-13	-9.477411717e-05	-0.04053446406	-0.006801861272	0.007398896079	-0.03037553799
2025-01-14	0.02119171099	0.0276987883	0.01477472409	0.05553878759	0.02537659119
2025-01-15	0.03995787586	0.06768643372	0.02221558947	0.1640792158	0.09304421703
2025-01-16	-0.005088181069	-0.04245582181	-0.009123624991	0.03200022575	0.02532509446
2025-01-17	0.04009244384	0.04884126476	0.019107347	0.01440986799	0.038876369
2025-01-18	0.004589391046	-0.04894404962	-0.01710398859	-0.00685779673	0.1768322038
2025-01-19	-0.03132700154	-0.02839142502	-0.0378156797	-0.09994825491	-0.03713562656
2025-01-20	0.009120676171	0.02119750956	-0.0009958263985	0.0483603464	-0.04137182476
2025-01-21	0.03727627951	0.01317110066	0.01411219882	0.02181927907	0.03305750535
2025-01-22	-0.02322863006	-0.02585781512	0.004770389452	0.002045923818	0.0276958355
2025-01-23	0.001962075026	0.02905925805	-0.008345052255	-0.01933485633	-0.01665170609
2025-01-24	0.009197843721	-0.008459355832	-0.01356037098	-0.005948283699	0.001026694135
2025-01-25	-0.001179768892	0.002618853004	0.008706204167	0.002287040569	0.01192685487
2025-01-26	-0.02051364124	-0.02630437188	-0.02811593342	-0.02796130158	-0.0640576363
2025-01-27	-0.005248302947	-0.01564166231	0.01836575736	0.010826926	-0.02360277009
2025-01-28	-0.007347551114	-0.03345913505	-0.02751789928	0.0006544074574	-0.03390301972
2025-01-29	0.02338561244	0.01168689674	0.01005078951	0.00362419791	0.00483283749
2025-01-30	0.009495592181	0.04197563692	0.01421056987	0.01914227497	0.04352520991
2025-01-31	-0.02214285325	0.0163708267	-8.856088567e-05	-0.0296921402	-0.02782684652
2025-02-01	-0.01766877418	-0.0571781942	-0.03688002989	-0.05354768372	-0.08431249975
2025-02-02	-0.02959897072	-0.08284370399	-0.05532046096	-0.1092367144	-0.04571785714
2025-02-03	0.03646031368	0.003555046026	-0.0009554579232	0.04549941043	0.06085872079
2025-02-04	-0.03582039951	-0.05301815967	-0.07486476446	-0.06609770302	-0.04559571573
2025-02-05	-0.01184010421	0.02067674724	-0.005497982752	-0.05967053884	-0.052251432
2025-02-06	-0.0006013456532	-0.03712281665	0.003802785695	-0.02380052847	-0.03412663274
2025-02-07	-0.000492590052	-0.0243158188	0.01042265162	0.0304144753	0.0128432033
2025-02-08	-0.000643270348	0.003943246789	0.05829732179	0.009219717287	0.03746828608
2025-02-09	0.0001867216255	-0.002007742649	0.005569139944	-0.01089000329	0.005753036203
2025-02-10	0.00998566424	0.0128623636	0.004601210263	0.01283106984	0
2025-02-11	-0.01710748603	-0.02226628813	0.03721994392	-0.004383070199	-0.01259961953
2025-02-12	0.02160486359	0.05081923109	0.08192534672	0.02468149435	-0.005978636646
2025-02-13	-0.01297696258	-0.02305177301	-0.04731907594	0.0343744729	-0.01294036419
2025-02-14	0.00919429839	0.0185424301	-0.007565554837	0.06740561301	0.02611671657
2025-02-15	0.0007092833675	-0.01214632417	0.003782381658	0.00854504045	-0.02493337581
2025-02-16	-0.01498873264	-0.0118146095	0.01631118084	-0.01224014407	-0.03245222727
2025-02-17	-0.003523956878	0.03057887373	-0.008339535581	-0.02539017651	-0.05873749402
2025-02-18	-0.00113093787	-0.02661141812	-0.02938593588	-0.03718811732	-0.04734919307
2025-02-19	0.01011499549	0.01615258534	0.00799045402	0.0660542674	-0.002305987718
2025-02-20	0.01703693802	0.008266237471	0.00455052933	-0.01846886889	0.0409995671
2025-02-21	-0.02183286852	-0.02778902913	-0.01363695845	-0.04396312342	-0.04094037274
2025-02-22	0.003829447683	0.03694335954	0.03206864265	0.0007384233055	0.01835774847
2025-02-23	-0.003039383124	0.02023028346	-0.01529807753	0.0008931519146	-0.02429459801
2025-02-24	-0.05011535775	-0.1149427887	-0.06952241757	-0.1229247103	-0.1691186393
2025-02-25	-0.03187783351	-0.007114910175	0.01501211849	0.01908546139	0.01761421091
2025-02-26	-0.05124925786	-0.06597080814	-0.01930330532	-0.05487616856	-0.06446000047
2025-02-27	0.005427257748	-0.01233841871	-0.01012350673	0.0001364659861	0.01728980799
2025-02-28	-0.004242797559	-0.03086063031	-0.02905992602	-0.0244959069	0.07349559909
2025-03-01	0.02012326605	-0.009068565262	0.03321375533	0.02135246794	-0.03097835434
2025-03-02	0.09106564169	0.1271777916	0.02599446614	0.293641647	0.2183149837
2025-03-03	-0.08925376119	-0.1585013492	-0.07977295316	-0.2081104974	-0.2288111965
2025-03-04	0.01223478266	0.01041550712	0.01363684923	0.02767856798	0.01833123295
2025-03-05	0.03737651951	0.0317626574	0.02407390526	0.01836914047	0.01023817649
2025-03-06	-0.007467940338	-0.01772857479	-0.002912769691	0.03933917715	-0.02051247721
2025-03-07	-0.0354258233	-0.02790364747	-0.002904465346	-0.08614115985	-0.02773435633
2025-03-08	-0.006696198157	0.02853009729	-0.002811757348	-0.02521570054	-0.01722184388
2025-03-09	-0.0657662016	-0.0867828494	-0.06702573466	-0.08399487762	-0.07973255944
2025-03-10	-0.0268453567	-0.07998579015	-0.04265290126	-0.05630889072	-0.06692853802
2025-03-11	0.05371390602	0.03079537959	0.0371568919	0.07134467447	0.0577170062
2025-03-12	0.008968502033	-0.007949661219	0.03256698981	0.03106332693	0.01008065051
2025-03-13	-0.03112391756	-0.02311919955	0.01727495185	0.005832218299	-0.02600250503
2025-03-14	0.03473926205	0.02492555369	0.01363548482	0.04500553387	0.07921308835
2025-03-15	0.004220972745	0.01326140168	0.05312654558	0.01461848044	0.01722388533
2025-03-16	-0.02113647212	-0.02623987877	-0.02885563085	-0.04154368016	-0.07431182266
2025-03-17	0.01723491701	0.02061798939	0.04780915143	0.01917157164	0.01479526477
2025-03-18	-0.01553486973	0.002711356431	-0.006161194559	-0.02297161553	-0.02115812724
2025-03-19	0.04873441758	0.06247391784	-0.01461707038	0.1084671463	0.07676598146
2025-03-20	-0.03066307068	-0.03578237356	0.01884507045	-0.04447853344	-0.05881586918
2025-03-21	-0.001599409249	-0.009135304597	0.00742710661	-0.02291983245	0.006872879288
2025-03-22	-0.002956006635	0.007571416959	-0.01293019013	-0.004124584972	0.0002334721206
2025-03-23	0.02638888098	0.01269243563	-0.005148716203	0.02835713041	0.03313867419
2025-03-24	0.01631162583	0.03680694595	0.02108146312	0.00441772715	0.05968541334
2025-03-25	-0.001204064185	-0.007257678306	-0.01146117211	-0.0003673994285	0.01847935951
2025-03-26	-0.005550150092	-0.02779108455	-0.01896178818	-0.04160146421	-0.04485056617
2025-03-27	0.003707800416	-0.002920379432	0.03086236898	-0.003581787899	0.007905179507
2025-03-28	-0.03271512826	-0.0547545334	-0.02792166561	-0.05880813934	-0.06676112462
2025-03-29	-0.02125906319	-0.036954739	-0.02751236662	-0.03325656517	-0.03865557825
2025-03-30	-0.003133210306	-0.01118878943	-0.001310996794	0.0008426966791	0.00192461968
2025-03-31	0.001940342551	0.008093329065	0.004324743073	-0.02223996273	-0.002245750062
2025-04-01	0.03110805561	0.04430073445	0.01039534338	0.02308194987	0.01695833005
2025-04-02	-0.03151661872	-0.05934393273	-0.03403528689	-0.05527064871	-0.07582802886
2025-04-03	0.008408938788	0.01218578658	0.003363336081	0.02010585033	-0.002131378956
2025-04-04	0.008100200026	-0.0001981233324	0.008467934805	0.0311825026	0.04684970749
2025-04-05	-0.004203368759	-0.005995248271	-0.007692087237	0.006550650413	-0.02032071897
2025-04-06	-0.06309499122	-0.133214248	-0.06547298557	-0.1095042756	-0.1275651833
2025-04-07	0.009305542435	-0.01769144361	-0.001693480506	-0.01209280539	0.01014569529
2025-04-08	-0.03654531443	-0.05263485817	-0.001587989362	-0.05544044767	-0.01497273604
2025-04-09	0.07922718982	0.1249507279	0.05036098099	0.1335244339	0.1217809368
2025-04-10	-0.03708812787	-0.09234066669	-0.00739435437	-0.04335414049	-0.05383858532
2025-04-11	0.04682832265	0.02887773097	0.01357455808	0.0284350828	0.07346825994
2025-04-12	0.02196948908	0.04817454521	0.01920242908	0.06568125487	0.08544520596
2025-04-13	-0.01794804235	-0.02863913136	-0.02202243761	-0.01878823318	-0.02962383763
2025-04-14	0.00987916791	0.01614795776	0.0004448931474	0.003720189829	0.008068313745
2025-04-15	-0.0112651566	-0.02178417998	-0.008625038435	-0.02056249289	-0.02590838766
2025-04-16	0.004608822254	-0.007353345915	0.005643899626	-0.000383914008	0.04055869763
2025-04-17	0.01085984498	0.004100285424	0.01310862637	-0.007757766519	0.02630148605
2025-04-18	-0.005586282239	0.003139759595	0.002063949303	-0.002615520236	-0.005876462777
2025-04-19	0.007104883451	0.01541004987	3.379977016e-05	0.01243509372	0.04257515692
2025-04-20	0.001200895853	-0.01619091617	0.001756015648	-0.004320283217	-0.01447474233
2025-04-21	0.0270665197	-0.004919600819	0.007680000105	0.003265936336	-0.009474598971
2025-04-22	0.06552725583	0.1060338899	0.03482689433	0.05974703149	0.08577183735
2025-04-23	0.002651469562	0.02185747036	-0.02091203618	0.002030549171	0.01540595344
2025-04-24	0.003084007452	-0.01426223147	-0.006891666194	-0.006104058923	0.009550541884
2025-04-25	0.006979277256	0.008412513564	-0.002730013515	-0.01080697233	-0.01140533839
2025-04-26	-0.0001128566318	0.02012560023	0.01212798801	0.004574154897	-0.01073236312
2025-04-27	-0.009329217194	-0.01638387003	-0.006227873668	0.02736937131	-0.008277580155
2025-04-28	0.01337037073	0.004783965328	0.004464219315	0.0188705593	-0.000946521604
2025-04-29	-0.007971384434	-0.001150738517	-0.008549043088	-0.02510665969	-0.0104029495
2025-04-30	-0.0009002869702	-0.002338908796	-0.001865299322	-0.02131583596	0.008371667066
2025-05-01	0.02431554581	0.0245075211	-0.0004168368811	0.009765924406	0.02218664015
2025-05-02	0.004108352658	0.002222639769	0.00176619614	-0.001356975059	-0.01873591106
2025-05-03	-0.01069534905	-0.004722893003	-0.002216575217	-0.01005353629	-0.009092205396
2025-05-04	-0.01660761311	-0.01354080397	-0.02249143645	-0.01436753394	-0.01899183209
2025-05-05	0.004825752588	0.00624407865	0.01956738447	-0.01185102285	0.01905999145
2025-05-06	0.02192879244	-0.00175410183	0.008265473909	0.01138709336	0.001089918364
2025-05-07	0.002026983249	-0.003246872435	0.0002157193002	-0.01331328784	0.002991164705
2025-05-08	0.06224021213	0.1978709052	0.04298192997	0.09018839249	0.110060288
2025-05-09	-0.0028085647	0.06049163719	0.05732352075	0.00715038049	0.04935172939
2025-05-10	0.01768769337	0.09673809458	-0.003593475476	0.05284718694	0.02914627281
2025-05-11	-0.006619831531	-0.02693873912	-0.01939150531	-0.0430400651	-0.026776124
2025-05-12	-0.01282395768	-0.007624726563	0.01360585959	0.072075006	0.00592961065
2025-05-13	0.01268679619	0.0712314915	0.006132023443	0.01521446216	0.0532572697
2025-05-14	-0.005740544446	-0.0264579802	-0.01771275232	-0.01270179938	-0.039462375
2025-05-15	0.002469129552	-0.02367109784	-0.0009046652206	-0.06676033428	-0.04326875048
2025-05-16	-0.002893535366	-0.004549922219	-0.007885213036	-0.002434214489	-0.01045885455
2025-05-17	-0.003264915066	-0.02475686073	-0.01127302476	-0.01128284276	-0.008759880819
2025-05-18	0.0317575648	0.009129618638	0.01862118497	0.03133426542	0.04339791949
2025-05-19	-0.008305743222	0.01208151713	-0.002935866536	-0.01984134304	-0.03786905925
2025-05-20	0.01201622207	-0.001563635315	0.0005847863388	-0.01004906278	0.01031459435
2025-05-21	0.02581277442	0.01056129994	0.03523348477	0.0162892673	0.02888076327
2025-05-22	0.01854411273	0.043654994	0.01950233885	0.01487709514	0.03482699589
2025-05-23	-0.03998359037	-0.05330156737	-0.04405460989	-0.05691406146	-0.03206472216
2025-05-24	0.004125071563	0.001542447259	0.01664956686	0.01456724629	0.01063231692
2025-05-25	0.01146206534	0.008194283122	0.002138398512	0.004880146672	-0.0007394556806
2025-05-26	0.00394252489	0.004879851402	0.00721874344	-0.01349977509	-0.004734074149
2025-05-27	-0.00454837317	0.03717906018	0.01854299384	0.002809536978	0.0102384149
2025-05-28	-0.01067184608	0.007783043588	-2.91163197e-05	-0.018558581	-0.0257953085
2025-05-29	-0.02054732533	-0.01890140762	-0.01743184289	-0.01327923196	-0.03245888636
2025-05-30	-0.01531002816	-0.03876341689	-0.02955761709	-0.04763674353	-0.06511853855
2025-05-31	0.005814645545	-0.001296596616	0.004035425807	0.01576442142	0.001599232709
2025-06-01	0.009998903196	0.00440079885	0.004185692882	0.002481048826	0.00783119273
2025-06-02	0.002033656157	0.02650438245	0.007778738251	0.007907347461	-0.005405246698
2025-06-03	-0.004555126804	-0.005403059232	-0.006538531189	0.02166214717	-0.01051224346
2025-06-04	-0.006474225126	0.005506604904	0.002475809299	-0.01966096398	-0.01251434714
2025-06-05	-0.03092481491	-0.07717167198	-0.04614601439	-0.04998129538	-0.06031066223
2025-06-06	0.02701620967	0.02539547656	0.01470222874	0.03113055258	0.0242378016
2025-06-07	0.01204462185	0.01940977561	0.0125550539	0.007886221608	0.0149722492
2025-06-08	0.001721362663	-0.00587949557	0.001811455646	0.0405555251	0.01580145932
2025-06-09	0.04194209635	0.06565027904	0.02061427905	0.02358383972	0.05556098689
2025-06-10	0.0001031117579	0.04959417285	0.01184400257	-0.00591986173	0.02427482197
2025-06-11	-0.01488492352	-0.01603109487	-0.009068327689	-0.01616532209	-0.02545447008
2025-06-12	-0.02774938879	-0.04764617721	-0.01918103247	-0.03610014674	-0.05523444118
2025-06-13	0.003729702377	-0.02430680543	0.0009159606777	-0.01969121289	-0.02472543876
2025-06-14	-0.006165578527	-0.01895574326	-0.01497383776	-0.003639251905	-0.02701023564
2025-06-15	0.001700120286	0.006636011884	0.003988256948	0.01212586578	0.05599392709
2025-06-16	0.01130506181	-0.001351197626	0.003926313621	0.03293132822	-0.01481801291
2025-06-17	-0.02123009136	-0.01354163452	-0.00409603135	-0.03593745836	-0.02112117135
2025-06-18	0.003204866045	0.005978230101	-0.005120481467	0.005312404225	-0.008369958019
2025-06-19	-0.002177954017	-0.001537815496	-0.0001861301986	-0.002629577323	0.004771977151
2025-06-20	-0.01308561061	-0.04653399289	-0.004726891391	-0.02119494868	-0.04827683022
2025-06-21	-0.01146922775	-0.04711837862	-0.01989708166	-0.02687485417	-0.03397292672
2025-06-22	-0.01138596023	-0.03008121263	-0.02114508641	-0.02254776436	-0.02785236566
2025-06-23	0.04237285939	0.07934564398	0.03929503402	0.06765679525	0.0927461733
2025-06-24	0.007086217121	0.01513986421	0.004735137584	0.01444300899	0.009709817016
2025-06-25	0.01178496354	-0.01231179281	0.003939211049	-0.001782572403	-0.01623580519
2025-06-26	-0.003672824456	-0.001046654834	-0.005852372782	-0.03752217022	-0.03191722647
2025-06-27	0.0009395562683	0.002979876687	0.005295002317	0.01718781276	0.02155516498
2025-06-28	0.002325231128	0.005124743917	0.004465707292	0.02010559256	0.05896315118
2025-06-29	0.009831952262	0.02612538698	0.009666358351	0.009427372565	0.01710342968
2025-06-30	-0.01123362843	-0.005864954752	0.003049247674	0.01355174601	0.00967131804
2025-07-01	-0.01377060946	-0.03290771492	-0.01622159063	-0.02912959466	-0.05258263168
2025-07-02	0.02954066545	0.0665113577	0.02049013526	0.02796623151	0.03603933398
2025-07-03	0.006731383366	0.008074965511	0.005864144365	0.01037755667	0.0005908807578
2025-07-04	-0.01471320571	-0.03263881316	-0.01516894534	-0.0162597945	-0.03106295207
2025-07-05	0.00197870048	0.00333171103	0.003909118098	-0.001216682213	-0.001016088148
2025-07-06	0.009252236497	0.02120879377	0.01056638775	0.02366051515	0.0287919424
2025-07-07	-0.008653329683	-0.01097682675	-0.003126442106	-4.403637405e-05	-0.01981843145
2025-07-08	0.006078129116	0.02829444558	-0.0006506821042	0.01746159261	0.01856649573
2025-07-09	0.02099497362	0.05703264782	0.01211169465	0.03945703361	0.03485711792
2025-07-10	0.04204039371	0.06385001984	0.02528042019	0.05790463857	0.04537322652
2025-07-11	0.01299731585	0.002345373196	0.006091064704	0.07015168837	-0.008616791788
2025-07-12	-0.0009164595003	-0.005063130362	-0.006003579467	0.002668276525	-0.01384361766
2025-07-13	0.01409404479	0.009720615279	0.008912430352	0.03465444698	0.002858565208
2025-07-14	0.006316070756	0.01389679294	-0.004170534312	0.04215110628	0.006556183801
2025-07-15	-0.01753493076	0.04040858557	0.001160227535	-0.01333988338	0.01085267711
2025-07-16	0.007380594962	0.0717626581	0.02672965583	0.0399583123	0.05718212919
2025-07-17	0.004601451494	0.03081920615	0.01684827786	0.1362351076	0.01281848739
2025-07-18	-0.0105670095	0.01994715749	0.01278135657	-0.01969635386	0.007985317811
2025-07-19	-0.0007197002205	0.01263231313	0.00448357687	0.00318811601	-0.001806685225
2025-07-20	-0.004890417918	0.04482631614	0.03170692848	0.008606705838	0.02494618605
2025-07-21	0.0009822478512	0.001500195786	0.01234389032	0.02727376877	0.07581516204
2025-07-22	0.02169223521	-0.004293784082	0.02635222359	0.0002535246989	0.04973373024
2025-07-23	-0.01004095355	-0.03198319934	-0.01271588433	-0.1089848213	-0.08255761591
2025-07-24	-0.003500680808	0.02144527554	-0.007754581729	-0.01216617683	-0.03508566287
2025-07-25	-0.006159491204	0.004849375076	0.01890570964	-0.0009542592492	0.02104885222
2025-07-26	0.002595631903	0.004323572311	0.009932052711	0.007577114796	-0.01011740414
2025-07-27	0.01260308335	0.0344173097	0.06196363994	0.02270163533	0.02013347082
2025-07-28	-0.01139680634	-0.01905912132	-0.02389701684	-0.03627959803	-0.02975337164
2025-07-29	-0.0009453714032	-0.001372354778	-0.02328898445	0.001439654732	-0.008941610358
2025-07-30	-0.0009369312652	0.004263669711	-0.01450035102	-0.01008908728	-0.02065487486
2025-07-31	-0.01777599094	-0.02973159932	-0.01315466278	-0.02425351764	-0.03171785067
2025-08-01	-0.02153342925	-0.05851174596	-0.03384255133	-0.02042285666	-0.05680325412
2025-08-02	-0.006655760992	-0.02739435545	-0.02766832003	-0.06696156262	-0.02634107276
2025-08-03	0.01466321525	0.02983961747	0.0198846317	0.06246017584	0.02178273051
2025-08-04	0.007382183601	0.06215865604	0.02292446954	0.04107162415	0.04573673567
2025-08-05	-0.008074576569	-0.02972812636	-0.01771978952	-0.03623260484	-0.03273281078
2025-08-06	0.007528949634	0.01955016888	0.01891600857	0.00957491651	0.02408449246
2025-08-07	0.02133518373	0.05980485031	0.02454205398	0.1043335073	0.04234145351
2025-08-08	-0.00681002902	0.02504989052	0.006105557562	-0.01023383038	0.008065017873
2025-08-09	-0.001822877261	0.06074814433	0.006694617204	-0.01842860593	0.01777301289
2025-08-10	0.02402393213	-0.002361598007	0.01044808857	-0.01213194565	0.01494746674
2025-08-11	-0.005109768026	-0.006455221329	-0.002642173328	-0.01820678805	-0.04375523127
2025-08-12	0.0121271021	0.08339543715	0.03344311276	0.0431825231	0.09247761173
2025-08-13	0.02606410568	0.03400393135	0.01849524301	0.00207887571	0.04949012622
2025-08-14	-0.04149029257	-0.04356475258	-0.008990661296	-0.06146482321	-0.04589871052
2025-08-15	-0.00808909153	-0.02389748624	-0.01511810742	-0.0004222767275	-0.03570013428
2025-08-16	0.0003289839347	-0.003945178937	0.01308133768	0.008927186757	0.02067642667
2025-08-17	0.0002074232221	0.0113197046	0.01968081751	-0.005748255833	0.007304480834
2025-08-18	-0.01008397548	-0.03627812653	-0.009856926438	-0.008488822055	-0.04306284043
2025-08-19	-0.02928284433	-0.0566158776	-0.02738487206	-0.06783634913	-0.03742501579
2025-08-20	0.0123121593	0.06197364234	0.05309664486	0.0311105613	0.06438954852
2025-08-21	-0.01562169895	-0.02589889962	-0.03460609642	-0.03422642848	-0.0415560974
2025-08-22	0.03867346943	0.1341846831	0.06983350485	0.07512432144	0.1071947634
2025-08-23	-0.01289266864	-0.01116918485	-0.0222290031	-0.008460093903	0.01704460402
2025-08-24	-0.01698766288	0.0003661643282	-0.004450953032	-0.007474147037	0.008973043722
2025-08-25	-0.03024851157	-0.08829572904	-0.04335607312	-0.0569134916	-0.09560151265
2025-08-26	0.01488467829	0.05001705291	0.0286334461	0.05244187884	0.04522255425
2025-08-27	-0.004494655997	-0.02062585335	-0.009913513191	-0.01454607581	0.03555952499
2025-08-28	0.01165984129	0.0009980129284	0.0211618113	-0.0007750240477	0.0550237015
2025-08-29	-0.03792813138	-0.0340520693	-0.01287054644	-0.05082324245	-0.04458319787
2025-08-30	0.004041834887	0.003095991884	-0.0003479672946	-0.0004966652578	-0.01167309346
2025-08-31	-0.005251767002	0.004136663922	-0.005059179808	-0.01515993137	-0.010314482
2025-09-01	0.009114030535	-0.01776455375	-0.0140550534	-0.006070918078	-0.01658579509
2025-09-02	0.01816644066	0.002777458098	0.007210720029	0.03668863157	0.06061269725
2025-09-03	0.004177704576	0.02824856056	0.003468970289	-0.006203689524	0.005328017932
2025-09-04	-0.008765161209	-0.03496236874	-0.01310671793	-0.01762800795	-0.04091688919
2025-09-05	-0.0006403155254	0.002300988813	0.007687031954	0.007166700312	0.005127205079
2025-09-06	-0.004274621497	-0.0079971617	0.01251923142	-0.001742377541	-0.01586076072
2025-09-07	0.008579008183	0.007704602455	0.02205845082	0.02363477813	0.03045670948
2025-09-08	0.008314378686	4.179941853e-05	-0.002241018383	0.03171285304	0.03691614545
2025-09-09	-0.004640554289	0.0008634637035	0.002195565387	-0.007537511815	0.01437472586
2025-09-10	0.02140695144	0.009060725474	0.01551520034	0.01214016394	0.03109387552
2025-09-11	0.01327313897	0.02486464599	0.01001934306	0.01872813404	0.0205837656
2025-09-12	0.004723131039	0.0552622446	0.02410968348	0.02135080778	0.05713898269
2025-09-13	-0.0009582332889	-0.009730646826	0.009556269186	0.00446608611	0.0008254912141
2025-09-14	-0.005625607702	-0.01338384042	-0.007708928129	-0.02973930774	-0.01086831953
2025-09-15	0.0007085318805	-0.01769282905	-0.007399055525	-0.01029088885	-0.02299339808
2025-09-16	0.01240007485	-0.004975062976	0.03836595378	0.01348930886	0.01124632559
2025-09-17	-0.00292724484	0.01963146345	0.03529300367	0.01519215066	0.03271358546
2025-09-18	0.005360898398	-0.0006253956594	-0.009071507451	-0.003442903232	0.01080564603
2025-09-19	-0.01238617811	-0.02629716753	0.003114284451	-0.02751014571	-0.03691549343
2025-09-20	0.0004604051448	0.002643869409	0.05886691975	-0.005062792662	0.003974817476
2025-09-21	-0.003926421842	-0.007943672246	0.003853569316	-0.001648416716	-0.01396036465
2025-09-22	-0.022655549	-0.05690766611	-0.05381805293	-0.04036476317	-0.06915621235
2025-09-23	-0.00580629817	-0.008326864911	0.02297898887	-0.009828694838	-0.03265370358
2025-09-24	0.01161279205	-0.002753375223	0.002467474353	0.03513160402	-0.008001925493
2025-09-25	-0.03880361851	-0.06940472567	-0.07393956204	-0.06429929077	-0.09335556956
2025-09-26	0.00593649827	0.03994156493	0.01562941555	0.01447465112	0.06249677335
2025-09-27	-6.940919326e-05	-0.003443216471	0.007930584522	0.007587452742	-0.008369478413
2025-09-28	0.02279722064	0.03033855457	0.0250438792	0.02210911445	0.03558269617
2025-09-29	0.01896956203	0.01744880776	0.03636944245	0.004419319937	0.009065645922
2025-09-30	-0.002303635411	-0.01672722256	-0.02088090388	-0.01162945932	-0.0193157893
2025-10-01	0.039086676	0.04778389285	0.0176809634	0.03510101002	0.06205556767
2025-10-02	0.0161790489	0.03087068851	0.06022455326	0.03019904137	0.05562097285
2025-10-03	0.01402758651	0.006339757286	0.08706946755	0.0003948017817	-0.008126996268
2025-10-04	0.001299959713	-0.005715558414	-0.03303507458	-0.02383363489	-0.02162011713
2025-10-05	0.008877068979	0.006036810102	0.01434801784	0.0004041628831	0.003067352653
2025-10-06	0.009480412514	0.03690001422	0.04670027877	0.006243726225	0.01644609761
2025-10-07	-0.02703989983	-0.05176747203	0.06430396343	-0.04668416129	-0.05475368211
2025-10-08	0.01613065116	0.01738957189	0.002274268448	0.009665619503	0.04031816257
2025-10-09	-0.01341907498	-0.03545083789	-0.04062601403	-0.02731698598	-0.03596342672
2025-10-10	-0.07585974613	-0.1315341492	-0.1298613011	-0.1673104188	-0.1591193241
2025-10-11	-0.01906879449	-0.02189222007	0.02914120596	0.004839771247	-0.0590801483
2025-10-12	0.03825234812	0.1027605159	0.1377063281	0.05960909856	0.1035572919
2025-10-13	0.001800762508	0.02110373157	-0.006237506747	0.03000186061	0.05764616853
2025-10-14	-0.01873775155	-0.02769285259	-0.06876667395	-0.03989958625	-0.03040635092
2025-10-15	-0.02024150282	-0.0343804937	-0.03876339875	-0.03760973967	-0.04341046984
2025-10-16	-0.02346681149	-0.02312250546	-0.01537691735	-0.0349905919	-0.04748839113
2025-10-17	-0.016425223	-0.01629322823	-0.06652331669	-0.01488689428	-0.01575780268
2025-10-18	0.007053129818	0.0149314113	0.01967173503	0.02836947756	0.03031191152
2025-10-19	0.01350884581	0.02372379831	0.01584732866	0.01313592482	0.001598210345
2025-10-20	0.01724063345	-0.0008440302945	-0.008769009211	0.0425805277	0.009799585798
2025-10-21	-0.02042224657	-0.02704350985	-0.03989682492	-0.02953234757	-0.02174114514
2025-10-22	-0.00676563976	-0.01758703832	0.01377207086	-0.0240250541	-0.03013214979
2025-10-23	0.02307284091	0.01338255209	0.04995261888	0.01260679805	0.06048091644
2025-10-24	0.008383413778	0.02004256174	-0.01584303152	0.04714430586	0.01163830874
2025-10-25	0.005761315361	0.00480181434	0.006757936159	0.03353100938	0.001290555892
2025-10-26	0.02575789601	0.05046261324	0.01921361973	0.01915358057	0.03143427879
2025-10-27	-0.003951164697	-0.009255242962	0.0006060419935	-0.004583254552	-0.006671205741
2025-10-28	-0.01065355897	-0.0348087764	-0.03160368803	-0.01168532027	-0.02316509338
2025-10-29	-0.02581484958	-0.019337868	0.003844158229	-0.02064649558	-0.001391645201
2025-10-30	-0.01555749582	-0.02540328194	-0.02620476914	-0.04446067457	-0.04856066709
2025-10-31	0.01179405909	0.01121128993	0.009086987965	0.02845211119	0.01355223753
2025-11-01	0.004461330756	0.006677259015	0.005157035011	-0.001754736243	-0.004604355495
2025-11-02	0.004011811465	0.008434117872	-0.01035926574	0.008505615666	0.007271592753
2025-11-03	-0.03645919837	-0.08066514211	-0.08644673774	-0.08983975414	-0.1225490498
2025-11-04	-0.04889299069	-0.09200666282	-0.05883653502	-0.0462107953	-0.06873052226
2025-11-05	0.02325464932	0.04090364495	0.02379733628	0.06065396247	0.04625903502
2025-11-06	-0.02474525865	-0.03239429593	-0.00935217553	-0.05716845546	-0.04464774274
2025-11-07	0.01947482055	0.0358227008	0.04198293653	0.04523339772	0.04106925916
2025-11-08	-0.009979464496	-0.01010310514	-0.0001210788124	-0.01264766843	-0.02357759072
2025-11-09	0.02328223138	0.05210936344	0.005634781418	0.03435050248	0.0403713171
2025-11-10	0.01222570155	-0.004365640643	-0.004676641951	0.06535173109	0.01675545467
2025-11-11	-0.02824254586	-0.04297780775	-0.034771664	-0.05471623979	-0.07881321258
2025-11-12	-0.01372301293	-0.0008312990404	-0.005463293441	-0.001506465532	-0.007855907956
2025-11-13	-0.01949289616	-0.05519526289	-0.02735262358	-0.0277701269	-0.05830932088
2025-11-14	-0.05249158454	-0.03756467104	-0.01291811277	-0.03425052314	-0.04097170977
2025-11-15	0.01053943964	0.01766846169	0.01843594675	-0.003168584599	0.004954593125
2025-11-16	-0.01406129047	-0.02318099318	-0.006154395273	-0.01001782821	-0.01763178851
2025-11-17	-0.02194787295	-0.02084384711	-0.02093951921	-0.02338753654	-0.04610004808
2025-11-18	0.00805389631	0.02996763708	0.02764081086	0.02442541935	0.07143790398
2025-11-19	-0.01523877394	-0.03193563465	-0.03826618435	-0.0496519823	-0.02614010223
2025-11-20	-0.05520981689	-0.06530298953	-0.03544026101	-0.05349597696	-0.02504471017
2025-11-21	-0.01755682657	-0.02441876521	-0.04249388563	-0.02480637475	-0.03804537361
2025-11-22	-0.004588127247	0.001542638723	0.003989814455	0	-0.008506704437
2025-11-23	0.02436750709	0.01149990779	0.01170887001	0.0491098678	0.02316406782
2025-11-24	0.01678803679	0.05255972882	0.0249585685	0.08352410037	0.05845095301
2025-11-25	-0.01058870437	0.002022751563	-0.002720712073	-0.01137709789	0.003749103166
2025-11-26	0.03502174404	0.02245363229	0.03330316036	0.009444903797	0.02879835869
2025-11-27	0.009349308993	-0.003750548523	0.004430726905	-0.01058067386	-0.0152889863
2025-11-28	-0.004864883804	0.005265972959	-0.009591027737	-0.009316412089	-0.02530870578
2025-11-29	-0.0009715282255	-0.01394967399	-0.01623816282	0.009770874922	-0.01039388657
2025-11-30	-0.004884465893	0.0007022918411	0.002757107586	-0.02107564406	-0.01804124808
2025-12-01	-0.04613421557	-0.06640748417	-0.05724510957	-0.05990272467	-0.05244532279
2025-12-02	0.05624100402	0.06801421072	0.05872919588	0.05906710882	0.09066278973
2025-12-03	0.0233034776	0.06220524815	0.04913722035	0.02041074809	0.04228616582
2025-12-04	-0.01457526209	-0.01743268194	-0.02289354549	-0.04733508934	-0.03990941365
2025-12-05	-0.03029887006	-0.03622793435	-0.01833535153	-0.02982983133	-0.04201866737
2025-12-06	-0.001044426991	0.005373092084	0.007677818939	-0.001721890569	-0.008286924025
2025-12-07	0.01289898702	0.007146741341	0.004471221905	0.006527470356	0.0003781719215
2025-12-08	0.002640784412	0.0207995519	0.003070072576	0.01370084105	0.007608609533
2025-12-09	0.02230658177	0.0602088001	0.0002006219286	0.01617802001	0.0341566786
2025-12-10	-0.00718412339	0.001836746886	-0.004322266366	-0.03105360421	-0.0118189163
2025-12-11	0.005397654394	-0.02644354442	-0.008452622628	-0.003827474126	0.00110023116
2025-12-12	-0.0245656066	-0.04826117416	-0.004899613194	-0.01316394523	-0.03081976847
2025-12-13	-0.0003147775451	0.009607300285	0.01713942091	0.007592900179	0.006555918135
2025-12-14	-0.02318151822	-0.01655552255	-0.0220403603	-0.02214481535	-0.02849282411
2025-12-15	-0.01993247715	-0.03273161223	-0.02151165693	-0.04143505139	-0.01236359592
2025-12-16	0.01642466016	-0.0008604473169	0.01964047149	0.01651116458	0.0104297334
2025-12-17	-0.01861211923	-0.04445682622	-0.03789363595	-0.03533750236	-0.04659744798
2025-12-18	-0.008463156775	-0.001737883823	-0.01553995674	-0.0300270495	-0.03022423005
2025-12-19	0.03018345397	0.05198421761	0.03095891997	0.05468430759	0.05426962993
2025-12-20	0.002537822788	-0.0005270729279	-0.002338717345	0.01264752592	-0.003649639088
2025-12-21	0.00336640702	0.008056967137	0.005219504963	-0.005809446289	0.001747141486
2025-12-22	-0.0004294909267	0.002485233775	2.329237757e-05	-0.009407898794	-0.0007937768316
2025-12-23	-0.01288769964	-0.0148868514	-0.01686515288	-0.01635952519	-0.0153639895
2025-12-24	0.002094711493	-0.005936602529	0.002696822225	-0.005674229667	-0.01200630955
2025-12-25	-0.005079409544	-0.01487529608	-0.02021283214	-0.01634500858	-0.02036428014
2025-12-26	0.001652855733	0.008244301609	0.006104467513	0.006038698545	0.01815830678
2025-12-27	0.005791285025	0.007166903797	0.01228762424	0.01603391716	0.02000147654
2025-12-28	0.0008610604018	0.0006305127701	0.01675741529	-0.004332831941	0.004320006718
2025-12-29	-0.008169240632	-0.004418556947	-0.008015091571	-0.00785752926	-0.01601321684
2025-12-30	0.01420854073	0.01210856547	0.01072286849	0.0143763875	0.01393554309
2025-12-31	-0.009507280652	-0.0006896169199	0.003070775031	-0.01897957453	-0.002883924133
2026-01-01	0.01349488991	0.01089399194	0.000104125089	0.02020379292	0.01788956475
2026-01-02	0.01292936473	0.03957029192	0.01931729828	0.06537265902	0.04159710775
2026-01-03	0.007007768661	0.000530982522	-0.002977477937	0.005614782086	0.00813073816
2026-01-04	0.009900511123	0.005609240752	0.01894017363	0.03538857025	0.005607700964
2026-01-05	0.02513738311	0.02521135337	0.01648115102	0.1158841242	0.0277938632
2026-01-06	-0.001191209371	0.02203458448	0.008019956004	-0.01874517484	0.02279832057
2026-01-07	-0.02575673226	-0.03963671309	-0.01907711573	-0.06198990979	-0.03380867643
2026-01-08	-0.002895584525	-0.01978274565	-0.008970471186	-0.01981925024	0.01441282774
2026-01-09	-0.005047956076	-0.005891817756	0.005142204141	-0.01298904254	-0.01749698351
2026-01-10	-0.001507955362	-0.0005441189941	0.01226750905	-0.002436403928	-0.0009565506046
2026-01-11	0.005607712209	0.01182912168	-0.003984003062	-0.00777877734	0.0280195437
2026-01-12	0.003099670437	-0.008907957027	0.001613170893	-0.009931049284	-0.003441850522
2026-01-13	0.04411615251	0.07168605713	0.04104365734	0.05286217017	0.04418939703
2026-01-14	0.01598842329	0.008711664888	0.005010051701	-0.01212586578	0.008076703727
2026-01-15	-0.0139907135	-0.01085779838	-0.01837608301	-0.02868650822	-0.02968151752
2026-01-16	-0.0005635195828	-0.006775566853	0.007446433176	-0.0053536675	0.01733483485
2026-01-17	-0.004228351631	0.004322799474	0.009505290951	-0.002275534159	-0.008107871587
2026-01-18	-0.01561966819	-0.00804603262	-0.01554592578	-0.03537179704	-0.04155575006
2026-01-19	-0.01118762975	-0.02919148573	-0.009600797841	-0.002715343349	-0.03265927357
2026-01-20	-0.04643904222	-0.08151107682	-0.04359579609	-0.04954573655	-0.05895859434
2026-01-21	0.01154787063	0.01431599131	-0.0009504628564	0.03002101625	0.02929636949
2026-01-22	0.001172419783	-0.009968136241	0.005306489741	-0.01239941491	-0.008294299711
2026-01-23	0.0004531147193	0.001259075152	0.004011940044	-0.002081599419	-0.008128219819
2026-01-24	-0.004193141802	-0.00107959392	-0.005014627104	-0.002764810442	-0.001727930056
2026-01-25	-0.02905312314	-0.047262661	-0.02412861823	-0.04198061702	-0.06797707036
2026-01-26	0.01916119103	0.03948843032	0.01534322509	0.03663805246	0.04435298503
2026-01-27	0.01016827281	0.03237417451	0.02131965076	0.006125833968	0.02346685262
2026-01-28	0.0005599552406	-0.005296862928	0.00505200184	-0.002456297454	-0.01457220686
2026-01-29	-0.05347437719	-0.06454427824	-0.03863655093	-0.05567899396	-0.06195178851
2026-01-30	-0.004613926846	-0.04167352558	-0.01143861965	-0.04087731802	-0.001954038258
2026-01-31	-0.06774794342	-0.09909775123	-0.09448612288	-0.0520458038	-0.1077350384
2026-02-01	-0.02277264899	-0.07703771774	-0.02966605415	-0.03483984238	-0.04642981503
2026-02-02	0.02274115286	0.03330052974	0.02009881814	0.01806565048	0.03662628151
2026-02-03	-0.03842842484	-0.04947808128	-0.02506803515	-0.02544762034	-0.0658210266
2026-02-04	-0.03497669878	-0.03901014492	-0.07925360585	-0.04342178673	-0.06075232432
2026-02-05	-0.1510256005	-0.1620759878	-0.1365045289	-0.2190184733	-0.1619061062
2026-02-06	0.1150475938	0.1217631905	0.07733542079	0.1907115326	0.1099955772
2026-02-07	-0.0184588543	0.011420545	-0.01565730761	-0.03228874641	0.00148529019
2026-02-08	0.01491220571	0.001273696429	-0.01098749913	0.005396137695	-0.006873666656
2026-02-09	-0.002739123499	0.007285311953	-0.005547212419	0.004323878694	-0.002532229714
2026-02-10	-0.01866101963	-0.03990654747	-0.02633406967	-0.0261568016	-0.0445408212
2026-02-11	-0.02588020694	-0.04112238522	-0.01912172663	-0.02180906774	-0.04548198997
2026-02-12	-0.01215345294	0.003430164612	0.01011134269	-0.004536814455	-0.01141420128
2026-02-13	0.03821768946	0.05048900769	0.007541208107	0.03147592551	0.07291374623
2026-02-14	0.01397501243	0.01831594666	0.02209866953	0.07018137206	0.04328072674
2026-02-15	-0.01428557293	-0.05923516108	-0.02822461041	-0.02285086193	-0.02181236748
2026-02-16	0.0008691232445	0.01601583828	0.01936712846	0.008302724127	0.003360179281
2026-02-17	-0.02036655794	-0.00334336989	-0.01518186807	-0.008980782195	-0.0159742218
2026-02-18	-0.01556443521	-0.01811290358	-0.02116983209	-0.03618929545	-0.04164018685
2026-02-19	0.008132980025	-0.00349809191	0.004997412741	-0.0106763838	0.01084648986
2026-02-20	0.01505363711	0.01010738678	0.02931135319	0.01579722555	0.02596305431
2026-02-21	-0.0006482546691	0.00226775298	-0.0004794170381	0.00083927827	0.005887911499
2026-02-22	-0.004903883044	-0.007900996797	-0.01743016209	-0.02635086593	-0.028341978
2026-02-23	-0.04516857122	-0.05324635011	-0.03036866164	-0.03016622183	-0.06088132827
2026-02-24	-0.009289953077	-0.002351520942	-0.02171253337	-0.002666668247	0.0138953093
2026-02-25	0.05954054277	0.1052481947	0.07558294377	0.0616276353	0.1086971382
2026-02-26	-0.007423789137	-0.01458965064	-0.005863811059	-0.021999054	-0.02471816368
2026-02-27	-0.02419303509	-0.04945518443	-0.01889116247	-0.03371227948	-0.04841193283
2026-02-28	0.01657845213	0.01780575243	0.005052115654	0.01463940652	0.03008650517
2026-03-01	-0.01803125966	-0.01270437299	0.001327827901	-0.01744528593	-0.008931288901
2026-03-02	0.04537839253	0.04419104417	0.03158534511	0.02742295529	0.0357180826
2026-03-03	-0.007174587301	-0.02221953437	-0.006654368363	-0.02130447393	0.003801628909
2026-03-04	0.06141821532	0.0703341812	0.03783502645	0.05030434372	0.04364656324
2026-03-05	-0.02474465974	-0.02591487216	-0.01553054557	-0.01919200937	-0.02316103976
2026-03-06	-0.03995647071	-0.04649934048	-0.03221835176	-0.02920337635	-0.04693315342
2026-03-07	-0.01257409536	-0.004604556457	-0.01130209134	-0.004852950701	-0.0176278981
2026-03-08	-0.01939068716	-0.01663338994	-0.01343914273	-0.01238566655	-0.01978099811
2026-03-09	0.03662460641	0.02843899674	0.03635830675	0.01709190363	0.04047385205
2026-03-10	0.02191822593	0.02160655242	0.0115303947	0.01687680997	0.01077041552
2026-03-11	0.003471234391	0.007562748839	0.01462769421	-0.001154817884	0.008117869003
2026-03-12	0.004966571049	0.01044733887	0.0003990239314	-7.222041674e-05	0.002998502996
2026-03-13	0.005494554272	0.008978057013	0.006134097019	0.01027492424	0.01531283492
2026-03-14	0.0039671662	0.001881396226	0.002999781454	0.005275928394	-0.001702514457
2026-03-15	0.02226463254	0.03843765665	0.02413990608	0.02970446067	0.04736647604
2026-03-16	0.02802392272	0.07713360391	0.008777430234	0.06306197082	0.04138521616
2026-03-17	-0.0131097191	-0.01523680759	-0.01646530612	-0.01620315078	-0.01656048747
2026-03-18	-0.03669322101	-0.05044446892	-0.02474234386	-0.03587497926	-0.04917070581
2026-03-19	-0.01865151485	-0.03021514292	-0.02031941802	-0.01181251288	-0.01329851414
2026-03-20	0.008270155103	0.003926214711	0.004620459963	-0.001590210174	0.01063066018
2026-03-21	-0.02284576353	-0.02900165208	-0.01792931491	-0.02565141696	-0.02570603778
2026-03-22	-0.01548711026	-0.01497094716	-0.00682520488	-0.01704057845	-0.01565409499
2026-03-23	0.04392937958	0.04667602669	0.02007147475	0.03372581892	0.05890347451
2026-03-24	-0.004944193785	0.001949743669	-0.001268191275	-0.01144554853	-0.006914366569
2026-03-25	0.01099132962	0.005914126249	0.01455747503	-0.001059883512	0.009863093655
2026-03-26	-0.03590963357	-0.05136075376	-0.02945721089	-0.03862986618	-0.05803120464
2026-03-27	-0.03569221584	-0.03339910456	-0.0239951648	-0.02620562376	-0.04032614305
2026-03-28	-0.0004556261282	0.0009981217082	-0.004685608109	0.005716450317	-0.0123488252
2026-03-29	-0.005530728523	-0.005076178544	-0.008199393604	-0.004133634836	-0.007949653558
2026-03-30	0.01184337413	0.02086276031	0.00526585495	-0.002714933794	0.01341647152
2026-03-31	0.02201879945	0.038219424	0.01327135691	0.01268166923	0.007964323503
2026-04-01	-0.002500910405	0.01644964526	-0.01077975657	0.004983460795	-0.02457843642
2026-04-02	-0.01795288497	-0.03963811518	-0.04570721812	-0.02084189693	-0.02798084118
2026-04-03	0.0009309289814	-0.001624909139	0.008175292796	-0.001212856425	0.01832610595
2026-04-04	0.005006835782	0.005675667948	0.008547277572	-0.00235410368	0.005334007561
2026-04-05	0.02543526692	0.02138650227	0.01362523799	0.008328334026	0.01302869954
2026-04-06	-0.002618361462	-0.001427443672	-0.002313563669	-0.003852695984	-0.0229753189
2026-04-07	0.04362968195	0.06113926085	0.03276778361	0.04260061166	0.06681631984
2026-04-08	-0.01194874286	-0.02257878631	-0.03101963329	-0.02638404007	-0.03557146578
2026-04-09	0.01005259138	9.132003111e-05	0.003105824668	0.0007444353802	0.009162209965
2026-04-10	0.01623143839	0.0247349288	0.004153675184	0.008964018982	0.01784062543
2026-04-11	0.001102147656	0.01763385531	0.002490538072	-0.0009592326875	0.001178133972
2026-04-12	-0.03202546209	-0.04170696316	-0.02478363065	-0.02232018909	-0.04085633712
2026-04-13	0.05067267646	0.07800739628	0.03732308254	0.03770398087	0.05928896352
2026-04-14	-0.003856496022	-0.02004372394	-0.00156293277	-0.01015608043	-0.03278211661
2026-04-15	0.009110214549	0.01602207523	0.01430051709	0.0221513106	0.01399619574
2026-04-16	0.004591768186	-0.005004130983	0.02094866651	0.04274515484	0.04772391642
2026-04-17	0.02519684949	0.02971793024	0.01149446931	0.0155020689	-0.003261911671
2026-04-18	-0.0180707461	-0.02880274253	-0.02077025539	-0.02985090968	-0.02973006522
2026-04-19	-0.02528631774	-0.03774081891	-0.02221671524	-0.02696076973	-0.03171874699
2026-04-20	0.02725566189	0.02210213367	0.02120016444	0.02135969089	0.02145267455
2026-04-21	0.006507965819	0.005727241958	0.003901732178	0.006368779619	0.008756112216
2026-04-22	0.02384460628	0.01996573604	0.0090609591	-0.002794468774	0.009716675639
2026-04-23	0.001013195859	-0.01862593252	0.001677103237	0.006415642647	-0.008671075776
2026-04-24	-0.01053803457	-0.006574481461	-0.00365562282	-0.003621173873	0.0006964596915
2026-04-25	0.002423158923	0.001946277335	-0.01214493793	-0.00671989089	0
2026-04-26	0.01321407956	0.0213019951	0.01143737404	0.004834481303	0.008665064903
2026-04-27	-0.01648745052	-0.0281501369	-0.01414576214	-0.02119172333	-0.02457183304
2026-04-28	-0.01338283759	-0.006204993031	-0.003643981082	-0.01452635927	-0.009000534469
2026-04-29	-0.007398926109	-0.01608023518	-0.01153047543	-0.00829216273	-0.01220841016
2026-04-30	0.007448700376	0.002044160777	-0.00326095181	-0.0008768725443	0.0006019382593
2026-05-01	0.02438454421	0.01674487967	-6.500260013e-05	0.0130008731	0.008031208885
2026-05-02	0.005808401067	0.009252981944	0.004362039397	0.005684490932	0.005951689989
2026-05-03	-0.001504304555	0.002448477607	-0.001230470486	-0.004098219059	-0.004162460669
2026-05-04	0.016316002	0.01049731148	0.008645912395	0.002734011344	0.002261771097
2026-05-05	0.01299430543	0.005781750329	0.01243382205	0.01483410456	0.02570714954
2026-05-06	0.006670570614	-0.004215125913	0.02710311734	0.008669657827	0.032718792
2026-05-07	-0.01785099287	-0.02575811853	-0.01668832901	-0.02703059514	-0.00833432012
2026-05-08	0.00233671729	0.00695939409	0.0191862102	0.02231742121	0.0397990784
2026-05-09	0.006032532305	0.008365215501	0.0006004110687	0.001620460424	0.01209909974
2026-05-10	0.01880691919	0.01908647444	0.02101653536	0.03656373295	0.03523571265
2026-05-11	-0.005665203289	-0.01333030433	0.01056862515	0.002846494636	0.009286075808
2026-05-12	-0.01529988652	-0.02813290244	-0.008460984173	-0.02786154281	-0.03224907692
2026-05-13	-0.01490297018	-0.007195180161	0.01007018677	-0.006773059443	-0.03354318247
2026-05-14	0.02214978499	0.01083257692	0.009763402124	0.03976489567	0.01069178852
2026-05-15	-0.02467966101	-0.02599577164	-0.008721781864	-0.03508170114	-0.03208831455
2026-05-16	-0.01227476008	-0.01992606951	-0.02435803637	-0.01432810015	-0.03072263477
2026-05-17	-0.008873510948	-0.02308667233	-0.01029357781	-0.008525200823	-0.01513592757
2026-05-18	-0.00590188632	-0.000431815415	-0.009203396723	-0.008310694057	0.001641074099
2026-05-19	-0.002177771338	-0.008557316346	-0.005469220131	-0.02064326831	-0.01284864732
2026-05-20	0.009299708915	0.008256813001	0.01470341025	0.004104373982	0.02205885524
2026-05-21	0.0008157623412	0.002026647344	0.01388316592	0.004888558129	0.01371542274
2026-05-22	-0.02711170894	-0.0323439177	-0.01243694508	-0.02909672109	-0.03447011039
2026-05-23	0.0159238768	0.02477938584	0.008907994927	0.01767722798	0.01586868444
2026-05-24	0.004069127507	-0.008455236228	0.0004722622209	-0.005388858868	-0.005613393292
2026-05-25	0.003329947307	0.006247557624	0.009971894834	-0.0005182689932	-0.002465802928
2026-05-26	-0.01816665494	-0.01874526439	-0.01018514693	-0.01574953249	-0.01587899225
2026-05-27	-0.01969363812	-0.02387752175	-0.01162990883	-0.01638386163	-0.01540714156
2026-05-28	-0.01123545175	-0.007405715502	-0.01647176502	0.006099439465	-0.004010944302
2026-05-29	-0.002131246689	0.002305911906	0.007585844984	0.0108861069	-0.0008528785165
2026-05-30	0.005749780543	0.00391382176	0.1111994458	0.008087508512	0.008375359998
2026-05-31	-0.002846189918	-0.007658650893	-0.01146036093	-0.005834409549	-0.00351153718
2026-06-01	-0.03123273755	-0.0001395207465	-0.02486502911	-0.02722394575	-0.01417077219
2026-06-02	-0.06730598013	-0.0760160691	-0.06314095061	-0.0681837632	-0.0907316027
2026-06-03	-0.040005463	-0.02547995253	-0.04729824716	-0.008703275128	-0.03593365211
2026-06-04	-0.004010979788	-0.02359602975	-0.02628379455	-0.02734347567	-0.0388688689
2026-06-05	-0.04530091487	-0.1118400465	-0.0549277638	-0.06266940432	-0.07912365665
2026-06-06	-0.002818575982	-0.008696286121	0.004028782428	-0.004016069655	-0.02288720372
2026-06-07	0.03941029087	0.07415211092	0.0507500943	0.05532758213	0.06684694792
2026-06-08	-0.003892172168	-1.183081928e-05	-0.004277549422	0.01093001113	0.004800489267
2026-06-09	-0.02172867996	-0.03061491167	-0.01408874638	-0.0267168289	-0.02823074108
2026-06-10	-0.003554178371	-0.01099636668	-0.01171229606	-0.03625369055	-0.02762563507
2026-06-11	0.03380617664	0.03148618999	0.03226005034	0.04090221008	0.05750123633
2026-06-12	-0.0007229219062	-0.004221727475	-0.003191166656	-0.009053812999	-0.001644860184
2026-06-13	0.01371489129	0.008824315907	0.009592320642	0.01594287447	0.03123412416
2026-06-14	0.01979167315	0.02609047838	0.0116435874	0.03030016121	0.03337922207
2026-06-15	0.008817610223	0.04004794414	0.001749469936	0.04298809805	0.03717900324
2026-06-16	-0.009904799591	-0.001749732971	-0.02114879978	-0.01702342067	-0.006237308357
2026-06-17	-0.01790753822	-0.02392603105	-0.005486641146	-0.025374682	-0.0201971556
2026-06-18	-0.02434295338	-0.02281630358	-0.03923866455	-0.03454678612	-0.03301654295
2026-06-19	0.009263166749	4.675218421e-05	0.005069413391	-0.009288535061	0.0004302617492
2026-06-20	0.0117975191	0.01731657542	0.01130457975	0.01224969382	0.04869456644
2026-06-21	-0.01545395539	-0.01980331652	-0.006483226094	-0.02206974	-0.01043392223
2026-06-22	0.01112096405	0.01237232423	0.01008200096	0.004169814852	-0.007063252134
2026-06-23	-0.02028303938	-0.03597103291	-0.02066447448	-0.01714480785	-0.03162765384
2026-06-24	-0.02676107921	-0.02733882605	-0.02347077769	-0.03361276184	-0.02321973425
2026-06-25	-0.02124625067	-0.03406588317	-0.007198175559	-0.0284370397	-0.005742487988
2026-06-26	0.005059094742	0.006890178919	0.01244410081	0.005256881879	0.05989470746
2026-06-27	-0.001136637429	-0.002975258089	-0.01856317306	-0.0014309566	-0.01966355491
2026-06-28	-0.007558017387	-0.001290548344	-0.01106239908	0.0009541985457	0.01240500824
2026-06-29	0.01140225719	0.02581594721	0.01521743049	0.009964495259	0.05160145648
2026-06-30	-0.02751573854	-0.02578414029	-0.02350836984	-0.01800820424	-0.02002351385
2026-07-01	0.02358820218	0.02361822009	0.007147054927	0.01232637077	0.05016601339
2026-07-02	0.02526782673	0.05499021358	0.01535995585	0.03278982282	0.04134857932
2026-07-03	0.01648552123	0.03333275707	0.02622041683	0.04202336798	0.01974676293
2026-07-04	0.00892016057	0.01267660419	0.002714981044	0.01971968621	-0.006579772733
2026-07-05	0.007981334229	0.002809644362	0.02488886152	-0.0001728160378	-0.002570538168
2026-07-06	0.006140105413	0.007759695971	-0.006565319361	-0.01059865711	0.004280566678
2026-07-07	-0.01064371141	-0.01574377032	-0.01580659484	-0.02924444118	-0.01673679236
2026-07-08	-0.01709481974	-0.01588089103	-0.01424754345	-0.01924882384	-0.03472351879
2026-07-09	0.0149779728	0.0009287127678	0.0001055056359	0.002197803082	0.002694554784
2026-07-10	0.01462789911	0.02918888987	0.01172936578	0.01037410341	0.001152590254
2026-07-11	-0.005355819521	-0.005071692309	-0.001356427587	-0.007177607701	-0.01729968267
2026-07-12	-0.0006112900762	0.01059388524	-0.001288570214	-0.009988628295	0.001691497378
2026-07-13	-0.02292429614	-0.01678835698	-0.01124946155	-0.01699757637	-0.02514448274
2026-07-14	0.04254829104	0.06279679009	0.02502392703	0.04057090914	0.03741933161
2026-07-15	-0.004432972186	0.01364422319	-0.002271125011	0.001438202495	-0.00747618847
2026-07-16	-0.01440425171	-0.02810443607	-0.0140505347	-0.02381497752	-0.02581887733
2026-07-17	0.001588424173	-0.01229161009	-0.007645538496	0.001746243723	-0.003724399091
2026-07-18	0.01401869363	0.01116479499	0.004496205126	0.00357486975	0.006376217139
2026-07-19	-0.001724032427	0.005151503826	0.0007182209451	0.004473463433	0.01132335996
2026-07-20	0.008200969119	0.01723103263	0.0003676695917	0.01321166624	0.01906301648
2026-07-21	0.01973561546	0.01320536757	0.004680331975	0.02766133809	0.003462207728
2026-07-22	-0.006658166394	0.002153020494	-0.00501297959	-0.001312508392	-0.001921968687
2026-07-23	-0.01547920887	-0.02930995121	-0.006447158451	-0.03058287953	-0.02717099225
2026-07-24	-0.01484068892	-0.009059321495	-0.004433422139	-0.0143664955	-0.02562873855
2026-07-25	0.003657320628	0.007199609294	0.00712625608	0.005297783673	0.007543139214
2026-07-26	0.01579674657	0.04169696964	0.01115142732	0.01393183381	0.02961612541
2026-07-27	-0.02546100418	-0.03233240242	-0.01583775221	-0.04314178554	-0.03391952097
2026-07-28	0.002492974237	0.01557141215	0.008808306113	0.002716502069	-0.004998997102
2026-07-29	0.001083352569	-0.006005836026	0.001224547071	0.004386995415	-0.002033761124
2026-07-30	0.01235979429	0.003964455719	0.03436823414	0.008532000194	0.01120195262
2026-07-31	-0.02964376414	-0.02947122899	-0.008447887391	-0.01958287122	-0.02225631288
2026-08-01	-0.001022022573	-0.009526604467	-0.02044575326	-0.001413560995	-0.01270559835
2026-08-02	0.01181022519	0.02167202746	0.02291285278	0.02468341215	0.02308111805
2026-08-03	-0.0007868440094	-0.01327351529	0.001511279696	-0.01026503673	-0.0009511516445
2026-08-04	0.009191881845	0.004959463285	0.006477659581	-0.001767688975	0.002579595484
2026-08-05	0.00867695487	0.02072242784	0.001128867967	-0.01086051308	0.003924492485
2026-08-06	-0.005296904736	-0.002517703926	-0.002461560455	-0.0259383284	-0.01826410317
2026-08-07	0.009278129921	0.005279876498	0.0003038077258	-0.01371550123	0.01311852648
2026-08-08	0.0006068408439	0.001336493783	0.01356004117	0.01814967082	0.03140499956
2026-08-09	-0.0009395970435	-0.003182327978	0.002610381484	-0.009470499852	0.003414765598
2026-08-10	-0.01445774285	-0.01981665403	-0.004993934438	-0.01723674053	-0.003677923494
2026-08-11	-0.005800909439	0.005021644048	0.02872096882	0.01041676086	0.004071185609
2026-08-12	-0.001888732218	-0.001477780409	-0.0101864579	-0.01715680025	-0.008819908422
2026-08-13	0.0001712204026	0.003367006548	0.0004422061244	0.003871164693	0.008557750864
2026-08-14	-0.007070042494	-0.00209640901	-0.004513124419	-0.009756174945	-0.01160350572
2026-08-15	0.0006731173602	0.000233741674	-0.0003290231333	0.003196167323	-0.0006633499414
2026-08-16	-0.00295286969	-0.003533196533	-0.007896038514	-0.009216655105	-0.009869378589
2026-08-17	0.02561661072	0.01984443419	0.004665869912	0.009416076783	0.01872191708
2026-08-18	0.002991240187	0.002218482164	-0.003075043341	-0.001097311697	0.01345809821
2026-08-19	0.06879278582	0.16096912	0.03828475188	0.09885170582	0.1026573196
2026-08-20	0.05185710193	0.03232864153	0.04257023836	0.1367698142	0.02635381366
2026-08-21	0.07022927876	0.0782870401	0.04800444673	0.1370737272	0.06684591865
2026-08-22	-0.01625511556	-0.03794822501	0.01198034991	0.005143515094	0.001066439261
2026-08-23	0.008514676535	0.01670522535	0.01014568857	0.0392364986	0.01701494153
2026-08-24	0.016063334	0.007643009311	0.002758269443	-0.0257833809	0.03642377948
2026-08-25	-0.005758976848	-0.01611015664	-0.01415603598	-0.03251315191	-0.02423803269
2026-08-26	0.006151340942	0.02591963942	0.0187033335	-0.007979882749	0.0550801112
2026-08-27	0.01539308815	0.00165812399	0.006101317391	0.02120859663	0.06697260934
2026-08-28	-0.03041068222	-0.02751226266	-0.02904744884	-0.04907230112	-0.04679929405
2026-08-29	0.004922359563	0.006068824272	0.001603988639	0.009064158166	0.01392089605
2026-08-30	-0.007029635392	-0.01673629447	-0.01138455069	-0.02825272342	-0.03723423944
2026-08-31	0.01151006008	0.02078882859	0.009737175278	0.0162937883	0.01279251858
2026-09-01	-0.01464310072	-0.02008982433	-0.01228151987	-0.02050152345	-0.03014115691
2026-09-02	-0.001279114183	-0.01108006571	0.008514163866	-0.0005179622003	0.004290781417
2026-09-03	0.049570082	0.04719383817	0.05146603366	0.07147172489	0.03435284218
2026-09-04	-0.02000425369	-0.02081729538	-0.0053228753	-0.03699056672	-0.0195275064
2026-09-05	0.002144051213	0.009922714053	0.06072165469	0.009890151412	0.01218873264
2026-09-06	0.006369111864	0.01367037518	-0.01780860869	0.007828242664	0.03213932273
2026-09-07	-0.01542571049	-0.00971905729	-0.01744206899	-0.01900631641	-0.02614838781
2026-09-08	-0.008329287484	-0.002050161314	0.01613976053	0.01450021852	-0.004151186151
2026-09-09	-0.001905689211	-0.00683602524	-0.0398517465	-0.01571811458	-0.01756656863
2026-09-10	-0.02244108142	-0.01217200745	-0.01945064674	-0.04426279379	-0.02896726708
2026-09-11	0.00854366493	0.031552459	0.02512201334	0.01620250978	0.03769152964
2026-09-12	0.0006864528361	0.003768081311	0.001155163295	0.007272225093	-0.006855378919
2026-09-13	-0.005667260213	-0.01952079064	-0.01548507396	-0.01854162075	-0.02447152854
2026-09-14	0.01738016268	0.01548244872	0.005581746499	0.0592728551	0.03200986763
2026-09-15	-0.03308718853	-0.04782749542	-0.01167219775	-0.1034027054	-0.05668233944
2026-09-16	0.007395861015	0.008304798879	0.01927763839	0.01254468983	0.01820649656
2026-09-17	0.002764984397	0.01192893045	0.01699169462	-0.002388382814	0.02975756265
2026-09-18	0.05680910686	0.06519260501	0.03060912311	0.07423468868	0.1034697091
2026-09-19	0.004516275901	0.007836328408	0.0009321684092	0.01004747114	-0.01483627178
2026-09-20	-0.0008864236357	0.004744320083	0.0137368736	7.089935839e-05	0.0009899654321
2026-09-21	0.06488646129	0.04832902686	0.03416427992	0.08543267669	0.06722224245
2026-09-22	-0.004761259103	-0.008159442862	-0.01389374846	0.02341695936	-0.002779300227
2026-09-23	-0.02123051151	-0.02534732657	-0.02699809168	-0.04666233486	-0.03065833541
2026-09-24	0.000149756078	0.001243309	0.01205918491	0.02226852674	0.01767058865
2026-09-25	-0.003682273184	0.001323503909	0.0005663461814	0.02171966926	0.04273404099
2026-09-26	0.003953056741	0.001752061533	-0.004565629062	-0.02655280518	-0.006076550148
2026-09-27	0.00046061369	-0.002852380216	0.006840650447	-0.007030021397	0.004765826605
2026-09-28	-0.01157336689	2.231578321e-05	-0.01936723615	-0.0132074261	-0.02574037829
2026-09-29	0.001957961946	-0.003998745706	-0.006961712582	-0.004150772512	0.002184507674
2026-09-30	-0.0004789366598	0.002994042121	0.01388829402	-0.0004026035081	-0.008682146669
2026-10-01	0.01491330647	0.007569907245	0.003218650168	0.002614030109	0.002452121467
2026-10-02	-0.004274435625	-0.01407648531	-0.004545462372	-0.006177418422	0.002024804539
2026-10-03	0.002783103531	0.006960680255	0.02396055802	0.001144357434	0.008142068735
2026-10-04	0.02074342334	0.01466917813	0.01080708991	0.02274790473	0.01641691792
