{
  "currentPredictionRaw": [],
  "currentPrediction": [
    {
      "name": "HybridStatisticalModel",
      "predictions": [
        [
          2,
          1,
          3,
          11,
          15,
          17,
          19
        ]
      ]
    }
  ],
  "realResult": [
    11,
    17,
    26,
    32,
    36,
    37,
    1
  ],
  "newPrediction": [
    {
      "name": "HybridStatisticalModel",
      "predictions": [
        [
          21,
          35,
          1,
          2,
          3,
          4,
          11
        ]
      ]
    }
  ],
  "newPredictionRaw": [],
  "matchingNumbers": {
    "model": "HybridStatisticalModel",
    "prediction": [
      2,
      1,
      3,
      11,
      15,
      17,
      19
    ],
    "matching_numbers": [
      1,
      11,
      17
    ],
    "match_count": 3
  },
  "labels": [
    1,
    2,
    3,
    4,
    5,
    6,
    7,
    8,
    9,
    10,
    11,
    12,
    13,
    14,
    15,
    16,
    17,
    18,
    19,
    20,
    21,
    22,
    23,
    24,
    25,
    26,
    27,
    28,
    29,
    30,
    31,
    32,
    33,
    34,
    35,
    36,
    37,
    38,
    39,
    40,
    41,
    42,
    43,
    44,
    45,
    46,
    47,
    48,
    49,
    50
  ],
  "numberFrequency": {
    "21": 0.14285714285714285,
    "35": 0.14285714285714285,
    "1": 0.14285714285714285,
    "2": 0.14285714285714285,
    "3": 0.14285714285714285,
    "4": 0.14285714285714285,
    "11": 0.14285714285714285
  }
}