{"currentPredictionRaw": [], "currentPrediction": [], "realResult": [7, 12, 20, 24, 25, 37, 2], "newPrediction": [[3, 2, 8, 16, 18, 33, 1], [1, 2, 7, 13, 17, 32, 5], [6, 10, 21, 28, 33, 36, 4], [1, 2, 3, 4, 5, 16, 28], [8, 14, 25, 30, 39, 42, 5]], "newPredictionRaw": [[0.2682875990867615, 0.19357432425022125, 0.28736045956611633, 0.20153507590293884, 0.04335362836718559, 0.005869911517947912, 1.7129577827290632e-05, 1.7919119272846729e-06, 4.309116952150305e-10, 1.8351792974158343e-08, 2.833958577451944e-15, 7.209059738055856e-12, 6.0888938597957e-18, 6.018352261116648e-16, 6.077293975193624e-17, 8.731324808138185e-18, 1.1088002633836535e-14, 4.264310445154808e-18, 2.48739086485767e-16, 3.0835493290963956e-17, 1.0828665074068028e-15, 8.196985164200463e-15, 1.2988477328580326e-15, 1.406299122291843e-13, 2.750228396527967e-14, 1.2171189002060045e-15, 1.1711589814264456e-12, 1.0826281142189628e-13, 7.725426337057764e-14, 1.3207581458628964e-13, 2.518761024403182e-13, 1.8829623732626033e-14, 7.03040531064951e-14, 7.769702849852456e-13, 1.0319615301179752e-10, 1.0664662512469003e-12, 4.631588890191551e-09, 2.1431326765325442e-12, 7.651916433815131e-09, 1.6315883755169125e-08, 2.5462288527622334e-11, 4.6870823194877786e-11, 1.3706724644180213e-10, 3.844437268529788e-11, 2.482562592998061e-11, 9.998350238016318e-12, 4.316384489416736e-12, 1.4028659310605374e-11, 5.951108963259122e-12, 8.870208734190754e-11], [0.15531069040298462, 0.22470156848430634, 0.30266356468200684, 0.21633587777614594, 0.08295781910419464, 0.017888717353343964, 0.00012494091060943902, 1.668426557444036e-05, 9.684081314631499e-10, 1.2945899641181313e-07, 1.301314165745495e-14, 2.6690885612801196e-11, 1.7037364630499581e-18, 2.404453104431673e-16, 6.047595652792466e-20, 1.2334436495659702e-19, 2.489440792123505e-18, 1.2793763831358646e-21, 2.0448431827613277e-21, 7.594063283894483e-22, 9.072834421353417e-21, 1.9949711953946055e-19, 9.2911396230787e-22, 3.7696504934874444e-19, 1.937366389235201e-18, 1.3393583371429943e-22, 1.9802715445048058e-17, 4.6380378837366254e-20, 2.488184970394936e-20, 1.8997266469849235e-19, 2.953160156375899e-19, 1.4302092377770217e-18, 1.0624515229019079e-19, 3.081012200721573e-17, 5.5803953580464694e-14, 2.3579005045228218e-17, 3.656583716371564e-12, 1.1774430299236658e-15, 1.77774548554277e-11, 6.871100216576664e-11, 3.767070612696252e-15, 2.380548489995353e-14, 6.320884435436977e-14, 1.220884745162026e-14, 3.919876626930349e-15, 1.4201374510698097e-15, 8.523875189699276e-16, 1.5592754240296557e-15, 6.781945051528111e-16, 1.7544459605272657e-14], [4.41530100943055e-05, 0.0010870893020182848, 0.002304047578945756, 0.0006204057135619223, 0.02876865677535534, 0.1088014617562294, 0.396159291267395, 0.40027061104774475, 0.0013155757915228605, 0.059800613671541214, 4.647858440876007e-05, 0.0007814210839569569, 1.3635367501763085e-08, 1.9297942799312295e-07, 4.2060951076228204e-13, 4.178241433394625e-11, 9.717596329396685e-14, 8.699154576210805e-15, 6.051806803441579e-18, 3.014871500686323e-17, 5.468666391877927e-18, 6.885542739631028e-17, 2.8406759523102614e-21, 2.682635389931377e-19, 4.902141772345587e-16, 2.4060223096576257e-25, 2.1209357583390408e-17, 2.8372076653870284e-23, 4.818521660385182e-25, 1.2604546550227067e-23, 4.933886039949764e-23, 6.109951419267683e-21, 1.4337770360265438e-26, 3.188560885209439e-22, 2.880891389585187e-20, 4.0571573894841665e-23, 5.988241695679635e-18, 3.662977895615717e-21, 5.342940005251119e-19, 6.263522026863301e-18, 1.346591390130899e-17, 1.3593977772133879e-15, 6.491657331383406e-16, 1.434457310666752e-16, 3.693557476854444e-18, 2.618645163033369e-18, 2.1980415645742938e-17, 5.035146823103173e-18, 1.3115889529975033e-18, 1.4681152236170858e-17], [1.984256942783036e-12, 4.514155976104162e-12, 8.983728344569286e-11, 7.108038983794085e-12, 1.4296124284385314e-09, 2.044095559483594e-08, 1.3700661838811357e-05, 6.745079008396715e-05, 0.008160063065588474, 0.0014073249185457826, 0.010092341341078281, 0.007858255878090858, 0.2253536432981491, 0.13642357289791107, 0.171439528465271, 0.3599424362182617, 0.02415635995566845, 0.054832424968481064, 7.185318827396259e-05, 0.00015926282503642142, 1.9609204173320904e-05, 1.6126329001053819e-06, 4.022330468700375e-09, 8.826475550449686e-09, 4.096042971468705e-07, 6.629936518813854e-15, 5.659664292778643e-09, 3.1677714244044905e-14, 6.006688485084058e-17, 1.2484913594459684e-16, 2.149733621231156e-15, 6.557893719671916e-16, 5.46392477450251e-22, 7.798614871179903e-20, 1.0581392063069284e-23, 4.3597810303603925e-21, 3.477206781747588e-21, 2.58013746012595e-23, 1.9166673769127e-27, 5.148537675779866e-27, 1.4476127911287954e-16, 9.617761595749857e-16, 1.7899591297419705e-15, 4.1093546679180244e-16, 6.102603551268154e-18, 2.0709836446359436e-17, 1.1039613335625791e-15, 4.2777476633334865e-17, 6.044684530213314e-17, 3.103973411037065e-17], [3.187932140491512e-10, 3.287591310296989e-10, 5.087438914586073e-09, 5.441889716628623e-10, 3.6217109311564855e-08, 5.147211545875052e-09, 1.3538212897401536e-06, 5.066239737061551e-06, 0.0005801500519737601, 0.0003375964006409049, 0.0001770568051142618, 0.0006406212341971695, 0.0038644704036414623, 0.00818975642323494, 0.09824414551258087, 0.12039294838905334, 0.24242930114269257, 0.3971969187259674, 0.04366908222436905, 0.05450374260544777, 0.023824110627174377, 0.004550555255264044, 0.0001755600969772786, 0.0001662783179199323, 0.0009793044300749898, 1.115096903703261e-08, 7.188171002781019e-05, 1.9616903657038165e-08, 1.2709751306960726e-10, 1.2310540087323574e-10, 1.2278841277080232e-09, 4.080872098577437e-11, 4.267419327386472e-15, 6.024230458012356e-14, 1.7039935507843396e-17, 8.125246555765707e-15, 2.0631012089683542e-15, 3.4303775572615096e-17, 6.098662908066391e-21, 8.357693968742277e-21, 8.352438207216706e-13, 3.741432944709411e-12, 9.098885707381488e-12, 2.2045232393047565e-12, 7.364897943893875e-14, 1.446229746203398e-13, 3.027143423081635e-12, 3.7636758401689285e-13, 5.634213256534848e-13, 1.7574305997015288e-13], [1.343781036666769e-06, 5.524856874217221e-07, 1.6158730886672856e-06, 3.580346401577117e-07, 1.7458696675021201e-06, 6.73796896279006e-23, 2.2949831250631817e-21, 4.606904873431661e-21, 2.695029398940777e-19, 1.1009004741285573e-15, 5.827114820653326e-22, 1.546876652527879e-18, 1.4438810186895852e-22, 9.78999605101724e-18, 1.6989171795542535e-19, 5.101899805404209e-13, 1.3237901772253902e-18, 3.111211646384532e-14, 3.468368308434845e-16, 8.540766835082869e-13, 1.95077998199622e-09, 8.031156539800577e-07, 9.493734978605062e-06, 0.0003049735678359866, 0.0001581062824698165, 0.0016064320225268602, 0.0018250209977850318, 0.005436919163912535, 0.008322333917021751, 0.05860137939453125, 0.020797761157155037, 0.20274464786052704, 0.2827799320220947, 0.19475619494915009, 0.021143294870853424, 0.1258641481399536, 0.02329867333173752, 0.051668211817741394, 0.00048683214117772877, 0.00018924415053334087, 2.5325204308862884e-14, 3.739862965753543e-13, 4.292632533610917e-14, 5.484269315807547e-14, 1.9995364684746025e-14, 3.2265807948774145e-15, 8.967927447737015e-16, 5.16442249208493e-13, 4.610947515189083e-14, 2.5767575735895915e-14], [0.22604069113731384, 0.17315100133419037, 0.22843511402606964, 0.16812863945960999, 0.2042279839515686, 6.016559694899115e-08, 1.6158264770638198e-07, 1.2574531638165354e-07, 7.164573621876169e-12, 8.219185332336565e-08, 1.1177226543401461e-13, 7.655272249440515e-12, 2.4339062928922773e-16, 4.066734945215415e-14, 2.095495984036095e-15, 3.5817113164249292e-12, 1.0275664791376481e-15, 1.641596438590933e-14, 5.644468080080557e-17, 2.5758233809520647e-15, 1.1352679592843001e-13, 9.489690283581709e-12, 3.517595286231523e-13, 3.445321111739119e-11, 1.3587553304716948e-10, 9.788189410473574e-14, 1.863682319580562e-09, 2.573873753020095e-11, 1.265885868351191e-10, 8.956435593177048e-10, 7.341454111298162e-10, 1.0500940561541938e-08, 2.0419921309411393e-09, 4.1885314772116544e-08, 8.840068232984777e-08, 1.3622392103229686e-08,