{"currentPredictionRaw": [], "currentPrediction": [{"name": "Markov Model", "predictions": [[2, 4, 18, 19, 23, 26, 39]]}, {"name": "PoissonMonteCarlo Model", "predictions": [[1, 2, 15, 19, 24, 33, 40]]}], "realResult": [16, 18, 19, 21, 22, 32, 5], "newPrediction": [{"name": "Markov Model", "predictions": [[7, 10, 12, 22, 24, 27, 38]]}, {"name": "PoissonMonteCarlo Model", "predictions": [[3, 5, 15, 21, 23, 30, 39]]}, {"name": "PoissonMarkov Model", "predictions": [[3, 19, 1, 15, 23, 30, 39, 20, 24, 25, 28, 35]]}], "newPredictionRaw": [], "matchingNumbers": {"model": "Markov Model", "prediction": [2, 4, 18, 19, 23, 26, 39], "matching_numbers": [18, 19], "match_count": 2}, "labels": [], "numberFrequency": {"5": 0.04878048780487805, "11": 0.017421602787456445, "15": 0.02613240418118467, "21": 0.028745644599303136, "24": 0.028745644599303136, "39": 0.02003484320557491, "3": 0.054878048780487805, "12": 0.016550522648083623, "13": 0.02177700348432056, "17": 0.016550522648083623, "22": 0.023519163763066203, "1": 0.05226480836236934, "23": 0.0313588850174216, "26": 0.020905923344947737, "29": 0.014808362369337979, "4": 0.04355400696864112, "2": 0.04790940766550523, "16": 0.025261324041811847, "33": 0.02264808362369338, "35": 0.018292682926829267, "40": 0.02177700348432056, "8": 0.02264808362369338, "9": 0.02003484320557491, "27": 0.023519163763066203, "18": 0.023519163763066203, "28": 0.020905923344947737, "30": 0.024390243902439025, "32": 0.02003484320557491, "10": 0.01916376306620209, "38": 0.023519163763066203, "14": 0.020905923344947737, "36": 0.0156794425087108, "37": 0.025261324041811847, "6": 0.0156794425087108, "25": 0.020905923344947737, "19": 0.02613240418118467, "31": 0.018292682926829267, "7": 0.02177700348432056, "34": 0.01916376306620209, "20": 0.016550522648083623}}