{
  "currentPredictionRaw": [],
  "currentPrediction": [
    {
      "name": "HybridStatisticalModel",
      "predictions": [
        [
          2,
          1,
          5,
          11,
          21,
          33,
          3
        ]
      ]
    }
  ],
  "realResult": [
    8,
    17,
    20,
    21,
    24,
    31,
    5
  ],
  "newPrediction": [
    {
      "name": "HybridStatisticalModel",
      "predictions": [
        [
          4,
          3,
          5,
          19,
          21,
          23,
          24
        ]
      ]
    }
  ],
  "newPredictionRaw": [],
  "matchingNumbers": {
    "model": "HybridStatisticalModel",
    "prediction": [
      2,
      1,
      5,
      11,
      21,
      33,
      3
    ],
    "matching_numbers": [
      21,
      5
    ],
    "match_count": 2
  },
  "labels": [],
  "numberFrequency": {
    "4": 0.14285714285714285,
    "3": 0.14285714285714285,
    "5": 0.14285714285714285,
    "19": 0.14285714285714285,
    "21": 0.14285714285714285,
    "23": 0.14285714285714285,
    "24": 0.14285714285714285
  }
}