{
  "currentPredictionRaw": [],
  "currentPrediction": [
    {
      "name": "HybridStatisticalModel",
      "predictions": [
        [
          2,
          1,
          3,
          4,
          9,
          31,
          5
        ]
      ]
    }
  ],
  "realResult": [
    1,
    3,
    4,
    8,
    20,
    30,
    3
  ],
  "newPrediction": [
    {
      "name": "HybridStatisticalModel",
      "predictions": [
        [
          3,
          5,
          19,
          1,
          2,
          4,
          35
        ]
      ]
    }
  ],
  "newPredictionRaw": [],
  "matchingNumbers": {
    "model": "HybridStatisticalModel",
    "prediction": [
      2,
      1,
      3,
      4,
      9,
      31,
      5
    ],
    "matching_numbers": [
      1,
      3,
      4
    ],
    "match_count": 3
  },
  "labels": [],
  "numberFrequency": {
    "3": 0.14285714285714285,
    "5": 0.14285714285714285,
    "19": 0.14285714285714285,
    "1": 0.14285714285714285,
    "2": 0.14285714285714285,
    "4": 0.14285714285714285,
    "35": 0.14285714285714285
  }
}