{
  "currentPredictionRaw": [],
  "currentPrediction": [
    {
      "name": "HybridStatisticalModel",
      "predictions": [
        [
          1,
          4,
          2,
          5,
          15,
          22,
          29
        ]
      ]
    }
  ],
  "realResult": [
    18,
    26,
    30,
    31,
    36,
    40,
    4
  ],
  "newPrediction": [
    {
      "name": "HybridStatisticalModel",
      "predictions": [
        [
          2,
          1,
          3,
          4,
          9,
          31,
          5
        ]
      ]
    }
  ],
  "newPredictionRaw": [],
  "matchingNumbers": {
    "model": "HybridStatisticalModel",
    "prediction": [
      1,
      4,
      2,
      5,
      15,
      22,
      29
    ],
    "matching_numbers": [
      4
    ],
    "match_count": 1
  },
  "labels": [],
  "numberFrequency": {
    "2": 0.14285714285714285,
    "1": 0.14285714285714285,
    "3": 0.14285714285714285,
    "4": 0.14285714285714285,
    "9": 0.14285714285714285,
    "31": 0.14285714285714285,
    "5": 0.14285714285714285
  }
}