{"currentPredictionRaw": [], "currentPrediction": [], "realResult": [], "newPrediction": [[33, 1, 3, 39, 10, 16, 19], [2, 34, 7, 40, 15, 18, 0], [32, 3, 4, 37, 8, 14, 17], [5, 38, 6, 9, 16, 17, 0], [34, 4, 37, 5, 12, 18, 21], [1, 35, 36, 6, 11, 13, 15], [32, 35, 7, 39, 14, 19, 20], [36, 7, 8, 11, 13, 22, 30], [5, 6, 39, 40, 10, 12, 14], [1, 2, 37, 9, 25, 31, 0]], "newPredictionRaw": [[0.10821975022554398, 0.21006694436073303, 0.22213362157344818, 0.16342876851558685, 0.13084684312343597, 0.157370463013649, 0.007460169494152069, 0.00046046162606216967, 3.948433459299849e-06, 9.011218025989365e-06, 3.2445335307329515e-08, 3.3983857949948515e-09, 8.102751108962636e-11, 6.799866919537934e-11, 3.845597614220847e-13, 5.1129635247892935e-11, 2.759879998148751e-14, 1.1494083950683992e-13, 3.309479909425193e-15, 5.426495930156586e-16, 1.5919573432665157e-15, 4.383272512857063e-14, 2.5525143047930472e-15, 4.025762945117188e-14, 2.223829193709337e-12, 2.147456426092022e-16, 1.7110732318872945e-12, 6.738017393487911e-17, 2.8917905396663723e-13, 1.7092961821749434e-15, 2.9823094948450146e-14, 4.3573729558354576e-14, 4.34730131057613e-15, 3.1212693156002294e-14, 3.4981587938853753e-13, 1.8276753893008363e-15, 4.325134434629563e-12, 4.364004275135558e-13, 5.604046116047812e-10, 2.0300256267646866e-11, 5.347665127559964e-13, 7.059900624176163e-13, 8.623252936365566e-13, 9.01866580547972e-13, 1.1558284711277178e-12, 1.5117220626345573e-13, 1.3612495462431151e-12, 7.137047029759369e-13, 2.2970996849461245e-13, 1.7008561442946601e-12], [0.0002098473923979327, 0.002874729922041297, 0.001695994520559907, 0.0019348583882674575, 0.0014608434867113829, 0.009822958149015903, 0.262814462184906, 0.2259059101343155, 0.10873517394065857, 0.27349236607551575, 0.04246115684509277, 0.04528485983610153, 0.011025435291230679, 0.01217817235738039, 1.2661887922149617e-05, 8.808619168121368e-05, 8.847936214806396e-07, 1.5524939271926996e-06, 6.0226779119432194e-09, 8.00307375925513e-10, 1.9541540607903585e-10, 5.326530883031921e-10, 3.6755511828578946e-11, 2.861567059697645e-11, 3.2332334587437117e-09, 8.583391430342507e-14, 1.1874532607203392e-11, 5.893003031626036e-16, 8.148988211650887e-14, 2.9641276361706695e-15, 4.358244976254656e-15, 1.0660829466036529e-17, 5.0840741427453786e-18, 1.919045165847764e-18, 6.734713055094945e-18, 2.620182478201799e-19, 4.51490762414183e-17, 2.29564023281815e-18, 4.13602455905351e-16, 2.7358614948387166e-17, 1.7861509797253983e-12, 8.666537539697705e-13, 8.923190962170646e-13, 1.3247546505959495e-12, 1.7576947926659092e-12, 6.841830704415464e-13, 5.354769904396262e-13, 6.105292595266765e-13, 1.4935944733611428e-13, 9.376893792684138e-13], [5.763993726759509e-08, 1.2309748171901447e-06, 7.091338147802162e-07, 9.18550654205319e-07, 5.563793479268497e-07, 2.155877382392646e-06, 0.0002719812619034201, 0.0004356899589765817, 0.007764219772070646, 0.001076643355190754, 0.015267087146639824, 0.011849460192024708, 0.05674795061349869, 0.1348763406276703, 0.24683094024658203, 0.28819891810417175, 0.10358265042304993, 0.09799855947494507, 0.024895980954170227, 0.006047257222235203, 0.002550865523517132, 0.00112852081656456, 8.814453758532181e-05, 9.677934940555133e-06, 0.0003732797922566533, 4.711471657259381e-09, 1.9179917387646128e-07, 1.4283845373858073e-12, 4.3661799870031714e-11, 3.9615474095588965e-11, 5.399585943297036e-13, 1.818958652649981e-16, 8.469534055665972e-17, 1.3411240736977808e-16, 2.905213159496903e-16, 2.0289077792894537e-17, 2.217153473365658e-16, 5.245827243578592e-18, 3.2272789088446296e-17, 3.898607775208581e-17, 5.764278811215551e-12, 2.4494839750283104e-12, 3.479520708019046e-12, 4.7568750154158845e-12, 2.009831970989362e-12, 1.9222455224787716e-11, 1.6187623615680768e-13, 8.649885820631587e-13, 7.040507499916915e-13, 1.0862908879707978e-12], [9.153138336159827e-08, 8.805748166196281e-07, 6.743043172718899e-07, 8.251033136730257e-07, 5.184433575777803e-07, 4.040579995034932e-07, 3.316797301522456e-05, 5.767817856394686e-05, 0.00048250440158881247, 0.00010710622882470489, 0.0009694424225017428, 0.0010468551190569997, 0.005269847810268402, 0.014944191090762615, 0.10543707013130188, 0.12085381895303726, 0.13312514126300812, 0.16674812138080597, 0.1824871301651001, 0.09817422181367874, 0.10925310850143433, 0.039523690938949585, 0.009968415834009647, 0.0014210565714165568, 0.010053618811070919, 4.894656285614474e-06, 3.543017010088079e-05, 3.3260396659073876e-09, 3.3963836187922425e-08, 3.5480230309303806e-08, 6.369713090315088e-10, 6.589233282269791e-13, 5.092823406917246e-13, 5.597342793255133e-13, 5.278071816411378e-13, 1.0760978290088111e-13, 4.075039730568747e-13, 1.2197408271667591e-14, 2.806997561092487e-14, 5.2400026321047094e-14, 8.643322169099577e-11, 7.338318841476621e-11, 6.009328451517248e-11, 1.0695861557552533e-10, 4.9793721229596244e-11, 5.535897851238758e-10, 4.753333143758809e-12, 1.806597059450521e-11, 2.6793848389994324e-11, 2.2589810230733143e-11], [3.6658220778917894e-05, 2.14928495552158e-05, 2.1888326955377124e-05, 4.334347977419384e-05, 4.4619151594815776e-05, 3.2798277079266534e-17, 6.138407005291328e-16, 1.391679155745315e-15, 2.4614099159107674e-18, 2.9579811415889187e-15, 3.625661251405172e-18, 1.1563675597942232e-17, 8.315378898272273e-19, 8.084977561415401e-19, 6.733511782050365e-19, 2.386536335306083e-14, 5.423099857433688e-16, 2.1004785706450237e-14, 7.184256309430634e-14, 5.838620698028762e-10, 1.9558191866053676e-07, 6.533223768201424e-06, 7.093881322361995e-07, 8.786335092736408e-05, 3.3095904655056074e-05, 3.494730844977312e-05, 0.0011621672892943025, 0.010120460763573647, 0.0035302299074828625, 0.03630349785089493, 0.03475036472082138, 0.15125933289527893, 0.20325496792793274, 0.18328535556793213, 0.053096383810043335, 0.08163944631814957, 0.0892568975687027, 0.09920670837163925, 0.03481382876634598, 0.01798907294869423, 6.776193321733626e-12, 3.583753519637023e-12, 3.5159191096728604e-12, 7.847130063798335e-12, 3.0145781704238317e-12, 2.984828703644915e-11, 1.0241831688295733e-11, 6.114251357818012e-13, 1.082533281765441e-11, 1.1544515343686612e-11], [0.00155440007802099, 0.0012881784932687879, 0.0008458169759251177, 0.0012964123161509633, 0.0017962378915399313, 7.391949989825382e-17, 1.1339858722158859e-17, 1.05573330413842e-18, 1.0525875718117978e-20, 3.1024737532660216e-19, 4.322264572756509e-22, 5.33667052954656e-23, 3.0065872937020725e-25, 1.125745335302229e-24, 1.81178772730159e-23, 6.440091173238258e-19, 1.5855543788155268e-21, 3.9164210269818494e-20, 3.3030341359347367e-18, 9.253784126776396e-15, 6.113109584510168e-12, 5.40409805793729e-09, 2.0821285667826928e-11, 2.414748401236011e-08, 4.302086864527155e-08, 7.46307599053253e-11, 6.346846930682659e-06, 2.1608302347431163e-07, 3.69555027646129e-06, 4.638037353288382e-05, 3.513289266265929e-05, 0.003517091041430831, 0.001049062586389482, 0.06371530145406723, 0.043043967336416245, 0.002494324231520295, 0.196912944316864, 0.08066549152135849, 0.3396945595741272, 0.2620342969894409, 4.0891877557680534e-14, 7.19357384125702e-15, 3.0347659064552945e-14, 4.875018168011905e-14, 4.481407717246873e-14, 1.5762917230169315e-13, 2.5742464597141614e-14, 7.891754300558534e-15, 9.978401839614431e-14, 7.984464597734359e-14], [0.23559513688087463, 0.228282630443573, 0.2054964005947113, 0.14585015177726746, 0.18471425771713257, 5.911523476243019e-05, 4.3799687432510837e-07, 9.129604627844401e-09, 4.373300610538422e-10, 4.868367375898686e-10, 4.443174127233274e-12, 7.51603708199107e-14, 3.437954478732936e-15, 3.3356839324396887e-15, 7.130774924426705e-16, 1.8877950689211859e-13, 4.7308047418683755e-17, 1.1100912051227401e-16, 7.34386366471196e-17, 2.3942837128937217e-17, 3.5716541825340543e-16, 6.302815528606148e-14, 2.2089520768538682e-16, 8.401409450943531e-14, 3.661679466582246e-12, 5.514819761335936e-16, 1.3116560615422657e-10, 3.362418240430813e-14, 2.1423156304489765e-10, 3.1375130358363146e-12, 1.8858906103425e-10, 6.022580212317052e-10, 