{
  "currentPredictionRaw": [],
  "currentPrediction": [
    {
      "name": "HybridStatisticalModel",
      "predictions": [
        [
          1,
          2,
          3,
          4,
          5,
          7,
          19
        ]
      ]
    }
  ],
  "realResult": [
    1,
    3,
    4,
    8,
    20,
    30,
    3
  ],
  "newPrediction": [
    {
      "name": "HybridStatisticalModel",
      "predictions": [
        [
          2,
          3,
          4,
          5,
          34,
          36,
          1
        ]
      ]
    }
  ],
  "newPredictionRaw": [],
  "matchingNumbers": {
    "model": "HybridStatisticalModel",
    "prediction": [
      1,
      2,
      3,
      4,
      5,
      7,
      19
    ],
    "matching_numbers": [
      1,
      3,
      4
    ],
    "match_count": 3
  },
  "labels": [
    1,
    2,
    3,
    4,
    5,
    6,
    7,
    8,
    9,
    10,
    11,
    12,
    13,
    14,
    15,
    16,
    17,
    18,
    19,
    20,
    21,
    22,
    23,
    24,
    25,
    26,
    27,
    28,
    29,
    30,
    31,
    32,
    33,
    34,
    35,
    36,
    37,
    38,
    39,
    40,
    41,
    42,
    43,
    44,
    45,
    46,
    47,
    48,
    49,
    50
  ],
  "numberFrequency": {
    "2": 0.14285714285714285,
    "3": 0.14285714285714285,
    "4": 0.14285714285714285,
    "5": 0.14285714285714285,
    "34": 0.14285714285714285,
    "36": 0.14285714285714285,
    "1": 0.14285714285714285
  }
}