{
  "currentPredictionRaw": [],
  "currentPrediction": [
    {
      "name": "HybridStatisticalModel",
      "predictions": [
        [
          1,
          2,
          3,
          5,
          19,
          23,
          30
        ]
      ]
    }
  ],
  "realResult": [
    2,
    10,
    12,
    20,
    21,
    26,
    2
  ],
  "newPrediction": [
    {
      "name": "HybridStatisticalModel",
      "predictions": [
        [
          2,
          3,
          5,
          9,
          22,
          34,
          1
        ]
      ]
    }
  ],
  "newPredictionRaw": [],
  "matchingNumbers": {
    "model": "HybridStatisticalModel",
    "prediction": [
      1,
      2,
      3,
      5,
      19,
      23,
      30
    ],
    "matching_numbers": [
      2
    ],
    "match_count": 1
  },
  "labels": [
    1,
    2,
    3,
    4,
    5,
    6,
    7,
    8,
    9,
    10,
    11,
    12,
    13,
    14,
    15,
    16,
    17,
    18,
    19,
    20,
    21,
    22,
    23,
    24,
    25,
    26,
    27,
    28,
    29,
    30,
    31,
    32,
    33,
    34,
    35,
    36,
    37,
    38,
    39,
    40,
    41,
    42,
    43,
    44,
    45,
    46,
    47,
    48,
    49,
    50
  ],
  "numberFrequency": {
    "2": 0.14285714285714285,
    "3": 0.14285714285714285,
    "5": 0.14285714285714285,
    "9": 0.14285714285714285,
    "22": 0.14285714285714285,
    "34": 0.14285714285714285,
    "1": 0.14285714285714285
  }
}