{
  "currentPredictionRaw": [],
  "currentPrediction": [
    {
      "name": "HybridStatisticalModel",
      "predictions": [
        [
          2,
          3,
          5,
          9,
          22,
          34,
          1
        ]
      ]
    }
  ],
  "realResult": [
    11,
    13,
    15,
    31,
    33,
    34,
    3
  ],
  "newPrediction": [
    {
      "name": "HybridStatisticalModel",
      "predictions": [
        [
          3,
          1,
          2,
          4,
          5,
          11,
          15
        ]
      ]
    }
  ],
  "newPredictionRaw": [],
  "matchingNumbers": {
    "model": "HybridStatisticalModel",
    "prediction": [
      2,
      3,
      5,
      9,
      22,
      34,
      1
    ],
    "matching_numbers": [
      34,
      3
    ],
    "match_count": 2
  },
  "labels": [],
  "numberFrequency": {
    "3": 0.14285714285714285,
    "1": 0.14285714285714285,
    "2": 0.14285714285714285,
    "4": 0.14285714285714285,
    "5": 0.14285714285714285,
    "11": 0.14285714285714285,
    "15": 0.14285714285714285
  }
}