{"currentPredictionRaw": [], "currentPrediction": [], "realResult": [], "newPrediction": [[6, 18, 27, 28, 33, 44], [12, 17, 28, 27, 32, 45], [4, 19, 26, 30, 30, 43], [16, 16, 25, 29, 29, 32], [1, 20, 24, 26, 35, 40], [15, 14, 30, 33, 28, 7], [8, 15, 29, 25, 36, 13], [13, 45, 22, 24, 34, 29], [17, 13, 23, 35, 11, 4], [14, 29, 33, 14, 27, 5]], "newPredictionRaw": [[0.0034386294428259134, 6.673868402362615e-11, 2.8056910754409506e-32, 0.005142884328961372, 1.4068691246433684e-14, 0.9669477343559265, 8.468393097871285e-09, 1.9615190467447974e-05, 2.4276178430130974e-29, 9.800814665739255e-26, 1.891754914068282e-15, 0.018130425363779068, 5.564837124438782e-07, 8.474225765553456e-09, 0.0018678822088986635, 0.004452298395335674, 1.498752055795194e-08, 3.847188401184809e-10, 9.995963258513374e-12, 5.367414521817761e-18, 3.5445151734242956e-28, 5.691751951336735e-37, 1.4510639761998698e-35, 0.0, 0.0, 0.0, 0.0, 0.0, 2.7591378609675912e-18, 0.0, 0.0, 8.817060424268081e-17, 0.0, 0.0, 0.0, 0.0, 0.0, 0.0, 0.0, 0.0, 0.0, 0.0, 1.6696755435692855e-18, 6.559205262268719e-11, 1.0161010054188235e-11], [0.0, 0.0, 0.0, 0.0, 0.0, 0.0, 0.0, 0.0, 0.0, 0.0, 7.444978922662788e-24, 1.1460980176544126e-22, 9.608844386832516e-09, 9.908682113746181e-05, 4.711943620350212e-05, 0.002822964685037732, 0.3046376407146454, 0.5940820574760437, 0.09816868603229523, 0.00014051095058675855, 1.5779232087620443e-10, 4.732949058713909e-16, 3.392839174621567e-15, 6.513650369047586e-23, 9.093537286950038e-23, 9.663744093044605e-24, 1.9505115897510212e-26, 9.457330713664958e-31, 1.5565451150223453e-09, 4.276676788069129e-32, 0.0, 7.621141565050671e-12, 1.4823163026757546e-32, 0.0, 0.0, 0.0, 0.0, 0.0, 0.0, 0.0, 0.0, 0.0, 1.317128254559644e-31, 7.628751959143075e-22, 1.9139781670673983e-06], [0.0, 0.0, 0.0, 0.0, 0.0, 0.0, 0.0, 0.0, 0.0, 0.0, 7.122090990036631e-20, 0.0, 1.7558961229457992e-11, 5.6293888519576285e-06, 3.726587729291875e-19, 1.1867298523182597e-20, 1.6951329898105368e-20, 1.029646121419423e-19, 1.863471806333103e-14, 3.2775954172947763e-10, 2.15246714674322e-07, 1.3097475857648533e-05, 1.0330703844374511e-05, 0.016191456466913223, 0.03959342837333679, 0.12456801533699036, 0.5340949892997742, 0.27270346879959106, 0.0004617089289240539, 0.012351630255579948, 7.901703890801297e-22, 1.5014900130519426e-12, 6.019092325004749e-06, 9.380679826670457e-14, 2.1262448746117713e-10, 6.068580271736527e-21, 0.0, 0.0, 0.0, 0.0, 0.0, 0.0, 0.0, 0.0, 0.0], [0.0, 0.0, 0.0, 0.0, 0.0, 0.0, 0.0, 0.0, 0.0, 1.6061384521518152e-38, 1.4026357717635106e-17, 0.0, 1.974292777873199e-11, 1.3859835057417058e-08, 4.906213796514795e-21, 6.1744537482101205e-24, 1.5967967629531071e-24, 1.9807076173418324e-23, 1.2282490587167138e-18, 2.782844797766357e-15, 4.020624111422677e-12, 1.3960294031889475e-10, 3.6733294184188026e-10, 4.672304839914432e-06, 4.287251431378536e-05, 0.0005286214291118085, 0.24721963703632355, 0.6413465738296509, 0.0014373079175129533, 0.10922513902187347, 1.7773088018625683e-18, 1.8918996924632836e-10, 0.0001949561119545251, 1.6386336731954998e-10, 2.0524348087747057e-07, 3.4740205989965424e-17, 2.1920862089945317e-36, 0.0, 0.0, 0.0, 0.0, 0.0, 0.0, 0.0, 1.6564978959731812e-37], [0.0, 0.0, 0.0, 0.0, 0.0, 0.0, 0.0, 7.294320819858437e-37, 3.491105759332641e-37, 4.143236018895421e-19, 9.331151851199593e-09, 4.94141796183837e-32, 3.507705237382197e-11, 4.7950072795339965e-21, 5.200784110718208e-28, 0.0, 0.0, 0.0, 1.5189900190972976e-38, 0.0, 8.017698709538236e-36, 3.36430156625185e-36, 2.6003593589249613e-33, 1.363893319843492e-27, 4.1486656489202565e-24, 2.824006889718254e-20, 5.766084942848693e-09, 3.202232255716808e-05, 0.0008283655042760074, 0.018433257937431335, 3.750087805391711e-13, 0.019066888839006424, 0.9614090323448181, 1.4404859030037187e-06, 0.00022565601102542132, 3.367244744367781e-06, 2.5739905207682146e-17, 2.1202399438899795e-25, 5.00461803475016e-28, 2.034963827047896e-20, 4.5217291383114625e-27, 1.457324998903685e-31, 5.704205767591194e-31, 8.564938641152561e-27, 6.908480731926403e-11], [1.4541957043721015e-33, 9.87189981072539e-29, 4.400752935129108e-33, 4.1634231632214306e-16, 3.5257767605283933e-16, 9.826163453681464e-24, 1.5900329664031432e-11, 1.600446916268829e-16, 2.1091362078467309e-19, 3.4468569596175207e-19, 9.122232994837882e-18, 4.1345758579346456e-21, 5.726967972118427e-14, 3.237736782723136e-20, 1.2316946795583034e-19, 5.742662719868831e-26, 3.1137072707801356e-31, 2.3182248717086255e-29, 1.1990184378104912e-30, 1.1770854007932247e-35, 0.0, 0.0, 0.0, 0.0, 0.0, 3.773327718463168e-37, 4.711084251898558e-32, 8.674562765944978e-33, 2.5357974319526258e-14, 5.320165180409188e-31, 3.1047542356065327e-30, 1.149773765973805e-06, 5.886671319602668e-28, 9.288988244825515e-35, 1.6697294941719464e-36, 5.654664570055376e-19, 2.3365470482481127e-31, 4.858230908227164e-35, 0.0, 1.8513381938589646e-09, 2.989323648448862e-37, 8.528674140061548e-20, 0.00020717651932500303, 0.9847818613052368, 0.015009786002337933]], "matchingNumbers": [], "labels": [1, 2, 3, 4, 5, 6, 7, 8, 9, 10, 11, 12, 13, 14, 15, 16, 17, 18, 19, 20, 21, 22, 23, 24, 25, 26, 27, 28, 29, 30, 31, 32, 33, 34, 35, 36, 37, 38, 39, 40, 41, 42, 43, 44, 45]}