{"currentPredictionRaw": [], "currentPrediction": [], "realResult": [1, 8, 16, 19, 28, 42, 24], "newPrediction": [[3, 16, 17, 19, 28, 30, 6], [1, 18, 19, 21, 26, 31, 5], [6, 19, 21, 26, 31, 40, 13], [1, 35, 39, 10, 42, 19, 26], [1, 12, 16, 26, 36, 42, 5]], "newPredictionRaw": [[0.42173847556114197, 6.920458304193744e-07, 0.502441942691803, 0.01392268668860197, 0.04188898950815201, 0.019977670162916183, 1.4214769180398434e-05, 8.183100703718083e-07, 1.3787825082545169e-05, 7.206455987507354e-10, 5.530339741710577e-09, 2.740736526618548e-09, 8.566766851458851e-09, 4.375409368151395e-09, 1.3165863954611723e-08, 6.607607239139668e-10, 4.2769687097488074e-11, 1.9960143260444596e-10, 1.1202547407513502e-13, 2.4508428386817674e-19, 8.294569748246824e-20, 5.82284303531356e-26, 2.6041529770864555e-36, 1.8565925266805898e-38, 0.0, 0.0, 0.0, 0.0, 0.0, 0.0, 0.0, 0.0, 0.0, 0.0, 1.8371094075681115e-34, 1.2258104451954e-35, 0.0, 0.0, 0.0, 2.088779724272044e-13, 0.0, 2.8981912229667794e-36, 6.656710525021481e-07, 5.778662352765927e-23, 1.3325159678501671e-33], [0.0, 1.0303547179363484e-19, 3.5164638805508172e-37, 1.1762265845723187e-26, 1.2457001396680862e-30, 1.8243466490999096e-28, 3.8959298497636764e-25, 9.213356038297336e-17, 2.453412009965569e-19, 8.973758667707443e-05, 1.5868115710304664e-08, 0.00019712404173333198, 0.003150120610371232, 0.0062347170896828175, 0.012541251257061958, 0.6304526329040527, 0.13961955904960632, 0.19654634594917297, 0.01116076111793518, 4.398027158458717e-06, 3.3252483717660652e-06, 1.1766833063475701e-09, 1.8637716983480783e-15, 7.859017191831204e-17, 1.526186445904636e-17, 3.571682687887212e-26, 3.5282136786704143e-26, 3.349721033652132e-27, 2.7203668019832376e-26, 2.1057622084969357e-28, 3.7883749653696124e-31, 2.955664199413775e-29, 6.04233483076564e-25, 6.911319223738736e-30, 8.817618976704528e-30, 1.2048015408781186e-31, 0.0, 0.0, 0.0, 4.1607412286085744e-19, 0.0, 0.0, 4.175860733112851e-20, 3.241618829624185e-30, 0.0], [0.0, 3.8640638134972736e-26, 0.0, 0.0, 0.0, 0.0, 3.4741074035994444e-36, 1.0869943983889693e-26, 6.984473716653685e-30, 6.625933308967991e-12, 1.328102133273828e-15, 4.6339678622109304e-11, 5.2258002369853784e-09, 7.639068400067117e-08, 2.513540948712034e-07, 0.12635675072669983, 0.4965197741985321, 0.17336200177669525, 0.1992843896150589, 0.002268207957968116, 0.0021942551247775555, 1.4307324818219058e-05, 1.1874338179396204e-09, 1.0760352331384837e-10, 2.1579401460192216e-11, 3.9159099844596565e-19, 3.42717212899029e-19, 6.801976616622584e-20, 2.0248779104414602e-19, 9.51320631554847e-21, 3.1576259256922506e-23, 3.064390897066286e-22, 1.8444883011604566e-19, 1.7159857768444724e-23, 5.4831260183443604e-27, 4.3595344202618395e-29, 2.37395631978649e-37, 4.714717067254223e-36, 0.0, 2.1683087749141034e-22, 0.0, 0.0, 5.7779627816707135e-27, 1.0599852249582008e-33, 0.0], [0.0, 1.7086856629579379e-26, 0.0, 0.0, 0.0, 0.0, 0.0, 1.0236602270987851e-32, 1.2452550330842643e-35, 1.6591869838749926e-20, 7.628191552356006e-22, 4.369026857813075e-19, 6.27735720163468e-17, 8.127603001424968e-15, 4.994587371725395e-14, 0.0015922575257718563, 0.2483384609222412, 0.011982339434325695, 0.5150671005249023, 0.1011325791478157, 0.11344516277313232, 0.008421776816248894, 1.6314941603923216e-05, 3.178231509082252e-06, 8.30430110454472e-07, 6.130621184319285e-13, 5.302291808742532e-13, 2.1839068097342929e-13, 3.094204037955295e-13, 1.4016592790946913e-13, 1.5644499483044323e-15, 3.586584408778832e-15, 1.072081266535567e-13, 1.7674458145671188e-16, 6.016766069946085e-22, 5.853977033311821e-24, 1.588959912594077e-29, 9.881977239159396e-29, 0.0, 8.239483654344113e-23, 0.0, 0.0, 4.24806189600726e-29, 4.449035630905164e-33, 0.0], [0.0, 1.2056293239999677e-31, 0.0, 0.0, 0.0, 0.0, 0.0, 0.0, 0.0, 0.0, 0.0, 5.155137596369418e-37, 1.9890840241034956e-36, 1.0412733201727278e-32, 1.6609005195127062e-31, 3.28873840188754e-15, 3.6765360721113804e-12, 3.7068823488181635e-13, 1.8461177031525722e-11, 3.6434991135259054e-10, 1.1564250668172349e-09, 1.1072672805312322e-06, 0.0012829499319195747, 0.003458554856479168, 0.014782211743295193, 0.24671043455600739, 0.21317070722579956, 0.26311272382736206, 0.21156708896160126, 0.022090179845690727, 0.02275482378900051, 0.0010352388489991426, 2.0720684915431775e-05, 1.330339364358224e-05, 7.506171456320339e-16, 1.2612246965542015e-17, 2.258786730909983e-17, 3.0233977475682745e-17, 0.0, 7.103187376387296e-28, 4.6922823797338724e-38, 6.913326825067634e-37, 0.0, 1.067786154445143e-31, 1.580264626597411e-33], [0.0, 1.197562640467871e-23, 0.0, 0.0, 0.0, 0.0, 0.0, 0.0, 0.0, 2.59336378605907e-37, 1.049338207834502e-36, 1.593071729385116e-34, 8.304385635875624e-33, 1.479476362396908e-29, 1.1348823864556154e-28, 1.1463643111218978e-14, 2.7612146510230806e-12, 1.289188482529735e-12, 4.650025590274831e-12, 5.732585239837107e-11, 5.775486339176794e-11, 3.540481241515181e-09, 4.764917349575626e-08, 4.976134349021777e-08, 3.212476826774946e-07, 5.8336667279945686e-05, 4.455670205061324e-05, 7.365077181020752e-05, 0.00011510545300552621, 0.409313440322876, 0.3932696580886841, 0.17489038407802582, 0.012745680287480354, 0.009488764218986034, 2.2960780499126088e-10, 8.36746817667322e-12, 1.5243532131004045e-11, 1.8742106824842786e-11, 6.967977223900347e-29, 3.6957441029543334e-20, 2.3584418097881106e-28, 8.994940249463922e-28, 6.259501305558057e-31, 6.935853616459484e-24, 1.9408035469766287e-25], [0.09427641332149506, 0.0002596158883534372, 0.10821802914142609, 0.015208619646728039, 0.23828637599945068, 0.39155158400535583, 0.0026969534810632467, 0.036920156329870224, 0.09078123420476913, 0.0017003220273181796, 0.014568370766937733, 0.003114171326160431, 0.00012630580749828368, 8.129981870297343e-05, 8.638233703095466e-05, 8.150348548952024e-06, 1.0510518677619984e-06, 5.316050646797521e-06, 2.2976543334607413e-07, 3.404141135643357e-10, 1.2497984591686162e-10, 4.037163940824595e-13, 2.3642491157241663e-17, 3.2220531539657953e-18, 3.682508825412573e-18, 1.8785796776897774e-21, 1.5088941634671462e-21, 4.0947030664959795e-22, 1.821921642749338e-21, 1.3401702958955202e-22, 1.34047126210808e-23, 5.9172605437567e-22, 1.0105356384806397e-18, 7.438264138637547e-21, 2.0496961515718914e-17, 7.73508502199157e-18, 1.5402803261785722e-22, 4.352427281623697e-21, 3.865580600141522e-21, 2.95373047265457e-06, 1.0970171065667688e-20, 1.1207368210829505e-15, 0.0021064807660877705, 1.3434550139024282e-09, 2.3821278676288034e-14]], "matchingNumbers": [], "labels": [1, 2, 3, 4, 5, 6, 7, 8, 9, 10, 11, 12, 13, 14, 15, 16, 17, 18, 19, 20, 21, 22, 23, 24, 25, 26, 27, 28, 29, 30, 31, 32, 33, 34, 35, 36, 37, 38, 39, 40, 41, 42, 43, 44, 45], "numberFrequency": {"8": 0.022355507088331516, "9": 0.022900763358778626, "18": 0.02317339149400218, "22": 0.024173027989821884, "32": 0.020765176299527444, "41": 0.023536895674300253, "26": 0.023400581606688477, "1": 0.023582333696837515, "4": 0.022582697201017812, "5": 0.023627771719374774, "29": 0.023037077426390405, "44": 0.010268993093420574, "16": 0.02544529262086514, "34": 0.02267357324609233, "35": 0.023127953471464922, "40": 0.022355507088331516, "30": 0.021673936750272627, "2": 0.02335514358415122, "3": 0.023400581606688477, "10": 0.02194656488549618, "13": 0.022446383133406033, "28": 0.023809523809523808, "37": 0.02153762268266085, "17": 0.02267357324609233, "24": 0.023991275899672846, "33": 0.02371864776444929, "38": 0.02485459832788077, "19": 0.024627408215194473, "15": 0.020901490367139224, "25": 0.024082151944747363, "36": 0.023127953471464922, "7": 0.023536895674300253, "14": 0.023264267539076698, "20": 0.022946201381315885, "45": 0.009587422755361686, "23": 0.02276444929116685, "27": 0.02330970556161396, "21": 0.02321882951653944, "12": 0.02535441657579062, "39": 0.021992002908033444, "43": 0.010950563431479461, "11": 0.022264631043257, "31": 0.02140130861504907, "6": 0.022537259178480554, "42": 0.02371864776444929}}