{"currentPredictionRaw": [], "currentPrediction": [], "realResult": [], "newPrediction": [[38, 39, 43, 44, 18, 21], [36, 41, 43, 44, 19, 20], [37, 40, 42, 17, 19, 0], [35, 38, 45, 20, 23, 0], [34, 36, 41, 16, 22, 0], [37, 39, 40, 18, 21, 0], [39, 40, 42, 15, 24, 0], [1, 41, 43, 14, 17, 0], [33, 2, 38, 45, 16, 22], [32, 2, 38, 44, 23, 25]], "newPredictionRaw": [[1.727529651625556e-17, 2.5805002667528844e-17, 9.121799717633027e-17, 3.6542256012103637e-16, 3.1336323027723988e-18, 1.3304517728910094e-18, 2.5654427671903366e-18, 2.1758868222688165e-16, 5.074028580145126e-16, 6.002029927752728e-13, 1.788337145036678e-09, 1.6473599373512116e-07, 3.454844409134239e-05, 0.00048045930452644825, 0.0011682858457788825, 0.09761354327201843, 0.19857773184776306, 0.279538631439209, 0.22456754744052887, 0.1051691547036171, 0.09209549427032471, 0.00031075297738425434, 0.0003026287304237485, 0.00014080254186410457, 7.913592980912654e-08, 1.0285964435752248e-07, 8.819292851569571e-09, 2.6007088149704316e-10, 6.758427151254409e-09, 2.3681936967001604e-10, 1.6597513294303035e-11, 7.736483328968369e-12, 3.04135731356292e-12, 2.4213708295361958e-12, 1.5472649203540634e-11, 2.333775967616747e-12, 1.986255669488013e-13, 2.616885081839406e-14, 4.5047937695102054e-18, 5.870052806269079e-17, 4.030545895324872e-18, 7.312922643027169e-18, 9.403595998655957e-19, 1.661304413731703e-17, 5.90762880908328e-19], [4.449599025144997e-25, 1.420697666751197e-24, 4.6167508609598905e-24, 1.0691515664931553e-24, 1.6575931345013004e-28, 3.068624617397851e-30, 1.399351357252769e-29, 5.5362551069762155e-28, 2.289511236334536e-27, 1.8562518091154998e-22, 1.911771890798677e-17, 1.744266826786932e-14, 1.0210670503552066e-10, 6.919587125508997e-09, 3.693934402804189e-08, 0.0001323424221482128, 0.001507445122115314, 0.03037704899907112, 0.26261332631111145, 0.26531797647476196, 0.34105876088142395, 0.03771025314927101, 0.03913622722029686, 0.02195851318538189, 9.833986405283213e-05, 8.535844244761392e-05, 3.2514003578398842e-06, 3.681816167500074e-07, 7.103936923158471e-07, 1.89982500842234e-08, 7.071483676401868e-11, 2.686316620537088e-11, 8.847016001733987e-12, 1.137791683786249e-12, 5.362180751505852e-12, 1.2390806222316482e-14, 1.722084473854352e-15, 5.486333315400835e-17, 1.3645547816476942e-21, 6.083103026821158e-20, 2.5367999663480045e-21, 3.692825060120816e-21, 3.8733095689900647e-22, 6.174420535272744e-20, 8.298700602599796e-22], [3.413444524241105e-24, 4.405675681350599e-26, 4.7819118737764784e-27, 5.116929602422074e-28, 5.910771082849893e-29, 2.398721107372709e-30, 2.8530783974050844e-28, 1.2151077957444333e-29, 1.587219503870114e-29, 5.4386200884455046e-27, 7.0654409211823915e-31, 2.2612774178180677e-30, 2.4094429324058812e-29, 2.8074837513457286e-29, 2.0122828653037263e-28, 5.77640971176356e-27, 3.921334079836381e-24, 3.7077795404773016e-22, 3.301145475801125e-19, 1.549575095571557e-23, 9.36447692910235e-23, 2.024854797952897e-23, 1.3885562995379726e-19, 7.33590296121481e-20, 1.77918897876269e-14, 6.200324541988378e-13, 2.0025880910143345e-13, 3.1660687526552378e-12, 3.2501046298705205e-10, 2.3781825397861667e-09, 7.84619987825863e-06, 4.1806528315646574e-05, 0.0004387644585222006, 0.019240891560912132, 0.0692591592669487, 0.28572672605514526, 0.2819896638393402, 0.30780553817749023, 0.015117739327251911, 0.013347962871193886, 0.007019284181296825, 2.395933279331075e-06, 1.0729654604801908e-06, 3.7623703974531963e-07, 7.145323479562649e-07], [2.885016759019839e-18, 4.176936714144024e-20, 1.758385851431526e-22, 3.6463379571372415e-24, 9.491670061003972e-25, 6.946151382064335e-28, 9.833692292857087e-26, 6.937722519570069e-30, 8.75766688402163e-30, 9.948838906444337e-28, 8.163249171960177e-33, 2.8055723505115176e-32, 1.8457884129680186e-32, 4.004931587644199e-32, 1.3314361366989827e-31, 6.582622603305308e-31, 2.234320198955971e-28, 2.7339266969426848e-27, 3.61536806685917e-24, 2.2310242105973954e-28, 4.1748648219849465e-28, 3.683769237126661e-29, 6.523572523462797e-25, 4.966866090795378e-26, 2.3370684428868746e-20, 1.8928630383040824e-18, 1.132307345684666e-20, 4.1884590169594607e-19, 7.363612105528296e-17, 2.8350849195135554e-16, 1.2798517454171154e-11, 1.1158048096593376e-10, 2.2969637303305035e-09, 2.344143240406993e-06, 1.526226697023958e-05, 0.004992205183953047, 0.0046106744557619095, 0.015885362401604652, 0.39709028601646423, 0.2604941725730896, 0.313144713640213, 0.0018497532000765204, 0.0010608737356960773, 0.0002920656406786293, 0.0005622849566861987], [7.209948762465501e-06, 9.702633860797505e-07, 4.751670723557311e-10, 1.3684006998273407e-13, 1.3647404163523707e-14, 7.486333510425821e-20, 6.361917642268322e-18, 2.58731930897165e-25, 4.836810907434665e-25, 1.1581552517197364e-23, 2.2212531976175412e-27, 1.0152671897668697e-25, 5.347469907149139e-26, 1.869914903659755e-24, 1.6718640764406465e-24, 2.5108484936045867e-23, 4.1395492409779423e-22, 1.3135494588968044e-22, 1.6651908287819644e-20, 2.5432395956895046e-22, 6.863077253648319e-23, 4.601710143118107e-25, 7.576421577263355e-22, 3.2266740135362048e-24, 1.1476191939151684e-21, 1.8678085582681152e-20, 7.122050230855836e-25, 1.8276168524535736e-23, 1.1297149543747826e-21, 9.683739413518114e-22, 8.765286858856142e-17, 5.620721643753181e-16, 1.2830139342167712e-14, 4.369883621624382e-11, 1.5268432351778216e-10, 7.880486236899742e-07, 5.086743044557807e-07, 6.7701234911510255e-06, 0.006475321017205715, 0.007965676486492157, 0.010774548165500164, 0.22248147428035736, 0.2823808491230011, 0.26434239745140076, 0.20556344091892242], [6.056502752471715e-05, 1.0209769243374467e-05, 7.072709529154508e-09, 1.5817335505610708e-12, 1.2494887936809196e-13, 3.719318104177241e-19, 3.941160262024024e-17, 5.342518079335647e-25, 1.0103762028506928e-24, 1.940136816530678e-23, 3.5609173557956695e-27, 1.8949242595455897e-25, 9.157768535872525e-26, 4.127750185309679e-24, 3.728072624388096e-24, 9.734882465072169e-23, 1.5290901133569587e-21, 6.072563400840943e-22, 9.011863940066157e-20, 3.512387403278451e-21, 7.629408291416219e-22, 5.9745347011522225e-24, 5.836121920873169e-21, 2.0821380903577018e-23, 2.9572300627042445e-21, 3.762799370063974e-20, 9.875471598992756e-25, 2.231636382683584e-23, 1.0651502360010727e-21, 7.204803214983413e-22, 5.0474206944683576e-17, 2.9666950459733565e-16, 6.187255501238602e-15, 2.079428469692335e-11, 6.75303077346534e-11, 4.112104363684921e-07, 2.6087622018167167e-07, 3.862369794660481e-06, 0.004859582521021366, 0.006168151739984751, 0.008480801247060299, 0.2175101339817047, 0.27580079436302185, 0.2774085998535156, 0.20969657599925995]], "matchingNumbers": []}