{"currentPredictionRaw": [], "currentPrediction": [], "realResult": [], "newPrediction": [[18, 21, 37, 41, 44, 45], [19, 19, 38, 39, 45, 40], [20, 20, 39, 40, 43, 44], [17, 23, 35, 43, 21, 41], [21, 22, 40, 42, 41, 43], [22, 18, 36, 45, 40, 23], [23, 24, 41, 38, 19, 24], [24, 44, 34, 44, 20, 21], [16, 25, 32, 36, 23, 22], [25, 26, 45, 37, 22, 25]], "newPredictionRaw": [[0.0, 0.0, 0.0, 1.4362928106147079e-35, 0.0, 0.0, 3.0528904410278673e-22, 0.0, 0.0, 0.0, 4.338140593004684e-36, 2.5151569688281355e-17, 1.9392683008022258e-16, 1.308975150493552e-08, 2.14937720954822e-08, 0.0010226264130324125, 0.07430151104927063, 0.6325785517692566, 0.1313367635011673, 0.08458109945058823, 0.06197505444288254, 0.0064544384367764, 0.006080524064600468, 0.0016629802994430065, 6.061403837520629e-06, 3.5895556038667564e-07, 1.8662829961990646e-11, 3.7460485082758937e-22, 5.587659962588375e-17, 1.9996195885456355e-18, 1.4236657497441153e-26, 3.200354200701281e-29, 1.8597804137733563e-26, 4.20831899976973e-33, 1.0851719162099806e-35, 1.4738621261457424e-29, 0.0, 0.0, 0.0, 3.0317257331165e-27, 2.0051554511705882e-35, 0.0, 2.109773238791894e-25, 5.95025895222534e-09, 5.739169989943393e-14], [0.0, 0.0, 1.0296005714424678e-37, 1.4699061863708414e-33, 0.0, 0.0, 6.807091605878167e-22, 0.0, 0.0, 0.0, 0.0, 2.101498796638345e-26, 1.8760569746678057e-24, 2.7880091526826827e-18, 1.5875298912978695e-18, 1.0549605633514147e-10, 6.789579174437677e-07, 0.008231454528868198, 0.3192276656627655, 0.27489593625068665, 0.35964953899383545, 0.009208006784319878, 0.02455601654946804, 0.004016651771962643, 5.365470497054048e-05, 3.7856921153434087e-06, 7.126471079921259e-10, 5.4084913546095614e-20, 1.4922486057705915e-14, 5.800550444224413e-16, 1.0013627412565099e-22, 3.8913454585686944e-26, 1.274227456453051e-22, 3.351487340115316e-29, 1.580552965076092e-30, 3.328184216723765e-22, 2.8453628710210505e-33, 1.4584785445709256e-33, 5.141997999580549e-33, 7.324304482819776e-17, 6.381752194605908e-23, 2.8464986006020363e-36, 2.8612135036561865e-16, 0.00015628451365046203, 2.9348834118536615e-07], [8.469701477021953e-17, 1.107157882049923e-18, 2.4176155258469223e-28, 8.870943882764723e-35, 4.234276883159122e-31, 2.653056445202246e-19, 7.143206925455391e-31, 1.540504431316653e-35, 5.116518304675011e-25, 0.0, 0.0, 0.0, 0.0, 0.0, 0.0, 0.0, 0.0, 0.0, 2.6587168936357632e-36, 3.867466097307043e-36, 2.3995743810895557e-32, 6.724734149705935e-27, 1.6733149888605743e-24, 8.771280926501463e-26, 3.0967974825186213e-25, 6.173459043912443e-27, 5.724152838284919e-26, 2.755982128964404e-22, 1.5512875548246106e-23, 1.8210342470033828e-25, 2.1608583071149326e-17, 2.0876418649340422e-11, 1.0448186559557828e-18, 2.624619792335192e-11, 8.601383569839527e-07, 1.3069002591237222e-07, 0.7896199226379395, 0.20935741066932678, 0.0010214938083663583, 1.3074475191388046e-07, 2.9544018786964443e-08, 1.1509124757080034e-15, 1.3655181007198266e-22, 1.6183635545004608e-26, 2.047876003499695e-15], [4.207565338145787e-20, 5.725779355268091e-19, 1.561736478257903e-14, 3.2816542418331787e-15, 1.236769437665026e-22, 1.2409912560003871e-27, 6.822164657405583e-18, 1.5867119993071567e-36, 2.689075497977138e-38, 0.0, 0.0, 0.0, 0.0, 0.0, 0.0, 0.0, 9.043847557761829e-37, 2.2587460462169053e-28, 7.915225850240999e-21, 9.572201095329693e-21, 1.0037868786579727e-18, 1.5241872304972172e-20, 2.4200967938071127e-18, 2.663383278162088e-20, 3.294011115719276e-21, 4.9452494235172915e-23, 1.967165059757819e-25, 2.250614884719951e-31, 1.9707993357851964e-26, 4.9792884448628224e-29, 3.8756723273481185e-28, 5.6291733689987266e-24, 3.163883045900352e-28, 1.0161009664398817e-23, 3.059315187079858e-16, 3.099784207094558e-09, 2.996372039376638e-10, 3.310217664420634e-07, 0.005862146615982056, 0.000479761918541044, 0.9934724569320679, 3.2436830224469304e-05, 0.0001211965354741551, 4.1673214212778475e-08, 3.1673978810431436e-05], [7.058000512139427e-31, 2.133522773363921e-29, 5.338747869623132e-15, 3.4624512539026817e-16, 2.0843042982735226e-31, 0.0, 2.4355663970007657e-13, 0.0, 0.0, 0.0, 0.0, 0.0, 7.105036562206001e-37, 5.0278025690095655e-36, 1.0220992077655705e-36, 1.703281719238141e-25, 5.29334805568025e-21, 7.759658665401278e-15, 2.495908368871369e-09, 2.3791424386132576e-09, 2.652527264501714e-08, 3.412030206983996e-12, 1.350916739584207e-10, 2.334893563216145e-12, 1.4006563073818475e-14, 5.009512727530726e-16, 1.0050183050208198e-20, 3.0682422525954157e-30, 1.7359627720791536e-24, 2.4883098081656685e-26, 1.383308812205854e-29, 2.3088425836139216e-29, 1.1015664014324067e-29, 2.450175786492383e-30, 8.075774930139954e-26, 4.503656710496578e-16, 2.421399839551502e-22, 3.143404588679706e-20, 1.5973785394174004e-16, 3.3302760549247523e-09, 5.02702768301333e-09, 6.025296872492949e-15, 0.002111944602802396, 0.9908445477485657, 0.007043462246656418], [2.5037740783023066e-29, 2.7757966065266577e-28, 3.6936005419450847e-20, 5.945087941616685e-20, 2.7325923479780042e-30, 6.252839543973077e-31, 1.3642349706169204e-16, 4.541050606087931e-38, 3.3910400449301e-36, 0.0, 0.0, 1.658360687643602e-32, 5.464492188724052e-29, 5.7363774493008826e-30, 3.874947350141006e-30, 2.0620559005213094e-22, 2.443215582029296e-17, 2.6940737835046136e-11, 1.1679739486680774e-07, 1.1069055005918926e-07, 1.4202928468876053e-06, 1.2079324278602144e-06, 4.8627107389620505e-06, 1.8404090269541484e-06, 2.0978329473564372e-07, 9.699915892724675e-08, 5.743026054716438e-10, 1.0169203337818456e-15, 3.215245777954401e-11, 2.506280556355267e-12, 5.4972485922407375e-16, 2.4688398176088412e-17, 2.0438318446930294e-15, 7.748482866373091e-18, 1.0241340898771369e-15, 1.9294999731300777e-07, 7.586948223939653e-16, 1.399511610116269e-13, 2.4788588959268054e-08, 0.044210728257894516, 0.001807651249691844, 9.299865877387958e-10, 6.45488835289143e-05, 0.006553685292601585, 0.9473534226417542]], "matchingNumbers": [], "labels": [1, 2, 3, 4, 5, 6, 7, 8, 9, 10, 11, 12, 13, 14, 15, 16, 17, 18, 19, 20, 21, 22, 23, 24, 25, 26, 27, 28, 29, 30, 31, 32, 33, 34, 35, 36, 37, 38, 39, 40, 41, 42, 43, 44, 45]}