{
  "currentPredictionRaw": [],
  "currentPrediction": [
    {
      "name": "MarkovBayesian Model",
      "predictions": [
        [
          3,
          5,
          39,
          40,
          8,
          41,
          13
        ]
      ]
    },
    {
      "name": "PoissonMonteCarlo Model",
      "predictions": [
        [
          1,
          6,
          21,
          26,
          36,
          39,
          42
        ]
      ]
    }
  ],
  "realResult": [
    17,
    21,
    25,
    28,
    29,
    35,
    10
  ],
  "newPrediction": [
    {
      "name": "MarkovBayesian Model",
      "predictions": [
        [
          1,
          3,
          8,
          40,
          10,
          13,
          14
        ]
      ]
    },
    {
      "name": "PoissonMonteCarlo Model",
      "predictions": [
        [
          1,
          6,
          21,
          26,
          33,
          39,
          42
        ]
      ]
    }
  ],
  "newPredictionRaw": [],
  "matchingNumbers": {
    "model": "PoissonMonteCarlo Model",
    "prediction": [
      1,
      6,
      21,
      26,
      36,
      39,
      42
    ],
    "matching_numbers": [
      21
    ],
    "match_count": 1
  },
  "labels": [
    1,
    2,
    3,
    4,
    5,
    6,
    7,
    8,
    9,
    10,
    11,
    12,
    13,
    14,
    15,
    16,
    17,
    18,
    19,
    20,
    21,
    22,
    23,
    24,
    25,
    26,
    27,
    28,
    29,
    30,
    31,
    32,
    33,
    34,
    35,
    36,
    37,
    38,
    39,
    40,
    41,
    42,
    43,
    44,
    45
  ],
  "numberFrequency": {
    "4": 0.022637085137085136,
    "5": 0.023493867243867244,
    "8": 0.022366522366522368,
    "14": 0.023268398268398268,
    "27": 0.02335858585858586,
    "40": 0.02223124098124098,
    "23": 0.022772366522366524,
    "16": 0.025387806637806636,
    "17": 0.022817460317460316,
    "20": 0.022907647907647908,
    "34": 0.022637085137085136,
    "35": 0.023133116883116884,
    "9": 0.022862554112554112,
    "19": 0.024576118326118328,
    "28": 0.023764430014430016,
    "33": 0.023674242424242424,
    "39": 0.021915584415584416,
    "3": 0.02335858585858586,
    "24": 0.024034992784992784,
    "32": 0.020743145743145744,
    "15": 0.021013708513708512,
    "29": 0.023223304473304472,
    "41": 0.023448773448773448,
    "2": 0.02317821067821068,
    "12": 0.025297619047619048,
    "37": 0.021464646464646464,
    "42": 0.023764430014430016,
    "7": 0.023493867243867244,
    "1": 0.023584054834054836,
    "25": 0.024215367965367964,
    "26": 0.023448773448773448,
    "30": 0.02169011544011544,
    "31": 0.021419552669552668,
    "6": 0.022456709956709956,
    "18": 0.023268398268398268,
    "21": 0.023223304473304472,
    "22": 0.024125180375180376,
    "10": 0.021960678210678212,
    "38": 0.024756493506493508,
    "13": 0.022456709956709956,
    "11": 0.022321428571428572,
    "36": 0.02317821067821068,
    "44": 0.010281385281385282,
    "43": 0.011047979797979798,
    "45": 0.00974025974025974
  }
}