date;model;symbol;predicted_bin;actual_bin;return;hit_exact;hit_adjacent;hit_direction;pnl
2026-09-01;Autoencoder Model;BTC;4;2;-0.01464310;0;0;1;0.00000000
2026-09-01;Autoencoder Model;ETH;4;2;-0.02008982;0;0;1;0.00000000
2026-09-01;Autoencoder Model;BNB;5;2;-0.01228152;0;0;0;-0.01328152
2026-09-01;Autoencoder Model;XRP;4;2;-0.02050152;0;0;1;0.00000000
2026-09-01;Autoencoder Model;SOL;5;2;-0.03014116;0;0;0;-0.03114116
2026-09-01;CatBoost Model;BTC;3;2;-0.01464310;0;1;1;0.00000000
2026-09-01;CatBoost Model;ETH;5;2;-0.02008982;0;0;0;-0.02108982
2026-09-01;CatBoost Model;BNB;1;2;-0.01228152;0;1;1;0.00000000
2026-09-01;CatBoost Model;XRP;4;2;-0.02050152;0;0;1;0.00000000
2026-09-01;CatBoost Model;SOL;3;2;-0.03014116;0;1;1;0.00000000
2026-09-01;GARCH Model;BTC;6;2;-0.01464310;0;0;0;-0.01564310
2026-09-01;GARCH Model;ETH;2;2;-0.02008982;1;1;1;0.00000000
2026-09-01;GARCH Model;BNB;4;2;-0.01228152;0;0;1;0.00000000
2026-09-01;GARCH Model;XRP;1;2;-0.02050152;0;1;1;0.00000000
2026-09-01;GARCH Model;SOL;7;2;-0.03014116;0;0;0;-0.03114116
2026-09-01;GNN Model;BTC;4;2;-0.01464310;0;0;1;0.00000000
2026-09-01;GNN Model;ETH;4;2;-0.02008982;0;0;1;0.00000000
2026-09-01;GNN Model;BNB;5;2;-0.01228152;0;0;0;-0.01328152
2026-09-01;GNN Model;XRP;3;2;-0.02050152;0;1;1;0.00000000
2026-09-01;GNN Model;SOL;4;2;-0.03014116;0;0;1;0.00000000
2026-09-01;LaplaceMonteCarlo Model;BTC;3;2;-0.01464310;0;1;1;0.00000000
2026-09-01;LaplaceMonteCarlo Model;ETH;5;2;-0.02008982;0;0;0;-0.02108982
2026-09-01;LaplaceMonteCarlo Model;BNB;3;2;-0.01228152;0;1;1;0.00000000
2026-09-01;LaplaceMonteCarlo Model;XRP;5;2;-0.02050152;0;0;0;-0.02150152
2026-09-01;LaplaceMonteCarlo Model;SOL;5;2;-0.03014116;0;0;0;-0.03114116
2026-09-01;LightGBM Model;BTC;8;2;-0.01464310;0;0;0;-0.01564310
2026-09-01;LightGBM Model;ETH;5;2;-0.02008982;0;0;0;-0.02108982
2026-09-01;LightGBM Model;BNB;1;2;-0.01228152;0;1;1;0.00000000
2026-09-01;LightGBM Model;XRP;4;2;-0.02050152;0;0;1;0.00000000
2026-09-01;LightGBM Model;SOL;3;2;-0.03014116;0;1;1;0.00000000
2026-09-01;Markov Model;BTC;6;2;-0.01464310;0;0;0;-0.01564310
2026-09-01;Markov Model;ETH;6;2;-0.02008982;0;0;0;-0.02108982
2026-09-01;Markov Model;BNB;6;2;-0.01228152;0;0;0;-0.01328152
2026-09-01;Markov Model;XRP;4;2;-0.02050152;0;0;1;0.00000000
2026-09-01;Markov Model;SOL;3;2;-0.03014116;0;1;1;0.00000000
2026-09-01;MarkovMonteCarlo Model;BTC;4;2;-0.01464310;0;0;1;0.00000000
2026-09-01;MarkovMonteCarlo Model;ETH;4;2;-0.02008982;0;0;1;0.00000000
2026-09-01;MarkovMonteCarlo Model;BNB;5;2;-0.01228152;0;0;0;-0.01328152
2026-09-01;MarkovMonteCarlo Model;XRP;4;2;-0.02050152;0;0;1;0.00000000
2026-09-01;MarkovMonteCarlo Model;SOL;6;2;-0.03014116;0;0;0;-0.03114116
2026-09-01;OrderStatistics Baseline;BTC;4;2;-0.01464310;0;0;1;0.00000000
2026-09-01;OrderStatistics Baseline;ETH;5;2;-0.02008982;0;0;0;-0.02108982
2026-09-01;OrderStatistics Baseline;BNB;3;2;-0.01228152;0;1;1;0.00000000
2026-09-01;OrderStatistics Baseline;XRP;6;2;-0.02050152;0;0;0;-0.02150152
2026-09-01;OrderStatistics Baseline;SOL;2;2;-0.03014116;1;1;1;0.00000000
2026-09-01;PoissonMonteCarlo Model;BTC;4;2;-0.01464310;0;0;1;0.00000000
2026-09-01;PoissonMonteCarlo Model;ETH;5;2;-0.02008982;0;0;0;-0.02108982
2026-09-01;PoissonMonteCarlo Model;BNB;4;2;-0.01228152;0;0;1;0.00000000
2026-09-01;PoissonMonteCarlo Model;XRP;5;2;-0.02050152;0;0;0;-0.02150152
2026-09-01;PoissonMonteCarlo Model;SOL;4;2;-0.03014116;0;0;1;0.00000000
2026-09-01;Regime HMM Model;BTC;1;2;-0.01464310;0;1;1;0.00000000
2026-09-01;Regime HMM Model;ETH;8;2;-0.02008982;0;0;0;-0.02108982
2026-09-01;Regime HMM Model;BNB;1;2;-0.01228152;0;1;1;0.00000000
2026-09-01;Regime HMM Model;XRP;1;2;-0.02050152;0;1;1;0.00000000
2026-09-01;Regime HMM Model;SOL;1;2;-0.03014116;0;1;1;0.00000000
2026-09-01;Regime HMM Single Model;BTC;0;2;-0.01464310;0;0;1;0.00000000
2026-09-01;Regime HMM Single Model;ETH;0;2;-0.02008982;0;0;1;0.00000000
2026-09-01;Regime HMM Single Model;BNB;0;2;-0.01228152;0;0;1;0.00000000
2026-09-01;Regime HMM Single Model;XRP;9;2;-0.02050152;0;0;0;-0.02150152
2026-09-01;Regime HMM Single Model;SOL;0;2;-0.03014116;0;0;1;0.00000000
2026-09-01;Regime HMM ZeroMean Model;BTC;8;2;-0.01464310;0;0;0;-0.01564310
2026-09-01;Regime HMM ZeroMean Model;ETH;8;2;-0.02008982;0;0;0;-0.02108982
2026-09-01;Regime HMM ZeroMean Model;BNB;1;2;-0.01228152;0;1;1;0.00000000
2026-09-01;Regime HMM ZeroMean Model;XRP;8;2;-0.02050152;0;0;0;-0.02150152
2026-09-01;Regime HMM ZeroMean Model;SOL;7;2;-0.03014116;0;0;0;-0.03114116
2026-09-01;Transformer Model;BTC;6;2;-0.01464310;0;0;0;-0.01564310
2026-09-01;Transformer Model;ETH;4;2;-0.02008982;0;0;1;0.00000000
2026-09-01;Transformer Model;BNB;6;2;-0.01228152;0;0;0;-0.01328152
2026-09-01;Transformer Model;XRP;4;2;-0.02050152;0;0;1;0.00000000
2026-09-01;Transformer Model;SOL;7;2;-0.03014116;0;0;0;-0.03114116
2026-09-01;WeightedEnsemble Model;BTC;3;2;-0.01464310;0;1;1;0.00000000
2026-09-01;WeightedEnsemble Model;ETH;5;2;-0.02008982;0;0;0;-0.02108982
2026-09-01;WeightedEnsemble Model;BNB;1;2;-0.01228152;0;1;1;0.00000000
2026-09-01;WeightedEnsemble Model;XRP;4;2;-0.02050152;0;0;1;0.00000000
2026-09-01;WeightedEnsemble Model;SOL;3;2;-0.03014116;0;1;1;0.00000000
2026-09-01;XGBoost Model;BTC;6;2;-0.01464310;0;0;0;-0.01564310
2026-09-01;XGBoost Model;ETH;6;2;-0.02008982;0;0;0;-0.02108982
2026-09-01;XGBoost Model;BNB;1;2;-0.01228152;0;1;1;0.00000000
2026-09-01;XGBoost Model;XRP;4;2;-0.02050152;0;0;1;0.00000000
2026-09-01;XGBoost Model;SOL;3;2;-0.03014116;0;1;1;0.00000000
2026-09-02;Autoencoder Model;BTC;4;4;-0.00127911;1;1;1;0.00000000
2026-09-02;Autoencoder Model;ETH;4;3;-0.01108007;0;1;1;0.00000000
2026-09-02;Autoencoder Model;BNB;5;6;0.00851416;0;1;1;0.00751416
2026-09-02;Autoencoder Model;XRP;4;4;-0.00051796;1;1;1;0.00000000
2026-09-02;Autoencoder Model;SOL;5;5;0.00429078;1;1;1;0.00329078
2026-09-02;CatBoost Model;BTC;1;4;-0.00127911;0;0;1;0.00000000
2026-09-02;CatBoost Model;ETH;7;3;-0.01108007;0;0;0;-0.01208007
2026-09-02;CatBoost Model;BNB;2;6;0.00851416;0;0;0;0.00000000
2026-09-02;CatBoost Model;XRP;2;4;-0.00051796;0;0;1;0.00000000
2026-09-02;CatBoost Model;SOL;1;5;0.00429078;0;0;0;0.00000000
2026-09-02;GARCH Model;BTC;6;4;-0.00127911;0;0;0;-0.00227911
2026-09-02;GARCH Model;ETH;2;3;-0.01108007;0;1;1;0.00000000
2026-09-02;GARCH Model;BNB;4;6;0.00851416;0;0;0;0.00000000
2026-09-02;GARCH Model;XRP;7;4;-0.00051796;0;0;0;-0.00151796
2026-09-02;GARCH Model;SOL;7;5;0.00429078;0;0;1;0.00329078
2026-09-02;GNN Model;BTC;4;4;-0.00127911;1;1;1;0.00000000
2026-09-02;GNN Model;ETH;4;3;-0.01108007;0;1;1;0.00000000
2026-09-02;GNN Model;BNB;5;6;0.00851416;0;1;1;0.00751416
2026-09-02;GNN Model;XRP;3;4;-0.00051796;0;1;1;0.00000000
2026-09-02;GNN Model;SOL;4;5;0.00429078;0;1;0;0.00000000
2026-09-02;LaplaceMonteCarlo Model;BTC;5;4;-0.00127911;0;1;0;-0.00227911
2026-09-02;LaplaceMonteCarlo Model;ETH;3;3;-0.01108007;1;1;1;0.00000000
2026-09-02;LaplaceMonteCarlo Model;BNB;4;6;0.00851416;0;0;0;0.00000000
2026-09-02;LaplaceMonteCarlo Model;XRP;4;4;-0.00051796;1;1;1;0.00000000
2026-09-02;LaplaceMonteCarlo Model;SOL;3;5;0.00429078;0;0;0;0.00000000
2026-09-02;LightGBM Model;BTC;8;4;-0.00127911;0;0;0;-0.00227911
2026-09-02;LightGBM Model;ETH;1;3;-0.01108007;0;0;1;0.00000000
2026-09-02;LightGBM Model;BNB;7;6;0.00851416;0;1;1;0.00751416
2026-09-02;LightGBM Model;XRP;7;4;-0.00051796;0;0;0;-0.00151796
2026-09-02;LightGBM Model;SOL;8;5;0.00429078;0;0;1;0.00329078
2026-09-02;Markov Model;BTC;3;4;-0.00127911;0;1;1;0.00000000
2026-09-02;Markov Model;ETH;4;3;-0.01108007;0;1;1;0.00000000
2026-09-02;Markov Model;BNB;5;6;0.00851416;0;1;1;0.00751416
2026-09-02;Markov Model;XRP;4;4;-0.00051796;1;1;1;0.00000000
2026-09-02;Markov Model;SOL;4;5;0.00429078;0;1;0;0.00000000
2026-09-02;MarkovMonteCarlo Model;BTC;4;4;-0.00127911;1;1;1;0.00000000
2026-09-02;MarkovMonteCarlo Model;ETH;4;3;-0.01108007;0;1;1;0.00000000
2026-09-02;MarkovMonteCarlo Model;BNB;5;6;0.00851416;0;1;1;0.00751416
2026-09-02;MarkovMonteCarlo Model;XRP;3;4;-0.00051796;0;1;1;0.00000000
2026-09-02;MarkovMonteCarlo Model;SOL;5;5;0.00429078;1;1;1;0.00329078
2026-09-02;OrderStatistics Baseline;BTC;4;4;-0.00127911;1;1;1;0.00000000
2026-09-02;OrderStatistics Baseline;ETH;5;3;-0.01108007;0;0;0;-0.01208007
2026-09-02;OrderStatistics Baseline;BNB;3;6;0.00851416;0;0;0;0.00000000
2026-09-02;OrderStatistics Baseline;XRP;6;4;-0.00051796;0;0;0;-0.00151796
2026-09-02;OrderStatistics Baseline;SOL;2;5;0.00429078;0;0;0;0.00000000
2026-09-02;PoissonMonteCarlo Model;BTC;6;4;-0.00127911;0;0;0;-0.00227911
2026-09-02;PoissonMonteCarlo Model;ETH;5;3;-0.01108007;0;0;0;-0.01208007
2026-09-02;PoissonMonteCarlo Model;BNB;4;6;0.00851416;0;0;0;0.00000000
2026-09-02;PoissonMonteCarlo Model;XRP;5;4;-0.00051796;0;1;0;-0.00151796
2026-09-02;PoissonMonteCarlo Model;SOL;4;5;0.00429078;0;1;0;0.00000000
2026-09-02;Regime HMM Model;BTC;1;4;-0.00127911;0;0;1;0.00000000
2026-09-02;Regime HMM Model;ETH;1;3;-0.01108007;0;0;1;0.00000000
2026-09-02;Regime HMM Model;BNB;1;6;0.00851416;0;0;0;0.00000000
2026-09-02;Regime HMM Model;XRP;1;4;-0.00051796;0;0;1;0.00000000
2026-09-02;Regime HMM Model;SOL;1;5;0.00429078;0;0;0;0.00000000
2026-09-02;Regime HMM Single Model;BTC;0;4;-0.00127911;0;0;1;0.00000000
2026-09-02;Regime HMM Single Model;ETH;0;3;-0.01108007;0;0;1;0.00000000
2026-09-02;Regime HMM Single Model;BNB;0;6;0.00851416;0;0;0;0.00000000
2026-09-02;Regime HMM Single Model;XRP;9;4;-0.00051796;0;0;0;-0.00151796
2026-09-02;Regime HMM Single Model;SOL;0;5;0.00429078;0;0;0;0.00000000
2026-09-02;Regime HMM ZeroMean Model;BTC;8;4;-0.00127911;0;0;0;-0.00227911
2026-09-02;Regime HMM ZeroMean Model;ETH;8;3;-0.01108007;0;0;0;-0.01208007
2026-09-02;Regime HMM ZeroMean Model;BNB;1;6;0.00851416;0;0;0;0.00000000
2026-09-02;Regime HMM ZeroMean Model;XRP;8;4;-0.00051796;0;0;0;-0.00151796
2026-09-02;Regime HMM ZeroMean Model;SOL;7;5;0.00429078;0;0;1;0.00329078
2026-09-02;Transformer Model;BTC;2;4;-0.00127911;0;0;1;0.00000000
2026-09-02;Transformer Model;ETH;4;3;-0.01108007;0;1;1;0.00000000
2026-09-02;Transformer Model;BNB;3;6;0.00851416;0;0;0;0.00000000
2026-09-02;Transformer Model;XRP;3;4;-0.00051796;0;1;1;0.00000000
2026-09-02;Transformer Model;SOL;4;5;0.00429078;0;1;0;0.00000000
2026-09-02;WeightedEnsemble Model;BTC;1;4;-0.00127911;0;0;1;0.00000000
2026-09-02;WeightedEnsemble Model;ETH;1;3;-0.01108007;0;0;1;0.00000000
2026-09-02;WeightedEnsemble Model;BNB;4;6;0.00851416;0;0;0;0.00000000
2026-09-02;WeightedEnsemble Model;XRP;2;4;-0.00051796;0;0;1;0.00000000
2026-09-02;WeightedEnsemble Model;SOL;4;5;0.00429078;0;1;0;0.00000000
2026-09-02;XGBoost Model;BTC;1;4;-0.00127911;0;0;1;0.00000000
2026-09-02;XGBoost Model;ETH;1;3;-0.01108007;0;0;1;0.00000000
2026-09-02;XGBoost Model;BNB;7;6;0.00851416;0;1;1;0.00751416
2026-09-02;XGBoost Model;XRP;2;4;-0.00051796;0;0;1;0.00000000
2026-09-02;XGBoost Model;SOL;8;5;0.00429078;0;0;1;0.00329078
2026-09-03;Autoencoder Model;BTC;4;9;0.04957008;0;0;0;0.00000000
2026-09-03;Autoencoder Model;ETH;4;9;0.04719384;0;0;0;0.00000000
2026-09-03;Autoencoder Model;BNB;5;9;0.05146603;0;0;1;0.05046603
2026-09-03;Autoencoder Model;XRP;3;9;0.07147172;0;0;0;0.00000000
2026-09-03;Autoencoder Model;SOL;4;7;0.03435284;0;0;0;0.00000000
2026-09-03;CatBoost Model;BTC;7;9;0.04957008;0;0;1;0.04857008
2026-09-03;CatBoost Model;ETH;5;9;0.04719384;0;0;1;0.04619384
2026-09-03;CatBoost Model;BNB;5;9;0.05146603;0;0;1;0.05046603
2026-09-03;CatBoost Model;XRP;3;9;0.07147172;0;0;0;0.00000000
2026-09-03;CatBoost Model;SOL;2;7;0.03435284;0;0;0;0.00000000
2026-09-03;GARCH Model;BTC;6;9;0.04957008;0;0;1;0.04857008
2026-09-03;GARCH Model;ETH;2;9;0.04719384;0;0;0;0.00000000
2026-09-03;GARCH Model;BNB;4;9;0.05146603;0;0;0;0.00000000
2026-09-03;GARCH Model;XRP;7;9;0.07147172;0;0;1;0.07047172
2026-09-03;GARCH Model;SOL;6;7;0.03435284;0;1;1;0.03335284
2026-09-03;GNN Model;BTC;4;9;0.04957008;0;0;0;0.00000000
2026-09-03;GNN Model;ETH;4;9;0.04719384;0;0;0;0.00000000
2026-09-03;GNN Model;BNB;5;9;0.05146603;0;0;1;0.05046603
2026-09-03;GNN Model;XRP;3;9;0.07147172;0;0;0;0.00000000
2026-09-03;GNN Model;SOL;4;7;0.03435284;0;0;0;0.00000000
2026-09-03;LaplaceMonteCarlo Model;BTC;5;9;0.04957008;0;0;1;0.04857008
2026-09-03;LaplaceMonteCarlo Model;ETH;4;9;0.04719384;0;0;0;0.00000000
2026-09-03;LaplaceMonteCarlo Model;BNB;5;9;0.05146603;0;0;1;0.05046603
2026-09-03;LaplaceMonteCarlo Model;XRP;3;9;0.07147172;0;0;0;0.00000000
2026-09-03;LaplaceMonteCarlo Model;SOL;4;7;0.03435284;0;0;0;0.00000000
2026-09-03;LightGBM Model;BTC;5;9;0.04957008;0;0;1;0.04857008
2026-09-03;LightGBM Model;ETH;5;9;0.04719384;0;0;1;0.04619384
2026-09-03;LightGBM Model;BNB;3;9;0.05146603;0;0;0;0.00000000
2026-09-03;LightGBM Model;XRP;3;9;0.07147172;0;0;0;0.00000000
2026-09-03;LightGBM Model;SOL;2;7;0.03435284;0;0;0;0.00000000
2026-09-03;Markov Model;BTC;6;9;0.04957008;0;0;1;0.04857008
2026-09-03;Markov Model;ETH;0;9;0.04719384;0;0;0;0.00000000
2026-09-03;Markov Model;BNB;3;9;0.05146603;0;0;0;0.00000000
2026-09-03;Markov Model;XRP;4;9;0.07147172;0;0;0;0.00000000
2026-09-03;Markov Model;SOL;6;7;0.03435284;0;1;1;0.03335284
2026-09-03;MarkovMonteCarlo Model;BTC;5;9;0.04957008;0;0;1;0.04857008
2026-09-03;MarkovMonteCarlo Model;ETH;4;9;0.04719384;0;0;0;0.00000000
2026-09-03;MarkovMonteCarlo Model;BNB;5;9;0.05146603;0;0;1;0.05046603
2026-09-03;MarkovMonteCarlo Model;XRP;4;9;0.07147172;0;0;0;0.00000000
2026-09-03;MarkovMonteCarlo Model;SOL;5;7;0.03435284;0;0;1;0.03335284
2026-09-03;OrderStatistics Baseline;BTC;4;9;0.04957008;0;0;0;0.00000000
2026-09-03;OrderStatistics Baseline;ETH;5;9;0.04719384;0;0;1;0.04619384
2026-09-03;OrderStatistics Baseline;BNB;3;9;0.05146603;0;0;0;0.00000000
2026-09-03;OrderStatistics Baseline;XRP;6;9;0.07147172;0;0;1;0.07047172
2026-09-03;OrderStatistics Baseline;SOL;2;7;0.03435284;0;0;0;0.00000000
2026-09-03;PoissonMonteCarlo Model;BTC;1;9;0.04957008;0;0;0;0.00000000
2026-09-03;PoissonMonteCarlo Model;ETH;4;9;0.04719384;0;0;0;0.00000000
2026-09-03;PoissonMonteCarlo Model;BNB;3;9;0.05146603;0;0;0;0.00000000
2026-09-03;PoissonMonteCarlo Model;XRP;2;9;0.07147172;0;0;0;0.00000000
2026-09-03;PoissonMonteCarlo Model;SOL;5;7;0.03435284;0;0;1;0.03335284
2026-09-03;Regime HMM Model;BTC;1;9;0.04957008;0;0;0;0.00000000
2026-09-03;Regime HMM Model;ETH;1;9;0.04719384;0;0;0;0.00000000
2026-09-03;Regime HMM Model;BNB;1;9;0.05146603;0;0;0;0.00000000
2026-09-03;Regime HMM Model;XRP;1;9;0.07147172;0;0;0;0.00000000
2026-09-03;Regime HMM Model;SOL;1;7;0.03435284;0;0;0;0.00000000
2026-09-03;Regime HMM Single Model;BTC;0;9;0.04957008;0;0;0;0.00000000
2026-09-03;Regime HMM Single Model;ETH;0;9;0.04719384;0;0;0;0.00000000
2026-09-03;Regime HMM Single Model;BNB;0;9;0.05146603;0;0;0;0.00000000
2026-09-03;Regime HMM Single Model;XRP;9;9;0.07147172;1;1;1;0.07047172
2026-09-03;Regime HMM Single Model;SOL;0;7;0.03435284;0;0;0;0.00000000
2026-09-03;Regime HMM ZeroMean Model;BTC;8;9;0.04957008;0;1;1;0.04857008
2026-09-03;Regime HMM ZeroMean Model;ETH;8;9;0.04719384;0;1;1;0.04619384
2026-09-03;Regime HMM ZeroMean Model;BNB;1;9;0.05146603;0;0;0;0.00000000
2026-09-03;Regime HMM ZeroMean Model;XRP;8;9;0.07147172;0;1;1;0.07047172
2026-09-03;Regime HMM ZeroMean Model;SOL;7;7;0.03435284;1;1;1;0.03335284
2026-09-03;Transformer Model;BTC;4;9;0.04957008;0;0;0;0.00000000
2026-09-03;Transformer Model;ETH;4;9;0.04719384;0;0;0;0.00000000
2026-09-03;Transformer Model;BNB;6;9;0.05146603;0;0;1;0.05046603
2026-09-03;Transformer Model;XRP;4;9;0.07147172;0;0;0;0.00000000
2026-09-03;Transformer Model;SOL;4;7;0.03435284;0;0;0;0.00000000
2026-09-03;WeightedEnsemble Model;BTC;5;9;0.04957008;0;0;1;0.04857008
2026-09-03;WeightedEnsemble Model;ETH;4;9;0.04719384;0;0;0;0.00000000
2026-09-03;WeightedEnsemble Model;BNB;3;9;0.05146603;0;0;0;0.00000000
2026-09-03;WeightedEnsemble Model;XRP;3;9;0.07147172;0;0;0;0.00000000
2026-09-03;WeightedEnsemble Model;SOL;2;7;0.03435284;0;0;0;0.00000000
2026-09-03;XGBoost Model;BTC;3;9;0.04957008;0;0;0;0.00000000
2026-09-03;XGBoost Model;ETH;5;9;0.04719384;0;0;1;0.04619384
2026-09-03;XGBoost Model;BNB;3;9;0.05146603;0;0;0;0.00000000
2026-09-03;XGBoost Model;XRP;3;9;0.07147172;0;0;0;0.00000000
2026-09-03;XGBoost Model;SOL;2;7;0.03435284;0;0;0;0.00000000
2026-09-04;Autoencoder Model;BTC;4;1;-0.02000425;0;0;1;0.00000000
2026-09-04;Autoencoder Model;ETH;4;2;-0.02081730;0;0;1;0.00000000
2026-09-04;Autoencoder Model;BNB;5;3;-0.00532288;0;0;0;-0.00632288
2026-09-04;Autoencoder Model;XRP;3;1;-0.03699057;0;0;1;0.00000000
2026-09-04;Autoencoder Model;SOL;4;3;-0.01952751;0;1;1;0.00000000
2026-09-04;CatBoost Model;BTC;4;1;-0.02000425;0;0;1;0.00000000
2026-09-04;CatBoost Model;ETH;6;2;-0.02081730;0;0;0;-0.02181730
2026-09-04;CatBoost Model;BNB;4;3;-0.00532288;0;1;1;0.00000000
2026-09-04;CatBoost Model;XRP;4;1;-0.03699057;0;0;1;0.00000000
2026-09-04;CatBoost Model;SOL;7;3;-0.01952751;0;0;0;-0.02052751
2026-09-04;GARCH Model;BTC;6;1;-0.02000425;0;0;0;-0.02100425
2026-09-04;GARCH Model;ETH;2;2;-0.02081730;1;1;1;0.00000000
2026-09-04;GARCH Model;BNB;4;3;-0.00532288;0;1;1;0.00000000
2026-09-04;GARCH Model;XRP;4;1;-0.03699057;0;0;1;0.00000000
2026-09-04;GARCH Model;SOL;6;3;-0.01952751;0;0;0;-0.02052751
2026-09-04;GNN Model;BTC;4;1;-0.02000425;0;0;1;0.00000000
2026-09-04;GNN Model;ETH;4;2;-0.02081730;0;0;1;0.00000000
2026-09-04;GNN Model;BNB;5;3;-0.00532288;0;0;0;-0.00632288
2026-09-04;GNN Model;XRP;3;1;-0.03699057;0;0;1;0.00000000
2026-09-04;GNN Model;SOL;4;3;-0.01952751;0;1;1;0.00000000
2026-09-04;LaplaceMonteCarlo Model;BTC;5;1;-0.02000425;0;0;0;-0.02100425
2026-09-04;LaplaceMonteCarlo Model;ETH;3;2;-0.02081730;0;1;1;0.00000000
2026-09-04;LaplaceMonteCarlo Model;BNB;3;3;-0.00532288;1;1;1;0.00000000
2026-09-04;LaplaceMonteCarlo Model;XRP;3;1;-0.03699057;0;0;1;0.00000000
2026-09-04;LaplaceMonteCarlo Model;SOL;4;3;-0.01952751;0;1;1;0.00000000
2026-09-04;LightGBM Model;BTC;4;1;-0.02000425;0;0;1;0.00000000
2026-09-04;LightGBM Model;ETH;6;2;-0.02081730;0;0;0;-0.02181730
2026-09-04;LightGBM Model;BNB;4;3;-0.00532288;0;1;1;0.00000000
2026-09-04;LightGBM Model;XRP;4;1;-0.03699057;0;0;1;0.00000000
2026-09-04;LightGBM Model;SOL;2;3;-0.01952751;0;1;1;0.00000000
2026-09-04;Markov Model;BTC;4;1;-0.02000425;0;0;1;0.00000000
2026-09-04;Markov Model;ETH;5;2;-0.02081730;0;0;0;-0.02181730
2026-09-04;Markov Model;BNB;5;3;-0.00532288;0;0;0;-0.00632288
2026-09-04;Markov Model;XRP;4;1;-0.03699057;0;0;1;0.00000000
2026-09-04;Markov Model;SOL;2;3;-0.01952751;0;1;1;0.00000000
2026-09-04;MarkovMonteCarlo Model;BTC;4;1;-0.02000425;0;0;1;0.00000000
2026-09-04;MarkovMonteCarlo Model;ETH;4;2;-0.02081730;0;0;1;0.00000000
2026-09-04;MarkovMonteCarlo Model;BNB;5;3;-0.00532288;0;0;0;-0.00632288
2026-09-04;MarkovMonteCarlo Model;XRP;3;1;-0.03699057;0;0;1;0.00000000
2026-09-04;MarkovMonteCarlo Model;SOL;5;3;-0.01952751;0;0;0;-0.02052751
2026-09-04;OrderStatistics Baseline;BTC;4;1;-0.02000425;0;0;1;0.00000000
2026-09-04;OrderStatistics Baseline;ETH;5;2;-0.02081730;0;0;0;-0.02181730
2026-09-04;OrderStatistics Baseline;BNB;3;3;-0.00532288;1;1;1;0.00000000
2026-09-04;OrderStatistics Baseline;XRP;6;1;-0.03699057;0;0;0;-0.03799057
2026-09-04;OrderStatistics Baseline;SOL;2;3;-0.01952751;0;1;1;0.00000000
2026-09-04;PoissonMonteCarlo Model;BTC;4;1;-0.02000425;0;0;1;0.00000000
2026-09-04;PoissonMonteCarlo Model;ETH;5;2;-0.02081730;0;0;0;-0.02181730
2026-09-04;PoissonMonteCarlo Model;BNB;4;3;-0.00532288;0;1;1;0.00000000
2026-09-04;PoissonMonteCarlo Model;XRP;5;1;-0.03699057;0;0;0;-0.03799057
2026-09-04;PoissonMonteCarlo Model;SOL;4;3;-0.01952751;0;1;1;0.00000000
2026-09-04;Regime HMM Model;BTC;8;1;-0.02000425;0;0;0;-0.02100425
2026-09-04;Regime HMM Model;ETH;8;2;-0.02081730;0;0;0;-0.02181730
2026-09-04;Regime HMM Model;BNB;1;3;-0.00532288;0;0;1;0.00000000
2026-09-04;Regime HMM Model;XRP;8;1;-0.03699057;0;0;0;-0.03799057
2026-09-04;Regime HMM Model;SOL;7;3;-0.01952751;0;0;0;-0.02052751
2026-09-04;Regime HMM Single Model;BTC;0;1;-0.02000425;0;1;1;0.00000000
2026-09-04;Regime HMM Single Model;ETH;0;2;-0.02081730;0;0;1;0.00000000
2026-09-04;Regime HMM Single Model;BNB;0;3;-0.00532288;0;0;1;0.00000000
2026-09-04;Regime HMM Single Model;XRP;9;1;-0.03699057;0;0;0;-0.03799057
2026-09-04;Regime HMM Single Model;SOL;0;3;-0.01952751;0;0;1;0.00000000
2026-09-04;Regime HMM ZeroMean Model;BTC;8;1;-0.02000425;0;0;0;-0.02100425
2026-09-04;Regime HMM ZeroMean Model;ETH;8;2;-0.02081730;0;0;0;-0.02181730
2026-09-04;Regime HMM ZeroMean Model;BNB;1;3;-0.00532288;0;0;1;0.00000000
2026-09-04;Regime HMM ZeroMean Model;XRP;8;1;-0.03699057;0;0;0;-0.03799057
2026-09-04;Regime HMM ZeroMean Model;SOL;7;3;-0.01952751;0;0;0;-0.02052751
2026-09-04;Transformer Model;BTC;4;1;-0.02000425;0;0;1;0.00000000
2026-09-04;Transformer Model;ETH;4;2;-0.02081730;0;0;1;0.00000000
2026-09-04;Transformer Model;BNB;3;3;-0.00532288;1;1;1;0.00000000
2026-09-04;Transformer Model;XRP;6;1;-0.03699057;0;0;0;-0.03799057
2026-09-04;Transformer Model;SOL;2;3;-0.01952751;0;1;1;0.00000000
2026-09-04;WeightedEnsemble Model;BTC;4;1;-0.02000425;0;0;1;0.00000000
2026-09-04;WeightedEnsemble Model;ETH;4;2;-0.02081730;0;0;1;0.00000000
2026-09-04;WeightedEnsemble Model;BNB;4;3;-0.00532288;0;1;1;0.00000000
2026-09-04;WeightedEnsemble Model;XRP;4;1;-0.03699057;0;0;1;0.00000000
2026-09-04;WeightedEnsemble Model;SOL;2;3;-0.01952751;0;1;1;0.00000000
2026-09-04;XGBoost Model;BTC;4;1;-0.02000425;0;0;1;0.00000000
2026-09-04;XGBoost Model;ETH;4;2;-0.02081730;0;0;1;0.00000000
2026-09-04;XGBoost Model;BNB;3;3;-0.00532288;1;1;1;0.00000000
2026-09-04;XGBoost Model;XRP;4;1;-0.03699057;0;0;1;0.00000000
2026-09-04;XGBoost Model;SOL;2;3;-0.01952751;0;1;1;0.00000000
2026-09-05;Autoencoder Model;BTC;4;5;0.00214405;0;1;0;0.00000000
2026-09-05;Autoencoder Model;ETH;4;6;0.00992271;0;0;0;0.00000000
2026-09-05;Autoencoder Model;BNB;5;9;0.06072165;0;0;1;0.05972165
2026-09-05;Autoencoder Model;XRP;3;6;0.00989015;0;0;0;0.00000000
2026-09-05;Autoencoder Model;SOL;5;6;0.01218873;0;1;1;0.01118873
2026-09-05;CatBoost Model;BTC;5;5;0.00214405;1;1;1;0.00114405
2026-09-05;CatBoost Model;ETH;4;6;0.00992271;0;0;0;0.00000000
2026-09-05;CatBoost Model;BNB;1;9;0.06072165;0;0;0;0.00000000
2026-09-05;CatBoost Model;XRP;1;6;0.00989015;0;0;0;0.00000000
2026-09-05;CatBoost Model;SOL;5;6;0.01218873;0;1;1;0.01118873
2026-09-05;GARCH Model;BTC;6;5;0.00214405;0;1;1;0.00114405
2026-09-05;GARCH Model;ETH;2;6;0.00992271;0;0;0;0.00000000
2026-09-05;GARCH Model;BNB;2;9;0.06072165;0;0;0;0.00000000
2026-09-05;GARCH Model;XRP;1;6;0.00989015;0;0;0;0.00000000
2026-09-05;GARCH Model;SOL;6;6;0.01218873;1;1;1;0.01118873
2026-09-05;GNN Model;BTC;5;5;0.00214405;1;1;1;0.00114405
2026-09-05;GNN Model;ETH;6;6;0.00992271;1;1;1;0.00892271
2026-09-05;GNN Model;BNB;3;9;0.06072165;0;0;0;0.00000000
2026-09-05;GNN Model;XRP;5;6;0.00989015;0;1;1;0.00889015
2026-09-05;GNN Model;SOL;6;6;0.01218873;1;1;1;0.01118873
2026-09-05;LaplaceMonteCarlo Model;BTC;3;5;0.00214405;0;0;0;0.00000000
2026-09-05;LaplaceMonteCarlo Model;ETH;4;6;0.00992271;0;0;0;0.00000000
2026-09-05;LaplaceMonteCarlo Model;BNB;4;9;0.06072165;0;0;0;0.00000000
2026-09-05;LaplaceMonteCarlo Model;XRP;4;6;0.00989015;0;0;0;0.00000000
2026-09-05;LaplaceMonteCarlo Model;SOL;5;6;0.01218873;0;1;1;0.01118873
2026-09-05;LightGBM Model;BTC;5;5;0.00214405;1;1;1;0.00114405
2026-09-05;LightGBM Model;ETH;1;6;0.00992271;0;0;0;0.00000000
2026-09-05;LightGBM Model;BNB;5;9;0.06072165;0;0;1;0.05972165
2026-09-05;LightGBM Model;XRP;3;6;0.00989015;0;0;0;0.00000000
2026-09-05;LightGBM Model;SOL;5;6;0.01218873;0;1;1;0.01118873
2026-09-05;Markov Model;BTC;3;5;0.00214405;0;0;0;0.00000000
2026-09-05;Markov Model;ETH;6;6;0.00992271;1;1;1;0.00892271
2026-09-05;Markov Model;BNB;3;9;0.06072165;0;0;0;0.00000000
2026-09-05;Markov Model;XRP;5;6;0.00989015;0;1;1;0.00889015
2026-09-05;Markov Model;SOL;5;6;0.01218873;0;1;1;0.01118873
2026-09-05;MarkovMonteCarlo Model;BTC;3;5;0.00214405;0;0;0;0.00000000
2026-09-05;MarkovMonteCarlo Model;ETH;2;6;0.00992271;0;0;0;0.00000000
2026-09-05;MarkovMonteCarlo Model;BNB;3;9;0.06072165;0;0;0;0.00000000
2026-09-05;MarkovMonteCarlo Model;XRP;2;6;0.00989015;0;0;0;0.00000000
2026-09-05;MarkovMonteCarlo Model;SOL;4;6;0.01218873;0;0;0;0.00000000
2026-09-05;OrderStatistics Baseline;BTC;4;5;0.00214405;0;1;0;0.00000000
2026-09-05;OrderStatistics Baseline;ETH;5;6;0.00992271;0;1;1;0.00892271
2026-09-05;OrderStatistics Baseline;BNB;3;9;0.06072165;0;0;0;0.00000000
2026-09-05;OrderStatistics Baseline;XRP;6;6;0.00989015;1;1;1;0.00889015
2026-09-05;OrderStatistics Baseline;SOL;2;6;0.01218873;0;0;0;0.00000000
2026-09-05;PoissonMonteCarlo Model;BTC;4;5;0.00214405;0;1;0;0.00000000
2026-09-05;PoissonMonteCarlo Model;ETH;4;6;0.00992271;0;0;0;0.00000000
2026-09-05;PoissonMonteCarlo Model;BNB;6;9;0.06072165;0;0;1;0.05972165
2026-09-05;PoissonMonteCarlo Model;XRP;2;6;0.00989015;0;0;0;0.00000000
2026-09-05;PoissonMonteCarlo Model;SOL;4;6;0.01218873;0;0;0;0.00000000
2026-09-05;Regime HMM Model;BTC;1;5;0.00214405;0;0;0;0.00000000
2026-09-05;Regime HMM Model;ETH;1;6;0.00992271;0;0;0;0.00000000
2026-09-05;Regime HMM Model;BNB;1;9;0.06072165;0;0;0;0.00000000
2026-09-05;Regime HMM Model;XRP;1;6;0.00989015;0;0;0;0.00000000
2026-09-05;Regime HMM Model;SOL;1;6;0.01218873;0;0;0;0.00000000
2026-09-05;Regime HMM Single Model;BTC;0;5;0.00214405;0;0;0;0.00000000
2026-09-05;Regime HMM Single Model;ETH;0;6;0.00992271;0;0;0;0.00000000
2026-09-05;Regime HMM Single Model;BNB;0;9;0.06072165;0;0;0;0.00000000
2026-09-05;Regime HMM Single Model;XRP;9;6;0.00989015;0;0;1;0.00889015
2026-09-05;Regime HMM Single Model;SOL;9;6;0.01218873;0;0;1;0.01118873
2026-09-05;Regime HMM ZeroMean Model;BTC;8;5;0.00214405;0;0;1;0.00114405
2026-09-05;Regime HMM ZeroMean Model;ETH;8;6;0.00992271;0;0;1;0.00892271
2026-09-05;Regime HMM ZeroMean Model;BNB;1;9;0.06072165;0;0;0;0.00000000
2026-09-05;Regime HMM ZeroMean Model;XRP;8;6;0.00989015;0;0;1;0.00889015
2026-09-05;Regime HMM ZeroMean Model;SOL;7;6;0.01218873;0;1;1;0.01118873
2026-09-05;Transformer Model;BTC;4;5;0.00214405;0;1;0;0.00000000
2026-09-05;Transformer Model;ETH;4;6;0.00992271;0;0;0;0.00000000
2026-09-05;Transformer Model;BNB;3;9;0.06072165;0;0;0;0.00000000
2026-09-05;Transformer Model;XRP;3;6;0.00989015;0;0;0;0.00000000
2026-09-05;Transformer Model;SOL;3;6;0.01218873;0;0;0;0.00000000
2026-09-05;WeightedEnsemble Model;BTC;3;5;0.00214405;0;0;0;0.00000000
2026-09-05;WeightedEnsemble Model;ETH;4;6;0.00992271;0;0;0;0.00000000
2026-09-05;WeightedEnsemble Model;BNB;3;9;0.06072165;0;0;0;0.00000000
2026-09-05;WeightedEnsemble Model;XRP;1;6;0.00989015;0;0;0;0.00000000
2026-09-05;WeightedEnsemble Model;SOL;5;6;0.01218873;0;1;1;0.01118873
2026-09-05;XGBoost Model;BTC;5;5;0.00214405;1;1;1;0.00114405
2026-09-05;XGBoost Model;ETH;1;6;0.00992271;0;0;0;0.00000000
2026-09-05;XGBoost Model;BNB;5;9;0.06072165;0;0;1;0.05972165
2026-09-05;XGBoost Model;XRP;1;6;0.00989015;0;0;0;0.00000000
2026-09-05;XGBoost Model;SOL;5;6;0.01218873;0;1;1;0.01118873
2026-09-06;Autoencoder Model;BTC;4;6;0.00636911;0;0;0;0.00000000
2026-09-06;Autoencoder Model;ETH;6;6;0.01367038;1;1;1;0.01267038
2026-09-06;Autoencoder Model;BNB;3;2;-0.01780861;0;1;1;0.00000000
2026-09-06;Autoencoder Model;XRP;3;6;0.00782824;0;0;0;0.00000000
2026-09-06;Autoencoder Model;SOL;5;7;0.03213932;0;0;1;0.03113932
2026-09-06;CatBoost Model;BTC;2;6;0.00636911;0;0;0;0.00000000
2026-09-06;CatBoost Model;ETH;5;6;0.01367038;0;1;1;0.01267038
2026-09-06;CatBoost Model;BNB;7;2;-0.01780861;0;0;0;-0.01880861
2026-09-06;CatBoost Model;XRP;5;6;0.00782824;0;1;1;0.00682824
2026-09-06;CatBoost Model;SOL;4;7;0.03213932;0;0;0;0.00000000
2026-09-06;GARCH Model;BTC;6;6;0.00636911;1;1;1;0.00536911
2026-09-06;GARCH Model;ETH;2;6;0.01367038;0;0;0;0.00000000
2026-09-06;GARCH Model;BNB;2;2;-0.01780861;1;1;1;0.00000000
2026-09-06;GARCH Model;XRP;1;6;0.00782824;0;0;0;0.00000000
2026-09-06;GARCH Model;SOL;6;7;0.03213932;0;1;1;0.03113932
2026-09-06;GNN Model;BTC;4;6;0.00636911;0;0;0;0.00000000
2026-09-06;GNN Model;ETH;4;6;0.01367038;0;0;0;0.00000000
2026-09-06;GNN Model;BNB;5;2;-0.01780861;0;0;0;-0.01880861
2026-09-06;GNN Model;XRP;3;6;0.00782824;0;0;0;0.00000000
2026-09-06;GNN Model;SOL;5;7;0.03213932;0;0;1;0.03113932
2026-09-06;LaplaceMonteCarlo Model;BTC;4;6;0.00636911;0;0;0;0.00000000
2026-09-06;LaplaceMonteCarlo Model;ETH;4;6;0.01367038;0;0;0;0.00000000
2026-09-06;LaplaceMonteCarlo Model;BNB;5;2;-0.01780861;0;0;0;-0.01880861
2026-09-06;LaplaceMonteCarlo Model;XRP;4;6;0.00782824;0;0;0;0.00000000
2026-09-06;LaplaceMonteCarlo Model;SOL;4;7;0.03213932;0;0;0;0.00000000
2026-09-06;LightGBM Model;BTC;2;6;0.00636911;0;0;0;0.00000000
2026-09-06;LightGBM Model;ETH;4;6;0.01367038;0;0;0;0.00000000
2026-09-06;LightGBM Model;BNB;7;2;-0.01780861;0;0;0;-0.01880861
2026-09-06;LightGBM Model;XRP;4;6;0.00782824;0;0;0;0.00000000
2026-09-06;LightGBM Model;SOL;4;7;0.03213932;0;0;0;0.00000000
2026-09-06;Markov Model;BTC;7;6;0.00636911;0;1;1;0.00536911
2026-09-06;Markov Model;ETH;6;6;0.01367038;1;1;1;0.01267038
2026-09-06;Markov Model;BNB;5;2;-0.01780861;0;0;0;-0.01880861
2026-09-06;Markov Model;XRP;8;6;0.00782824;0;0;1;0.00682824
2026-09-06;Markov Model;SOL;7;7;0.03213932;1;1;1;0.03113932
2026-09-06;MarkovMonteCarlo Model;BTC;5;6;0.00636911;0;1;1;0.00536911
2026-09-06;MarkovMonteCarlo Model;ETH;4;6;0.01367038;0;0;0;0.00000000
2026-09-06;MarkovMonteCarlo Model;BNB;5;2;-0.01780861;0;0;0;-0.01880861
2026-09-06;MarkovMonteCarlo Model;XRP;4;6;0.00782824;0;0;0;0.00000000
2026-09-06;MarkovMonteCarlo Model;SOL;5;7;0.03213932;0;0;1;0.03113932
2026-09-06;OrderStatistics Baseline;BTC;4;6;0.00636911;0;0;0;0.00000000
2026-09-06;OrderStatistics Baseline;ETH;5;6;0.01367038;0;1;1;0.01267038
2026-09-06;OrderStatistics Baseline;BNB;3;2;-0.01780861;0;1;1;0.00000000
2026-09-06;OrderStatistics Baseline;XRP;6;6;0.00782824;1;1;1;0.00682824
2026-09-06;OrderStatistics Baseline;SOL;2;7;0.03213932;0;0;0;0.00000000
2026-09-06;PoissonMonteCarlo Model;BTC;4;6;0.00636911;0;0;0;0.00000000
2026-09-06;PoissonMonteCarlo Model;ETH;5;6;0.01367038;0;1;1;0.01267038
2026-09-06;PoissonMonteCarlo Model;BNB;4;2;-0.01780861;0;0;1;0.00000000
2026-09-06;PoissonMonteCarlo Model;XRP;5;6;0.00782824;0;1;1;0.00682824
2026-09-06;PoissonMonteCarlo Model;SOL;4;7;0.03213932;0;0;0;0.00000000
2026-09-06;Regime HMM Model;BTC;1;6;0.00636911;0;0;0;0.00000000
2026-09-06;Regime HMM Model;ETH;1;6;0.01367038;0;0;0;0.00000000
2026-09-06;Regime HMM Model;BNB;1;2;-0.01780861;0;1;1;0.00000000
2026-09-06;Regime HMM Model;XRP;1;6;0.00782824;0;0;0;0.00000000
2026-09-06;Regime HMM Model;SOL;1;7;0.03213932;0;0;0;0.00000000
2026-09-06;Regime HMM Single Model;BTC;0;6;0.00636911;0;0;0;0.00000000
2026-09-06;Regime HMM Single Model;ETH;0;6;0.01367038;0;0;0;0.00000000
2026-09-06;Regime HMM Single Model;BNB;0;2;-0.01780861;0;0;1;0.00000000
2026-09-06;Regime HMM Single Model;XRP;9;6;0.00782824;0;0;1;0.00682824
2026-09-06;Regime HMM Single Model;SOL;9;7;0.03213932;0;0;1;0.03113932
2026-09-06;Regime HMM ZeroMean Model;BTC;8;6;0.00636911;0;0;1;0.00536911
2026-09-06;Regime HMM ZeroMean Model;ETH;8;6;0.01367038;0;0;1;0.01267038
2026-09-06;Regime HMM ZeroMean Model;BNB;1;2;-0.01780861;0;1;1;0.00000000
2026-09-06;Regime HMM ZeroMean Model;XRP;8;6;0.00782824;0;0;1;0.00682824
2026-09-06;Regime HMM ZeroMean Model;SOL;7;7;0.03213932;1;1;1;0.03113932
2026-09-06;Transformer Model;BTC;4;6;0.00636911;0;0;0;0.00000000
2026-09-06;Transformer Model;ETH;5;6;0.01367038;0;1;1;0.01267038
2026-09-06;Transformer Model;BNB;3;2;-0.01780861;0;1;1;0.00000000
2026-09-06;Transformer Model;XRP;3;6;0.00782824;0;0;0;0.00000000
2026-09-06;Transformer Model;SOL;6;7;0.03213932;0;1;1;0.03113932
2026-09-06;WeightedEnsemble Model;BTC;2;6;0.00636911;0;0;0;0.00000000
2026-09-06;WeightedEnsemble Model;ETH;4;6;0.01367038;0;0;0;0.00000000
2026-09-06;WeightedEnsemble Model;BNB;5;2;-0.01780861;0;0;0;-0.01880861
2026-09-06;WeightedEnsemble Model;XRP;4;6;0.00782824;0;0;0;0.00000000
2026-09-06;WeightedEnsemble Model;SOL;4;7;0.03213932;0;0;0;0.00000000
2026-09-06;XGBoost Model;BTC;7;6;0.00636911;0;1;1;0.00536911
2026-09-06;XGBoost Model;ETH;4;6;0.01367038;0;0;0;0.00000000
2026-09-06;XGBoost Model;BNB;7;2;-0.01780861;0;0;0;-0.01880861
2026-09-06;XGBoost Model;XRP;4;6;0.00782824;0;0;0;0.00000000
2026-09-06;XGBoost Model;SOL;4;7;0.03213932;0;0;0;0.00000000
2026-09-07;Autoencoder Model;BTC;4;2;-0.01542571;0;0;1;0.00000000
2026-09-07;Autoencoder Model;ETH;3;3;-0.00971906;1;1;1;0.00000000
2026-09-07;Autoencoder Model;BNB;3;2;-0.01744207;0;1;1;0.00000000
2026-09-07;Autoencoder Model;XRP;3;2;-0.01900632;0;1;1;0.00000000
2026-09-07;Autoencoder Model;SOL;5;2;-0.02614839;0;0;0;-0.02714839
2026-09-07;CatBoost Model;BTC;1;2;-0.01542571;0;1;1;0.00000000
2026-09-07;CatBoost Model;ETH;3;3;-0.00971906;1;1;1;0.00000000
2026-09-07;CatBoost Model;BNB;2;2;-0.01744207;1;1;1;0.00000000
2026-09-07;CatBoost Model;XRP;4;2;-0.01900632;0;0;1;0.00000000
2026-09-07;CatBoost Model;SOL;2;2;-0.02614839;1;1;1;0.00000000
2026-09-07;GARCH Model;BTC;6;2;-0.01542571;0;0;0;-0.01642571
2026-09-07;GARCH Model;ETH;2;3;-0.00971906;0;1;1;0.00000000
2026-09-07;GARCH Model;BNB;1;2;-0.01744207;0;1;1;0.00000000
2026-09-07;GARCH Model;XRP;8;2;-0.01900632;0;0;0;-0.02000632
2026-09-07;GARCH Model;SOL;6;2;-0.02614839;0;0;0;-0.02714839
2026-09-07;GNN Model;BTC;4;2;-0.01542571;0;0;1;0.00000000
2026-09-07;GNN Model;ETH;4;3;-0.00971906;0;1;1;0.00000000
2026-09-07;GNN Model;BNB;5;2;-0.01744207;0;0;0;-0.01844207
2026-09-07;GNN Model;XRP;3;2;-0.01900632;0;1;1;0.00000000
2026-09-07;GNN Model;SOL;4;2;-0.02614839;0;0;1;0.00000000
2026-09-07;LaplaceMonteCarlo Model;BTC;5;2;-0.01542571;0;0;0;-0.01642571
2026-09-07;LaplaceMonteCarlo Model;ETH;3;3;-0.00971906;1;1;1;0.00000000
2026-09-07;LaplaceMonteCarlo Model;BNB;5;2;-0.01744207;0;0;0;-0.01844207
2026-09-07;LaplaceMonteCarlo Model;XRP;5;2;-0.01900632;0;0;0;-0.02000632
2026-09-07;LaplaceMonteCarlo Model;SOL;3;2;-0.02614839;0;1;1;0.00000000
2026-09-07;LightGBM Model;BTC;4;2;-0.01542571;0;0;1;0.00000000
2026-09-07;LightGBM Model;ETH;3;3;-0.00971906;1;1;1;0.00000000
2026-09-07;LightGBM Model;BNB;2;2;-0.01744207;1;1;1;0.00000000
2026-09-07;LightGBM Model;XRP;3;2;-0.01900632;0;1;1;0.00000000
2026-09-07;LightGBM Model;SOL;2;2;-0.02614839;1;1;1;0.00000000
2026-09-07;Markov Model;BTC;4;2;-0.01542571;0;0;1;0.00000000
2026-09-07;Markov Model;ETH;3;3;-0.00971906;1;1;1;0.00000000
2026-09-07;Markov Model;BNB;3;2;-0.01744207;0;1;1;0.00000000
2026-09-07;Markov Model;XRP;4;2;-0.01900632;0;0;1;0.00000000
2026-09-07;Markov Model;SOL;5;2;-0.02614839;0;0;0;-0.02714839
2026-09-07;MarkovMonteCarlo Model;BTC;4;2;-0.01542571;0;0;1;0.00000000
2026-09-07;MarkovMonteCarlo Model;ETH;4;3;-0.00971906;0;1;1;0.00000000
2026-09-07;MarkovMonteCarlo Model;BNB;3;2;-0.01744207;0;1;1;0.00000000
2026-09-07;MarkovMonteCarlo Model;XRP;4;2;-0.01900632;0;0;1;0.00000000
2026-09-07;MarkovMonteCarlo Model;SOL;5;2;-0.02614839;0;0;0;-0.02714839
2026-09-07;OrderStatistics Baseline;BTC;4;2;-0.01542571;0;0;1;0.00000000
2026-09-07;OrderStatistics Baseline;ETH;5;3;-0.00971906;0;0;0;-0.01071906
2026-09-07;OrderStatistics Baseline;BNB;3;2;-0.01744207;0;1;1;0.00000000
2026-09-07;OrderStatistics Baseline;XRP;6;2;-0.01900632;0;0;0;-0.02000632
2026-09-07;OrderStatistics Baseline;SOL;2;2;-0.02614839;1;1;1;0.00000000
2026-09-07;PoissonMonteCarlo Model;BTC;6;2;-0.01542571;0;0;0;-0.01642571
2026-09-07;PoissonMonteCarlo Model;ETH;5;3;-0.00971906;0;0;0;-0.01071906
2026-09-07;PoissonMonteCarlo Model;BNB;4;2;-0.01744207;0;0;1;0.00000000
2026-09-07;PoissonMonteCarlo Model;XRP;5;2;-0.01900632;0;0;0;-0.02000632
2026-09-07;PoissonMonteCarlo Model;SOL;4;2;-0.02614839;0;0;1;0.00000000
2026-09-07;Regime HMM Model;BTC;1;2;-0.01542571;0;1;1;0.00000000
2026-09-07;Regime HMM Model;ETH;1;3;-0.00971906;0;0;1;0.00000000
2026-09-07;Regime HMM Model;BNB;1;2;-0.01744207;0;1;1;0.00000000
2026-09-07;Regime HMM Model;XRP;1;2;-0.01900632;0;1;1;0.00000000
2026-09-07;Regime HMM Model;SOL;1;2;-0.02614839;0;1;1;0.00000000
2026-09-07;Regime HMM Single Model;BTC;0;2;-0.01542571;0;0;1;0.00000000
2026-09-07;Regime HMM Single Model;ETH;0;3;-0.00971906;0;0;1;0.00000000
2026-09-07;Regime HMM Single Model;BNB;9;2;-0.01744207;0;0;0;-0.01844207
2026-09-07;Regime HMM Single Model;XRP;9;2;-0.01900632;0;0;0;-0.02000632
2026-09-07;Regime HMM Single Model;SOL;9;2;-0.02614839;0;0;0;-0.02714839
2026-09-07;Regime HMM ZeroMean Model;BTC;8;2;-0.01542571;0;0;0;-0.01642571
2026-09-07;Regime HMM ZeroMean Model;ETH;8;3;-0.00971906;0;0;0;-0.01071906
2026-09-07;Regime HMM ZeroMean Model;BNB;1;2;-0.01744207;0;1;1;0.00000000
2026-09-07;Regime HMM ZeroMean Model;XRP;8;2;-0.01900632;0;0;0;-0.02000632
2026-09-07;Regime HMM ZeroMean Model;SOL;7;2;-0.02614839;0;0;0;-0.02714839
2026-09-07;Transformer Model;BTC;4;2;-0.01542571;0;0;1;0.00000000
2026-09-07;Transformer Model;ETH;5;3;-0.00971906;0;0;0;-0.01071906
2026-09-07;Transformer Model;BNB;3;2;-0.01744207;0;1;1;0.00000000
2026-09-07;Transformer Model;XRP;5;2;-0.01900632;0;0;0;-0.02000632
2026-09-07;Transformer Model;SOL;4;2;-0.02614839;0;0;1;0.00000000
2026-09-07;WeightedEnsemble Model;BTC;4;2;-0.01542571;0;0;1;0.00000000
2026-09-07;WeightedEnsemble Model;ETH;3;3;-0.00971906;1;1;1;0.00000000
2026-09-07;WeightedEnsemble Model;BNB;3;2;-0.01744207;0;1;1;0.00000000
2026-09-07;WeightedEnsemble Model;XRP;4;2;-0.01900632;0;0;1;0.00000000
2026-09-07;WeightedEnsemble Model;SOL;2;2;-0.02614839;1;1;1;0.00000000
2026-09-07;XGBoost Model;BTC;7;2;-0.01542571;0;0;0;-0.01642571
2026-09-07;XGBoost Model;ETH;3;3;-0.00971906;1;1;1;0.00000000
2026-09-07;XGBoost Model;BNB;3;2;-0.01744207;0;1;1;0.00000000
2026-09-07;XGBoost Model;XRP;3;2;-0.01900632;0;1;1;0.00000000
2026-09-07;XGBoost Model;SOL;2;2;-0.02614839;1;1;1;0.00000000
2026-09-08;Autoencoder Model;BTC;3;3;-0.00832929;1;1;1;0.00000000
2026-09-08;Autoencoder Model;ETH;2;4;-0.00205016;0;0;1;0.00000000
2026-09-08;Autoencoder Model;BNB;3;7;0.01613976;0;0;0;0.00000000
2026-09-08;Autoencoder Model;XRP;3;7;0.01450022;0;0;0;0.00000000
2026-09-08;Autoencoder Model;SOL;6;4;-0.00415119;0;0;0;-0.00515119
2026-09-08;CatBoost Model;BTC;3;3;-0.00832929;1;1;1;0.00000000
2026-09-08;CatBoost Model;ETH;4;4;-0.00205016;1;1;1;0.00000000
2026-09-08;CatBoost Model;BNB;5;7;0.01613976;0;0;1;0.01513976
2026-09-08;CatBoost Model;XRP;2;7;0.01450022;0;0;0;0.00000000
2026-09-08;CatBoost Model;SOL;2;4;-0.00415119;0;0;1;0.00000000
2026-09-08;GARCH Model;BTC;6;3;-0.00832929;0;0;0;-0.00932929
2026-09-08;GARCH Model;ETH;2;4;-0.00205016;0;0;1;0.00000000
2026-09-08;GARCH Model;BNB;1;7;0.01613976;0;0;0;0.00000000
2026-09-08;GARCH Model;XRP;7;7;0.01450022;1;1;1;0.01350022
2026-09-08;GARCH Model;SOL;4;4;-0.00415119;1;1;1;0.00000000
2026-09-08;GNN Model;BTC;4;3;-0.00832929;0;1;1;0.00000000
2026-09-08;GNN Model;ETH;4;4;-0.00205016;1;1;1;0.00000000
2026-09-08;GNN Model;BNB;5;7;0.01613976;0;0;1;0.01513976
2026-09-08;GNN Model;XRP;3;7;0.01450022;0;0;0;0.00000000
2026-09-08;GNN Model;SOL;4;4;-0.00415119;1;1;1;0.00000000
2026-09-08;LaplaceMonteCarlo Model;BTC;4;3;-0.00832929;0;1;1;0.00000000
2026-09-08;LaplaceMonteCarlo Model;ETH;3;4;-0.00205016;0;1;1;0.00000000
2026-09-08;LaplaceMonteCarlo Model;BNB;3;7;0.01613976;0;0;0;0.00000000
2026-09-08;LaplaceMonteCarlo Model;XRP;3;7;0.01450022;0;0;0;0.00000000
2026-09-08;LaplaceMonteCarlo Model;SOL;4;4;-0.00415119;1;1;1;0.00000000
2026-09-08;LightGBM Model;BTC;3;3;-0.00832929;1;1;1;0.00000000
2026-09-08;LightGBM Model;ETH;3;4;-0.00205016;0;1;1;0.00000000
2026-09-08;LightGBM Model;BNB;7;7;0.01613976;1;1;1;0.01513976
2026-09-08;LightGBM Model;XRP;2;7;0.01450022;0;0;0;0.00000000
2026-09-08;LightGBM Model;SOL;4;4;-0.00415119;1;1;1;0.00000000
2026-09-08;Markov Model;BTC;5;3;-0.00832929;0;0;0;-0.00932929
2026-09-08;Markov Model;ETH;2;4;-0.00205016;0;0;1;0.00000000
2026-09-08;Markov Model;BNB;6;7;0.01613976;0;1;1;0.01513976
2026-09-08;Markov Model;XRP;4;7;0.01450022;0;0;0;0.00000000
2026-09-08;Markov Model;SOL;4;4;-0.00415119;1;1;1;0.00000000
2026-09-08;MarkovMonteCarlo Model;BTC;4;3;-0.00832929;0;1;1;0.00000000
2026-09-08;MarkovMonteCarlo Model;ETH;4;4;-0.00205016;1;1;1;0.00000000
2026-09-08;MarkovMonteCarlo Model;BNB;5;7;0.01613976;0;0;1;0.01513976
2026-09-08;MarkovMonteCarlo Model;XRP;4;7;0.01450022;0;0;0;0.00000000
2026-09-08;MarkovMonteCarlo Model;SOL;4;4;-0.00415119;1;1;1;0.00000000
2026-09-08;OrderStatistics Baseline;BTC;4;3;-0.00832929;0;1;1;0.00000000
2026-09-08;OrderStatistics Baseline;ETH;5;4;-0.00205016;0;1;0;-0.00305016
2026-09-08;OrderStatistics Baseline;BNB;3;7;0.01613976;0;0;0;0.00000000
2026-09-08;OrderStatistics Baseline;XRP;6;7;0.01450022;0;1;1;0.01350022
2026-09-08;OrderStatistics Baseline;SOL;2;4;-0.00415119;0;0;1;0.00000000
2026-09-08;PoissonMonteCarlo Model;BTC;5;3;-0.00832929;0;0;0;-0.00932929
2026-09-08;PoissonMonteCarlo Model;ETH;5;4;-0.00205016;0;1;0;-0.00305016
2026-09-08;PoissonMonteCarlo Model;BNB;6;7;0.01613976;0;1;1;0.01513976
2026-09-08;PoissonMonteCarlo Model;XRP;5;7;0.01450022;0;0;1;0.01350022
2026-09-08;PoissonMonteCarlo Model;SOL;4;4;-0.00415119;1;1;1;0.00000000
2026-09-08;Regime HMM Model;BTC;1;3;-0.00832929;0;0;1;0.00000000
2026-09-08;Regime HMM Model;ETH;1;4;-0.00205016;0;0;1;0.00000000
2026-09-08;Regime HMM Model;BNB;1;7;0.01613976;0;0;0;0.00000000
2026-09-08;Regime HMM Model;XRP;1;7;0.01450022;0;0;0;0.00000000
2026-09-08;Regime HMM Model;SOL;1;4;-0.00415119;0;0;1;0.00000000
2026-09-08;Regime HMM Single Model;BTC;0;3;-0.00832929;0;0;1;0.00000000
2026-09-08;Regime HMM Single Model;ETH;0;4;-0.00205016;0;0;1;0.00000000
2026-09-08;Regime HMM Single Model;BNB;0;7;0.01613976;0;0;0;0.00000000
2026-09-08;Regime HMM Single Model;XRP;9;7;0.01450022;0;0;1;0.01350022
2026-09-08;Regime HMM Single Model;SOL;9;4;-0.00415119;0;0;0;-0.00515119
2026-09-08;Regime HMM ZeroMean Model;BTC;8;3;-0.00832929;0;0;0;-0.00932929
2026-09-08;Regime HMM ZeroMean Model;ETH;8;4;-0.00205016;0;0;0;-0.00305016
2026-09-08;Regime HMM ZeroMean Model;BNB;1;7;0.01613976;0;0;0;0.00000000
2026-09-08;Regime HMM ZeroMean Model;XRP;8;7;0.01450022;0;1;1;0.01350022
2026-09-08;Regime HMM ZeroMean Model;SOL;7;4;-0.00415119;0;0;0;-0.00515119
2026-09-08;Transformer Model;BTC;3;3;-0.00832929;1;1;1;0.00000000
2026-09-08;Transformer Model;ETH;5;4;-0.00205016;0;1;0;-0.00305016
2026-09-08;Transformer Model;BNB;6;7;0.01613976;0;1;1;0.01513976
2026-09-08;Transformer Model;XRP;6;7;0.01450022;0;1;1;0.01350022
2026-09-08;Transformer Model;SOL;4;4;-0.00415119;1;1;1;0.00000000
2026-09-08;WeightedEnsemble Model;BTC;3;3;-0.00832929;1;1;1;0.00000000
2026-09-08;WeightedEnsemble Model;ETH;3;4;-0.00205016;0;1;1;0.00000000
2026-09-08;WeightedEnsemble Model;BNB;5;7;0.01613976;0;0;1;0.01513976
2026-09-08;WeightedEnsemble Model;XRP;2;7;0.01450022;0;0;0;0.00000000
2026-09-08;WeightedEnsemble Model;SOL;4;4;-0.00415119;1;1;1;0.00000000
2026-09-08;XGBoost Model;BTC;3;3;-0.00832929;1;1;1;0.00000000
2026-09-08;XGBoost Model;ETH;3;4;-0.00205016;0;1;1;0.00000000
2026-09-08;XGBoost Model;BNB;5;7;0.01613976;0;0;1;0.01513976
2026-09-08;XGBoost Model;XRP;2;7;0.01450022;0;0;0;0.00000000
2026-09-08;XGBoost Model;SOL;4;4;-0.00415119;1;1;1;0.00000000
2026-09-09;Autoencoder Model;BTC;4;4;-0.00190569;1;1;1;0.00000000
2026-09-09;Autoencoder Model;ETH;2;3;-0.00683603;0;1;1;0.00000000
2026-09-09;Autoencoder Model;BNB;3;0;-0.03985175;0;0;1;0.00000000
2026-09-09;Autoencoder Model;XRP;3;2;-0.01571811;0;1;1;0.00000000
2026-09-09;Autoencoder Model;SOL;6;3;-0.01756657;0;0;0;-0.01856657
2026-09-09;CatBoost Model;BTC;0;4;-0.00190569;0;0;1;0.00000000
2026-09-09;CatBoost Model;ETH;5;3;-0.00683603;0;0;0;-0.00783603
2026-09-09;CatBoost Model;BNB;3;0;-0.03985175;0;0;1;0.00000000
2026-09-09;CatBoost Model;XRP;6;2;-0.01571811;0;0;0;-0.01671811
2026-09-09;CatBoost Model;SOL;3;3;-0.01756657;1;1;1;0.00000000
2026-09-09;GARCH Model;BTC;6;4;-0.00190569;0;0;0;-0.00290569
2026-09-09;GARCH Model;ETH;2;3;-0.00683603;0;1;1;0.00000000
2026-09-09;GARCH Model;BNB;1;0;-0.03985175;0;1;1;0.00000000
2026-09-09;GARCH Model;XRP;7;2;-0.01571811;0;0;0;-0.01671811
2026-09-09;GARCH Model;SOL;6;3;-0.01756657;0;0;0;-0.01856657
2026-09-09;GNN Model;BTC;4;4;-0.00190569;1;1;1;0.00000000
2026-09-09;GNN Model;ETH;4;3;-0.00683603;0;1;1;0.00000000
2026-09-09;GNN Model;BNB;5;0;-0.03985175;0;0;0;-0.04085175
2026-09-09;GNN Model;XRP;3;2;-0.01571811;0;1;1;0.00000000
2026-09-09;GNN Model;SOL;4;3;-0.01756657;0;1;1;0.00000000
2026-09-09;LaplaceMonteCarlo Model;BTC;5;4;-0.00190569;0;1;0;-0.00290569
2026-09-09;LaplaceMonteCarlo Model;ETH;5;3;-0.00683603;0;0;0;-0.00783603
2026-09-09;LaplaceMonteCarlo Model;BNB;4;0;-0.03985175;0;0;1;0.00000000
2026-09-09;LaplaceMonteCarlo Model;XRP;5;2;-0.01571811;0;0;0;-0.01671811
2026-09-09;LaplaceMonteCarlo Model;SOL;3;3;-0.01756657;1;1;1;0.00000000
2026-09-09;LightGBM Model;BTC;0;4;-0.00190569;0;0;1;0.00000000
2026-09-09;LightGBM Model;ETH;3;3;-0.00683603;1;1;1;0.00000000
2026-09-09;LightGBM Model;BNB;2;0;-0.03985175;0;0;1;0.00000000
2026-09-09;LightGBM Model;XRP;0;2;-0.01571811;0;0;1;0.00000000
2026-09-09;LightGBM Model;SOL;1;3;-0.01756657;0;0;1;0.00000000
2026-09-09;Markov Model;BTC;5;4;-0.00190569;0;1;0;-0.00290569
2026-09-09;Markov Model;ETH;5;3;-0.00683603;0;0;0;-0.00783603
2026-09-09;Markov Model;BNB;3;0;-0.03985175;0;0;1;0.00000000
2026-09-09;Markov Model;XRP;4;2;-0.01571811;0;0;1;0.00000000
2026-09-09;Markov Model;SOL;6;3;-0.01756657;0;0;0;-0.01856657
2026-09-09;MarkovMonteCarlo Model;BTC;5;4;-0.00190569;0;1;0;-0.00290569
2026-09-09;MarkovMonteCarlo Model;ETH;4;3;-0.00683603;0;1;1;0.00000000
2026-09-09;MarkovMonteCarlo Model;BNB;5;0;-0.03985175;0;0;0;-0.04085175
2026-09-09;MarkovMonteCarlo Model;XRP;4;2;-0.01571811;0;0;1;0.00000000
2026-09-09;MarkovMonteCarlo Model;SOL;5;3;-0.01756657;0;0;0;-0.01856657
2026-09-09;OrderStatistics Baseline;BTC;4;4;-0.00190569;1;1;1;0.00000000
2026-09-09;OrderStatistics Baseline;ETH;5;3;-0.00683603;0;0;0;-0.00783603
2026-09-09;OrderStatistics Baseline;BNB;3;0;-0.03985175;0;0;1;0.00000000
2026-09-09;OrderStatistics Baseline;XRP;6;2;-0.01571811;0;0;0;-0.01671811
2026-09-09;OrderStatistics Baseline;SOL;2;3;-0.01756657;0;1;1;0.00000000
2026-09-09;PoissonMonteCarlo Model;BTC;4;4;-0.00190569;1;1;1;0.00000000
2026-09-09;PoissonMonteCarlo Model;ETH;4;3;-0.00683603;0;1;1;0.00000000
2026-09-09;PoissonMonteCarlo Model;BNB;4;0;-0.03985175;0;0;1;0.00000000
2026-09-09;PoissonMonteCarlo Model;XRP;5;2;-0.01571811;0;0;0;-0.01671811
2026-09-09;PoissonMonteCarlo Model;SOL;4;3;-0.01756657;0;1;1;0.00000000
2026-09-09;Regime HMM Model;BTC;1;4;-0.00190569;0;0;1;0.00000000
2026-09-09;Regime HMM Model;ETH;1;3;-0.00683603;0;0;1;0.00000000
2026-09-09;Regime HMM Model;BNB;1;0;-0.03985175;0;1;1;0.00000000
2026-09-09;Regime HMM Model;XRP;1;2;-0.01571811;0;1;1;0.00000000
2026-09-09;Regime HMM Model;SOL;1;3;-0.01756657;0;0;1;0.00000000
2026-09-09;Regime HMM Single Model;BTC;0;4;-0.00190569;0;0;1;0.00000000
2026-09-09;Regime HMM Single Model;ETH;0;3;-0.00683603;0;0;1;0.00000000
2026-09-09;Regime HMM Single Model;BNB;0;0;-0.03985175;1;1;1;0.00000000
2026-09-09;Regime HMM Single Model;XRP;9;2;-0.01571811;0;0;0;-0.01671811
2026-09-09;Regime HMM Single Model;SOL;9;3;-0.01756657;0;0;0;-0.01856657
2026-09-09;Regime HMM ZeroMean Model;BTC;8;4;-0.00190569;0;0;0;-0.00290569
2026-09-09;Regime HMM ZeroMean Model;ETH;8;3;-0.00683603;0;0;0;-0.00783603
2026-09-09;Regime HMM ZeroMean Model;BNB;1;0;-0.03985175;0;1;1;0.00000000
2026-09-09;Regime HMM ZeroMean Model;XRP;8;2;-0.01571811;0;0;0;-0.01671811
2026-09-09;Regime HMM ZeroMean Model;SOL;7;3;-0.01756657;0;0;0;-0.01856657
2026-09-09;Transformer Model;BTC;5;4;-0.00190569;0;1;0;-0.00290569
2026-09-09;Transformer Model;ETH;5;3;-0.00683603;0;0;0;-0.00783603
2026-09-09;Transformer Model;BNB;6;0;-0.03985175;0;0;0;-0.04085175
2026-09-09;Transformer Model;XRP;5;2;-0.01571811;0;0;0;-0.01671811
2026-09-09;Transformer Model;SOL;4;3;-0.01756657;0;1;1;0.00000000
2026-09-09;WeightedEnsemble Model;BTC;0;4;-0.00190569;0;0;1;0.00000000
2026-09-09;WeightedEnsemble Model;ETH;5;3;-0.00683603;0;0;0;-0.00783603
2026-09-09;WeightedEnsemble Model;BNB;3;0;-0.03985175;0;0;1;0.00000000
2026-09-09;WeightedEnsemble Model;XRP;4;2;-0.01571811;0;0;1;0.00000000
2026-09-09;WeightedEnsemble Model;SOL;1;3;-0.01756657;0;0;1;0.00000000
2026-09-09;XGBoost Model;BTC;0;4;-0.00190569;0;0;1;0.00000000
2026-09-09;XGBoost Model;ETH;3;3;-0.00683603;1;1;1;0.00000000
2026-09-09;XGBoost Model;BNB;5;0;-0.03985175;0;0;0;-0.04085175
2026-09-09;XGBoost Model;XRP;6;2;-0.01571811;0;0;0;-0.01671811
2026-09-09;XGBoost Model;SOL;1;3;-0.01756657;0;0;1;0.00000000
2026-09-10;Autoencoder Model;BTC;3;1;-0.02244108;0;0;1;0.00000000
2026-09-10;Autoencoder Model;ETH;2;3;-0.01217201;0;1;1;0.00000000
2026-09-10;Autoencoder Model;BNB;3;1;-0.01945065;0;0;1;0.00000000
2026-09-10;Autoencoder Model;XRP;3;1;-0.04426279;0;0;1;0.00000000
2026-09-10;Autoencoder Model;SOL;6;2;-0.02896727;0;0;0;-0.02996727
2026-09-10;CatBoost Model;BTC;3;1;-0.02244108;0;0;1;0.00000000
2026-09-10;CatBoost Model;ETH;4;3;-0.01217201;0;1;1;0.00000000
2026-09-10;CatBoost Model;BNB;3;1;-0.01945065;0;0;1;0.00000000
2026-09-10;CatBoost Model;XRP;3;1;-0.04426279;0;0;1;0.00000000
2026-09-10;CatBoost Model;SOL;4;2;-0.02896727;0;0;1;0.00000000
2026-09-10;GARCH Model;BTC;6;1;-0.02244108;0;0;0;-0.02344108
2026-09-10;GARCH Model;ETH;2;3;-0.01217201;0;1;1;0.00000000
2026-09-10;GARCH Model;BNB;1;1;-0.01945065;1;1;1;0.00000000
2026-09-10;GARCH Model;XRP;4;1;-0.04426279;0;0;1;0.00000000
2026-09-10;GARCH Model;SOL;4;2;-0.02896727;0;0;1;0.00000000
2026-09-10;GNN Model;BTC;4;1;-0.02244108;0;0;1;0.00000000
2026-09-10;GNN Model;ETH;4;3;-0.01217201;0;1;1;0.00000000
2026-09-10;GNN Model;BNB;5;1;-0.01945065;0;0;0;-0.02045065
2026-09-10;GNN Model;XRP;3;1;-0.04426279;0;0;1;0.00000000
2026-09-10;GNN Model;SOL;4;2;-0.02896727;0;0;1;0.00000000
2026-09-10;LaplaceMonteCarlo Model;BTC;3;1;-0.02244108;0;0;1;0.00000000
2026-09-10;LaplaceMonteCarlo Model;ETH;3;3;-0.01217201;1;1;1;0.00000000
2026-09-10;LaplaceMonteCarlo Model;BNB;5;1;-0.01945065;0;0;0;-0.02045065
2026-09-10;LaplaceMonteCarlo Model;XRP;3;1;-0.04426279;0;0;1;0.00000000
2026-09-10;LaplaceMonteCarlo Model;SOL;3;2;-0.02896727;0;1;1;0.00000000
2026-09-10;LightGBM Model;BTC;7;1;-0.02244108;0;0;0;-0.02344108
2026-09-10;LightGBM Model;ETH;4;3;-0.01217201;0;1;1;0.00000000
2026-09-10;LightGBM Model;BNB;3;1;-0.01945065;0;0;1;0.00000000
2026-09-10;LightGBM Model;XRP;4;1;-0.04426279;0;0;1;0.00000000
2026-09-10;LightGBM Model;SOL;4;2;-0.02896727;0;0;1;0.00000000
2026-09-10;Markov Model;BTC;5;1;-0.02244108;0;0;0;-0.02344108
2026-09-10;Markov Model;ETH;4;3;-0.01217201;0;1;1;0.00000000
2026-09-10;Markov Model;BNB;4;1;-0.01945065;0;0;1;0.00000000
2026-09-10;Markov Model;XRP;4;1;-0.04426279;0;0;1;0.00000000
2026-09-10;Markov Model;SOL;4;2;-0.02896727;0;0;1;0.00000000
2026-09-10;MarkovMonteCarlo Model;BTC;4;1;-0.02244108;0;0;1;0.00000000
2026-09-10;MarkovMonteCarlo Model;ETH;4;3;-0.01217201;0;1;1;0.00000000
2026-09-10;MarkovMonteCarlo Model;BNB;3;1;-0.01945065;0;0;1;0.00000000
2026-09-10;MarkovMonteCarlo Model;XRP;3;1;-0.04426279;0;0;1;0.00000000
2026-09-10;MarkovMonteCarlo Model;SOL;4;2;-0.02896727;0;0;1;0.00000000
2026-09-10;OrderStatistics Baseline;BTC;4;1;-0.02244108;0;0;1;0.00000000
2026-09-10;OrderStatistics Baseline;ETH;5;3;-0.01217201;0;0;0;-0.01317201
2026-09-10;OrderStatistics Baseline;BNB;3;1;-0.01945065;0;0;1;0.00000000
2026-09-10;OrderStatistics Baseline;XRP;6;1;-0.04426279;0;0;0;-0.04526279
2026-09-10;OrderStatistics Baseline;SOL;2;2;-0.02896727;1;1;1;0.00000000
2026-09-10;PoissonMonteCarlo Model;BTC;7;1;-0.02244108;0;0;0;-0.02344108
2026-09-10;PoissonMonteCarlo Model;ETH;4;3;-0.01217201;0;1;1;0.00000000
2026-09-10;PoissonMonteCarlo Model;BNB;6;1;-0.01945065;0;0;0;-0.02045065
2026-09-10;PoissonMonteCarlo Model;XRP;3;1;-0.04426279;0;0;1;0.00000000
2026-09-10;PoissonMonteCarlo Model;SOL;4;2;-0.02896727;0;0;1;0.00000000
2026-09-10;Regime HMM Model;BTC;1;1;-0.02244108;1;1;1;0.00000000
2026-09-10;Regime HMM Model;ETH;1;3;-0.01217201;0;0;1;0.00000000
2026-09-10;Regime HMM Model;BNB;1;1;-0.01945065;1;1;1;0.00000000
2026-09-10;Regime HMM Model;XRP;1;1;-0.04426279;1;1;1;0.00000000
2026-09-10;Regime HMM Model;SOL;1;2;-0.02896727;0;1;1;0.00000000
2026-09-10;Regime HMM Single Model;BTC;0;1;-0.02244108;0;1;1;0.00000000
2026-09-10;Regime HMM Single Model;ETH;0;3;-0.01217201;0;0;1;0.00000000
2026-09-10;Regime HMM Single Model;BNB;0;1;-0.01945065;0;1;1;0.00000000
2026-09-10;Regime HMM Single Model;XRP;9;1;-0.04426279;0;0;0;-0.04526279
2026-09-10;Regime HMM Single Model;SOL;0;2;-0.02896727;0;0;1;0.00000000
2026-09-10;Regime HMM ZeroMean Model;BTC;8;1;-0.02244108;0;0;0;-0.02344108
2026-09-10;Regime HMM ZeroMean Model;ETH;8;3;-0.01217201;0;0;0;-0.01317201
2026-09-10;Regime HMM ZeroMean Model;BNB;1;1;-0.01945065;1;1;1;0.00000000
2026-09-10;Regime HMM ZeroMean Model;XRP;8;1;-0.04426279;0;0;0;-0.04526279
2026-09-10;Regime HMM ZeroMean Model;SOL;7;2;-0.02896727;0;0;0;-0.02996727
2026-09-10;Transformer Model;BTC;3;1;-0.02244108;0;0;1;0.00000000
2026-09-10;Transformer Model;ETH;5;3;-0.01217201;0;0;0;-0.01317201
2026-09-10;Transformer Model;BNB;4;1;-0.01945065;0;0;1;0.00000000
2026-09-10;Transformer Model;XRP;5;1;-0.04426279;0;0;0;-0.04526279
2026-09-10;Transformer Model;SOL;5;2;-0.02896727;0;0;0;-0.02996727
2026-09-10;WeightedEnsemble Model;BTC;7;1;-0.02244108;0;0;0;-0.02344108
2026-09-10;WeightedEnsemble Model;ETH;4;3;-0.01217201;0;1;1;0.00000000
2026-09-10;WeightedEnsemble Model;BNB;3;1;-0.01945065;0;0;1;0.00000000
2026-09-10;WeightedEnsemble Model;XRP;3;1;-0.04426279;0;0;1;0.00000000
2026-09-10;WeightedEnsemble Model;SOL;4;2;-0.02896727;0;0;1;0.00000000
2026-09-10;XGBoost Model;BTC;7;1;-0.02244108;0;0;0;-0.02344108
2026-09-10;XGBoost Model;ETH;4;3;-0.01217201;0;1;1;0.00000000
2026-09-10;XGBoost Model;BNB;3;1;-0.01945065;0;0;1;0.00000000
2026-09-10;XGBoost Model;XRP;4;1;-0.04426279;0;0;1;0.00000000
2026-09-10;XGBoost Model;SOL;2;2;-0.02896727;1;1;1;0.00000000
2026-09-11;Autoencoder Model;BTC;4;6;0.00854366;0;0;0;0.00000000
2026-09-11;Autoencoder Model;ETH;4;8;0.03155246;0;0;0;0.00000000
2026-09-11;Autoencoder Model;BNB;5;8;0.02512201;0;0;1;0.02412201
2026-09-11;Autoencoder Model;XRP;3;7;0.01620251;0;0;0;0.00000000
2026-09-11;Autoencoder Model;SOL;4;7;0.03769153;0;0;0;0.00000000
2026-09-11;CatBoost Model;BTC;0;6;0.00854366;0;0;0;0.00000000
2026-09-11;CatBoost Model;ETH;2;8;0.03155246;0;0;0;0.00000000
2026-09-11;CatBoost Model;BNB;5;8;0.02512201;0;0;1;0.02412201
2026-09-11;CatBoost Model;XRP;6;7;0.01620251;0;1;1;0.01520251
2026-09-11;CatBoost Model;SOL;4;7;0.03769153;0;0;0;0.00000000
2026-09-11;GARCH Model;BTC;6;6;0.00854366;1;1;1;0.00754366
2026-09-11;GARCH Model;ETH;4;8;0.03155246;0;0;0;0.00000000
2026-09-11;GARCH Model;BNB;1;8;0.02512201;0;0;0;0.00000000
2026-09-11;GARCH Model;XRP;4;7;0.01620251;0;0;0;0.00000000
2026-09-11;GARCH Model;SOL;4;7;0.03769153;0;0;0;0.00000000
2026-09-11;GNN Model;BTC;4;6;0.00854366;0;0;0;0.00000000
2026-09-11;GNN Model;ETH;4;8;0.03155246;0;0;0;0.00000000
2026-09-11;GNN Model;BNB;5;8;0.02512201;0;0;1;0.02412201
2026-09-11;GNN Model;XRP;3;7;0.01620251;0;0;0;0.00000000
2026-09-11;GNN Model;SOL;4;7;0.03769153;0;0;0;0.00000000
2026-09-11;LaplaceMonteCarlo Model;BTC;3;6;0.00854366;0;0;0;0.00000000
2026-09-11;LaplaceMonteCarlo Model;ETH;5;8;0.03155246;0;0;1;0.03055246
2026-09-11;LaplaceMonteCarlo Model;BNB;3;8;0.02512201;0;0;0;0.00000000
2026-09-11;LaplaceMonteCarlo Model;XRP;3;7;0.01620251;0;0;0;0.00000000
2026-09-11;LaplaceMonteCarlo Model;SOL;5;7;0.03769153;0;0;1;0.03669153
2026-09-11;LightGBM Model;BTC;3;6;0.00854366;0;0;0;0.00000000
2026-09-11;LightGBM Model;ETH;0;8;0.03155246;0;0;0;0.00000000
2026-09-11;LightGBM Model;BNB;2;8;0.02512201;0;0;0;0.00000000
2026-09-11;LightGBM Model;XRP;2;7;0.01620251;0;0;0;0.00000000
2026-09-11;LightGBM Model;SOL;6;7;0.03769153;0;1;1;0.03669153
2026-09-11;Markov Model;BTC;3;6;0.00854366;0;0;0;0.00000000
2026-09-11;Markov Model;ETH;2;8;0.03155246;0;0;0;0.00000000
2026-09-11;Markov Model;BNB;3;8;0.02512201;0;0;0;0.00000000
2026-09-11;Markov Model;XRP;5;7;0.01620251;0;0;1;0.01520251
2026-09-11;Markov Model;SOL;6;7;0.03769153;0;1;1;0.03669153
2026-09-11;MarkovMonteCarlo Model;BTC;4;6;0.00854366;0;0;0;0.00000000
2026-09-11;MarkovMonteCarlo Model;ETH;4;8;0.03155246;0;0;0;0.00000000
2026-09-11;MarkovMonteCarlo Model;BNB;3;8;0.02512201;0;0;0;0.00000000
2026-09-11;MarkovMonteCarlo Model;XRP;4;7;0.01620251;0;0;0;0.00000000
2026-09-11;MarkovMonteCarlo Model;SOL;5;7;0.03769153;0;0;1;0.03669153
2026-09-11;OrderStatistics Baseline;BTC;4;6;0.00854366;0;0;0;0.00000000
2026-09-11;OrderStatistics Baseline;ETH;5;8;0.03155246;0;0;1;0.03055246
2026-09-11;OrderStatistics Baseline;BNB;3;8;0.02512201;0;0;0;0.00000000
2026-09-11;OrderStatistics Baseline;XRP;6;7;0.01620251;0;1;1;0.01520251
2026-09-11;OrderStatistics Baseline;SOL;2;7;0.03769153;0;0;0;0.00000000
2026-09-11;PoissonMonteCarlo Model;BTC;4;6;0.00854366;0;0;0;0.00000000
2026-09-11;PoissonMonteCarlo Model;ETH;5;8;0.03155246;0;0;1;0.03055246
2026-09-11;PoissonMonteCarlo Model;BNB;4;8;0.02512201;0;0;0;0.00000000
2026-09-11;PoissonMonteCarlo Model;XRP;2;7;0.01620251;0;0;0;0.00000000
2026-09-11;PoissonMonteCarlo Model;SOL;4;7;0.03769153;0;0;0;0.00000000
2026-09-11;Regime HMM Model;BTC;8;6;0.00854366;0;0;1;0.00754366
2026-09-11;Regime HMM Model;ETH;1;8;0.03155246;0;0;0;0.00000000
2026-09-11;Regime HMM Model;BNB;1;8;0.02512201;0;0;0;0.00000000
2026-09-11;Regime HMM Model;XRP;1;7;0.01620251;0;0;0;0.00000000
2026-09-11;Regime HMM Model;SOL;1;7;0.03769153;0;0;0;0.00000000
2026-09-11;Regime HMM Single Model;BTC;0;6;0.00854366;0;0;0;0.00000000
2026-09-11;Regime HMM Single Model;ETH;0;8;0.03155246;0;0;0;0.00000000
2026-09-11;Regime HMM Single Model;BNB;0;8;0.02512201;0;0;0;0.00000000
2026-09-11;Regime HMM Single Model;XRP;9;7;0.01620251;0;0;1;0.01520251
2026-09-11;Regime HMM Single Model;SOL;0;7;0.03769153;0;0;0;0.00000000
2026-09-11;Regime HMM ZeroMean Model;BTC;8;6;0.00854366;0;0;1;0.00754366
2026-09-11;Regime HMM ZeroMean Model;ETH;8;8;0.03155246;1;1;1;0.03055246
2026-09-11;Regime HMM ZeroMean Model;BNB;1;8;0.02512201;0;0;0;0.00000000
2026-09-11;Regime HMM ZeroMean Model;XRP;8;7;0.01620251;0;1;1;0.01520251
2026-09-11;Regime HMM ZeroMean Model;SOL;1;7;0.03769153;0;0;0;0.00000000
2026-09-11;Transformer Model;BTC;3;6;0.00854366;0;0;0;0.00000000
2026-09-11;Transformer Model;ETH;5;8;0.03155246;0;0;1;0.03055246
2026-09-11;Transformer Model;BNB;6;8;0.02512201;0;0;1;0.02412201
2026-09-11;Transformer Model;XRP;5;7;0.01620251;0;0;1;0.01520251
2026-09-11;Transformer Model;SOL;6;7;0.03769153;0;1;1;0.03669153
2026-09-11;WeightedEnsemble Model;BTC;3;6;0.00854366;0;0;0;0.00000000
2026-09-11;WeightedEnsemble Model;ETH;2;8;0.03155246;0;0;0;0.00000000
2026-09-11;WeightedEnsemble Model;BNB;3;8;0.02512201;0;0;0;0.00000000
2026-09-11;WeightedEnsemble Model;XRP;2;7;0.01620251;0;0;0;0.00000000
2026-09-11;WeightedEnsemble Model;SOL;4;7;0.03769153;0;0;0;0.00000000
2026-09-11;XGBoost Model;BTC;3;6;0.00854366;0;0;0;0.00000000
2026-09-11;XGBoost Model;ETH;4;8;0.03155246;0;0;0;0.00000000
2026-09-11;XGBoost Model;BNB;2;8;0.02512201;0;0;0;0.00000000
2026-09-11;XGBoost Model;XRP;2;7;0.01620251;0;0;0;0.00000000
2026-09-11;XGBoost Model;SOL;0;7;0.03769153;0;0;0;0.00000000
2026-09-12;Autoencoder Model;BTC;4;5;0.00068645;0;1;0;0.00000000
2026-09-12;Autoencoder Model;ETH;4;5;0.00376808;0;1;0;0.00000000
2026-09-12;Autoencoder Model;BNB;5;4;0.00115516;0;1;1;0.00015516
2026-09-12;Autoencoder Model;XRP;3;6;0.00727223;0;0;0;0.00000000
2026-09-12;Autoencoder Model;SOL;4;4;-0.00685538;1;1;1;0.00000000
2026-09-12;CatBoost Model;BTC;8;5;0.00068645;0;0;1;-0.00031355
2026-09-12;CatBoost Model;ETH;4;5;0.00376808;0;1;0;0.00000000
2026-09-12;CatBoost Model;BNB;6;4;0.00115516;0;0;1;0.00015516
2026-09-12;CatBoost Model;XRP;8;6;0.00727223;0;0;1;0.00627223
2026-09-12;CatBoost Model;SOL;6;4;-0.00685538;0;0;0;-0.00785538
2026-09-12;GARCH Model;BTC;6;5;0.00068645;0;1;1;-0.00031355
2026-09-12;GARCH Model;ETH;4;5;0.00376808;0;1;0;0.00000000
2026-09-12;GARCH Model;BNB;1;4;0.00115516;0;0;0;0.00000000
2026-09-12;GARCH Model;XRP;7;6;0.00727223;0;1;1;0.00627223
2026-09-12;GARCH Model;SOL;4;4;-0.00685538;1;1;1;0.00000000
2026-09-12;GNN Model;BTC;5;5;0.00068645;1;1;1;-0.00031355
2026-09-12;GNN Model;ETH;6;5;0.00376808;0;1;1;0.00276808
2026-09-12;GNN Model;BNB;7;4;0.00115516;0;0;1;0.00015516
2026-09-12;GNN Model;XRP;7;6;0.00727223;0;1;1;0.00627223
2026-09-12;GNN Model;SOL;6;4;-0.00685538;0;0;0;-0.00785538
2026-09-12;LaplaceMonteCarlo Model;BTC;5;5;0.00068645;1;1;1;-0.00031355
2026-09-12;LaplaceMonteCarlo Model;ETH;5;5;0.00376808;1;1;1;0.00276808
2026-09-12;LaplaceMonteCarlo Model;BNB;4;4;0.00115516;1;1;0;0.00000000
2026-09-12;LaplaceMonteCarlo Model;XRP;3;6;0.00727223;0;0;0;0.00000000
2026-09-12;LaplaceMonteCarlo Model;SOL;4;4;-0.00685538;1;1;1;0.00000000
2026-09-12;LightGBM Model;BTC;4;5;0.00068645;0;1;0;0.00000000
2026-09-12;LightGBM Model;ETH;5;5;0.00376808;1;1;1;0.00276808
2026-09-12;LightGBM Model;BNB;6;4;0.00115516;0;0;1;0.00015516
2026-09-12;LightGBM Model;XRP;8;6;0.00727223;0;0;1;0.00627223
2026-09-12;LightGBM Model;SOL;6;4;-0.00685538;0;0;0;-0.00785538
2026-09-12;Markov Model;BTC;5;5;0.00068645;1;1;1;-0.00031355
2026-09-12;Markov Model;ETH;5;5;0.00376808;1;1;1;0.00276808
2026-09-12;Markov Model;BNB;5;4;0.00115516;0;1;1;0.00015516
2026-09-12;Markov Model;XRP;7;6;0.00727223;0;1;1;0.00627223
2026-09-12;Markov Model;SOL;5;4;-0.00685538;0;1;0;-0.00785538
2026-09-12;MarkovMonteCarlo Model;BTC;5;5;0.00068645;1;1;1;-0.00031355
2026-09-12;MarkovMonteCarlo Model;ETH;4;5;0.00376808;0;1;0;0.00000000
2026-09-12;MarkovMonteCarlo Model;BNB;5;4;0.00115516;0;1;1;0.00015516
2026-09-12;MarkovMonteCarlo Model;XRP;4;6;0.00727223;0;0;0;0.00000000
2026-09-12;MarkovMonteCarlo Model;SOL;5;4;-0.00685538;0;1;0;-0.00785538
2026-09-12;OrderStatistics Baseline;BTC;4;5;0.00068645;0;1;0;0.00000000
2026-09-12;OrderStatistics Baseline;ETH;5;5;0.00376808;1;1;1;0.00276808
2026-09-12;OrderStatistics Baseline;BNB;3;4;0.00115516;0;1;0;0.00000000
2026-09-12;OrderStatistics Baseline;XRP;2;6;0.00727223;0;0;0;0.00000000
2026-09-12;OrderStatistics Baseline;SOL;6;4;-0.00685538;0;0;0;-0.00785538
2026-09-12;PoissonMonteCarlo Model;BTC;4;5;0.00068645;0;1;0;0.00000000
2026-09-12;PoissonMonteCarlo Model;ETH;5;5;0.00376808;1;1;1;0.00276808
2026-09-12;PoissonMonteCarlo Model;BNB;2;4;0.00115516;0;0;0;0.00000000
2026-09-12;PoissonMonteCarlo Model;XRP;2;6;0.00727223;0;0;0;0.00000000
2026-09-12;PoissonMonteCarlo Model;SOL;4;4;-0.00685538;1;1;1;0.00000000
2026-09-12;Regime HMM Model;BTC;8;5;0.00068645;0;0;1;-0.00031355
2026-09-12;Regime HMM Model;ETH;8;5;0.00376808;0;0;1;0.00276808
2026-09-12;Regime HMM Model;BNB;8;4;0.00115516;0;0;1;0.00015516
2026-09-12;Regime HMM Model;XRP;8;6;0.00727223;0;0;1;0.00627223
2026-09-12;Regime HMM Model;SOL;7;4;-0.00685538;0;0;0;-0.00785538
2026-09-12;Regime HMM Single Model;BTC;0;5;0.00068645;0;0;0;0.00000000
2026-09-12;Regime HMM Single Model;ETH;0;5;0.00376808;0;0;0;0.00000000
2026-09-12;Regime HMM Single Model;BNB;0;4;0.00115516;0;0;0;0.00000000
2026-09-12;Regime HMM Single Model;XRP;0;6;0.00727223;0;0;0;0.00000000
2026-09-12;Regime HMM Single Model;SOL;0;4;-0.00685538;0;0;1;0.00000000
2026-09-12;Regime HMM ZeroMean Model;BTC;8;5;0.00068645;0;0;1;-0.00031355
2026-09-12;Regime HMM ZeroMean Model;ETH;8;5;0.00376808;0;0;1;0.00276808
2026-09-12;Regime HMM ZeroMean Model;BNB;1;4;0.00115516;0;0;0;0.00000000
2026-09-12;Regime HMM ZeroMean Model;XRP;8;6;0.00727223;0;0;1;0.00627223
2026-09-12;Regime HMM ZeroMean Model;SOL;1;4;-0.00685538;0;0;1;0.00000000
2026-09-12;Transformer Model;BTC;4;5;0.00068645;0;1;0;0.00000000
2026-09-12;Transformer Model;ETH;5;5;0.00376808;1;1;1;0.00276808
2026-09-12;Transformer Model;BNB;6;4;0.00115516;0;0;1;0.00015516
2026-09-12;Transformer Model;XRP;6;6;0.00727223;1;1;1;0.00627223
2026-09-12;Transformer Model;SOL;7;4;-0.00685538;0;0;0;-0.00785538
2026-09-12;WeightedEnsemble Model;BTC;4;5;0.00068645;0;1;0;0.00000000
2026-09-12;WeightedEnsemble Model;ETH;5;5;0.00376808;1;1;1;0.00276808
2026-09-12;WeightedEnsemble Model;BNB;5;4;0.00115516;0;1;1;0.00015516
2026-09-12;WeightedEnsemble Model;XRP;8;6;0.00727223;0;0;1;0.00627223
2026-09-12;WeightedEnsemble Model;SOL;4;4;-0.00685538;1;1;1;0.00000000
2026-09-12;XGBoost Model;BTC;4;5;0.00068645;0;1;0;0.00000000
2026-09-12;XGBoost Model;ETH;7;5;0.00376808;0;0;1;0.00276808
2026-09-12;XGBoost Model;BNB;3;4;0.00115516;0;1;0;0.00000000
2026-09-12;XGBoost Model;XRP;8;6;0.00727223;0;0;1;0.00627223
2026-09-12;XGBoost Model;SOL;2;4;-0.00685538;0;0;1;0.00000000
2026-09-13;Autoencoder Model;BTC;4;3;-0.00566726;0;1;1;0.00000000
2026-09-13;Autoencoder Model;ETH;6;2;-0.01952079;0;0;0;-0.02052079
2026-09-13;Autoencoder Model;BNB;5;2;-0.01548507;0;0;0;-0.01648507
2026-09-13;Autoencoder Model;XRP;3;2;-0.01854162;0;1;1;0.00000000
2026-09-13;Autoencoder Model;SOL;6;2;-0.02447153;0;0;0;-0.02547153
2026-09-13;CatBoost Model;BTC;3;3;-0.00566726;1;1;1;0.00000000
2026-09-13;CatBoost Model;ETH;5;2;-0.01952079;0;0;0;-0.02052079
2026-09-13;CatBoost Model;BNB;9;2;-0.01548507;0;0;0;-0.01648507
2026-09-13;CatBoost Model;XRP;3;2;-0.01854162;0;1;1;0.00000000
2026-09-13;CatBoost Model;SOL;5;2;-0.02447153;0;0;0;-0.02547153
2026-09-13;GARCH Model;BTC;6;3;-0.00566726;0;0;0;-0.00666726
2026-09-13;GARCH Model;ETH;4;2;-0.01952079;0;0;1;0.00000000
2026-09-13;GARCH Model;BNB;1;2;-0.01548507;0;1;1;0.00000000
2026-09-13;GARCH Model;XRP;4;2;-0.01854162;0;0;1;0.00000000
2026-09-13;GARCH Model;SOL;6;2;-0.02447153;0;0;0;-0.02547153
2026-09-13;GNN Model;BTC;4;3;-0.00566726;0;1;1;0.00000000
2026-09-13;GNN Model;ETH;4;2;-0.01952079;0;0;1;0.00000000
2026-09-13;GNN Model;BNB;5;2;-0.01548507;0;0;0;-0.01648507
2026-09-13;GNN Model;XRP;4;2;-0.01854162;0;0;1;0.00000000
2026-09-13;GNN Model;SOL;4;2;-0.02447153;0;0;1;0.00000000
2026-09-13;LaplaceMonteCarlo Model;BTC;4;3;-0.00566726;0;1;1;0.00000000
2026-09-13;LaplaceMonteCarlo Model;ETH;3;2;-0.01952079;0;1;1;0.00000000
2026-09-13;LaplaceMonteCarlo Model;BNB;4;2;-0.01548507;0;0;1;0.00000000
2026-09-13;LaplaceMonteCarlo Model;XRP;5;2;-0.01854162;0;0;0;-0.01954162
2026-09-13;LaplaceMonteCarlo Model;SOL;5;2;-0.02447153;0;0;0;-0.02547153
2026-09-13;LightGBM Model;BTC;8;3;-0.00566726;0;0;0;-0.00666726
2026-09-13;LightGBM Model;ETH;4;2;-0.01952079;0;0;1;0.00000000
2026-09-13;LightGBM Model;BNB;5;2;-0.01548507;0;0;0;-0.01648507
2026-09-13;LightGBM Model;XRP;4;2;-0.01854162;0;0;1;0.00000000
2026-09-13;LightGBM Model;SOL;6;2;-0.02447153;0;0;0;-0.02547153
2026-09-13;Markov Model;BTC;7;3;-0.00566726;0;0;0;-0.00666726
2026-09-13;Markov Model;ETH;5;2;-0.01952079;0;0;0;-0.02052079
2026-09-13;Markov Model;BNB;6;2;-0.01548507;0;0;0;-0.01648507
2026-09-13;Markov Model;XRP;3;2;-0.01854162;0;1;1;0.00000000
2026-09-13;Markov Model;SOL;4;2;-0.02447153;0;0;1;0.00000000
2026-09-13;MarkovMonteCarlo Model;BTC;5;3;-0.00566726;0;0;0;-0.00666726
2026-09-13;MarkovMonteCarlo Model;ETH;4;2;-0.01952079;0;0;1;0.00000000
2026-09-13;MarkovMonteCarlo Model;BNB;3;2;-0.01548507;0;1;1;0.00000000
2026-09-13;MarkovMonteCarlo Model;XRP;3;2;-0.01854162;0;1;1;0.00000000
2026-09-13;MarkovMonteCarlo Model;SOL;4;2;-0.02447153;0;0;1;0.00000000
2026-09-13;OrderStatistics Baseline;BTC;4;3;-0.00566726;0;1;1;0.00000000
2026-09-13;OrderStatistics Baseline;ETH;5;2;-0.01952079;0;0;0;-0.02052079
2026-09-13;OrderStatistics Baseline;BNB;3;2;-0.01548507;0;1;1;0.00000000
2026-09-13;OrderStatistics Baseline;XRP;6;2;-0.01854162;0;0;0;-0.01954162
2026-09-13;OrderStatistics Baseline;SOL;2;2;-0.02447153;1;1;1;0.00000000
2026-09-13;PoissonMonteCarlo Model;BTC;4;3;-0.00566726;0;1;1;0.00000000
2026-09-13;PoissonMonteCarlo Model;ETH;4;2;-0.01952079;0;0;1;0.00000000
2026-09-13;PoissonMonteCarlo Model;BNB;2;2;-0.01548507;1;1;1;0.00000000
2026-09-13;PoissonMonteCarlo Model;XRP;2;2;-0.01854162;1;1;1;0.00000000
2026-09-13;PoissonMonteCarlo Model;SOL;4;2;-0.02447153;0;0;1;0.00000000
2026-09-13;Regime HMM Model;BTC;8;3;-0.00566726;0;0;0;-0.00666726
2026-09-13;Regime HMM Model;ETH;8;2;-0.01952079;0;0;0;-0.02052079
2026-09-13;Regime HMM Model;BNB;8;2;-0.01548507;0;0;0;-0.01648507
2026-09-13;Regime HMM Model;XRP;8;2;-0.01854162;0;0;0;-0.01954162
2026-09-13;Regime HMM Model;SOL;7;2;-0.02447153;0;0;0;-0.02547153
2026-09-13;Regime HMM Single Model;BTC;0;3;-0.00566726;0;0;1;0.00000000
2026-09-13;Regime HMM Single Model;ETH;0;2;-0.01952079;0;0;1;0.00000000
2026-09-13;Regime HMM Single Model;BNB;0;2;-0.01548507;0;0;1;0.00000000
2026-09-13;Regime HMM Single Model;XRP;0;2;-0.01854162;0;0;1;0.00000000
2026-09-13;Regime HMM Single Model;SOL;0;2;-0.02447153;0;0;1;0.00000000
2026-09-13;Regime HMM ZeroMean Model;BTC;8;3;-0.00566726;0;0;0;-0.00666726
2026-09-13;Regime HMM ZeroMean Model;ETH;8;2;-0.01952079;0;0;0;-0.02052079
2026-09-13;Regime HMM ZeroMean Model;BNB;1;2;-0.01548507;0;1;1;0.00000000
2026-09-13;Regime HMM ZeroMean Model;XRP;8;2;-0.01854162;0;0;0;-0.01954162
2026-09-13;Regime HMM ZeroMean Model;SOL;1;2;-0.02447153;0;1;1;0.00000000
2026-09-13;Transformer Model;BTC;4;3;-0.00566726;0;1;1;0.00000000
2026-09-13;Transformer Model;ETH;5;2;-0.01952079;0;0;0;-0.02052079
2026-09-13;Transformer Model;BNB;5;2;-0.01548507;0;0;0;-0.01648507
2026-09-13;Transformer Model;XRP;4;2;-0.01854162;0;0;1;0.00000000
2026-09-13;Transformer Model;SOL;5;2;-0.02447153;0;0;0;-0.02547153
2026-09-13;WeightedEnsemble Model;BTC;3;3;-0.00566726;1;1;1;0.00000000
2026-09-13;WeightedEnsemble Model;ETH;4;2;-0.01952079;0;0;1;0.00000000
2026-09-13;WeightedEnsemble Model;BNB;4;2;-0.01548507;0;0;1;0.00000000
2026-09-13;WeightedEnsemble Model;XRP;3;2;-0.01854162;0;1;1;0.00000000
2026-09-13;WeightedEnsemble Model;SOL;4;2;-0.02447153;0;0;1;0.00000000
2026-09-13;XGBoost Model;BTC;3;3;-0.00566726;1;1;1;0.00000000
2026-09-13;XGBoost Model;ETH;4;2;-0.01952079;0;0;1;0.00000000
2026-09-13;XGBoost Model;BNB;4;2;-0.01548507;0;0;1;0.00000000
2026-09-13;XGBoost Model;XRP;1;2;-0.01854162;0;1;1;0.00000000
2026-09-13;XGBoost Model;SOL;6;2;-0.02447153;0;0;0;-0.02547153
2026-09-14;Autoencoder Model;BTC;4;7;0.01738016;0;0;0;0.00000000
2026-09-14;Autoencoder Model;ETH;4;7;0.01548245;0;0;0;0.00000000
2026-09-14;Autoencoder Model;BNB;5;5;0.00558175;1;1;1;0.00458175
2026-09-14;Autoencoder Model;XRP;4;9;0.05927286;0;0;0;0.00000000
2026-09-14;Autoencoder Model;SOL;4;7;0.03200987;0;0;0;0.00000000
2026-09-14;CatBoost Model;BTC;5;7;0.01738016;0;0;1;0.01638016
2026-09-14;CatBoost Model;ETH;4;7;0.01548245;0;0;0;0.00000000
2026-09-14;CatBoost Model;BNB;5;5;0.00558175;1;1;1;0.00458175
2026-09-14;CatBoost Model;XRP;4;9;0.05927286;0;0;0;0.00000000
2026-09-14;CatBoost Model;SOL;2;7;0.03200987;0;0;0;0.00000000
2026-09-14;GARCH Model;BTC;6;7;0.01738016;0;1;1;0.01638016
2026-09-14;GARCH Model;ETH;4;7;0.01548245;0;0;0;0.00000000
2026-09-14;GARCH Model;BNB;2;5;0.00558175;0;0;0;0.00000000
2026-09-14;GARCH Model;XRP;4;9;0.05927286;0;0;0;0.00000000
2026-09-14;GARCH Model;SOL;6;7;0.03200987;0;1;1;0.03100987
2026-09-14;GNN Model;BTC;4;7;0.01738016;0;0;0;0.00000000
2026-09-14;GNN Model;ETH;4;7;0.01548245;0;0;0;0.00000000
2026-09-14;GNN Model;BNB;5;5;0.00558175;1;1;1;0.00458175
2026-09-14;GNN Model;XRP;3;9;0.05927286;0;0;0;0.00000000
2026-09-14;GNN Model;SOL;4;7;0.03200987;0;0;0;0.00000000
2026-09-14;LaplaceMonteCarlo Model;BTC;4;7;0.01738016;0;0;0;0.00000000
2026-09-14;LaplaceMonteCarlo Model;ETH;3;7;0.01548245;0;0;0;0.00000000
2026-09-14;LaplaceMonteCarlo Model;BNB;5;5;0.00558175;1;1;1;0.00458175
2026-09-14;LaplaceMonteCarlo Model;XRP;5;9;0.05927286;0;0;1;0.05827286
2026-09-14;LaplaceMonteCarlo Model;SOL;3;7;0.03200987;0;0;0;0.00000000
2026-09-14;LightGBM Model;BTC;6;7;0.01738016;0;1;1;0.01638016
2026-09-14;LightGBM Model;ETH;4;7;0.01548245;0;0;0;0.00000000
2026-09-14;LightGBM Model;BNB;5;5;0.00558175;1;1;1;0.00458175
2026-09-14;LightGBM Model;XRP;4;9;0.05927286;0;0;0;0.00000000
2026-09-14;LightGBM Model;SOL;7;7;0.03200987;1;1;1;0.03100987
2026-09-14;Markov Model;BTC;3;7;0.01738016;0;0;0;0.00000000
2026-09-14;Markov Model;ETH;2;7;0.01548245;0;0;0;0.00000000
2026-09-14;Markov Model;BNB;5;5;0.00558175;1;1;1;0.00458175
2026-09-14;Markov Model;XRP;4;9;0.05927286;0;0;0;0.00000000
2026-09-14;Markov Model;SOL;4;7;0.03200987;0;0;0;0.00000000
2026-09-14;MarkovMonteCarlo Model;BTC;4;7;0.01738016;0;0;0;0.00000000
2026-09-14;MarkovMonteCarlo Model;ETH;4;7;0.01548245;0;0;0;0.00000000
2026-09-14;MarkovMonteCarlo Model;BNB;5;5;0.00558175;1;1;1;0.00458175
2026-09-14;MarkovMonteCarlo Model;XRP;4;9;0.05927286;0;0;0;0.00000000
2026-09-14;MarkovMonteCarlo Model;SOL;4;7;0.03200987;0;0;0;0.00000000
2026-09-14;OrderStatistics Baseline;BTC;4;7;0.01738016;0;0;0;0.00000000
2026-09-14;OrderStatistics Baseline;ETH;5;7;0.01548245;0;0;1;0.01448245
2026-09-14;OrderStatistics Baseline;BNB;3;5;0.00558175;0;0;0;0.00000000
2026-09-14;OrderStatistics Baseline;XRP;6;9;0.05927286;0;0;1;0.05827286
2026-09-14;OrderStatistics Baseline;SOL;2;7;0.03200987;0;0;0;0.00000000
2026-09-14;PoissonMonteCarlo Model;BTC;6;7;0.01738016;0;1;1;0.01638016
2026-09-14;PoissonMonteCarlo Model;ETH;5;7;0.01548245;0;0;1;0.01448245
2026-09-14;PoissonMonteCarlo Model;BNB;6;5;0.00558175;0;1;1;0.00458175
2026-09-14;PoissonMonteCarlo Model;XRP;2;9;0.05927286;0;0;0;0.00000000
2026-09-14;PoissonMonteCarlo Model;SOL;4;7;0.03200987;0;0;0;0.00000000
2026-09-14;Regime HMM Model;BTC;8;7;0.01738016;0;1;1;0.01638016
2026-09-14;Regime HMM Model;ETH;8;7;0.01548245;0;1;1;0.01448245
2026-09-14;Regime HMM Model;BNB;8;5;0.00558175;0;0;1;0.00458175
2026-09-14;Regime HMM Model;XRP;8;9;0.05927286;0;1;1;0.05827286
2026-09-14;Regime HMM Model;SOL;7;7;0.03200987;1;1;1;0.03100987
2026-09-14;Regime HMM Single Model;BTC;0;7;0.01738016;0;0;0;0.00000000
2026-09-14;Regime HMM Single Model;ETH;0;7;0.01548245;0;0;0;0.00000000
2026-09-14;Regime HMM Single Model;BNB;0;5;0.00558175;0;0;0;0.00000000
2026-09-14;Regime HMM Single Model;XRP;0;9;0.05927286;0;0;0;0.00000000
2026-09-14;Regime HMM Single Model;SOL;0;7;0.03200987;0;0;0;0.00000000
2026-09-14;Regime HMM ZeroMean Model;BTC;8;7;0.01738016;0;1;1;0.01638016
2026-09-14;Regime HMM ZeroMean Model;ETH;8;7;0.01548245;0;1;1;0.01448245
2026-09-14;Regime HMM ZeroMean Model;BNB;1;5;0.00558175;0;0;0;0.00000000
2026-09-14;Regime HMM ZeroMean Model;XRP;8;9;0.05927286;0;1;1;0.05827286
2026-09-14;Regime HMM ZeroMean Model;SOL;1;7;0.03200987;0;0;0;0.00000000
2026-09-14;Transformer Model;BTC;4;7;0.01738016;0;0;0;0.00000000
2026-09-14;Transformer Model;ETH;3;7;0.01548245;0;0;0;0.00000000
2026-09-14;Transformer Model;BNB;5;5;0.00558175;1;1;1;0.00458175
2026-09-14;Transformer Model;XRP;4;9;0.05927286;0;0;0;0.00000000
2026-09-14;Transformer Model;SOL;4;7;0.03200987;0;0;0;0.00000000
2026-09-14;WeightedEnsemble Model;BTC;4;7;0.01738016;0;0;0;0.00000000
2026-09-14;WeightedEnsemble Model;ETH;4;7;0.01548245;0;0;0;0.00000000
2026-09-14;WeightedEnsemble Model;BNB;5;5;0.00558175;1;1;1;0.00458175
2026-09-14;WeightedEnsemble Model;XRP;4;9;0.05927286;0;0;0;0.00000000
2026-09-14;WeightedEnsemble Model;SOL;4;7;0.03200987;0;0;0;0.00000000
2026-09-14;XGBoost Model;BTC;2;7;0.01738016;0;0;0;0.00000000
2026-09-14;XGBoost Model;ETH;3;7;0.01548245;0;0;0;0.00000000
2026-09-14;XGBoost Model;BNB;5;5;0.00558175;1;1;1;0.00458175
2026-09-14;XGBoost Model;XRP;4;9;0.05927286;0;0;0;0.00000000
2026-09-14;XGBoost Model;SOL;7;7;0.03200987;1;1;1;0.03100987
2026-09-15;Autoencoder Model;BTC;4;0;-0.03308719;0;0;1;0.00000000
2026-09-15;Autoencoder Model;ETH;4;0;-0.04782750;0;0;1;0.00000000
2026-09-15;Autoencoder Model;BNB;5;2;-0.01167220;0;0;0;-0.01267220
2026-09-15;Autoencoder Model;XRP;4;0;-0.10340271;0;0;1;0.00000000
2026-09-15;Autoencoder Model;SOL;4;1;-0.05668234;0;0;1;0.00000000
2026-09-15;CatBoost Model;BTC;4;0;-0.03308719;0;0;1;0.00000000
2026-09-15;CatBoost Model;ETH;2;0;-0.04782750;0;0;1;0.00000000
2026-09-15;CatBoost Model;BNB;8;2;-0.01167220;0;0;0;-0.01267220
2026-09-15;CatBoost Model;XRP;6;0;-0.10340271;0;0;0;-0.10440271
2026-09-15;CatBoost Model;SOL;2;1;-0.05668234;0;1;1;0.00000000
2026-09-15;GARCH Model;BTC;6;0;-0.03308719;0;0;0;-0.03408719
2026-09-15;GARCH Model;ETH;4;0;-0.04782750;0;0;1;0.00000000
2026-09-15;GARCH Model;BNB;2;2;-0.01167220;1;1;1;0.00000000
2026-09-15;GARCH Model;XRP;4;0;-0.10340271;0;0;1;0.00000000
2026-09-15;GARCH Model;SOL;4;1;-0.05668234;0;0;1;0.00000000
2026-09-15;GNN Model;BTC;5;0;-0.03308719;0;0;0;-0.03408719
2026-09-15;GNN Model;ETH;6;0;-0.04782750;0;0;0;-0.04882750
2026-09-15;GNN Model;BNB;7;2;-0.01167220;0;0;0;-0.01267220
2026-09-15;GNN Model;XRP;7;0;-0.10340271;0;0;0;-0.10440271
2026-09-15;GNN Model;SOL;6;1;-0.05668234;0;0;0;-0.05768234
2026-09-15;LaplaceMonteCarlo Model;BTC;3;0;-0.03308719;0;0;1;0.00000000
2026-09-15;LaplaceMonteCarlo Model;ETH;5;0;-0.04782750;0;0;0;-0.04882750
2026-09-15;LaplaceMonteCarlo Model;BNB;3;2;-0.01167220;0;1;1;0.00000000
2026-09-15;LaplaceMonteCarlo Model;XRP;4;0;-0.10340271;0;0;1;0.00000000
2026-09-15;LaplaceMonteCarlo Model;SOL;3;1;-0.05668234;0;0;1;0.00000000
2026-09-15;LightGBM Model;BTC;1;0;-0.03308719;0;1;1;0.00000000
2026-09-15;LightGBM Model;ETH;1;0;-0.04782750;0;1;1;0.00000000
2026-09-15;LightGBM Model;BNB;8;2;-0.01167220;0;0;0;-0.01267220
2026-09-15;LightGBM Model;XRP;2;0;-0.10340271;0;0;1;0.00000000
2026-09-15;LightGBM Model;SOL;4;1;-0.05668234;0;0;1;0.00000000
2026-09-15;Markov Model;BTC;6;0;-0.03308719;0;0;0;-0.03408719
2026-09-15;Markov Model;ETH;6;0;-0.04782750;0;0;0;-0.04882750
2026-09-15;Markov Model;BNB;3;2;-0.01167220;0;1;1;0.00000000
2026-09-15;Markov Model;XRP;5;0;-0.10340271;0;0;0;-0.10440271
2026-09-15;Markov Model;SOL;5;1;-0.05668234;0;0;0;-0.05768234
2026-09-15;MarkovMonteCarlo Model;BTC;4;0;-0.03308719;0;0;1;0.00000000
2026-09-15;MarkovMonteCarlo Model;ETH;4;0;-0.04782750;0;0;1;0.00000000
2026-09-15;MarkovMonteCarlo Model;BNB;5;2;-0.01167220;0;0;0;-0.01267220
2026-09-15;MarkovMonteCarlo Model;XRP;4;0;-0.10340271;0;0;1;0.00000000
2026-09-15;MarkovMonteCarlo Model;SOL;5;1;-0.05668234;0;0;0;-0.05768234
2026-09-15;OrderStatistics Baseline;BTC;4;0;-0.03308719;0;0;1;0.00000000
2026-09-15;OrderStatistics Baseline;ETH;5;0;-0.04782750;0;0;0;-0.04882750
2026-09-15;OrderStatistics Baseline;BNB;3;2;-0.01167220;0;1;1;0.00000000
2026-09-15;OrderStatistics Baseline;XRP;2;0;-0.10340271;0;0;1;0.00000000
2026-09-15;OrderStatistics Baseline;SOL;6;1;-0.05668234;0;0;0;-0.05768234
2026-09-15;PoissonMonteCarlo Model;BTC;4;0;-0.03308719;0;0;1;0.00000000
2026-09-15;PoissonMonteCarlo Model;ETH;4;0;-0.04782750;0;0;1;0.00000000
2026-09-15;PoissonMonteCarlo Model;BNB;4;2;-0.01167220;0;0;1;0.00000000
2026-09-15;PoissonMonteCarlo Model;XRP;2;0;-0.10340271;0;0;1;0.00000000
2026-09-15;PoissonMonteCarlo Model;SOL;4;1;-0.05668234;0;0;1;0.00000000
2026-09-15;Regime HMM Model;BTC;8;0;-0.03308719;0;0;0;-0.03408719
2026-09-15;Regime HMM Model;ETH;8;0;-0.04782750;0;0;0;-0.04882750
2026-09-15;Regime HMM Model;BNB;8;2;-0.01167220;0;0;0;-0.01267220
2026-09-15;Regime HMM Model;XRP;8;0;-0.10340271;0;0;0;-0.10440271
2026-09-15;Regime HMM Model;SOL;7;1;-0.05668234;0;0;0;-0.05768234
2026-09-15;Regime HMM Single Model;BTC;0;0;-0.03308719;1;1;1;0.00000000
2026-09-15;Regime HMM Single Model;ETH;0;0;-0.04782750;1;1;1;0.00000000
2026-09-15;Regime HMM Single Model;BNB;0;2;-0.01167220;0;0;1;0.00000000
2026-09-15;Regime HMM Single Model;XRP;0;0;-0.10340271;1;1;1;0.00000000
2026-09-15;Regime HMM Single Model;SOL;0;1;-0.05668234;0;1;1;0.00000000
2026-09-15;Regime HMM ZeroMean Model;BTC;8;0;-0.03308719;0;0;0;-0.03408719
2026-09-15;Regime HMM ZeroMean Model;ETH;8;0;-0.04782750;0;0;0;-0.04882750
2026-09-15;Regime HMM ZeroMean Model;BNB;1;2;-0.01167220;0;1;1;0.00000000
2026-09-15;Regime HMM ZeroMean Model;XRP;8;0;-0.10340271;0;0;0;-0.10440271
2026-09-15;Regime HMM ZeroMean Model;SOL;1;1;-0.05668234;1;1;1;0.00000000
2026-09-15;Transformer Model;BTC;4;0;-0.03308719;0;0;1;0.00000000
2026-09-15;Transformer Model;ETH;5;0;-0.04782750;0;0;0;-0.04882750
2026-09-15;Transformer Model;BNB;5;2;-0.01167220;0;0;0;-0.01267220
2026-09-15;Transformer Model;XRP;6;0;-0.10340271;0;0;0;-0.10440271
2026-09-15;Transformer Model;SOL;5;1;-0.05668234;0;0;0;-0.05768234
2026-09-15;WeightedEnsemble Model;BTC;4;0;-0.03308719;0;0;1;0.00000000
2026-09-15;WeightedEnsemble Model;ETH;2;0;-0.04782750;0;0;1;0.00000000
2026-09-15;WeightedEnsemble Model;BNB;8;2;-0.01167220;0;0;0;-0.01267220
2026-09-15;WeightedEnsemble Model;XRP;2;0;-0.10340271;0;0;1;0.00000000
2026-09-15;WeightedEnsemble Model;SOL;4;1;-0.05668234;0;0;1;0.00000000
2026-09-15;XGBoost Model;BTC;5;0;-0.03308719;0;0;0;-0.03408719
2026-09-15;XGBoost Model;ETH;2;0;-0.04782750;0;0;1;0.00000000
2026-09-15;XGBoost Model;BNB;8;2;-0.01167220;0;0;0;-0.01267220
2026-09-15;XGBoost Model;XRP;6;0;-0.10340271;0;0;0;-0.10440271
2026-09-15;XGBoost Model;SOL;4;1;-0.05668234;0;0;1;0.00000000
2026-09-16;Autoencoder Model;BTC;4;6;0.00739586;0;0;0;0.00000000
2026-09-16;Autoencoder Model;ETH;4;6;0.00830480;0;0;0;0.00000000
2026-09-16;Autoencoder Model;BNB;5;7;0.01927764;0;0;1;0.01827764
2026-09-16;Autoencoder Model;XRP;4;6;0.01254469;0;0;0;0.00000000
2026-09-16;Autoencoder Model;SOL;4;6;0.01820650;0;0;0;0.00000000
2026-09-16;CatBoost Model;BTC;4;6;0.00739586;0;0;0;0.00000000
2026-09-16;CatBoost Model;ETH;4;6;0.00830480;0;0;0;0.00000000
2026-09-16;CatBoost Model;BNB;5;7;0.01927764;0;0;1;0.01827764
2026-09-16;CatBoost Model;XRP;3;6;0.01254469;0;0;0;0.00000000
2026-09-16;CatBoost Model;SOL;4;6;0.01820650;0;0;0;0.00000000
2026-09-16;GARCH Model;BTC;6;6;0.00739586;1;1;1;0.00639586
2026-09-16;GARCH Model;ETH;4;6;0.00830480;0;0;0;0.00000000
2026-09-16;GARCH Model;BNB;4;7;0.01927764;0;0;0;0.00000000
2026-09-16;GARCH Model;XRP;1;6;0.01254469;0;0;0;0.00000000
2026-09-16;GARCH Model;SOL;6;6;0.01820650;1;1;1;0.01720650
2026-09-16;GNN Model;BTC;4;6;0.00739586;0;0;0;0.00000000
2026-09-16;GNN Model;ETH;4;6;0.00830480;0;0;0;0.00000000
2026-09-16;GNN Model;BNB;5;7;0.01927764;0;0;1;0.01827764
2026-09-16;GNN Model;XRP;3;6;0.01254469;0;0;0;0.00000000
2026-09-16;GNN Model;SOL;4;6;0.01820650;0;0;0;0.00000000
2026-09-16;LaplaceMonteCarlo Model;BTC;4;6;0.00739586;0;0;0;0.00000000
2026-09-16;LaplaceMonteCarlo Model;ETH;3;6;0.00830480;0;0;0;0.00000000
2026-09-16;LaplaceMonteCarlo Model;BNB;4;7;0.01927764;0;0;0;0.00000000
2026-09-16;LaplaceMonteCarlo Model;XRP;3;6;0.01254469;0;0;0;0.00000000
2026-09-16;LaplaceMonteCarlo Model;SOL;5;6;0.01820650;0;1;1;0.01720650
2026-09-16;LightGBM Model;BTC;4;6;0.00739586;0;0;0;0.00000000
2026-09-16;LightGBM Model;ETH;4;6;0.00830480;0;0;0;0.00000000
2026-09-16;LightGBM Model;BNB;6;7;0.01927764;0;1;1;0.01827764
2026-09-16;LightGBM Model;XRP;6;6;0.01254469;1;1;1;0.01154469
2026-09-16;LightGBM Model;SOL;8;6;0.01820650;0;0;1;0.01720650
2026-09-16;Markov Model;BTC;1;6;0.00739586;0;0;0;0.00000000
2026-09-16;Markov Model;ETH;4;6;0.00830480;0;0;0;0.00000000
2026-09-16;Markov Model;BNB;2;7;0.01927764;0;0;0;0.00000000
2026-09-16;Markov Model;XRP;2;6;0.01254469;0;0;0;0.00000000
2026-09-16;Markov Model;SOL;4;6;0.01820650;0;0;0;0.00000000
2026-09-16;MarkovMonteCarlo Model;BTC;4;6;0.00739586;0;0;0;0.00000000
2026-09-16;MarkovMonteCarlo Model;ETH;4;6;0.00830480;0;0;0;0.00000000
2026-09-16;MarkovMonteCarlo Model;BNB;3;7;0.01927764;0;0;0;0.00000000
2026-09-16;MarkovMonteCarlo Model;XRP;2;6;0.01254469;0;0;0;0.00000000
2026-09-16;MarkovMonteCarlo Model;SOL;4;6;0.01820650;0;0;0;0.00000000
2026-09-16;OrderStatistics Baseline;BTC;4;6;0.00739586;0;0;0;0.00000000
2026-09-16;OrderStatistics Baseline;ETH;5;6;0.00830480;0;1;1;0.00730480
2026-09-16;OrderStatistics Baseline;BNB;3;7;0.01927764;0;0;0;0.00000000
2026-09-16;OrderStatistics Baseline;XRP;2;6;0.01254469;0;0;0;0.00000000
2026-09-16;OrderStatistics Baseline;SOL;6;6;0.01820650;1;1;1;0.01720650
2026-09-16;PoissonMonteCarlo Model;BTC;4;6;0.00739586;0;0;0;0.00000000
2026-09-16;PoissonMonteCarlo Model;ETH;5;6;0.00830480;0;1;1;0.00730480
2026-09-16;PoissonMonteCarlo Model;BNB;4;7;0.01927764;0;0;0;0.00000000
2026-09-16;PoissonMonteCarlo Model;XRP;2;6;0.01254469;0;0;0;0.00000000
2026-09-16;PoissonMonteCarlo Model;SOL;4;6;0.01820650;0;0;0;0.00000000
2026-09-16;Regime HMM Model;BTC;8;6;0.00739586;0;0;1;0.00639586
2026-09-16;Regime HMM Model;ETH;1;6;0.00830480;0;0;0;0.00000000
2026-09-16;Regime HMM Model;BNB;1;7;0.01927764;0;0;0;0.00000000
2026-09-16;Regime HMM Model;XRP;8;6;0.01254469;0;0;1;0.01154469
2026-09-16;Regime HMM Model;SOL;1;6;0.01820650;0;0;0;0.00000000
2026-09-16;Regime HMM Single Model;BTC;0;6;0.00739586;0;0;0;0.00000000
2026-09-16;Regime HMM Single Model;ETH;0;6;0.00830480;0;0;0;0.00000000
2026-09-16;Regime HMM Single Model;BNB;0;7;0.01927764;0;0;0;0.00000000
2026-09-16;Regime HMM Single Model;XRP;0;6;0.01254469;0;0;0;0.00000000
2026-09-16;Regime HMM Single Model;SOL;0;6;0.01820650;0;0;0;0.00000000
2026-09-16;Regime HMM ZeroMean Model;BTC;8;6;0.00739586;0;0;1;0.00639586
2026-09-16;Regime HMM ZeroMean Model;ETH;8;6;0.00830480;0;0;1;0.00730480
2026-09-16;Regime HMM ZeroMean Model;BNB;1;7;0.01927764;0;0;0;0.00000000
2026-09-16;Regime HMM ZeroMean Model;XRP;8;6;0.01254469;0;0;1;0.01154469
2026-09-16;Regime HMM ZeroMean Model;SOL;1;6;0.01820650;0;0;0;0.00000000
2026-09-16;Transformer Model;BTC;7;6;0.00739586;0;1;1;0.00639586
2026-09-16;Transformer Model;ETH;6;6;0.00830480;1;1;1;0.00730480
2026-09-16;Transformer Model;BNB;5;7;0.01927764;0;0;1;0.01827764
2026-09-16;Transformer Model;XRP;7;6;0.01254469;0;1;1;0.01154469
2026-09-16;Transformer Model;SOL;4;6;0.01820650;0;0;0;0.00000000
2026-09-16;WeightedEnsemble Model;BTC;4;6;0.00739586;0;0;0;0.00000000
2026-09-16;WeightedEnsemble Model;ETH;4;6;0.00830480;0;0;0;0.00000000
2026-09-16;WeightedEnsemble Model;BNB;4;7;0.01927764;0;0;0;0.00000000
2026-09-16;WeightedEnsemble Model;XRP;2;6;0.01254469;0;0;0;0.00000000
2026-09-16;WeightedEnsemble Model;SOL;4;6;0.01820650;0;0;0;0.00000000
2026-09-16;XGBoost Model;BTC;7;6;0.00739586;0;1;1;0.00639586
2026-09-16;XGBoost Model;ETH;4;6;0.00830480;0;0;0;0.00000000
2026-09-16;XGBoost Model;BNB;5;7;0.01927764;0;0;1;0.01827764
2026-09-16;XGBoost Model;XRP;3;6;0.01254469;0;0;0;0.00000000
2026-09-16;XGBoost Model;SOL;4;6;0.01820650;0;0;0;0.00000000
2026-09-17;Autoencoder Model;BTC;4;5;0.00276498;0;1;0;0.00000000
2026-09-17;Autoencoder Model;ETH;4;6;0.01192893;0;0;0;0.00000000
2026-09-17;Autoencoder Model;BNB;5;7;0.01699169;0;0;1;0.01599169
2026-09-17;Autoencoder Model;XRP;3;4;-0.00238838;0;1;1;0.00000000
2026-09-17;Autoencoder Model;SOL;4;7;0.02975756;0;0;0;0.00000000
2026-09-17;CatBoost Model;BTC;6;5;0.00276498;0;1;1;0.00176498
2026-09-17;CatBoost Model;ETH;0;6;0.01192893;0;0;0;0.00000000
2026-09-17;CatBoost Model;BNB;3;7;0.01699169;0;0;0;0.00000000
2026-09-17;CatBoost Model;XRP;8;4;-0.00238838;0;0;0;-0.00338838
2026-09-17;CatBoost Model;SOL;6;7;0.02975756;0;1;1;0.02875756
2026-09-17;GARCH Model;BTC;6;5;0.00276498;0;1;1;0.00176498
2026-09-17;GARCH Model;ETH;2;6;0.01192893;0;0;0;0.00000000
2026-09-17;GARCH Model;BNB;4;7;0.01699169;0;0;0;0.00000000
2026-09-17;GARCH Model;XRP;0;4;-0.00238838;0;0;1;0.00000000
2026-09-17;GARCH Model;SOL;6;7;0.02975756;0;1;1;0.02875756
2026-09-17;GNN Model;BTC;8;5;0.00276498;0;0;1;0.00176498
2026-09-17;GNN Model;ETH;6;6;0.01192893;1;1;1;0.01092893
2026-09-17;GNN Model;BNB;7;7;0.01699169;1;1;1;0.01599169
2026-09-17;GNN Model;XRP;7;4;-0.00238838;0;0;0;-0.00338838
2026-09-17;GNN Model;SOL;6;7;0.02975756;0;1;1;0.02875756
2026-09-17;LaplaceMonteCarlo Model;BTC;5;5;0.00276498;1;1;1;0.00176498
2026-09-17;LaplaceMonteCarlo Model;ETH;3;6;0.01192893;0;0;0;0.00000000
2026-09-17;LaplaceMonteCarlo Model;BNB;4;7;0.01699169;0;0;0;0.00000000
2026-09-17;LaplaceMonteCarlo Model;XRP;5;4;-0.00238838;0;1;0;-0.00338838
2026-09-17;LaplaceMonteCarlo Model;SOL;5;7;0.02975756;0;0;1;0.02875756
2026-09-17;LightGBM Model;BTC;0;5;0.00276498;0;0;0;0.00000000
2026-09-17;LightGBM Model;ETH;7;6;0.01192893;0;1;1;0.01092893
2026-09-17;LightGBM Model;BNB;1;7;0.01699169;0;0;0;0.00000000
2026-09-17;LightGBM Model;XRP;8;4;-0.00238838;0;0;0;-0.00338838
2026-09-17;LightGBM Model;SOL;8;7;0.02975756;0;1;1;0.02875756
2026-09-17;Markov Model;BTC;5;5;0.00276498;1;1;1;0.00176498
2026-09-17;Markov Model;ETH;0;6;0.01192893;0;0;0;0.00000000
2026-09-17;Markov Model;BNB;5;7;0.01699169;0;0;1;0.01599169
2026-09-17;Markov Model;XRP;8;4;-0.00238838;0;0;0;-0.00338838
2026-09-17;Markov Model;SOL;6;7;0.02975756;0;1;1;0.02875756
2026-09-17;MarkovMonteCarlo Model;BTC;3;5;0.00276498;0;0;0;0.00000000
2026-09-17;MarkovMonteCarlo Model;ETH;4;6;0.01192893;0;0;0;0.00000000
2026-09-17;MarkovMonteCarlo Model;BNB;5;7;0.01699169;0;0;1;0.01599169
2026-09-17;MarkovMonteCarlo Model;XRP;4;4;-0.00238838;1;1;1;0.00000000
2026-09-17;MarkovMonteCarlo Model;SOL;6;7;0.02975756;0;1;1;0.02875756
2026-09-17;OrderStatistics Baseline;BTC;4;5;0.00276498;0;1;0;0.00000000
2026-09-17;OrderStatistics Baseline;ETH;5;6;0.01192893;0;1;1;0.01092893
2026-09-17;OrderStatistics Baseline;BNB;3;7;0.01699169;0;0;0;0.00000000
2026-09-17;OrderStatistics Baseline;XRP;2;4;-0.00238838;0;0;1;0.00000000
2026-09-17;OrderStatistics Baseline;SOL;6;7;0.02975756;0;1;1;0.02875756
2026-09-17;PoissonMonteCarlo Model;BTC;4;5;0.00276498;0;1;0;0.00000000
2026-09-17;PoissonMonteCarlo Model;ETH;5;6;0.01192893;0;1;1;0.01092893
2026-09-17;PoissonMonteCarlo Model;BNB;4;7;0.01699169;0;0;0;0.00000000
2026-09-17;PoissonMonteCarlo Model;XRP;2;4;-0.00238838;0;0;1;0.00000000
2026-09-17;PoissonMonteCarlo Model;SOL;4;7;0.02975756;0;0;0;0.00000000
2026-09-17;Regime HMM Model;BTC;8;5;0.00276498;0;0;1;0.00176498
2026-09-17;Regime HMM Model;ETH;8;6;0.01192893;0;0;1;0.01092893
2026-09-17;Regime HMM Model;BNB;1;7;0.01699169;0;0;0;0.00000000
2026-09-17;Regime HMM Model;XRP;8;4;-0.00238838;0;0;0;-0.00338838
2026-09-17;Regime HMM Model;SOL;7;7;0.02975756;1;1;1;0.02875756
2026-09-17;Regime HMM Single Model;BTC;0;5;0.00276498;0;0;0;0.00000000
2026-09-17;Regime HMM Single Model;ETH;0;6;0.01192893;0;0;0;0.00000000
2026-09-17;Regime HMM Single Model;BNB;0;7;0.01699169;0;0;0;0.00000000
2026-09-17;Regime HMM Single Model;XRP;0;4;-0.00238838;0;0;1;0.00000000
2026-09-17;Regime HMM Single Model;SOL;0;7;0.02975756;0;0;0;0.00000000
2026-09-17;Regime HMM ZeroMean Model;BTC;8;5;0.00276498;0;0;1;0.00176498
2026-09-17;Regime HMM ZeroMean Model;ETH;8;6;0.01192893;0;0;1;0.01092893
2026-09-17;Regime HMM ZeroMean Model;BNB;1;7;0.01699169;0;0;0;0.00000000
2026-09-17;Regime HMM ZeroMean Model;XRP;8;4;-0.00238838;0;0;0;-0.00338838
2026-09-17;Regime HMM ZeroMean Model;SOL;1;7;0.02975756;0;0;0;0.00000000
2026-09-17;Transformer Model;BTC;4;5;0.00276498;0;1;0;0.00000000
2026-09-17;Transformer Model;ETH;5;6;0.01192893;0;1;1;0.01092893
2026-09-17;Transformer Model;BNB;1;7;0.01699169;0;0;0;0.00000000
2026-09-17;Transformer Model;XRP;4;4;-0.00238838;1;1;1;0.00000000
2026-09-17;Transformer Model;SOL;6;7;0.02975756;0;1;1;0.02875756
2026-09-17;WeightedEnsemble Model;BTC;5;5;0.00276498;1;1;1;0.00176498
2026-09-17;WeightedEnsemble Model;ETH;0;6;0.01192893;0;0;0;0.00000000
2026-09-17;WeightedEnsemble Model;BNB;1;7;0.01699169;0;0;0;0.00000000
2026-09-17;WeightedEnsemble Model;XRP;8;4;-0.00238838;0;0;0;-0.00338838
2026-09-17;WeightedEnsemble Model;SOL;6;7;0.02975756;0;1;1;0.02875756
2026-09-17;XGBoost Model;BTC;6;5;0.00276498;0;1;1;0.00176498
2026-09-17;XGBoost Model;ETH;3;6;0.01192893;0;0;0;0.00000000
2026-09-17;XGBoost Model;BNB;1;7;0.01699169;0;0;0;0.00000000
2026-09-17;XGBoost Model;XRP;8;4;-0.00238838;0;0;0;-0.00338838
2026-09-17;XGBoost Model;SOL;8;7;0.02975756;0;1;1;0.02875756
2026-09-18;Autoencoder Model;BTC;4;9;0.05680911;0;0;0;0.00000000
2026-09-18;Autoencoder Model;ETH;4;9;0.06519261;0;0;0;0.00000000
2026-09-18;Autoencoder Model;BNB;5;8;0.03060912;0;0;1;0.02960912
2026-09-18;Autoencoder Model;XRP;3;9;0.07423469;0;0;0;0.00000000
2026-09-18;Autoencoder Model;SOL;4;9;0.10346971;0;0;0;0.00000000
2026-09-18;CatBoost Model;BTC;4;9;0.05680911;0;0;0;0.00000000
2026-09-18;CatBoost Model;ETH;4;9;0.06519261;0;0;0;0.00000000
2026-09-18;CatBoost Model;BNB;3;8;0.03060912;0;0;0;0.00000000
2026-09-18;CatBoost Model;XRP;3;9;0.07423469;0;0;0;0.00000000
2026-09-18;CatBoost Model;SOL;4;9;0.10346971;0;0;0;0.00000000
2026-09-18;GARCH Model;BTC;6;9;0.05680911;0;0;1;0.05580911
2026-09-18;GARCH Model;ETH;4;9;0.06519261;0;0;0;0.00000000
2026-09-18;GARCH Model;BNB;4;8;0.03060912;0;0;0;0.00000000
2026-09-18;GARCH Model;XRP;0;9;0.07423469;0;0;0;0.00000000
2026-09-18;GARCH Model;SOL;6;9;0.10346971;0;0;1;0.10246971
2026-09-18;GNN Model;BTC;7;9;0.05680911;0;0;1;0.05580911
2026-09-18;GNN Model;ETH;6;9;0.06519261;0;0;1;0.06419261
2026-09-18;GNN Model;BNB;3;8;0.03060912;0;0;0;0.00000000
2026-09-18;GNN Model;XRP;8;9;0.07423469;0;1;1;0.07323469
2026-09-18;GNN Model;SOL;6;9;0.10346971;0;0;1;0.10246971
2026-09-18;LaplaceMonteCarlo Model;BTC;4;9;0.05680911;0;0;0;0.00000000
2026-09-18;LaplaceMonteCarlo Model;ETH;3;9;0.06519261;0;0;0;0.00000000
2026-09-18;LaplaceMonteCarlo Model;BNB;5;8;0.03060912;0;0;1;0.02960912
2026-09-18;LaplaceMonteCarlo Model;XRP;4;9;0.07423469;0;0;0;0.00000000
2026-09-18;LaplaceMonteCarlo Model;SOL;4;9;0.10346971;0;0;0;0.00000000
2026-09-18;LightGBM Model;BTC;3;9;0.05680911;0;0;0;0.00000000
2026-09-18;LightGBM Model;ETH;3;9;0.06519261;0;0;0;0.00000000
2026-09-18;LightGBM Model;BNB;3;8;0.03060912;0;0;0;0.00000000
2026-09-18;LightGBM Model;XRP;2;9;0.07423469;0;0;0;0.00000000
2026-09-18;LightGBM Model;SOL;7;9;0.10346971;0;0;1;0.10246971
2026-09-18;Markov Model;BTC;3;9;0.05680911;0;0;0;0.00000000
2026-09-18;Markov Model;ETH;4;9;0.06519261;0;0;0;0.00000000
2026-09-18;Markov Model;BNB;4;8;0.03060912;0;0;0;0.00000000
2026-09-18;Markov Model;XRP;4;9;0.07423469;0;0;0;0.00000000
2026-09-18;Markov Model;SOL;5;9;0.10346971;0;0;1;0.10246971
2026-09-18;MarkovMonteCarlo Model;BTC;5;9;0.05680911;0;0;1;0.05580911
2026-09-18;MarkovMonteCarlo Model;ETH;4;9;0.06519261;0;0;0;0.00000000
2026-09-18;MarkovMonteCarlo Model;BNB;3;8;0.03060912;0;0;0;0.00000000
2026-09-18;MarkovMonteCarlo Model;XRP;4;9;0.07423469;0;0;0;0.00000000
2026-09-18;MarkovMonteCarlo Model;SOL;5;9;0.10346971;0;0;1;0.10246971
2026-09-18;OrderStatistics Baseline;BTC;4;9;0.05680911;0;0;0;0.00000000
2026-09-18;OrderStatistics Baseline;ETH;5;9;0.06519261;0;0;1;0.06419261
2026-09-18;OrderStatistics Baseline;BNB;3;8;0.03060912;0;0;0;0.00000000
2026-09-18;OrderStatistics Baseline;XRP;6;9;0.07423469;0;0;1;0.07323469
2026-09-18;OrderStatistics Baseline;SOL;2;9;0.10346971;0;0;0;0.00000000
2026-09-18;PoissonMonteCarlo Model;BTC;7;9;0.05680911;0;0;1;0.05580911
2026-09-18;PoissonMonteCarlo Model;ETH;5;9;0.06519261;0;0;1;0.06419261
2026-09-18;PoissonMonteCarlo Model;BNB;2;8;0.03060912;0;0;0;0.00000000
2026-09-18;PoissonMonteCarlo Model;XRP;5;9;0.07423469;0;0;1;0.07323469
2026-09-18;PoissonMonteCarlo Model;SOL;4;9;0.10346971;0;0;0;0.00000000
2026-09-18;Regime HMM Model;BTC;8;9;0.05680911;0;1;1;0.05580911
2026-09-18;Regime HMM Model;ETH;1;9;0.06519261;0;0;0;0.00000000
2026-09-18;Regime HMM Model;BNB;1;8;0.03060912;0;0;0;0.00000000
2026-09-18;Regime HMM Model;XRP;8;9;0.07423469;0;1;1;0.07323469
2026-09-18;Regime HMM Model;SOL;7;9;0.10346971;0;0;1;0.10246971
2026-09-18;Regime HMM Single Model;BTC;0;9;0.05680911;0;0;0;0.00000000
2026-09-18;Regime HMM Single Model;ETH;0;9;0.06519261;0;0;0;0.00000000
2026-09-18;Regime HMM Single Model;BNB;0;8;0.03060912;0;0;0;0.00000000
2026-09-18;Regime HMM Single Model;XRP;0;9;0.07423469;0;0;0;0.00000000
2026-09-18;Regime HMM Single Model;SOL;0;9;0.10346971;0;0;0;0.00000000
2026-09-18;Regime HMM ZeroMean Model;BTC;8;9;0.05680911;0;1;1;0.05580911
2026-09-18;Regime HMM ZeroMean Model;ETH;8;9;0.06519261;0;1;1;0.06419261
2026-09-18;Regime HMM ZeroMean Model;BNB;1;8;0.03060912;0;0;0;0.00000000
2026-09-18;Regime HMM ZeroMean Model;XRP;8;9;0.07423469;0;1;1;0.07323469
2026-09-18;Regime HMM ZeroMean Model;SOL;1;9;0.10346971;0;0;0;0.00000000
2026-09-18;Transformer Model;BTC;4;9;0.05680911;0;0;0;0.00000000
2026-09-18;Transformer Model;ETH;5;9;0.06519261;0;0;1;0.06419261
2026-09-18;Transformer Model;BNB;7;8;0.03060912;0;1;1;0.02960912
2026-09-18;Transformer Model;XRP;6;9;0.07423469;0;0;1;0.07323469
2026-09-18;Transformer Model;SOL;5;9;0.10346971;0;0;1;0.10246971
2026-09-18;WeightedEnsemble Model;BTC;3;9;0.05680911;0;0;0;0.00000000
2026-09-18;WeightedEnsemble Model;ETH;4;9;0.06519261;0;0;0;0.00000000
2026-09-18;WeightedEnsemble Model;BNB;3;8;0.03060912;0;0;0;0.00000000
2026-09-18;WeightedEnsemble Model;XRP;4;9;0.07423469;0;0;0;0.00000000
2026-09-18;WeightedEnsemble Model;SOL;4;9;0.10346971;0;0;0;0.00000000
2026-09-18;XGBoost Model;BTC;3;9;0.05680911;0;0;0;0.00000000
2026-09-18;XGBoost Model;ETH;4;9;0.06519261;0;0;0;0.00000000
2026-09-18;XGBoost Model;BNB;3;8;0.03060912;0;0;0;0.00000000
2026-09-18;XGBoost Model;XRP;2;9;0.07423469;0;0;0;0.00000000
2026-09-18;XGBoost Model;SOL;7;9;0.10346971;0;0;1;0.10246971
2026-09-19;Autoencoder Model;BTC;4;5;0.00451628;0;1;0;0.00000000
2026-09-19;Autoencoder Model;ETH;4;6;0.00783633;0;0;0;0.00000000
2026-09-19;Autoencoder Model;BNB;5;4;0.00093217;0;1;1;-0.00006783
2026-09-19;Autoencoder Model;XRP;3;6;0.01004747;0;0;0;0.00000000
2026-09-19;Autoencoder Model;SOL;4;3;-0.01483627;0;1;1;0.00000000
2026-09-19;CatBoost Model;BTC;3;5;0.00451628;0;0;0;0.00000000
2026-09-19;CatBoost Model;ETH;4;6;0.00783633;0;0;0;0.00000000
2026-09-19;CatBoost Model;BNB;5;4;0.00093217;0;1;1;-0.00006783
2026-09-19;CatBoost Model;XRP;2;6;0.01004747;0;0;0;0.00000000
2026-09-19;CatBoost Model;SOL;3;3;-0.01483627;1;1;1;0.00000000
2026-09-19;GARCH Model;BTC;6;5;0.00451628;0;1;1;0.00351628
2026-09-19;GARCH Model;ETH;4;6;0.00783633;0;0;0;0.00000000
2026-09-19;GARCH Model;BNB;4;4;0.00093217;1;1;0;0.00000000
2026-09-19;GARCH Model;XRP;1;6;0.01004747;0;0;0;0.00000000
2026-09-19;GARCH Model;SOL;6;3;-0.01483627;0;0;0;-0.01583627
2026-09-19;GNN Model;BTC;7;5;0.00451628;0;0;1;0.00351628
2026-09-19;GNN Model;ETH;6;6;0.00783633;1;1;1;0.00683633
2026-09-19;GNN Model;BNB;3;4;0.00093217;0;1;0;0.00000000
2026-09-19;GNN Model;XRP;8;6;0.01004747;0;0;1;0.00904747
2026-09-19;GNN Model;SOL;6;3;-0.01483627;0;0;0;-0.01583627
2026-09-19;LaplaceMonteCarlo Model;BTC;5;5;0.00451628;1;1;1;0.00351628
2026-09-19;LaplaceMonteCarlo Model;ETH;4;6;0.00783633;0;0;0;0.00000000
2026-09-19;LaplaceMonteCarlo Model;BNB;4;4;0.00093217;1;1;0;0.00000000
2026-09-19;LaplaceMonteCarlo Model;XRP;3;6;0.01004747;0;0;0;0.00000000
2026-09-19;LaplaceMonteCarlo Model;SOL;3;3;-0.01483627;1;1;1;0.00000000
2026-09-19;LightGBM Model;BTC;3;5;0.00451628;0;0;0;0.00000000
2026-09-19;LightGBM Model;ETH;6;6;0.00783633;1;1;1;0.00683633
2026-09-19;LightGBM Model;BNB;2;4;0.00093217;0;0;0;0.00000000
2026-09-19;LightGBM Model;XRP;3;6;0.01004747;0;0;0;0.00000000
2026-09-19;LightGBM Model;SOL;2;3;-0.01483627;0;1;1;0.00000000
2026-09-19;Markov Model;BTC;4;5;0.00451628;0;1;0;0.00000000
2026-09-19;Markov Model;ETH;4;6;0.00783633;0;0;0;0.00000000
2026-09-19;Markov Model;BNB;2;4;0.00093217;0;0;0;0.00000000
2026-09-19;Markov Model;XRP;2;6;0.01004747;0;0;0;0.00000000
2026-09-19;Markov Model;SOL;2;3;-0.01483627;0;1;1;0.00000000
2026-09-19;MarkovMonteCarlo Model;BTC;4;5;0.00451628;0;1;0;0.00000000
2026-09-19;MarkovMonteCarlo Model;ETH;4;6;0.00783633;0;0;0;0.00000000
2026-09-19;MarkovMonteCarlo Model;BNB;3;4;0.00093217;0;1;0;0.00000000
2026-09-19;MarkovMonteCarlo Model;XRP;3;6;0.01004747;0;0;0;0.00000000
2026-09-19;MarkovMonteCarlo Model;SOL;4;3;-0.01483627;0;1;1;0.00000000
2026-09-19;OrderStatistics Baseline;BTC;4;5;0.00451628;0;1;0;0.00000000
2026-09-19;OrderStatistics Baseline;ETH;5;6;0.00783633;0;1;1;0.00683633
2026-09-19;OrderStatistics Baseline;BNB;3;4;0.00093217;0;1;0;0.00000000
2026-09-19;OrderStatistics Baseline;XRP;6;6;0.01004747;1;1;1;0.00904747
2026-09-19;OrderStatistics Baseline;SOL;2;3;-0.01483627;0;1;1;0.00000000
2026-09-19;PoissonMonteCarlo Model;BTC;2;5;0.00451628;0;0;0;0.00000000
2026-09-19;PoissonMonteCarlo Model;ETH;5;6;0.00783633;0;1;1;0.00683633
2026-09-19;PoissonMonteCarlo Model;BNB;4;4;0.00093217;1;1;0;0.00000000
2026-09-19;PoissonMonteCarlo Model;XRP;2;6;0.01004747;0;0;0;0.00000000
2026-09-19;PoissonMonteCarlo Model;SOL;4;3;-0.01483627;0;1;1;0.00000000
2026-09-19;Regime HMM Model;BTC;1;5;0.00451628;0;0;0;0.00000000
2026-09-19;Regime HMM Model;ETH;1;6;0.00783633;0;0;0;0.00000000
2026-09-19;Regime HMM Model;BNB;1;4;0.00093217;0;0;0;0.00000000
2026-09-19;Regime HMM Model;XRP;1;6;0.01004747;0;0;0;0.00000000
2026-09-19;Regime HMM Model;SOL;1;3;-0.01483627;0;0;1;0.00000000
2026-09-19;Regime HMM Single Model;BTC;0;5;0.00451628;0;0;0;0.00000000
2026-09-19;Regime HMM Single Model;ETH;0;6;0.00783633;0;0;0;0.00000000
2026-09-19;Regime HMM Single Model;BNB;0;4;0.00093217;0;0;0;0.00000000
2026-09-19;Regime HMM Single Model;XRP;0;6;0.01004747;0;0;0;0.00000000
2026-09-19;Regime HMM Single Model;SOL;0;3;-0.01483627;0;0;1;0.00000000
2026-09-19;Regime HMM ZeroMean Model;BTC;8;5;0.00451628;0;0;1;0.00351628
2026-09-19;Regime HMM ZeroMean Model;ETH;8;6;0.00783633;0;0;1;0.00683633
2026-09-19;Regime HMM ZeroMean Model;BNB;1;4;0.00093217;0;0;0;0.00000000
2026-09-19;Regime HMM ZeroMean Model;XRP;8;6;0.01004747;0;0;1;0.00904747
2026-09-19;Regime HMM ZeroMean Model;SOL;1;3;-0.01483627;0;0;1;0.00000000
2026-09-19;Transformer Model;BTC;4;5;0.00451628;0;1;0;0.00000000
2026-09-19;Transformer Model;ETH;3;6;0.00783633;0;0;0;0.00000000
2026-09-19;Transformer Model;BNB;1;4;0.00093217;0;0;0;0.00000000
2026-09-19;Transformer Model;XRP;2;6;0.01004747;0;0;0;0.00000000
2026-09-19;Transformer Model;SOL;2;3;-0.01483627;0;1;1;0.00000000
2026-09-19;WeightedEnsemble Model;BTC;3;5;0.00451628;0;0;0;0.00000000
2026-09-19;WeightedEnsemble Model;ETH;4;6;0.00783633;0;0;0;0.00000000
2026-09-19;WeightedEnsemble Model;BNB;2;4;0.00093217;0;0;0;0.00000000
2026-09-19;WeightedEnsemble Model;XRP;2;6;0.01004747;0;0;0;0.00000000
2026-09-19;WeightedEnsemble Model;SOL;2;3;-0.01483627;0;1;1;0.00000000
2026-09-19;XGBoost Model;BTC;3;5;0.00451628;0;0;0;0.00000000
2026-09-19;XGBoost Model;ETH;6;6;0.00783633;1;1;1;0.00683633
2026-09-19;XGBoost Model;BNB;2;4;0.00093217;0;0;0;0.00000000
2026-09-19;XGBoost Model;XRP;5;6;0.01004747;0;1;1;0.00904747
2026-09-19;XGBoost Model;SOL;2;3;-0.01483627;0;1;1;0.00000000
2026-09-20;Autoencoder Model;BTC;4;4;-0.00088642;1;1;1;0.00000000
2026-09-20;Autoencoder Model;ETH;4;5;0.00474432;0;1;0;0.00000000
2026-09-20;Autoencoder Model;BNB;5;7;0.01373687;0;0;1;0.01273687
2026-09-20;Autoencoder Model;XRP;4;5;0.00007090;0;1;0;0.00000000
2026-09-20;Autoencoder Model;SOL;4;5;0.00098997;0;1;0;0.00000000
2026-09-20;CatBoost Model;BTC;3;4;-0.00088642;0;1;1;0.00000000
2026-09-20;CatBoost Model;ETH;1;5;0.00474432;0;0;0;0.00000000
2026-09-20;CatBoost Model;BNB;2;7;0.01373687;0;0;0;0.00000000
2026-09-20;CatBoost Model;XRP;2;5;0.00007090;0;0;0;0.00000000
2026-09-20;CatBoost Model;SOL;5;5;0.00098997;1;1;1;-0.00001003
2026-09-20;GARCH Model;BTC;6;4;-0.00088642;0;0;0;-0.00188642
2026-09-20;GARCH Model;ETH;7;5;0.00474432;0;0;1;0.00374432
2026-09-20;GARCH Model;BNB;4;7;0.01373687;0;0;0;0.00000000
2026-09-20;GARCH Model;XRP;0;5;0.00007090;0;0;0;0.00000000
2026-09-20;GARCH Model;SOL;7;5;0.00098997;0;0;1;-0.00001003
2026-09-20;GNN Model;BTC;0;4;-0.00088642;0;0;1;0.00000000
2026-09-20;GNN Model;ETH;6;5;0.00474432;0;1;1;0.00374432
2026-09-20;GNN Model;BNB;7;7;0.01373687;1;1;1;0.01273687
2026-09-20;GNN Model;XRP;7;5;0.00007090;0;0;1;-0.00092910
2026-09-20;GNN Model;SOL;6;5;0.00098997;0;1;1;-0.00001003
2026-09-20;LaplaceMonteCarlo Model;BTC;5;4;-0.00088642;0;1;0;-0.00188642
2026-09-20;LaplaceMonteCarlo Model;ETH;3;5;0.00474432;0;0;0;0.00000000
2026-09-20;LaplaceMonteCarlo Model;BNB;3;7;0.01373687;0;0;0;0.00000000
2026-09-20;LaplaceMonteCarlo Model;XRP;4;5;0.00007090;0;1;0;0.00000000
2026-09-20;LaplaceMonteCarlo Model;SOL;5;5;0.00098997;1;1;1;-0.00001003
2026-09-20;LightGBM Model;BTC;2;4;-0.00088642;0;0;1;0.00000000
2026-09-20;LightGBM Model;ETH;1;5;0.00474432;0;0;0;0.00000000
2026-09-20;LightGBM Model;BNB;2;7;0.01373687;0;0;0;0.00000000
2026-09-20;LightGBM Model;XRP;9;5;0.00007090;0;0;1;-0.00092910
2026-09-20;LightGBM Model;SOL;2;5;0.00098997;0;0;0;0.00000000
2026-09-20;Markov Model;BTC;3;4;-0.00088642;0;1;1;0.00000000
2026-09-20;Markov Model;ETH;2;5;0.00474432;0;0;0;0.00000000
2026-09-20;Markov Model;BNB;3;7;0.01373687;0;0;0;0.00000000
2026-09-20;Markov Model;XRP;3;5;0.00007090;0;0;0;0.00000000
2026-09-20;Markov Model;SOL;5;5;0.00098997;1;1;1;-0.00001003
2026-09-20;MarkovMonteCarlo Model;BTC;3;4;-0.00088642;0;1;1;0.00000000
2026-09-20;MarkovMonteCarlo Model;ETH;2;5;0.00474432;0;0;0;0.00000000
2026-09-20;MarkovMonteCarlo Model;BNB;3;7;0.01373687;0;0;0;0.00000000
2026-09-20;MarkovMonteCarlo Model;XRP;2;5;0.00007090;0;0;0;0.00000000
2026-09-20;MarkovMonteCarlo Model;SOL;5;5;0.00098997;1;1;1;-0.00001003
2026-09-20;OrderStatistics Baseline;BTC;4;4;-0.00088642;1;1;1;0.00000000
2026-09-20;OrderStatistics Baseline;ETH;5;5;0.00474432;1;1;1;0.00374432
2026-09-20;OrderStatistics Baseline;BNB;3;7;0.01373687;0;0;0;0.00000000
2026-09-20;OrderStatistics Baseline;XRP;6;5;0.00007090;0;1;1;-0.00092910
2026-09-20;OrderStatistics Baseline;SOL;2;5;0.00098997;0;0;0;0.00000000
2026-09-20;PoissonMonteCarlo Model;BTC;2;4;-0.00088642;0;0;1;0.00000000
2026-09-20;PoissonMonteCarlo Model;ETH;5;5;0.00474432;1;1;1;0.00374432
2026-09-20;PoissonMonteCarlo Model;BNB;4;7;0.01373687;0;0;0;0.00000000
2026-09-20;PoissonMonteCarlo Model;XRP;5;5;0.00007090;1;1;1;-0.00092910
2026-09-20;PoissonMonteCarlo Model;SOL;2;5;0.00098997;0;0;0;0.00000000
2026-09-20;Regime HMM Model;BTC;8;4;-0.00088642;0;0;0;-0.00188642
2026-09-20;Regime HMM Model;ETH;8;5;0.00474432;0;0;1;0.00374432
2026-09-20;Regime HMM Model;BNB;1;7;0.01373687;0;0;0;0.00000000
2026-09-20;Regime HMM Model;XRP;1;5;0.00007090;0;0;0;0.00000000
2026-09-20;Regime HMM Model;SOL;1;5;0.00098997;0;0;0;0.00000000
2026-09-20;Regime HMM Single Model;BTC;0;4;-0.00088642;0;0;1;0.00000000
2026-09-20;Regime HMM Single Model;ETH;0;5;0.00474432;0;0;0;0.00000000
2026-09-20;Regime HMM Single Model;BNB;0;7;0.01373687;0;0;0;0.00000000
2026-09-20;Regime HMM Single Model;XRP;0;5;0.00007090;0;0;0;0.00000000
2026-09-20;Regime HMM Single Model;SOL;0;5;0.00098997;0;0;0;0.00000000
2026-09-20;Regime HMM ZeroMean Model;BTC;8;4;-0.00088642;0;0;0;-0.00188642
2026-09-20;Regime HMM ZeroMean Model;ETH;8;5;0.00474432;0;0;1;0.00374432
2026-09-20;Regime HMM ZeroMean Model;BNB;1;7;0.01373687;0;0;0;0.00000000
2026-09-20;Regime HMM ZeroMean Model;XRP;8;5;0.00007090;0;0;1;-0.00092910
2026-09-20;Regime HMM ZeroMean Model;SOL;1;5;0.00098997;0;0;0;0.00000000
2026-09-20;Transformer Model;BTC;4;4;-0.00088642;1;1;1;0.00000000
2026-09-20;Transformer Model;ETH;5;5;0.00474432;1;1;1;0.00374432
2026-09-20;Transformer Model;BNB;4;7;0.01373687;0;0;0;0.00000000
2026-09-20;Transformer Model;XRP;6;5;0.00007090;0;1;1;-0.00092910
2026-09-20;Transformer Model;SOL;3;5;0.00098997;0;0;0;0.00000000
2026-09-20;WeightedEnsemble Model;BTC;3;4;-0.00088642;0;1;1;0.00000000
2026-09-20;WeightedEnsemble Model;ETH;1;5;0.00474432;0;0;0;0.00000000
2026-09-20;WeightedEnsemble Model;BNB;2;7;0.01373687;0;0;0;0.00000000
2026-09-20;WeightedEnsemble Model;XRP;2;5;0.00007090;0;0;0;0.00000000
2026-09-20;WeightedEnsemble Model;SOL;5;5;0.00098997;1;1;1;-0.00001003
2026-09-20;XGBoost Model;BTC;4;4;-0.00088642;1;1;1;0.00000000
2026-09-20;XGBoost Model;ETH;1;5;0.00474432;0;0;0;0.00000000
2026-09-20;XGBoost Model;BNB;2;7;0.01373687;0;0;0;0.00000000
2026-09-20;XGBoost Model;XRP;9;5;0.00007090;0;0;1;-0.00092910
2026-09-20;XGBoost Model;SOL;6;5;0.00098997;0;1;1;-0.00001003
2026-09-21;Autoencoder Model;BTC;4;9;0.06488646;0;0;0;0.00000000
2026-09-21;Autoencoder Model;ETH;4;9;0.04832903;0;0;0;0.00000000
2026-09-21;Autoencoder Model;BNB;5;8;0.03416428;0;0;1;0.03316428
2026-09-21;Autoencoder Model;XRP;4;9;0.08543268;0;0;0;0.00000000
2026-09-21;Autoencoder Model;SOL;4;9;0.06722224;0;0;0;0.00000000
2026-09-21;CatBoost Model;BTC;7;9;0.06488646;0;0;1;0.06388646
2026-09-21;CatBoost Model;ETH;2;9;0.04832903;0;0;0;0.00000000
2026-09-21;CatBoost Model;BNB;2;8;0.03416428;0;0;0;0.00000000
2026-09-21;CatBoost Model;XRP;1;9;0.08543268;0;0;0;0.00000000
2026-09-21;CatBoost Model;SOL;2;9;0.06722224;0;0;0;0.00000000
2026-09-21;GARCH Model;BTC;6;9;0.06488646;0;0;1;0.06388646
2026-09-21;GARCH Model;ETH;2;9;0.04832903;0;0;0;0.00000000
2026-09-21;GARCH Model;BNB;4;8;0.03416428;0;0;0;0.00000000
2026-09-21;GARCH Model;XRP;8;9;0.08543268;0;1;1;0.08443268
2026-09-21;GARCH Model;SOL;7;9;0.06722224;0;0;1;0.06622224
2026-09-21;GNN Model;BTC;7;9;0.06488646;0;0;1;0.06388646
2026-09-21;GNN Model;ETH;6;9;0.04832903;0;0;1;0.04732903
2026-09-21;GNN Model;BNB;3;8;0.03416428;0;0;0;0.00000000
2026-09-21;GNN Model;XRP;8;9;0.08543268;0;1;1;0.08443268
2026-09-21;GNN Model;SOL;6;9;0.06722224;0;0;1;0.06622224
2026-09-21;LaplaceMonteCarlo Model;BTC;4;9;0.06488646;0;0;0;0.00000000
2026-09-21;LaplaceMonteCarlo Model;ETH;5;9;0.04832903;0;0;1;0.04732903
2026-09-21;LaplaceMonteCarlo Model;BNB;4;8;0.03416428;0;0;0;0.00000000
2026-09-21;LaplaceMonteCarlo Model;XRP;4;9;0.08543268;0;0;0;0.00000000
2026-09-21;LaplaceMonteCarlo Model;SOL;3;9;0.06722224;0;0;0;0.00000000
2026-09-21;LightGBM Model;BTC;9;9;0.06488646;1;1;1;0.06388646
2026-09-21;LightGBM Model;ETH;3;9;0.04832903;0;0;0;0.00000000
2026-09-21;LightGBM Model;BNB;3;8;0.03416428;0;0;0;0.00000000
2026-09-21;LightGBM Model;XRP;1;9;0.08543268;0;0;0;0.00000000
2026-09-21;LightGBM Model;SOL;7;9;0.06722224;0;0;1;0.06622224
2026-09-21;Markov Model;BTC;4;9;0.06488646;0;0;0;0.00000000
2026-09-21;Markov Model;ETH;1;9;0.04832903;0;0;0;0.00000000
2026-09-21;Markov Model;BNB;5;8;0.03416428;0;0;1;0.03316428
2026-09-21;Markov Model;XRP;2;9;0.08543268;0;0;0;0.00000000
2026-09-21;Markov Model;SOL;6;9;0.06722224;0;0;1;0.06622224
2026-09-21;MarkovMonteCarlo Model;BTC;4;9;0.06488646;0;0;0;0.00000000
2026-09-21;MarkovMonteCarlo Model;ETH;4;9;0.04832903;0;0;0;0.00000000
2026-09-21;MarkovMonteCarlo Model;BNB;5;8;0.03416428;0;0;1;0.03316428
2026-09-21;MarkovMonteCarlo Model;XRP;4;9;0.08543268;0;0;0;0.00000000
2026-09-21;MarkovMonteCarlo Model;SOL;5;9;0.06722224;0;0;1;0.06622224
2026-09-21;OrderStatistics Baseline;BTC;4;9;0.06488646;0;0;0;0.00000000
2026-09-21;OrderStatistics Baseline;ETH;5;9;0.04832903;0;0;1;0.04732903
2026-09-21;OrderStatistics Baseline;BNB;3;8;0.03416428;0;0;0;0.00000000
2026-09-21;OrderStatistics Baseline;XRP;6;9;0.08543268;0;0;1;0.08443268
2026-09-21;OrderStatistics Baseline;SOL;2;9;0.06722224;0;0;0;0.00000000
2026-09-21;PoissonMonteCarlo Model;BTC;7;9;0.06488646;0;0;1;0.06388646
2026-09-21;PoissonMonteCarlo Model;ETH;6;9;0.04832903;0;0;1;0.04732903
2026-09-21;PoissonMonteCarlo Model;BNB;4;8;0.03416428;0;0;0;0.00000000
2026-09-21;PoissonMonteCarlo Model;XRP;2;9;0.08543268;0;0;0;0.00000000
2026-09-21;PoissonMonteCarlo Model;SOL;4;9;0.06722224;0;0;0;0.00000000
2026-09-21;Regime HMM Model;BTC;8;9;0.06488646;0;1;1;0.06388646
2026-09-21;Regime HMM Model;ETH;1;9;0.04832903;0;0;0;0.00000000
2026-09-21;Regime HMM Model;BNB;1;8;0.03416428;0;0;0;0.00000000
2026-09-21;Regime HMM Model;XRP;1;9;0.08543268;0;0;0;0.00000000
2026-09-21;Regime HMM Model;SOL;1;9;0.06722224;0;0;0;0.00000000
2026-09-21;Regime HMM Single Model;BTC;0;9;0.06488646;0;0;0;0.00000000
2026-09-21;Regime HMM Single Model;ETH;0;9;0.04832903;0;0;0;0.00000000
2026-09-21;Regime HMM Single Model;BNB;0;8;0.03416428;0;0;0;0.00000000
2026-09-21;Regime HMM Single Model;XRP;0;9;0.08543268;0;0;0;0.00000000
2026-09-21;Regime HMM Single Model;SOL;0;9;0.06722224;0;0;0;0.00000000
2026-09-21;Regime HMM ZeroMean Model;BTC;8;9;0.06488646;0;1;1;0.06388646
2026-09-21;Regime HMM ZeroMean Model;ETH;8;9;0.04832903;0;1;1;0.04732903
2026-09-21;Regime HMM ZeroMean Model;BNB;1;8;0.03416428;0;0;0;0.00000000
2026-09-21;Regime HMM ZeroMean Model;XRP;8;9;0.08543268;0;1;1;0.08443268
2026-09-21;Regime HMM ZeroMean Model;SOL;1;9;0.06722224;0;0;0;0.00000000
2026-09-21;Transformer Model;BTC;4;9;0.06488646;0;0;0;0.00000000
2026-09-21;Transformer Model;ETH;2;9;0.04832903;0;0;0;0.00000000
2026-09-21;Transformer Model;BNB;4;8;0.03416428;0;0;0;0.00000000
2026-09-21;Transformer Model;XRP;6;9;0.08543268;0;0;1;0.08443268
2026-09-21;Transformer Model;SOL;3;9;0.06722224;0;0;0;0.00000000
2026-09-21;WeightedEnsemble Model;BTC;4;9;0.06488646;0;0;0;0.00000000
2026-09-21;WeightedEnsemble Model;ETH;0;9;0.04832903;0;0;0;0.00000000
2026-09-21;WeightedEnsemble Model;BNB;3;8;0.03416428;0;0;0;0.00000000
2026-09-21;WeightedEnsemble Model;XRP;1;9;0.08543268;0;0;0;0.00000000
2026-09-21;WeightedEnsemble Model;SOL;4;9;0.06722224;0;0;0;0.00000000
2026-09-21;XGBoost Model;BTC;0;9;0.06488646;0;0;0;0.00000000
2026-09-21;XGBoost Model;ETH;0;9;0.04832903;0;0;0;0.00000000
2026-09-21;XGBoost Model;BNB;3;8;0.03416428;0;0;0;0.00000000
2026-09-21;XGBoost Model;XRP;1;9;0.08543268;0;0;0;0.00000000
2026-09-21;XGBoost Model;SOL;4;9;0.06722224;0;0;0;0.00000000
2026-09-22;Autoencoder Model;BTC;3;3;-0.00476126;1;1;1;0.00000000
2026-09-22;Autoencoder Model;ETH;3;3;-0.00815944;1;1;1;0.00000000
2026-09-22;Autoencoder Model;BNB;5;2;-0.01389375;0;0;0;-0.01489375
2026-09-22;Autoencoder Model;XRP;4;7;0.02341696;0;0;0;0.00000000
2026-09-22;Autoencoder Model;SOL;4;4;-0.00277930;1;1;1;0.00000000
2026-09-22;CatBoost Model;BTC;2;3;-0.00476126;0;1;1;0.00000000
2026-09-22;CatBoost Model;ETH;4;3;-0.00815944;0;1;1;0.00000000
2026-09-22;CatBoost Model;BNB;3;2;-0.01389375;0;1;1;0.00000000
2026-09-22;CatBoost Model;XRP;6;7;0.02341696;0;1;1;0.02241696
2026-09-22;CatBoost Model;SOL;4;4;-0.00277930;1;1;1;0.00000000
2026-09-22;GARCH Model;BTC;6;3;-0.00476126;0;0;0;-0.00576126
2026-09-22;GARCH Model;ETH;7;3;-0.00815944;0;0;0;-0.00915944
2026-09-22;GARCH Model;BNB;4;2;-0.01389375;0;0;1;0.00000000
2026-09-22;GARCH Model;XRP;8;7;0.02341696;0;1;1;0.02241696
2026-09-22;GARCH Model;SOL;7;4;-0.00277930;0;0;0;-0.00377930
2026-09-22;GNN Model;BTC;4;3;-0.00476126;0;1;1;0.00000000
2026-09-22;GNN Model;ETH;4;3;-0.00815944;0;1;1;0.00000000
2026-09-22;GNN Model;BNB;5;2;-0.01389375;0;0;0;-0.01489375
2026-09-22;GNN Model;XRP;3;7;0.02341696;0;0;0;0.00000000
2026-09-22;GNN Model;SOL;4;4;-0.00277930;1;1;1;0.00000000
2026-09-22;LaplaceMonteCarlo Model;BTC;3;3;-0.00476126;1;1;1;0.00000000
2026-09-22;LaplaceMonteCarlo Model;ETH;4;3;-0.00815944;0;1;1;0.00000000
2026-09-22;LaplaceMonteCarlo Model;BNB;3;2;-0.01389375;0;1;1;0.00000000
2026-09-22;LaplaceMonteCarlo Model;XRP;3;7;0.02341696;0;0;0;0.00000000
2026-09-22;LaplaceMonteCarlo Model;SOL;4;4;-0.00277930;1;1;1;0.00000000
2026-09-22;LightGBM Model;BTC;3;3;-0.00476126;1;1;1;0.00000000
2026-09-22;LightGBM Model;ETH;2;3;-0.00815944;0;1;1;0.00000000
2026-09-22;LightGBM Model;BNB;2;2;-0.01389375;1;1;1;0.00000000
2026-09-22;LightGBM Model;XRP;2;7;0.02341696;0;0;0;0.00000000
2026-09-22;LightGBM Model;SOL;5;4;-0.00277930;0;1;0;-0.00377930
2026-09-22;Markov Model;BTC;7;3;-0.00476126;0;0;0;-0.00576126
2026-09-22;Markov Model;ETH;4;3;-0.00815944;0;1;1;0.00000000
2026-09-22;Markov Model;BNB;2;2;-0.01389375;1;1;1;0.00000000
2026-09-22;Markov Model;XRP;4;7;0.02341696;0;0;0;0.00000000
2026-09-22;Markov Model;SOL;4;4;-0.00277930;1;1;1;0.00000000
2026-09-22;MarkovMonteCarlo Model;BTC;4;3;-0.00476126;0;1;1;0.00000000
2026-09-22;MarkovMonteCarlo Model;ETH;4;3;-0.00815944;0;1;1;0.00000000
2026-09-22;MarkovMonteCarlo Model;BNB;3;2;-0.01389375;0;1;1;0.00000000
2026-09-22;MarkovMonteCarlo Model;XRP;4;7;0.02341696;0;0;0;0.00000000
2026-09-22;MarkovMonteCarlo Model;SOL;5;4;-0.00277930;0;1;0;-0.00377930
2026-09-22;OrderStatistics Baseline;BTC;4;3;-0.00476126;0;1;1;0.00000000
2026-09-22;OrderStatistics Baseline;ETH;5;3;-0.00815944;0;0;0;-0.00915944
2026-09-22;OrderStatistics Baseline;BNB;3;2;-0.01389375;0;1;1;0.00000000
2026-09-22;OrderStatistics Baseline;XRP;6;7;0.02341696;0;1;1;0.02241696
2026-09-22;OrderStatistics Baseline;SOL;2;4;-0.00277930;0;0;1;0.00000000
2026-09-22;PoissonMonteCarlo Model;BTC;6;3;-0.00476126;0;0;0;-0.00576126
2026-09-22;PoissonMonteCarlo Model;ETH;5;3;-0.00815944;0;0;0;-0.00915944
2026-09-22;PoissonMonteCarlo Model;BNB;4;2;-0.01389375;0;0;1;0.00000000
2026-09-22;PoissonMonteCarlo Model;XRP;2;7;0.02341696;0;0;0;0.00000000
2026-09-22;PoissonMonteCarlo Model;SOL;4;4;-0.00277930;1;1;1;0.00000000
2026-09-22;Regime HMM Model;BTC;8;3;-0.00476126;0;0;0;-0.00576126
2026-09-22;Regime HMM Model;ETH;1;3;-0.00815944;0;0;1;0.00000000
2026-09-22;Regime HMM Model;BNB;1;2;-0.01389375;0;1;1;0.00000000
2026-09-22;Regime HMM Model;XRP;1;7;0.02341696;0;0;0;0.00000000
2026-09-22;Regime HMM Model;SOL;1;4;-0.00277930;0;0;1;0.00000000
2026-09-22;Regime HMM Single Model;BTC;0;3;-0.00476126;0;0;1;0.00000000
2026-09-22;Regime HMM Single Model;ETH;0;3;-0.00815944;0;0;1;0.00000000
2026-09-22;Regime HMM Single Model;BNB;0;2;-0.01389375;0;0;1;0.00000000
2026-09-22;Regime HMM Single Model;XRP;0;7;0.02341696;0;0;0;0.00000000
2026-09-22;Regime HMM Single Model;SOL;0;4;-0.00277930;0;0;1;0.00000000
2026-09-22;Regime HMM ZeroMean Model;BTC;8;3;-0.00476126;0;0;0;-0.00576126
2026-09-22;Regime HMM ZeroMean Model;ETH;8;3;-0.00815944;0;0;0;-0.00915944
2026-09-22;Regime HMM ZeroMean Model;BNB;1;2;-0.01389375;0;1;1;0.00000000
2026-09-22;Regime HMM ZeroMean Model;XRP;8;7;0.02341696;0;1;1;0.02241696
2026-09-22;Regime HMM ZeroMean Model;SOL;1;4;-0.00277930;0;0;1;0.00000000
2026-09-22;Transformer Model;BTC;2;3;-0.00476126;0;1;1;0.00000000
2026-09-22;Transformer Model;ETH;0;3;-0.00815944;0;0;1;0.00000000
2026-09-22;Transformer Model;BNB;3;2;-0.01389375;0;1;1;0.00000000
2026-09-22;Transformer Model;XRP;2;7;0.02341696;0;0;0;0.00000000
2026-09-22;Transformer Model;SOL;0;4;-0.00277930;0;0;1;0.00000000
2026-09-22;WeightedEnsemble Model;BTC;3;3;-0.00476126;1;1;1;0.00000000
2026-09-22;WeightedEnsemble Model;ETH;4;3;-0.00815944;0;1;1;0.00000000
2026-09-22;WeightedEnsemble Model;BNB;3;2;-0.01389375;0;1;1;0.00000000
2026-09-22;WeightedEnsemble Model;XRP;2;7;0.02341696;0;0;0;0.00000000
2026-09-22;WeightedEnsemble Model;SOL;4;4;-0.00277930;1;1;1;0.00000000
2026-09-22;XGBoost Model;BTC;3;3;-0.00476126;1;1;1;0.00000000
2026-09-22;XGBoost Model;ETH;2;3;-0.00815944;0;1;1;0.00000000
2026-09-22;XGBoost Model;BNB;3;2;-0.01389375;0;1;1;0.00000000
2026-09-22;XGBoost Model;XRP;2;7;0.02341696;0;0;0;0.00000000
2026-09-22;XGBoost Model;SOL;5;4;-0.00277930;0;1;0;-0.00377930
2026-09-23;Autoencoder Model;BTC;4;1;-0.02123051;0;0;1;0.00000000
2026-09-23;Autoencoder Model;ETH;4;1;-0.02534733;0;0;1;0.00000000
2026-09-23;Autoencoder Model;BNB;5;1;-0.02699809;0;0;0;-0.02799809
2026-09-23;Autoencoder Model;XRP;3;1;-0.04666233;0;0;1;0.00000000
2026-09-23;Autoencoder Model;SOL;4;2;-0.03065834;0;0;1;0.00000000
2026-09-23;CatBoost Model;BTC;1;1;-0.02123051;1;1;1;0.00000000
2026-09-23;CatBoost Model;ETH;1;1;-0.02534733;1;1;1;0.00000000
2026-09-23;CatBoost Model;BNB;3;1;-0.02699809;0;0;1;0.00000000
2026-09-23;CatBoost Model;XRP;1;1;-0.04666233;1;1;1;0.00000000
2026-09-23;CatBoost Model;SOL;6;2;-0.03065834;0;0;0;-0.03165834
2026-09-23;GARCH Model;BTC;2;1;-0.02123051;0;1;1;0.00000000
2026-09-23;GARCH Model;ETH;7;1;-0.02534733;0;0;0;-0.02634733
2026-09-23;GARCH Model;BNB;4;1;-0.02699809;0;0;1;0.00000000
2026-09-23;GARCH Model;XRP;0;1;-0.04666233;0;1;1;0.00000000
2026-09-23;GARCH Model;SOL;7;2;-0.03065834;0;0;0;-0.03165834
2026-09-23;GNN Model;BTC;8;1;-0.02123051;0;0;0;-0.02223051
2026-09-23;GNN Model;ETH;6;1;-0.02534733;0;0;0;-0.02634733
2026-09-23;GNN Model;BNB;7;1;-0.02699809;0;0;0;-0.02799809
2026-09-23;GNN Model;XRP;7;1;-0.04666233;0;0;0;-0.04766233
2026-09-23;GNN Model;SOL;6;2;-0.03065834;0;0;0;-0.03165834
2026-09-23;LaplaceMonteCarlo Model;BTC;3;1;-0.02123051;0;0;1;0.00000000
2026-09-23;LaplaceMonteCarlo Model;ETH;4;1;-0.02534733;0;0;1;0.00000000
2026-09-23;LaplaceMonteCarlo Model;BNB;5;1;-0.02699809;0;0;0;-0.02799809
2026-09-23;LaplaceMonteCarlo Model;XRP;5;1;-0.04666233;0;0;0;-0.04766233
2026-09-23;LaplaceMonteCarlo Model;SOL;5;2;-0.03065834;0;0;0;-0.03165834
2026-09-23;LightGBM Model;BTC;5;1;-0.02123051;0;0;0;-0.02223051
2026-09-23;LightGBM Model;ETH;1;1;-0.02534733;1;1;1;0.00000000
2026-09-23;LightGBM Model;BNB;5;1;-0.02699809;0;0;0;-0.02799809
2026-09-23;LightGBM Model;XRP;2;1;-0.04666233;0;1;1;0.00000000
2026-09-23;LightGBM Model;SOL;1;2;-0.03065834;0;1;1;0.00000000
2026-09-23;Markov Model;BTC;3;1;-0.02123051;0;0;1;0.00000000
2026-09-23;Markov Model;ETH;6;1;-0.02534733;0;0;0;-0.02634733
2026-09-23;Markov Model;BNB;4;1;-0.02699809;0;0;1;0.00000000
2026-09-23;Markov Model;XRP;5;1;-0.04666233;0;0;0;-0.04766233
2026-09-23;Markov Model;SOL;1;2;-0.03065834;0;1;1;0.00000000
2026-09-23;MarkovMonteCarlo Model;BTC;3;1;-0.02123051;0;0;1;0.00000000
2026-09-23;MarkovMonteCarlo Model;ETH;2;1;-0.02534733;0;1;1;0.00000000
2026-09-23;MarkovMonteCarlo Model;BNB;3;1;-0.02699809;0;0;1;0.00000000
2026-09-23;MarkovMonteCarlo Model;XRP;2;1;-0.04666233;0;1;1;0.00000000
2026-09-23;MarkovMonteCarlo Model;SOL;5;2;-0.03065834;0;0;0;-0.03165834
2026-09-23;OrderStatistics Baseline;BTC;4;1;-0.02123051;0;0;1;0.00000000
2026-09-23;OrderStatistics Baseline;ETH;5;1;-0.02534733;0;0;0;-0.02634733
2026-09-23;OrderStatistics Baseline;BNB;3;1;-0.02699809;0;0;1;0.00000000
2026-09-23;OrderStatistics Baseline;XRP;6;1;-0.04666233;0;0;0;-0.04766233
2026-09-23;OrderStatistics Baseline;SOL;2;2;-0.03065834;1;1;1;0.00000000
2026-09-23;PoissonMonteCarlo Model;BTC;6;1;-0.02123051;0;0;0;-0.02223051
2026-09-23;PoissonMonteCarlo Model;ETH;7;1;-0.02534733;0;0;0;-0.02634733
2026-09-23;PoissonMonteCarlo Model;BNB;6;1;-0.02699809;0;0;0;-0.02799809
2026-09-23;PoissonMonteCarlo Model;XRP;6;1;-0.04666233;0;0;0;-0.04766233
2026-09-23;PoissonMonteCarlo Model;SOL;4;2;-0.03065834;0;0;1;0.00000000
2026-09-23;Regime HMM Model;BTC;8;1;-0.02123051;0;0;0;-0.02223051
2026-09-23;Regime HMM Model;ETH;1;1;-0.02534733;1;1;1;0.00000000
2026-09-23;Regime HMM Model;BNB;1;1;-0.02699809;1;1;1;0.00000000
2026-09-23;Regime HMM Model;XRP;1;1;-0.04666233;1;1;1;0.00000000
2026-09-23;Regime HMM Model;SOL;1;2;-0.03065834;0;1;1;0.00000000
2026-09-23;Regime HMM Single Model;BTC;0;1;-0.02123051;0;1;1;0.00000000
2026-09-23;Regime HMM Single Model;ETH;0;1;-0.02534733;0;1;1;0.00000000
2026-09-23;Regime HMM Single Model;BNB;0;1;-0.02699809;0;1;1;0.00000000
2026-09-23;Regime HMM Single Model;XRP;0;1;-0.04666233;0;1;1;0.00000000
2026-09-23;Regime HMM Single Model;SOL;0;2;-0.03065834;0;0;1;0.00000000
2026-09-23;Regime HMM ZeroMean Model;BTC;8;1;-0.02123051;0;0;0;-0.02223051
2026-09-23;Regime HMM ZeroMean Model;ETH;8;1;-0.02534733;0;0;0;-0.02634733
2026-09-23;Regime HMM ZeroMean Model;BNB;1;1;-0.02699809;1;1;1;0.00000000
2026-09-23;Regime HMM ZeroMean Model;XRP;8;1;-0.04666233;0;0;0;-0.04766233
2026-09-23;Regime HMM ZeroMean Model;SOL;1;2;-0.03065834;0;1;1;0.00000000
2026-09-23;Transformer Model;BTC;2;1;-0.02123051;0;1;1;0.00000000
2026-09-23;Transformer Model;ETH;2;1;-0.02534733;0;1;1;0.00000000
2026-09-23;Transformer Model;BNB;3;1;-0.02699809;0;0;1;0.00000000
2026-09-23;Transformer Model;XRP;2;1;-0.04666233;0;1;1;0.00000000
2026-09-23;Transformer Model;SOL;3;2;-0.03065834;0;1;1;0.00000000
2026-09-23;WeightedEnsemble Model;BTC;3;1;-0.02123051;0;0;1;0.00000000
2026-09-23;WeightedEnsemble Model;ETH;1;1;-0.02534733;1;1;1;0.00000000
2026-09-23;WeightedEnsemble Model;BNB;5;1;-0.02699809;0;0;0;-0.02799809
2026-09-23;WeightedEnsemble Model;XRP;1;1;-0.04666233;1;1;1;0.00000000
2026-09-23;WeightedEnsemble Model;SOL;1;2;-0.03065834;0;1;1;0.00000000
2026-09-23;XGBoost Model;BTC;1;1;-0.02123051;1;1;1;0.00000000
2026-09-23;XGBoost Model;ETH;7;1;-0.02534733;0;0;0;-0.02634733
2026-09-23;XGBoost Model;BNB;5;1;-0.02699809;0;0;0;-0.02799809
2026-09-23;XGBoost Model;XRP;1;1;-0.04666233;1;1;1;0.00000000
2026-09-23;XGBoost Model;SOL;6;2;-0.03065834;0;0;0;-0.03165834
2026-09-24;Autoencoder Model;BTC;4;4;0.00014976;1;1;0;0.00000000
2026-09-24;Autoencoder Model;ETH;4;5;0.00124331;0;1;0;0.00000000
2026-09-24;Autoencoder Model;BNB;5;6;0.01205918;0;1;1;0.01105918
2026-09-24;Autoencoder Model;XRP;4;7;0.02226853;0;0;0;0.00000000
2026-09-24;Autoencoder Model;SOL;4;6;0.01767059;0;0;0;0.00000000
2026-09-24;CatBoost Model;BTC;2;4;0.00014976;0;0;0;0.00000000
2026-09-24;CatBoost Model;ETH;7;5;0.00124331;0;0;1;0.00024331
2026-09-24;CatBoost Model;BNB;7;6;0.01205918;0;1;1;0.01105918
2026-09-24;CatBoost Model;XRP;4;7;0.02226853;0;0;0;0.00000000
2026-09-24;CatBoost Model;SOL;8;6;0.01767059;0;0;1;0.01667059
2026-09-24;GARCH Model;BTC;2;4;0.00014976;0;0;0;0.00000000
2026-09-24;GARCH Model;ETH;2;5;0.00124331;0;0;0;0.00000000
2026-09-24;GARCH Model;BNB;4;6;0.01205918;0;0;0;0.00000000
2026-09-24;GARCH Model;XRP;0;7;0.02226853;0;0;0;0.00000000
2026-09-24;GARCH Model;SOL;7;6;0.01767059;0;1;1;0.01667059
2026-09-24;GNN Model;BTC;4;4;0.00014976;1;1;0;0.00000000
2026-09-24;GNN Model;ETH;4;5;0.00124331;0;1;0;0.00000000
2026-09-24;GNN Model;BNB;3;6;0.01205918;0;0;0;0.00000000
2026-09-24;GNN Model;XRP;3;7;0.02226853;0;0;0;0.00000000
2026-09-24;GNN Model;SOL;5;6;0.01767059;0;1;1;0.01667059
2026-09-24;LaplaceMonteCarlo Model;BTC;5;4;0.00014976;0;1;1;-0.00085024
2026-09-24;LaplaceMonteCarlo Model;ETH;5;5;0.00124331;1;1;1;0.00024331
2026-09-24;LaplaceMonteCarlo Model;BNB;4;6;0.01205918;0;0;0;0.00000000
2026-09-24;LaplaceMonteCarlo Model;XRP;4;7;0.02226853;0;0;0;0.00000000
2026-09-24;LaplaceMonteCarlo Model;SOL;5;6;0.01767059;0;1;1;0.01667059
2026-09-24;LightGBM Model;BTC;4;4;0.00014976;1;1;0;0.00000000
2026-09-24;LightGBM Model;ETH;9;5;0.00124331;0;0;1;0.00024331
2026-09-24;LightGBM Model;BNB;3;6;0.01205918;0;0;0;0.00000000
2026-09-24;LightGBM Model;XRP;7;7;0.02226853;1;1;1;0.02126853
2026-09-24;LightGBM Model;SOL;8;6;0.01767059;0;0;1;0.01667059
2026-09-24;Markov Model;BTC;6;4;0.00014976;0;0;1;-0.00085024
2026-09-24;Markov Model;ETH;5;5;0.00124331;1;1;1;0.00024331
2026-09-24;Markov Model;BNB;6;6;0.01205918;1;1;1;0.01105918
2026-09-24;Markov Model;XRP;5;7;0.02226853;0;0;1;0.02126853
2026-09-24;Markov Model;SOL;6;6;0.01767059;1;1;1;0.01667059
2026-09-24;MarkovMonteCarlo Model;BTC;4;4;0.00014976;1;1;0;0.00000000
2026-09-24;MarkovMonteCarlo Model;ETH;4;5;0.00124331;0;1;0;0.00000000
2026-09-24;MarkovMonteCarlo Model;BNB;5;6;0.01205918;0;1;1;0.01105918
2026-09-24;MarkovMonteCarlo Model;XRP;3;7;0.02226853;0;0;0;0.00000000
2026-09-24;MarkovMonteCarlo Model;SOL;4;6;0.01767059;0;0;0;0.00000000
2026-09-24;OrderStatistics Baseline;BTC;4;4;0.00014976;1;1;0;0.00000000
2026-09-24;OrderStatistics Baseline;ETH;5;5;0.00124331;1;1;1;0.00024331
2026-09-24;OrderStatistics Baseline;BNB;3;6;0.01205918;0;0;0;0.00000000
2026-09-24;OrderStatistics Baseline;XRP;6;7;0.02226853;0;1;1;0.02126853
2026-09-24;OrderStatistics Baseline;SOL;2;6;0.01767059;0;0;0;0.00000000
2026-09-24;PoissonMonteCarlo Model;BTC;6;4;0.00014976;0;0;1;-0.00085024
2026-09-24;PoissonMonteCarlo Model;ETH;6;5;0.00124331;0;1;1;0.00024331
2026-09-24;PoissonMonteCarlo Model;BNB;4;6;0.01205918;0;0;0;0.00000000
2026-09-24;PoissonMonteCarlo Model;XRP;2;7;0.02226853;0;0;0;0.00000000
2026-09-24;PoissonMonteCarlo Model;SOL;4;6;0.01767059;0;0;0;0.00000000
2026-09-24;Regime HMM Model;BTC;8;4;0.00014976;0;0;1;-0.00085024
2026-09-24;Regime HMM Model;ETH;1;5;0.00124331;0;0;0;0.00000000
2026-09-24;Regime HMM Model;BNB;1;6;0.01205918;0;0;0;0.00000000
2026-09-24;Regime HMM Model;XRP;1;7;0.02226853;0;0;0;0.00000000
2026-09-24;Regime HMM Model;SOL;1;6;0.01767059;0;0;0;0.00000000
2026-09-24;Regime HMM Single Model;BTC;0;4;0.00014976;0;0;0;0.00000000
2026-09-24;Regime HMM Single Model;ETH;0;5;0.00124331;0;0;0;0.00000000
2026-09-24;Regime HMM Single Model;BNB;0;6;0.01205918;0;0;0;0.00000000
2026-09-24;Regime HMM Single Model;XRP;0;7;0.02226853;0;0;0;0.00000000
2026-09-24;Regime HMM Single Model;SOL;0;6;0.01767059;0;0;0;0.00000000
2026-09-24;Regime HMM ZeroMean Model;BTC;8;4;0.00014976;0;0;1;-0.00085024
2026-09-24;Regime HMM ZeroMean Model;ETH;8;5;0.00124331;0;0;1;0.00024331
2026-09-24;Regime HMM ZeroMean Model;BNB;1;6;0.01205918;0;0;0;0.00000000
2026-09-24;Regime HMM ZeroMean Model;XRP;8;7;0.02226853;0;1;1;0.02126853
2026-09-24;Regime HMM ZeroMean Model;SOL;1;6;0.01767059;0;0;0;0.00000000
2026-09-24;Transformer Model;BTC;2;4;0.00014976;0;0;0;0.00000000
2026-09-24;Transformer Model;ETH;3;5;0.00124331;0;0;0;0.00000000
2026-09-24;Transformer Model;BNB;3;6;0.01205918;0;0;0;0.00000000
2026-09-24;Transformer Model;XRP;2;7;0.02226853;0;0;0;0.00000000
2026-09-24;Transformer Model;SOL;3;6;0.01767059;0;0;0;0.00000000
2026-09-24;WeightedEnsemble Model;BTC;4;4;0.00014976;1;1;0;0.00000000
2026-09-24;WeightedEnsemble Model;ETH;5;5;0.00124331;1;1;1;0.00024331
2026-09-24;WeightedEnsemble Model;BNB;4;6;0.01205918;0;0;0;0.00000000
2026-09-24;WeightedEnsemble Model;XRP;4;7;0.02226853;0;0;0;0.00000000
2026-09-24;WeightedEnsemble Model;SOL;8;6;0.01767059;0;0;1;0.01667059
2026-09-24;XGBoost Model;BTC;4;4;0.00014976;1;1;0;0.00000000
2026-09-24;XGBoost Model;ETH;5;5;0.00124331;1;1;1;0.00024331
2026-09-24;XGBoost Model;BNB;2;6;0.01205918;0;0;0;0.00000000
2026-09-24;XGBoost Model;XRP;7;7;0.02226853;1;1;1;0.02126853
2026-09-24;XGBoost Model;SOL;8;6;0.01767059;0;0;1;0.01667059
2026-09-25;Autoencoder Model;BTC;4;4;-0.00368227;1;1;1;0.00000000
2026-09-25;Autoencoder Model;ETH;4;5;0.00132350;0;1;0;0.00000000
2026-09-25;Autoencoder Model;BNB;5;4;0.00056635;0;1;1;-0.00043365
2026-09-25;Autoencoder Model;XRP;4;7;0.02171967;0;0;0;0.00000000
2026-09-25;Autoencoder Model;SOL;4;8;0.04273404;0;0;0;0.00000000
2026-09-25;CatBoost Model;BTC;6;4;-0.00368227;0;0;0;-0.00468227
2026-09-25;CatBoost Model;ETH;6;5;0.00132350;0;1;1;0.00032350
2026-09-25;CatBoost Model;BNB;3;4;0.00056635;0;1;0;0.00000000
2026-09-25;CatBoost Model;XRP;4;7;0.02171967;0;0;0;0.00000000
2026-09-25;CatBoost Model;SOL;2;8;0.04273404;0;0;0;0.00000000
2026-09-25;GARCH Model;BTC;2;4;-0.00368227;0;0;1;0.00000000
2026-09-25;GARCH Model;ETH;7;5;0.00132350;0;0;1;0.00032350
2026-09-25;GARCH Model;BNB;4;4;0.00056635;1;1;0;0.00000000
2026-09-25;GARCH Model;XRP;0;7;0.02171967;0;0;0;0.00000000
2026-09-25;GARCH Model;SOL;7;8;0.04273404;0;1;1;0.04173404
2026-09-25;GNN Model;BTC;3;4;-0.00368227;0;1;1;0.00000000
2026-09-25;GNN Model;ETH;6;5;0.00132350;0;1;1;0.00032350
2026-09-25;GNN Model;BNB;5;4;0.00056635;0;1;1;-0.00043365
2026-09-25;GNN Model;XRP;3;7;0.02171967;0;0;0;0.00000000
2026-09-25;GNN Model;SOL;6;8;0.04273404;0;0;1;0.04173404
2026-09-25;LaplaceMonteCarlo Model;BTC;5;4;-0.00368227;0;1;0;-0.00468227
2026-09-25;LaplaceMonteCarlo Model;ETH;4;5;0.00132350;0;1;0;0.00000000
2026-09-25;LaplaceMonteCarlo Model;BNB;5;4;0.00056635;0;1;1;-0.00043365
2026-09-25;LaplaceMonteCarlo Model;XRP;3;7;0.02171967;0;0;0;0.00000000
2026-09-25;LaplaceMonteCarlo Model;SOL;3;8;0.04273404;0;0;0;0.00000000
2026-09-25;LightGBM Model;BTC;3;4;-0.00368227;0;1;1;0.00000000
2026-09-25;LightGBM Model;ETH;7;5;0.00132350;0;0;1;0.00032350
2026-09-25;LightGBM Model;BNB;2;4;0.00056635;0;0;0;0.00000000
2026-09-25;LightGBM Model;XRP;2;7;0.02171967;0;0;0;0.00000000
2026-09-25;LightGBM Model;SOL;2;8;0.04273404;0;0;0;0.00000000
2026-09-25;Markov Model;BTC;5;4;-0.00368227;0;1;0;-0.00468227
2026-09-25;Markov Model;ETH;2;5;0.00132350;0;0;0;0.00000000
2026-09-25;Markov Model;BNB;7;4;0.00056635;0;0;1;-0.00043365
2026-09-25;Markov Model;XRP;7;7;0.02171967;1;1;1;0.02071967
2026-09-25;Markov Model;SOL;5;8;0.04273404;0;0;1;0.04173404
2026-09-25;MarkovMonteCarlo Model;BTC;5;4;-0.00368227;0;1;0;-0.00468227
2026-09-25;MarkovMonteCarlo Model;ETH;4;5;0.00132350;0;1;0;0.00000000
2026-09-25;MarkovMonteCarlo Model;BNB;5;4;0.00056635;0;1;1;-0.00043365
2026-09-25;MarkovMonteCarlo Model;XRP;4;7;0.02171967;0;0;0;0.00000000
2026-09-25;MarkovMonteCarlo Model;SOL;5;8;0.04273404;0;0;1;0.04173404
2026-09-25;OrderStatistics Baseline;BTC;4;4;-0.00368227;1;1;1;0.00000000
2026-09-25;OrderStatistics Baseline;ETH;5;5;0.00132350;1;1;1;0.00032350
2026-09-25;OrderStatistics Baseline;BNB;3;4;0.00056635;0;1;0;0.00000000
2026-09-25;OrderStatistics Baseline;XRP;6;7;0.02171967;0;1;1;0.02071967
2026-09-25;OrderStatistics Baseline;SOL;2;8;0.04273404;0;0;0;0.00000000
2026-09-25;PoissonMonteCarlo Model;BTC;5;4;-0.00368227;0;1;0;-0.00468227
2026-09-25;PoissonMonteCarlo Model;ETH;5;5;0.00132350;1;1;1;0.00032350
2026-09-25;PoissonMonteCarlo Model;BNB;4;4;0.00056635;1;1;0;0.00000000
2026-09-25;PoissonMonteCarlo Model;XRP;2;7;0.02171967;0;0;0;0.00000000
2026-09-25;PoissonMonteCarlo Model;SOL;4;8;0.04273404;0;0;0;0.00000000
2026-09-25;Regime HMM Model;BTC;8;4;-0.00368227;0;0;0;-0.00468227
2026-09-25;Regime HMM Model;ETH;8;5;0.00132350;0;0;1;0.00032350
2026-09-25;Regime HMM Model;BNB;1;4;0.00056635;0;0;0;0.00000000
2026-09-25;Regime HMM Model;XRP;1;7;0.02171967;0;0;0;0.00000000
2026-09-25;Regime HMM Model;SOL;1;8;0.04273404;0;0;0;0.00000000
2026-09-25;Regime HMM Single Model;BTC;0;4;-0.00368227;0;0;1;0.00000000
2026-09-25;Regime HMM Single Model;ETH;0;5;0.00132350;0;0;0;0.00000000
2026-09-25;Regime HMM Single Model;BNB;0;4;0.00056635;0;0;0;0.00000000
2026-09-25;Regime HMM Single Model;XRP;0;7;0.02171967;0;0;0;0.00000000
2026-09-25;Regime HMM Single Model;SOL;0;8;0.04273404;0;0;0;0.00000000
2026-09-25;Regime HMM ZeroMean Model;BTC;8;4;-0.00368227;0;0;0;-0.00468227
2026-09-25;Regime HMM ZeroMean Model;ETH;8;5;0.00132350;0;0;1;0.00032350
2026-09-25;Regime HMM ZeroMean Model;BNB;1;4;0.00056635;0;0;0;0.00000000
2026-09-25;Regime HMM ZeroMean Model;XRP;8;7;0.02171967;0;1;1;0.02071967
2026-09-25;Regime HMM ZeroMean Model;SOL;1;8;0.04273404;0;0;0;0.00000000
2026-09-25;Transformer Model;BTC;4;4;-0.00368227;1;1;1;0.00000000
2026-09-25;Transformer Model;ETH;7;5;0.00132350;0;0;1;0.00032350
2026-09-25;Transformer Model;BNB;4;4;0.00056635;1;1;0;0.00000000
2026-09-25;Transformer Model;XRP;6;7;0.02171967;0;1;1;0.02071967
2026-09-25;Transformer Model;SOL;5;8;0.04273404;0;0;1;0.04173404
2026-09-25;WeightedEnsemble Model;BTC;5;4;-0.00368227;0;1;0;-0.00468227
2026-09-25;WeightedEnsemble Model;ETH;4;5;0.00132350;0;1;0;0.00000000
2026-09-25;WeightedEnsemble Model;BNB;2;4;0.00056635;0;0;0;0.00000000
2026-09-25;WeightedEnsemble Model;XRP;2;7;0.02171967;0;0;0;0.00000000
2026-09-25;WeightedEnsemble Model;SOL;2;8;0.04273404;0;0;0;0.00000000
2026-09-25;XGBoost Model;BTC;8;4;-0.00368227;0;0;0;-0.00468227
2026-09-25;XGBoost Model;ETH;6;5;0.00132350;0;1;1;0.00032350
2026-09-25;XGBoost Model;BNB;2;4;0.00056635;0;0;0;0.00000000
2026-09-25;XGBoost Model;XRP;5;7;0.02171967;0;0;1;0.02071967
2026-09-25;XGBoost Model;SOL;2;8;0.04273404;0;0;0;0.00000000
2026-09-26;Autoencoder Model;BTC;4;5;0.00395306;0;1;0;0.00000000
2026-09-26;Autoencoder Model;ETH;4;5;0.00175206;0;1;0;0.00000000
2026-09-26;Autoencoder Model;BNB;5;3;-0.00456563;0;0;0;-0.00556563
2026-09-26;Autoencoder Model;XRP;4;1;-0.02655281;0;0;1;0.00000000
2026-09-26;Autoencoder Model;SOL;4;4;-0.00607655;1;1;1;0.00000000
2026-09-26;CatBoost Model;BTC;2;5;0.00395306;0;0;0;0.00000000
2026-09-26;CatBoost Model;ETH;3;5;0.00175206;0;0;0;0.00000000
2026-09-26;CatBoost Model;BNB;5;3;-0.00456563;0;0;0;-0.00556563
2026-09-26;CatBoost Model;XRP;2;1;-0.02655281;0;1;1;0.00000000
2026-09-26;CatBoost Model;SOL;7;4;-0.00607655;0;0;0;-0.00707655
2026-09-26;GARCH Model;BTC;2;5;0.00395306;0;0;0;0.00000000
2026-09-26;GARCH Model;ETH;7;5;0.00175206;0;0;1;0.00075206
2026-09-26;GARCH Model;BNB;4;3;-0.00456563;0;1;1;0.00000000
2026-09-26;GARCH Model;XRP;8;1;-0.02655281;0;0;0;-0.02755281
2026-09-26;GARCH Model;SOL;6;4;-0.00607655;0;0;0;-0.00707655
2026-09-26;GNN Model;BTC;4;5;0.00395306;0;1;0;0.00000000
2026-09-26;GNN Model;ETH;5;5;0.00175206;1;1;1;0.00075206
2026-09-26;GNN Model;BNB;5;3;-0.00456563;0;0;0;-0.00556563
2026-09-26;GNN Model;XRP;4;1;-0.02655281;0;0;1;0.00000000
2026-09-26;GNN Model;SOL;4;4;-0.00607655;1;1;1;0.00000000
2026-09-26;LaplaceMonteCarlo Model;BTC;3;5;0.00395306;0;0;0;0.00000000
2026-09-26;LaplaceMonteCarlo Model;ETH;4;5;0.00175206;0;1;0;0.00000000
2026-09-26;LaplaceMonteCarlo Model;BNB;3;3;-0.00456563;1;1;1;0.00000000
2026-09-26;LaplaceMonteCarlo Model;XRP;3;1;-0.02655281;0;0;1;0.00000000
2026-09-26;LaplaceMonteCarlo Model;SOL;4;4;-0.00607655;1;1;1;0.00000000
2026-09-26;LightGBM Model;BTC;0;5;0.00395306;0;0;0;0.00000000
2026-09-26;LightGBM Model;ETH;3;5;0.00175206;0;0;0;0.00000000
2026-09-26;LightGBM Model;BNB;5;3;-0.00456563;0;0;0;-0.00556563
2026-09-26;LightGBM Model;XRP;0;1;-0.02655281;0;1;1;0.00000000
2026-09-26;LightGBM Model;SOL;0;4;-0.00607655;0;0;1;0.00000000
2026-09-26;Markov Model;BTC;4;5;0.00395306;0;1;0;0.00000000
2026-09-26;Markov Model;ETH;4;5;0.00175206;0;1;0;0.00000000
2026-09-26;Markov Model;BNB;3;3;-0.00456563;1;1;1;0.00000000
2026-09-26;Markov Model;XRP;1;1;-0.02655281;1;1;1;0.00000000
2026-09-26;Markov Model;SOL;2;4;-0.00607655;0;0;1;0.00000000
2026-09-26;MarkovMonteCarlo Model;BTC;4;5;0.00395306;0;1;0;0.00000000
2026-09-26;MarkovMonteCarlo Model;ETH;4;5;0.00175206;0;1;0;0.00000000
2026-09-26;MarkovMonteCarlo Model;BNB;5;3;-0.00456563;0;0;0;-0.00556563
2026-09-26;MarkovMonteCarlo Model;XRP;3;1;-0.02655281;0;0;1;0.00000000
2026-09-26;MarkovMonteCarlo Model;SOL;5;4;-0.00607655;0;1;0;-0.00707655
2026-09-26;OrderStatistics Baseline;BTC;4;5;0.00395306;0;1;0;0.00000000
2026-09-26;OrderStatistics Baseline;ETH;5;5;0.00175206;1;1;1;0.00075206
2026-09-26;OrderStatistics Baseline;BNB;3;3;-0.00456563;1;1;1;0.00000000
2026-09-26;OrderStatistics Baseline;XRP;6;1;-0.02655281;0;0;0;-0.02755281
2026-09-26;OrderStatistics Baseline;SOL;2;4;-0.00607655;0;0;1;0.00000000
2026-09-26;PoissonMonteCarlo Model;BTC;1;5;0.00395306;0;0;0;0.00000000
2026-09-26;PoissonMonteCarlo Model;ETH;5;5;0.00175206;1;1;1;0.00075206
2026-09-26;PoissonMonteCarlo Model;BNB;4;3;-0.00456563;0;1;1;0.00000000
2026-09-26;PoissonMonteCarlo Model;XRP;5;1;-0.02655281;0;0;0;-0.02755281
2026-09-26;PoissonMonteCarlo Model;SOL;4;4;-0.00607655;1;1;1;0.00000000
2026-09-26;Regime HMM Model;BTC;8;5;0.00395306;0;0;1;0.00295306
2026-09-26;Regime HMM Model;ETH;1;5;0.00175206;0;0;0;0.00000000
2026-09-26;Regime HMM Model;BNB;1;3;-0.00456563;0;0;1;0.00000000
2026-09-26;Regime HMM Model;XRP;1;1;-0.02655281;1;1;1;0.00000000
2026-09-26;Regime HMM Model;SOL;1;4;-0.00607655;0;0;1;0.00000000
2026-09-26;Regime HMM Single Model;BTC;0;5;0.00395306;0;0;0;0.00000000
2026-09-26;Regime HMM Single Model;ETH;0;5;0.00175206;0;0;0;0.00000000
2026-09-26;Regime HMM Single Model;BNB;0;3;-0.00456563;0;0;1;0.00000000
2026-09-26;Regime HMM Single Model;XRP;0;1;-0.02655281;0;1;1;0.00000000
2026-09-26;Regime HMM Single Model;SOL;0;4;-0.00607655;0;0;1;0.00000000
2026-09-26;Regime HMM ZeroMean Model;BTC;8;5;0.00395306;0;0;1;0.00295306
2026-09-26;Regime HMM ZeroMean Model;ETH;8;5;0.00175206;0;0;1;0.00075206
2026-09-26;Regime HMM ZeroMean Model;BNB;1;3;-0.00456563;0;0;1;0.00000000
2026-09-26;Regime HMM ZeroMean Model;XRP;8;1;-0.02655281;0;0;0;-0.02755281
2026-09-26;Regime HMM ZeroMean Model;SOL;1;4;-0.00607655;0;0;1;0.00000000
2026-09-26;Transformer Model;BTC;0;5;0.00395306;0;0;0;0.00000000
2026-09-26;Transformer Model;ETH;0;5;0.00175206;0;0;0;0.00000000
2026-09-26;Transformer Model;BNB;4;3;-0.00456563;0;1;1;0.00000000
2026-09-26;Transformer Model;XRP;2;1;-0.02655281;0;1;1;0.00000000
2026-09-26;Transformer Model;SOL;2;4;-0.00607655;0;0;1;0.00000000
2026-09-26;WeightedEnsemble Model;BTC;1;5;0.00395306;0;0;0;0.00000000
2026-09-26;WeightedEnsemble Model;ETH;3;5;0.00175206;0;0;0;0.00000000
2026-09-26;WeightedEnsemble Model;BNB;5;3;-0.00456563;0;0;0;-0.00556563
2026-09-26;WeightedEnsemble Model;XRP;2;1;-0.02655281;0;1;1;0.00000000
2026-09-26;WeightedEnsemble Model;SOL;0;4;-0.00607655;0;0;1;0.00000000
2026-09-26;XGBoost Model;BTC;1;5;0.00395306;0;0;0;0.00000000
2026-09-26;XGBoost Model;ETH;3;5;0.00175206;0;0;0;0.00000000
2026-09-26;XGBoost Model;BNB;5;3;-0.00456563;0;0;0;-0.00556563
2026-09-26;XGBoost Model;XRP;2;1;-0.02655281;0;1;1;0.00000000
2026-09-26;XGBoost Model;SOL;0;4;-0.00607655;0;0;1;0.00000000
2026-09-27;Autoencoder Model;BTC;4;5;0.00046061;0;1;0;0.00000000
2026-09-27;Autoencoder Model;ETH;4;4;-0.00285238;1;1;1;0.00000000
2026-09-27;Autoencoder Model;BNB;5;6;0.00684065;0;1;1;0.00584065
2026-09-27;Autoencoder Model;XRP;4;4;-0.00703002;1;1;1;0.00000000
2026-09-27;Autoencoder Model;SOL;4;5;0.00476583;0;1;0;0.00000000
2026-09-27;CatBoost Model;BTC;3;5;0.00046061;0;0;0;0.00000000
2026-09-27;CatBoost Model;ETH;5;4;-0.00285238;0;1;0;-0.00385238
2026-09-27;CatBoost Model;BNB;5;6;0.00684065;0;1;1;0.00584065
2026-09-27;CatBoost Model;XRP;2;4;-0.00703002;0;0;1;0.00000000
2026-09-27;CatBoost Model;SOL;5;5;0.00476583;1;1;1;0.00376583
2026-09-27;GARCH Model;BTC;6;5;0.00046061;0;1;1;-0.00053939
2026-09-27;GARCH Model;ETH;4;4;-0.00285238;1;1;1;0.00000000
2026-09-27;GARCH Model;BNB;4;6;0.00684065;0;0;0;0.00000000
2026-09-27;GARCH Model;XRP;8;4;-0.00703002;0;0;0;-0.00803002
2026-09-27;GARCH Model;SOL;6;5;0.00476583;0;1;1;0.00376583
2026-09-27;GNN Model;BTC;4;5;0.00046061;0;1;0;0.00000000
2026-09-27;GNN Model;ETH;4;4;-0.00285238;1;1;1;0.00000000
2026-09-27;GNN Model;BNB;5;6;0.00684065;0;1;1;0.00584065
2026-09-27;GNN Model;XRP;3;4;-0.00703002;0;1;1;0.00000000
2026-09-27;GNN Model;SOL;3;5;0.00476583;0;0;0;0.00000000
2026-09-27;LaplaceMonteCarlo Model;BTC;3;5;0.00046061;0;0;0;0.00000000
2026-09-27;LaplaceMonteCarlo Model;ETH;4;4;-0.00285238;1;1;1;0.00000000
2026-09-27;LaplaceMonteCarlo Model;BNB;3;6;0.00684065;0;0;0;0.00000000
2026-09-27;LaplaceMonteCarlo Model;XRP;4;4;-0.00703002;1;1;1;0.00000000
2026-09-27;LaplaceMonteCarlo Model;SOL;3;5;0.00476583;0;0;0;0.00000000
2026-09-27;LightGBM Model;BTC;3;5;0.00046061;0;0;0;0.00000000
2026-09-27;LightGBM Model;ETH;5;4;-0.00285238;0;1;0;-0.00385238
2026-09-27;LightGBM Model;BNB;2;6;0.00684065;0;0;0;0.00000000
2026-09-27;LightGBM Model;XRP;2;4;-0.00703002;0;0;1;0.00000000
2026-09-27;LightGBM Model;SOL;6;5;0.00476583;0;1;1;0.00376583
2026-09-27;Markov Model;BTC;5;5;0.00046061;1;1;1;-0.00053939
2026-09-27;Markov Model;ETH;5;4;-0.00285238;0;1;0;-0.00385238
2026-09-27;Markov Model;BNB;5;6;0.00684065;0;1;1;0.00584065
2026-09-27;Markov Model;XRP;2;4;-0.00703002;0;0;1;0.00000000
2026-09-27;Markov Model;SOL;3;5;0.00476583;0;0;0;0.00000000
2026-09-27;MarkovMonteCarlo Model;BTC;4;5;0.00046061;0;1;0;0.00000000
2026-09-27;MarkovMonteCarlo Model;ETH;4;4;-0.00285238;1;1;1;0.00000000
2026-09-27;MarkovMonteCarlo Model;BNB;5;6;0.00684065;0;1;1;0.00584065
2026-09-27;MarkovMonteCarlo Model;XRP;3;4;-0.00703002;0;1;1;0.00000000
2026-09-27;MarkovMonteCarlo Model;SOL;5;5;0.00476583;1;1;1;0.00376583
2026-09-27;OrderStatistics Baseline;BTC;4;5;0.00046061;0;1;0;0.00000000
2026-09-27;OrderStatistics Baseline;ETH;5;4;-0.00285238;0;1;0;-0.00385238
2026-09-27;OrderStatistics Baseline;BNB;3;6;0.00684065;0;0;0;0.00000000
2026-09-27;OrderStatistics Baseline;XRP;6;4;-0.00703002;0;0;0;-0.00803002
2026-09-27;OrderStatistics Baseline;SOL;2;5;0.00476583;0;0;0;0.00000000
2026-09-27;PoissonMonteCarlo Model;BTC;6;5;0.00046061;0;1;1;-0.00053939
2026-09-27;PoissonMonteCarlo Model;ETH;5;4;-0.00285238;0;1;0;-0.00385238
2026-09-27;PoissonMonteCarlo Model;BNB;4;6;0.00684065;0;0;0;0.00000000
2026-09-27;PoissonMonteCarlo Model;XRP;2;4;-0.00703002;0;0;1;0.00000000
2026-09-27;PoissonMonteCarlo Model;SOL;4;5;0.00476583;0;1;0;0.00000000
2026-09-27;Regime HMM Model;BTC;8;5;0.00046061;0;0;1;-0.00053939
2026-09-27;Regime HMM Model;ETH;8;4;-0.00285238;0;0;0;-0.00385238
2026-09-27;Regime HMM Model;BNB;1;6;0.00684065;0;0;0;0.00000000
2026-09-27;Regime HMM Model;XRP;8;4;-0.00703002;0;0;0;-0.00803002
2026-09-27;Regime HMM Model;SOL;1;5;0.00476583;0;0;0;0.00000000
2026-09-27;Regime HMM Single Model;BTC;0;5;0.00046061;0;0;0;0.00000000
2026-09-27;Regime HMM Single Model;ETH;0;4;-0.00285238;0;0;1;0.00000000
2026-09-27;Regime HMM Single Model;BNB;0;6;0.00684065;0;0;0;0.00000000
2026-09-27;Regime HMM Single Model;XRP;9;4;-0.00703002;0;0;0;-0.00803002
2026-09-27;Regime HMM Single Model;SOL;0;5;0.00476583;0;0;0;0.00000000
2026-09-27;Regime HMM ZeroMean Model;BTC;8;5;0.00046061;0;0;1;-0.00053939
2026-09-27;Regime HMM ZeroMean Model;ETH;8;4;-0.00285238;0;0;0;-0.00385238
2026-09-27;Regime HMM ZeroMean Model;BNB;1;6;0.00684065;0;0;0;0.00000000
2026-09-27;Regime HMM ZeroMean Model;XRP;8;4;-0.00703002;0;0;0;-0.00803002
2026-09-27;Regime HMM ZeroMean Model;SOL;1;5;0.00476583;0;0;0;0.00000000
2026-09-27;Transformer Model;BTC;0;5;0.00046061;0;0;0;0.00000000
2026-09-27;Transformer Model;ETH;0;4;-0.00285238;0;0;1;0.00000000
2026-09-27;Transformer Model;BNB;0;6;0.00684065;0;0;0;0.00000000
2026-09-27;Transformer Model;XRP;0;4;-0.00703002;0;0;1;0.00000000
2026-09-27;Transformer Model;SOL;9;5;0.00476583;0;0;1;0.00376583
2026-09-27;WeightedEnsemble Model;BTC;3;5;0.00046061;0;0;0;0.00000000
2026-09-27;WeightedEnsemble Model;ETH;5;4;-0.00285238;0;1;0;-0.00385238
2026-09-27;WeightedEnsemble Model;BNB;5;6;0.00684065;0;1;1;0.00584065
2026-09-27;WeightedEnsemble Model;XRP;2;4;-0.00703002;0;0;1;0.00000000
2026-09-27;WeightedEnsemble Model;SOL;3;5;0.00476583;0;0;0;0.00000000
2026-09-27;XGBoost Model;BTC;3;5;0.00046061;0;0;0;0.00000000
2026-09-27;XGBoost Model;ETH;2;4;-0.00285238;0;0;1;0.00000000
2026-09-27;XGBoost Model;BNB;3;6;0.00684065;0;0;0;0.00000000
2026-09-27;XGBoost Model;XRP;2;4;-0.00703002;0;0;1;0.00000000
2026-09-27;XGBoost Model;SOL;6;5;0.00476583;0;1;1;0.00376583
2026-09-28;Autoencoder Model;BTC;4;2;-0.01157337;0;0;1;0.00000000
2026-09-28;Autoencoder Model;ETH;4;4;0.00002232;1;1;0;0.00000000
2026-09-28;Autoencoder Model;BNB;5;1;-0.01936724;0;0;0;-0.02036724
2026-09-28;Autoencoder Model;XRP;4;3;-0.01320743;0;1;1;0.00000000
2026-09-28;Autoencoder Model;SOL;4;2;-0.02574038;0;0;1;0.00000000
2026-09-28;CatBoost Model;BTC;5;2;-0.01157337;0;0;0;-0.01257337
2026-09-28;CatBoost Model;ETH;6;4;0.00002232;0;0;1;-0.00097768
2026-09-28;CatBoost Model;BNB;7;1;-0.01936724;0;0;0;-0.02036724
2026-09-28;CatBoost Model;XRP;6;3;-0.01320743;0;0;0;-0.01420743
2026-09-28;CatBoost Model;SOL;8;2;-0.02574038;0;0;0;-0.02674038
2026-09-28;GARCH Model;BTC;6;2;-0.01157337;0;0;0;-0.01257337
2026-09-28;GARCH Model;ETH;4;4;0.00002232;1;1;0;0.00000000
2026-09-28;GARCH Model;BNB;4;1;-0.01936724;0;0;1;0.00000000
2026-09-28;GARCH Model;XRP;1;3;-0.01320743;0;0;1;0.00000000
2026-09-28;GARCH Model;SOL;6;2;-0.02574038;0;0;0;-0.02674038
2026-09-28;GNN Model;BTC;5;2;-0.01157337;0;0;0;-0.01257337
2026-09-28;GNN Model;ETH;6;4;0.00002232;0;0;1;-0.00097768
2026-09-28;GNN Model;BNB;7;1;-0.01936724;0;0;0;-0.02036724
2026-09-28;GNN Model;XRP;6;3;-0.01320743;0;0;0;-0.01420743
2026-09-28;GNN Model;SOL;6;2;-0.02574038;0;0;0;-0.02674038
2026-09-28;LaplaceMonteCarlo Model;BTC;3;2;-0.01157337;0;1;1;0.00000000
2026-09-28;LaplaceMonteCarlo Model;ETH;3;4;0.00002232;0;1;0;0.00000000
2026-09-28;LaplaceMonteCarlo Model;BNB;3;1;-0.01936724;0;0;1;0.00000000
2026-09-28;LaplaceMonteCarlo Model;XRP;4;3;-0.01320743;0;1;1;0.00000000
2026-09-28;LaplaceMonteCarlo Model;SOL;4;2;-0.02574038;0;0;1;0.00000000
2026-09-28;LightGBM Model;BTC;2;2;-0.01157337;1;1;1;0.00000000
2026-09-28;LightGBM Model;ETH;6;4;0.00002232;0;0;1;-0.00097768
2026-09-28;LightGBM Model;BNB;5;1;-0.01936724;0;0;0;-0.02036724
2026-09-28;LightGBM Model;XRP;6;3;-0.01320743;0;0;0;-0.01420743
2026-09-28;LightGBM Model;SOL;8;2;-0.02574038;0;0;0;-0.02674038
2026-09-28;Markov Model;BTC;4;2;-0.01157337;0;0;1;0.00000000
2026-09-28;Markov Model;ETH;4;4;0.00002232;1;1;0;0.00000000
2026-09-28;Markov Model;BNB;5;1;-0.01936724;0;0;0;-0.02036724
2026-09-28;Markov Model;XRP;5;3;-0.01320743;0;0;0;-0.01420743
2026-09-28;Markov Model;SOL;4;2;-0.02574038;0;0;1;0.00000000
2026-09-28;MarkovMonteCarlo Model;BTC;4;2;-0.01157337;0;0;1;0.00000000
2026-09-28;MarkovMonteCarlo Model;ETH;4;4;0.00002232;1;1;0;0.00000000
2026-09-28;MarkovMonteCarlo Model;BNB;5;1;-0.01936724;0;0;0;-0.02036724
2026-09-28;MarkovMonteCarlo Model;XRP;4;3;-0.01320743;0;1;1;0.00000000
2026-09-28;MarkovMonteCarlo Model;SOL;4;2;-0.02574038;0;0;1;0.00000000
2026-09-28;OrderStatistics Baseline;BTC;4;2;-0.01157337;0;0;1;0.00000000
2026-09-28;OrderStatistics Baseline;ETH;5;4;0.00002232;0;1;1;-0.00097768
2026-09-28;OrderStatistics Baseline;BNB;3;1;-0.01936724;0;0;1;0.00000000
2026-09-28;OrderStatistics Baseline;XRP;6;3;-0.01320743;0;0;0;-0.01420743
2026-09-28;OrderStatistics Baseline;SOL;2;2;-0.02574038;1;1;1;0.00000000
2026-09-28;PoissonMonteCarlo Model;BTC;6;2;-0.01157337;0;0;0;-0.01257337
2026-09-28;PoissonMonteCarlo Model;ETH;5;4;0.00002232;0;1;1;-0.00097768
2026-09-28;PoissonMonteCarlo Model;BNB;4;1;-0.01936724;0;0;1;0.00000000
2026-09-28;PoissonMonteCarlo Model;XRP;2;3;-0.01320743;0;1;1;0.00000000
2026-09-28;PoissonMonteCarlo Model;SOL;4;2;-0.02574038;0;0;1;0.00000000
2026-09-28;Regime HMM Model;BTC;8;2;-0.01157337;0;0;0;-0.01257337
2026-09-28;Regime HMM Model;ETH;8;4;0.00002232;0;0;1;-0.00097768
2026-09-28;Regime HMM Model;BNB;1;1;-0.01936724;1;1;1;0.00000000
2026-09-28;Regime HMM Model;XRP;8;3;-0.01320743;0;0;0;-0.01420743
2026-09-28;Regime HMM Model;SOL;1;2;-0.02574038;0;1;1;0.00000000
2026-09-28;Regime HMM Single Model;BTC;0;2;-0.01157337;0;0;1;0.00000000
2026-09-28;Regime HMM Single Model;ETH;0;4;0.00002232;0;0;0;0.00000000
2026-09-28;Regime HMM Single Model;BNB;0;1;-0.01936724;0;1;1;0.00000000
2026-09-28;Regime HMM Single Model;XRP;9;3;-0.01320743;0;0;0;-0.01420743
2026-09-28;Regime HMM Single Model;SOL;0;2;-0.02574038;0;0;1;0.00000000
2026-09-28;Regime HMM ZeroMean Model;BTC;8;2;-0.01157337;0;0;0;-0.01257337
2026-09-28;Regime HMM ZeroMean Model;ETH;8;4;0.00002232;0;0;1;-0.00097768
2026-09-28;Regime HMM ZeroMean Model;BNB;1;1;-0.01936724;1;1;1;0.00000000
2026-09-28;Regime HMM ZeroMean Model;XRP;8;3;-0.01320743;0;0;0;-0.01420743
2026-09-28;Regime HMM ZeroMean Model;SOL;1;2;-0.02574038;0;1;1;0.00000000
2026-09-28;Transformer Model;BTC;0;2;-0.01157337;0;0;1;0.00000000
2026-09-28;Transformer Model;ETH;0;4;0.00002232;0;0;0;0.00000000
2026-09-28;Transformer Model;BNB;0;1;-0.01936724;0;1;1;0.00000000
2026-09-28;Transformer Model;XRP;0;3;-0.01320743;0;0;1;0.00000000
2026-09-28;Transformer Model;SOL;0;2;-0.02574038;0;0;1;0.00000000
2026-09-28;WeightedEnsemble Model;BTC;2;2;-0.01157337;1;1;1;0.00000000
2026-09-28;WeightedEnsemble Model;ETH;6;4;0.00002232;0;0;1;-0.00097768
2026-09-28;WeightedEnsemble Model;BNB;5;1;-0.01936724;0;0;0;-0.02036724
2026-09-28;WeightedEnsemble Model;XRP;6;3;-0.01320743;0;0;0;-0.01420743
2026-09-28;WeightedEnsemble Model;SOL;4;2;-0.02574038;0;0;1;0.00000000
2026-09-28;XGBoost Model;BTC;2;2;-0.01157337;1;1;1;0.00000000
2026-09-28;XGBoost Model;ETH;6;4;0.00002232;0;0;1;-0.00097768
2026-09-28;XGBoost Model;BNB;7;1;-0.01936724;0;0;0;-0.02036724
2026-09-28;XGBoost Model;XRP;6;3;-0.01320743;0;0;0;-0.01420743
2026-09-28;XGBoost Model;SOL;8;2;-0.02574038;0;0;0;-0.02674038
2026-09-29;Autoencoder Model;BTC;4;5;0.00195796;0;1;0;0.00000000
2026-09-29;Autoencoder Model;ETH;4;4;-0.00399875;1;1;1;0.00000000
2026-09-29;Autoencoder Model;BNB;5;3;-0.00696171;0;0;0;-0.00796171
2026-09-29;Autoencoder Model;XRP;4;4;-0.00415077;1;1;1;0.00000000
2026-09-29;Autoencoder Model;SOL;4;5;0.00218451;0;1;0;0.00000000
2026-09-29;CatBoost Model;BTC;4;5;0.00195796;0;1;0;0.00000000
2026-09-29;CatBoost Model;ETH;6;4;-0.00399875;0;0;0;-0.00499875
2026-09-29;CatBoost Model;BNB;5;3;-0.00696171;0;0;0;-0.00796171
2026-09-29;CatBoost Model;XRP;4;4;-0.00415077;1;1;1;0.00000000
2026-09-29;CatBoost Model;SOL;4;5;0.00218451;0;1;0;0.00000000
2026-09-29;GARCH Model;BTC;6;5;0.00195796;0;1;1;0.00095796
2026-09-29;GARCH Model;ETH;3;4;-0.00399875;0;1;1;0.00000000
2026-09-29;GARCH Model;BNB;4;3;-0.00696171;0;1;1;0.00000000
2026-09-29;GARCH Model;XRP;7;4;-0.00415077;0;0;0;-0.00515077
2026-09-29;GARCH Model;SOL;6;5;0.00218451;0;1;1;0.00118451
2026-09-29;GNN Model;BTC;4;5;0.00195796;0;1;0;0.00000000
2026-09-29;GNN Model;ETH;4;4;-0.00399875;1;1;1;0.00000000
2026-09-29;GNN Model;BNB;5;3;-0.00696171;0;0;0;-0.00796171
2026-09-29;GNN Model;XRP;4;4;-0.00415077;1;1;1;0.00000000
2026-09-29;GNN Model;SOL;4;5;0.00218451;0;1;0;0.00000000
2026-09-29;LaplaceMonteCarlo Model;BTC;5;5;0.00195796;1;1;1;0.00095796
2026-09-29;LaplaceMonteCarlo Model;ETH;4;4;-0.00399875;1;1;1;0.00000000
2026-09-29;LaplaceMonteCarlo Model;BNB;3;3;-0.00696171;1;1;1;0.00000000
2026-09-29;LaplaceMonteCarlo Model;XRP;5;4;-0.00415077;0;1;0;-0.00515077
2026-09-29;LaplaceMonteCarlo Model;SOL;5;5;0.00218451;1;1;1;0.00118451
2026-09-29;LightGBM Model;BTC;4;5;0.00195796;0;1;0;0.00000000
2026-09-29;LightGBM Model;ETH;0;4;-0.00399875;0;0;1;0.00000000
2026-09-29;LightGBM Model;BNB;5;3;-0.00696171;0;0;0;-0.00796171
2026-09-29;LightGBM Model;XRP;6;4;-0.00415077;0;0;0;-0.00515077
2026-09-29;LightGBM Model;SOL;3;5;0.00218451;0;0;0;0.00000000
2026-09-29;Markov Model;BTC;5;5;0.00195796;1;1;1;0.00095796
2026-09-29;Markov Model;ETH;4;4;-0.00399875;1;1;1;0.00000000
2026-09-29;Markov Model;BNB;5;3;-0.00696171;0;0;0;-0.00796171
2026-09-29;Markov Model;XRP;4;4;-0.00415077;1;1;1;0.00000000
2026-09-29;Markov Model;SOL;7;5;0.00218451;0;0;1;0.00118451
2026-09-29;MarkovMonteCarlo Model;BTC;4;5;0.00195796;0;1;0;0.00000000
2026-09-29;MarkovMonteCarlo Model;ETH;4;4;-0.00399875;1;1;1;0.00000000
2026-09-29;MarkovMonteCarlo Model;BNB;5;3;-0.00696171;0;0;0;-0.00796171
2026-09-29;MarkovMonteCarlo Model;XRP;3;4;-0.00415077;0;1;1;0.00000000
2026-09-29;MarkovMonteCarlo Model;SOL;5;5;0.00218451;1;1;1;0.00118451
2026-09-29;OrderStatistics Baseline;BTC;4;5;0.00195796;0;1;0;0.00000000
2026-09-29;OrderStatistics Baseline;ETH;5;4;-0.00399875;0;1;0;-0.00499875
2026-09-29;OrderStatistics Baseline;BNB;3;3;-0.00696171;1;1;1;0.00000000
2026-09-29;OrderStatistics Baseline;XRP;6;4;-0.00415077;0;0;0;-0.00515077
2026-09-29;OrderStatistics Baseline;SOL;2;5;0.00218451;0;0;0;0.00000000
2026-09-29;PoissonMonteCarlo Model;BTC;6;5;0.00195796;0;1;1;0.00095796
2026-09-29;PoissonMonteCarlo Model;ETH;5;4;-0.00399875;0;1;0;-0.00499875
2026-09-29;PoissonMonteCarlo Model;BNB;6;3;-0.00696171;0;0;0;-0.00796171
2026-09-29;PoissonMonteCarlo Model;XRP;2;4;-0.00415077;0;0;1;0.00000000
2026-09-29;PoissonMonteCarlo Model;SOL;4;5;0.00218451;0;1;0;0.00000000
2026-09-29;Regime HMM Model;BTC;8;5;0.00195796;0;0;1;0.00095796
2026-09-29;Regime HMM Model;ETH;8;4;-0.00399875;0;0;0;-0.00499875
2026-09-29;Regime HMM Model;BNB;1;3;-0.00696171;0;0;1;0.00000000
2026-09-29;Regime HMM Model;XRP;8;4;-0.00415077;0;0;0;-0.00515077
2026-09-29;Regime HMM Model;SOL;1;5;0.00218451;0;0;0;0.00000000
2026-09-29;Regime HMM Single Model;BTC;0;5;0.00195796;0;0;0;0.00000000
2026-09-29;Regime HMM Single Model;ETH;0;4;-0.00399875;0;0;1;0.00000000
2026-09-29;Regime HMM Single Model;BNB;0;3;-0.00696171;0;0;1;0.00000000
2026-09-29;Regime HMM Single Model;XRP;9;4;-0.00415077;0;0;0;-0.00515077
2026-09-29;Regime HMM Single Model;SOL;0;5;0.00218451;0;0;0;0.00000000
2026-09-29;Regime HMM ZeroMean Model;BTC;8;5;0.00195796;0;0;1;0.00095796
2026-09-29;Regime HMM ZeroMean Model;ETH;8;4;-0.00399875;0;0;0;-0.00499875
2026-09-29;Regime HMM ZeroMean Model;BNB;1;3;-0.00696171;0;0;1;0.00000000
2026-09-29;Regime HMM ZeroMean Model;XRP;8;4;-0.00415077;0;0;0;-0.00515077
2026-09-29;Regime HMM ZeroMean Model;SOL;1;5;0.00218451;0;0;0;0.00000000
2026-09-29;Transformer Model;BTC;0;5;0.00195796;0;0;0;0.00000000
2026-09-29;Transformer Model;ETH;0;4;-0.00399875;0;0;1;0.00000000
2026-09-29;Transformer Model;BNB;1;3;-0.00696171;0;0;1;0.00000000
2026-09-29;Transformer Model;XRP;3;4;-0.00415077;0;1;1;0.00000000
2026-09-29;Transformer Model;SOL;1;5;0.00218451;0;0;0;0.00000000
2026-09-29;WeightedEnsemble Model;BTC;4;5;0.00195796;0;1;0;0.00000000
2026-09-29;WeightedEnsemble Model;ETH;4;4;-0.00399875;1;1;1;0.00000000
2026-09-29;WeightedEnsemble Model;BNB;5;3;-0.00696171;0;0;0;-0.00796171
2026-09-29;WeightedEnsemble Model;XRP;4;4;-0.00415077;1;1;1;0.00000000
2026-09-29;WeightedEnsemble Model;SOL;3;5;0.00218451;0;0;0;0.00000000
2026-09-29;XGBoost Model;BTC;4;5;0.00195796;0;1;0;0.00000000
2026-09-29;XGBoost Model;ETH;6;4;-0.00399875;0;0;0;-0.00499875
2026-09-29;XGBoost Model;BNB;5;3;-0.00696171;0;0;0;-0.00796171
2026-09-29;XGBoost Model;XRP;6;4;-0.00415077;0;0;0;-0.00515077
2026-09-29;XGBoost Model;SOL;3;5;0.00218451;0;0;0;0.00000000
2026-09-30;Autoencoder Model;BTC;4;4;-0.00047894;1;1;1;0.00000000
2026-09-30;Autoencoder Model;ETH;4;5;0.00299404;0;1;0;0.00000000
2026-09-30;Autoencoder Model;BNB;5;7;0.01388829;0;0;1;0.01288829
2026-09-30;Autoencoder Model;XRP;4;4;-0.00040260;1;1;1;0.00000000
2026-09-30;Autoencoder Model;SOL;4;4;-0.00868215;1;1;1;0.00000000
2026-09-30;CatBoost Model;BTC;2;4;-0.00047894;0;0;1;0.00000000
2026-09-30;CatBoost Model;ETH;5;5;0.00299404;1;1;1;0.00199404
2026-09-30;CatBoost Model;BNB;4;7;0.01388829;0;0;0;0.00000000
2026-09-30;CatBoost Model;XRP;3;4;-0.00040260;0;1;1;0.00000000
2026-09-30;CatBoost Model;SOL;5;4;-0.00868215;0;1;0;-0.00968215
2026-09-30;GARCH Model;BTC;6;4;-0.00047894;0;0;0;-0.00147894
2026-09-30;GARCH Model;ETH;3;5;0.00299404;0;0;0;0.00000000
2026-09-30;GARCH Model;BNB;4;7;0.01388829;0;0;0;0.00000000
2026-09-30;GARCH Model;XRP;4;4;-0.00040260;1;1;1;0.00000000
2026-09-30;GARCH Model;SOL;6;4;-0.00868215;0;0;0;-0.00968215
2026-09-30;GNN Model;BTC;4;4;-0.00047894;1;1;1;0.00000000
2026-09-30;GNN Model;ETH;4;5;0.00299404;0;1;0;0.00000000
2026-09-30;GNN Model;BNB;5;7;0.01388829;0;0;1;0.01288829
2026-09-30;GNN Model;XRP;3;4;-0.00040260;0;1;1;0.00000000
2026-09-30;GNN Model;SOL;4;4;-0.00868215;1;1;1;0.00000000
2026-09-30;LaplaceMonteCarlo Model;BTC;3;4;-0.00047894;0;1;1;0.00000000
2026-09-30;LaplaceMonteCarlo Model;ETH;4;5;0.00299404;0;1;0;0.00000000
2026-09-30;LaplaceMonteCarlo Model;BNB;5;7;0.01388829;0;0;1;0.01288829
2026-09-30;LaplaceMonteCarlo Model;XRP;4;4;-0.00040260;1;1;1;0.00000000
2026-09-30;LaplaceMonteCarlo Model;SOL;5;4;-0.00868215;0;1;0;-0.00968215
2026-09-30;LightGBM Model;BTC;5;4;-0.00047894;0;1;0;-0.00147894
2026-09-30;LightGBM Model;ETH;4;5;0.00299404;0;1;0;0.00000000
2026-09-30;LightGBM Model;BNB;2;7;0.01388829;0;0;0;0.00000000
2026-09-30;LightGBM Model;XRP;4;4;-0.00040260;1;1;1;0.00000000
2026-09-30;LightGBM Model;SOL;6;4;-0.00868215;0;0;0;-0.00968215
2026-09-30;Markov Model;BTC;6;4;-0.00047894;0;0;0;-0.00147894
2026-09-30;Markov Model;ETH;6;5;0.00299404;0;1;1;0.00199404
2026-09-30;Markov Model;BNB;5;7;0.01388829;0;0;1;0.01288829
2026-09-30;Markov Model;XRP;6;4;-0.00040260;0;0;0;-0.00140260
2026-09-30;Markov Model;SOL;6;4;-0.00868215;0;0;0;-0.00968215
2026-09-30;MarkovMonteCarlo Model;BTC;5;4;-0.00047894;0;1;0;-0.00147894
2026-09-30;MarkovMonteCarlo Model;ETH;4;5;0.00299404;0;1;0;0.00000000
2026-09-30;MarkovMonteCarlo Model;BNB;5;7;0.01388829;0;0;1;0.01288829
2026-09-30;MarkovMonteCarlo Model;XRP;3;4;-0.00040260;0;1;1;0.00000000
2026-09-30;MarkovMonteCarlo Model;SOL;5;4;-0.00868215;0;1;0;-0.00968215
2026-09-30;OrderStatistics Baseline;BTC;4;4;-0.00047894;1;1;1;0.00000000
2026-09-30;OrderStatistics Baseline;ETH;5;5;0.00299404;1;1;1;0.00199404
2026-09-30;OrderStatistics Baseline;BNB;3;7;0.01388829;0;0;0;0.00000000
2026-09-30;OrderStatistics Baseline;XRP;6;4;-0.00040260;0;0;0;-0.00140260
2026-09-30;OrderStatistics Baseline;SOL;2;4;-0.00868215;0;0;1;0.00000000
2026-09-30;PoissonMonteCarlo Model;BTC;6;4;-0.00047894;0;0;0;-0.00147894
2026-09-30;PoissonMonteCarlo Model;ETH;5;5;0.00299404;1;1;1;0.00199404
2026-09-30;PoissonMonteCarlo Model;BNB;4;7;0.01388829;0;0;0;0.00000000
2026-09-30;PoissonMonteCarlo Model;XRP;5;4;-0.00040260;0;1;0;-0.00140260
2026-09-30;PoissonMonteCarlo Model;SOL;4;4;-0.00868215;1;1;1;0.00000000
2026-09-30;Regime HMM Model;BTC;8;4;-0.00047894;0;0;0;-0.00147894
2026-09-30;Regime HMM Model;ETH;8;5;0.00299404;0;0;1;0.00199404
2026-09-30;Regime HMM Model;BNB;1;7;0.01388829;0;0;0;0.00000000
2026-09-30;Regime HMM Model;XRP;8;4;-0.00040260;0;0;0;-0.00140260
2026-09-30;Regime HMM Model;SOL;7;4;-0.00868215;0;0;0;-0.00968215
2026-09-30;Regime HMM Single Model;BTC;0;4;-0.00047894;0;0;1;0.00000000
2026-09-30;Regime HMM Single Model;ETH;0;5;0.00299404;0;0;0;0.00000000
2026-09-30;Regime HMM Single Model;BNB;0;7;0.01388829;0;0;0;0.00000000
2026-09-30;Regime HMM Single Model;XRP;9;4;-0.00040260;0;0;0;-0.00140260
2026-09-30;Regime HMM Single Model;SOL;0;4;-0.00868215;0;0;1;0.00000000
2026-09-30;Regime HMM ZeroMean Model;BTC;8;4;-0.00047894;0;0;0;-0.00147894
2026-09-30;Regime HMM ZeroMean Model;ETH;8;5;0.00299404;0;0;1;0.00199404
2026-09-30;Regime HMM ZeroMean Model;BNB;1;7;0.01388829;0;0;0;0.00000000
2026-09-30;Regime HMM ZeroMean Model;XRP;8;4;-0.00040260;0;0;0;-0.00140260
2026-09-30;Regime HMM ZeroMean Model;SOL;1;4;-0.00868215;0;0;1;0.00000000
2026-09-30;Transformer Model;BTC;0;4;-0.00047894;0;0;1;0.00000000
2026-09-30;Transformer Model;ETH;0;5;0.00299404;0;0;0;0.00000000
2026-09-30;Transformer Model;BNB;1;7;0.01388829;0;0;0;0.00000000
2026-09-30;Transformer Model;XRP;0;4;-0.00040260;0;0;1;0.00000000
2026-09-30;Transformer Model;SOL;0;4;-0.00868215;0;0;1;0.00000000
2026-09-30;WeightedEnsemble Model;BTC;5;4;-0.00047894;0;1;0;-0.00147894
2026-09-30;WeightedEnsemble Model;ETH;4;5;0.00299404;0;1;0;0.00000000
2026-09-30;WeightedEnsemble Model;BNB;5;7;0.01388829;0;0;1;0.01288829
2026-09-30;WeightedEnsemble Model;XRP;4;4;-0.00040260;1;1;1;0.00000000
2026-09-30;WeightedEnsemble Model;SOL;5;4;-0.00868215;0;1;0;-0.00968215
2026-09-30;XGBoost Model;BTC;5;4;-0.00047894;0;1;0;-0.00147894
2026-09-30;XGBoost Model;ETH;4;5;0.00299404;0;1;0;0.00000000
2026-09-30;XGBoost Model;BNB;2;7;0.01388829;0;0;0;0.00000000
2026-09-30;XGBoost Model;XRP;4;4;-0.00040260;1;1;1;0.00000000
2026-09-30;XGBoost Model;SOL;5;4;-0.00868215;0;1;0;-0.00968215
2026-10-01;Autoencoder Model;BTC;4;7;0.01491331;0;0;0;0.00000000
2026-10-01;Autoencoder Model;ETH;4;6;0.00756991;0;0;0;0.00000000
2026-10-01;Autoencoder Model;BNB;5;5;0.00321865;1;1;1;0.00221865
2026-10-01;Autoencoder Model;XRP;4;5;0.00261403;0;1;0;0.00000000
2026-10-01;Autoencoder Model;SOL;4;5;0.00245212;0;1;0;0.00000000
2026-10-01;CatBoost Model;BTC;6;7;0.01491331;0;1;1;0.01391331
2026-10-01;CatBoost Model;ETH;5;6;0.00756991;0;1;1;0.00656991
2026-10-01;CatBoost Model;BNB;7;5;0.00321865;0;0;1;0.00221865
2026-10-01;CatBoost Model;XRP;3;5;0.00261403;0;0;0;0.00000000
2026-10-01;CatBoost Model;SOL;4;5;0.00245212;0;1;0;0.00000000
2026-10-01;GARCH Model;BTC;6;7;0.01491331;0;1;1;0.01391331
2026-10-01;GARCH Model;ETH;3;6;0.00756991;0;0;0;0.00000000
2026-10-01;GARCH Model;BNB;4;5;0.00321865;0;1;0;0.00000000
2026-10-01;GARCH Model;XRP;4;5;0.00261403;0;1;0;0.00000000
2026-10-01;GARCH Model;SOL;4;5;0.00245212;0;1;0;0.00000000
2026-10-01;GNN Model;BTC;4;7;0.01491331;0;0;0;0.00000000
2026-10-01;GNN Model;ETH;5;6;0.00756991;0;1;1;0.00656991
2026-10-01;GNN Model;BNB;5;5;0.00321865;1;1;1;0.00221865
2026-10-01;GNN Model;XRP;4;5;0.00261403;0;1;0;0.00000000
2026-10-01;GNN Model;SOL;5;5;0.00245212;1;1;1;0.00145212
2026-10-01;LSTM Base Model;BTC;4;7;0.01491331;0;0;0;0.00000000
2026-10-01;LSTM Base Model;ETH;5;6;0.00756991;0;1;1;0.00656991
2026-10-01;LSTM Base Model;BNB;6;5;0.00321865;0;1;1;0.00221865
2026-10-01;LSTM Base Model;XRP;5;5;0.00261403;1;1;1;0.00161403
2026-10-01;LSTM Base Model;SOL;2;5;0.00245212;0;0;0;0.00000000
2026-10-01;LaplaceMonteCarlo Model;BTC;3;7;0.01491331;0;0;0;0.00000000
2026-10-01;LaplaceMonteCarlo Model;ETH;3;6;0.00756991;0;0;0;0.00000000
2026-10-01;LaplaceMonteCarlo Model;BNB;5;5;0.00321865;1;1;1;0.00221865
2026-10-01;LaplaceMonteCarlo Model;XRP;4;5;0.00261403;0;1;0;0.00000000
2026-10-01;LaplaceMonteCarlo Model;SOL;4;5;0.00245212;0;1;0;0.00000000
2026-10-01;LightGBM Model;BTC;8;7;0.01491331;0;1;1;0.01391331
2026-10-01;LightGBM Model;ETH;6;6;0.00756991;1;1;1;0.00656991
2026-10-01;LightGBM Model;BNB;2;5;0.00321865;0;0;0;0.00000000
2026-10-01;LightGBM Model;XRP;3;5;0.00261403;0;0;0;0.00000000
2026-10-01;LightGBM Model;SOL;8;5;0.00245212;0;0;1;0.00145212
2026-10-01;Markov Model;BTC;4;7;0.01491331;0;0;0;0.00000000
2026-10-01;Markov Model;ETH;4;6;0.00756991;0;0;0;0.00000000
2026-10-01;Markov Model;BNB;3;5;0.00321865;0;0;0;0.00000000
2026-10-01;Markov Model;XRP;4;5;0.00261403;0;1;0;0.00000000
2026-10-01;Markov Model;SOL;5;5;0.00245212;1;1;1;0.00145212
2026-10-01;MarkovMonteCarlo Model;BTC;4;7;0.01491331;0;0;0;0.00000000
2026-10-01;MarkovMonteCarlo Model;ETH;4;6;0.00756991;0;0;0;0.00000000
2026-10-01;MarkovMonteCarlo Model;BNB;5;5;0.00321865;1;1;1;0.00221865
2026-10-01;MarkovMonteCarlo Model;XRP;3;5;0.00261403;0;0;0;0.00000000
2026-10-01;MarkovMonteCarlo Model;SOL;5;5;0.00245212;1;1;1;0.00145212
2026-10-01;OrderStatistics Baseline;BTC;4;7;0.01491331;0;0;0;0.00000000
2026-10-01;OrderStatistics Baseline;ETH;5;6;0.00756991;0;1;1;0.00656991
2026-10-01;OrderStatistics Baseline;BNB;3;5;0.00321865;0;0;0;0.00000000
2026-10-01;OrderStatistics Baseline;XRP;6;5;0.00261403;0;1;1;0.00161403
2026-10-01;OrderStatistics Baseline;SOL;2;5;0.00245212;0;0;0;0.00000000
2026-10-01;PoissonMonteCarlo Model;BTC;5;7;0.01491331;0;0;1;0.01391331
2026-10-01;PoissonMonteCarlo Model;ETH;5;6;0.00756991;0;1;1;0.00656991
2026-10-01;PoissonMonteCarlo Model;BNB;2;5;0.00321865;0;0;0;0.00000000
2026-10-01;PoissonMonteCarlo Model;XRP;5;5;0.00261403;1;1;1;0.00161403
2026-10-01;PoissonMonteCarlo Model;SOL;4;5;0.00245212;0;1;0;0.00000000
2026-10-01;Regime HMM Model;BTC;8;7;0.01491331;0;1;1;0.01391331
2026-10-01;Regime HMM Model;ETH;8;6;0.00756991;0;0;1;0.00656991
2026-10-01;Regime HMM Model;BNB;1;5;0.00321865;0;0;0;0.00000000
2026-10-01;Regime HMM Model;XRP;8;5;0.00261403;0;0;1;0.00161403
2026-10-01;Regime HMM Model;SOL;1;5;0.00245212;0;0;0;0.00000000
2026-10-01;Regime HMM Single Model;BTC;0;7;0.01491331;0;0;0;0.00000000
2026-10-01;Regime HMM Single Model;ETH;0;6;0.00756991;0;0;0;0.00000000
2026-10-01;Regime HMM Single Model;BNB;0;5;0.00321865;0;0;0;0.00000000
2026-10-01;Regime HMM Single Model;XRP;9;5;0.00261403;0;0;1;0.00161403
2026-10-01;Regime HMM Single Model;SOL;0;5;0.00245212;0;0;0;0.00000000
2026-10-01;Regime HMM ZeroMean Model;BTC;8;7;0.01491331;0;1;1;0.01391331
2026-10-01;Regime HMM ZeroMean Model;ETH;8;6;0.00756991;0;0;1;0.00656991
2026-10-01;Regime HMM ZeroMean Model;BNB;1;5;0.00321865;0;0;0;0.00000000
2026-10-01;Regime HMM ZeroMean Model;XRP;8;5;0.00261403;0;0;1;0.00161403
2026-10-01;Regime HMM ZeroMean Model;SOL;7;5;0.00245212;0;0;1;0.00145212
2026-10-01;TCN Base Model;BTC;4;7;0.01491331;0;0;0;0.00000000
2026-10-01;TCN Base Model;ETH;4;6;0.00756991;0;0;0;0.00000000
2026-10-01;TCN Base Model;BNB;5;5;0.00321865;1;1;1;0.00221865
2026-10-01;TCN Base Model;XRP;4;5;0.00261403;0;1;0;0.00000000
2026-10-01;TCN Base Model;SOL;5;5;0.00245212;1;1;1;0.00145212
2026-10-01;Transformer Model;BTC;3;7;0.01491331;0;0;0;0.00000000
2026-10-01;Transformer Model;ETH;3;6;0.00756991;0;0;0;0.00000000
2026-10-01;Transformer Model;BNB;7;5;0.00321865;0;0;1;0.00221865
2026-10-01;Transformer Model;XRP;4;5;0.00261403;0;1;0;0.00000000
2026-10-01;Transformer Model;SOL;1;5;0.00245212;0;0;0;0.00000000
2026-10-01;UnifiedLstmGruTcn Model;BTC;4;7;0.01491331;0;0;0;0.00000000
2026-10-01;UnifiedLstmGruTcn Model;ETH;4;6;0.00756991;0;0;0;0.00000000
2026-10-01;UnifiedLstmGruTcn Model;BNB;5;5;0.00321865;1;1;1;0.00221865
2026-10-01;UnifiedLstmGruTcn Model;XRP;3;5;0.00261403;0;0;0;0.00000000
2026-10-01;UnifiedLstmGruTcn Model;SOL;5;5;0.00245212;1;1;1;0.00145212
2026-10-01;UnifiedLstmTcn Model;BTC;3;7;0.01491331;0;0;0;0.00000000
2026-10-01;UnifiedLstmTcn Model;ETH;6;6;0.00756991;1;1;1;0.00656991
2026-10-01;UnifiedLstmTcn Model;BNB;3;5;0.00321865;0;0;0;0.00000000
2026-10-01;UnifiedLstmTcn Model;XRP;2;5;0.00261403;0;0;0;0.00000000
2026-10-01;UnifiedLstmTcn Model;SOL;6;5;0.00245212;0;1;1;0.00145212
2026-10-01;WeightedEnsemble Model;BTC;4;7;0.01491331;0;0;0;0.00000000
2026-10-01;WeightedEnsemble Model;ETH;4;6;0.00756991;0;0;0;0.00000000
2026-10-01;WeightedEnsemble Model;BNB;2;5;0.00321865;0;0;0;0.00000000
2026-10-01;WeightedEnsemble Model;XRP;3;5;0.00261403;0;0;0;0.00000000
2026-10-01;WeightedEnsemble Model;SOL;4;5;0.00245212;0;1;0;0.00000000
2026-10-01;XGBoost Model;BTC;6;7;0.01491331;0;1;1;0.01391331
2026-10-01;XGBoost Model;ETH;6;6;0.00756991;1;1;1;0.00656991
2026-10-01;XGBoost Model;BNB;2;5;0.00321865;0;0;0;0.00000000
2026-10-01;XGBoost Model;XRP;3;5;0.00261403;0;0;0;0.00000000
2026-10-01;XGBoost Model;SOL;8;5;0.00245212;0;0;1;0.00145212
