{"currentPredictionRaw": [], "currentPrediction": [], "realResult": [], "newPrediction": [[3, 19, 29, 35, 37, 1, 9], [8, 33, 46, 47, 11, 6, 23], [7, 44, 48, 18, 17, 10, 10], [17, 32, 44, 7, 2, 2, 42], [16, 38, 49, 10, 33, 9, 12], [6, 43, 40, 13, 31, 4, 21], [35, 20, 30, 3, 8, 7, 22], [45, 40, 19, 12, 4, 5, 1], [41, 31, 50, 26, 6, 12, 2], [18, 29, 43, 8, 15, 37, 4]], "newPredictionRaw": [[4.1197739664156074e-10, 8.924952248599849e-13, 0.92173832654953, 3.0659531802257334e-08, 1.1002745736732322e-07, 2.9976140467624646e-06, 0.0002730348496697843, 0.07796367257833481, 5.076496622395189e-16, 1.4030633321837627e-09, 9.887147101039773e-09, 5.038524042433323e-10, 2.1077675195491086e-12, 1.6251243406539828e-10, 6.732649160401394e-11, 3.4501733807701385e-06, 1.4295948858489282e-05, 4.155784267823037e-07, 2.747827139437664e-11, 9.608586577216846e-14, 5.869126231634121e-16, 1.5335306516912493e-17, 5.537638675906553e-19, 2.8809284602013263e-15, 2.069302303293885e-13, 6.250995408145846e-14, 1.6685079522852728e-19, 1.1251883180339508e-14, 6.405919597671141e-16, 1.2193115376342008e-17, 1.3696440086686384e-13, 1.3418155475619642e-10, 9.251728272374748e-09, 2.9524894034753954e-15, 1.5555066283923225e-06, 1.1722388065561762e-16, 7.136660595818967e-09, 3.7779149253402977e-10, 3.135841437490732e-16, 1.1020335035152873e-13, 7.170293088165636e-07, 6.7316231219167535e-18, 1.3941346449670988e-13, 1.901622212629084e-15, 1.0632182920744526e-06, 3.0777588001107284e-16, 3.027399202437664e-07, 3.221229533112435e-11, 8.540745693140506e-13, 2.9836936737357702e-15], [1.0108327614943846e-06, 1.813300150388386e-05, 6.6447009885450825e-06, 2.8783466632376076e-07, 0.00012420929851941764, 2.6802214051713236e-05, 5.286451028041483e-07, 0.0001683057053014636, 1.2745087474286265e-07, 4.0429064540603576e-08, 0.008283254690468311, 4.392034497868735e-06, 2.6055863244778266e-08, 0.00011631486268015578, 1.2406852647472988e-06, 2.0708014289994026e-06, 0.0006052288808859885, 2.9599547701764095e-07, 0.5454642176628113, 0.019187193363904953, 3.978786935476819e-07, 0.00012917595449835062, 1.7220118024852127e-06, 2.7135558866575593e-07, 4.521883965935558e-05, 8.869006705936044e-06, 0.0001177911544800736, 0.0006081985775381327, 0.01724793203175068, 0.0002325828099856153, 0.018022501841187477, 0.058227069675922394, 0.12532415986061096, 8.398572390433401e-05, 4.292569997232931e-07, 7.473443019989645e-07, 0.00022271316265687346, 0.02310463786125183, 9.412200597580522e-05, 0.01860048808157444, 0.004411874804645777, 7.334033580264077e-05, 0.020065754652023315, 0.12207023054361343, 0.007943321950733662, 0.003135895822197199, 2.5612831450416707e-05, 0.0022499593906104565, 0.0036149744410067797, 0.0003257716598454863], [2.3218566980176547e-07, 1.1527197784744203e-05, 9.137986012319743e-08, 1.4159311945149966e-08, 0.00020775620942004025, 4.925581720272021e-07, 3.4163878837034645e-08, 2.6439218459017866e-07, 1.1052878789996612e-06, 2.0081763807411335e-08, 0.0005013248301111162, 2.920312726928387e-05, 6.36353747474061e-10, 3.1610754014366194e-09, 1.1138620692463519e-08, 1.8618079300480872e-10, 1.2857458386861254e-07, 1.8912038601825998e-09, 0.009654662571847439, 3.8821428461233154e-05, 1.9110770210772898e-07, 0.0005529221380129457, 1.1050918828914291e-06, 2.3483097688625776e-09, 1.5141200293555812e-08, 6.183457298902795e-05, 0.001037103240378201, 1.4092158835410373e-06, 0.7153972387313843, 0.009830784983932972, 0.00010483864025445655, 4.8824105761013925e-05, 0.00021961473976261914, 4.846143042414042e-07, 4.241427831175315e-08, 2.4271326282132577e-08, 1.3477964557750965e-06, 0.001863989164121449, 2.559445783845149e-05, 0.03289895877242088, 3.45297706871861e-07, 0.0012858784757554531, 0.005753620993345976, 0.03797408193349838, 8.497447561239824e-05, 0.0834045484662056, 4.136164534429554e-06, 0.054594382643699646, 0.03751685470342636, 0.006889158394187689], [2.9587533845187863e-07, 2.2442239039355272e-11, 0.00036766109406016767, 1.071949782271986e-06, 1.4426409506995697e-06, 8.37866664937792e-08, 0.005339149385690689, 5.849330136697972e-06, 1.1323471937885188e-08, 0.0030932219233363867, 4.462314406872281e-10, 7.555254705948755e-05, 0.00037070937105454504, 2.8228028248200587e-10, 1.1403236754858881e-07, 2.728649803884764e-07, 1.258811010984573e-08, 0.01048347819596529, 4.120208341173992e-11, 1.6426461579843732e-10, 3.3034414173016557e-06, 1.5375551526419784e-11, 1.9747391222235677e-10, 6.654811812722983e-08, 1.4307554273285117e-11, 1.834078830142971e-05, 2.5299859429672722e-11, 1.0839862861489191e-11, 5.449941539725778e-11, 3.658389147176422e-10, 9.718346787035426e-12, 4.022969735117954e-10, 3.8574093919052643e-10, 7.864493500875369e-10, 0.9639167785644531, 1.1050873354179203e-06, 1.0955273355151007e-09, 1.1460221660541947e-09, 4.571266920549988e-09, 1.5473298198287466e-09, 1.862693888021738e-10, 3.404570245515992e-12, 1.9981670398155904e-12, 1.9376395019726766e-12, 5.035092343064207e-09, 4.22833122681876e-11, 0.01632065325975418, 8.82688254932873e-07, 2.6364313510107706e-10, 1.597294918553871e-08], [0.00012275087647140026, 0.010365238413214684, 2.2161049855640158e-05, 0.0025212953332811594, 5.4740667110309005e-06, 0.0008177407435141504, 1.1548517250048462e-05, 0.0026425658725202084, 1.6735672261347645e-06, 7.785167355223166e-08, 0.035765357315540314, 3.592259645301965e-07, 4.258795982536867e-09, 1.6640112221466552e-07, 0.0004837163432966918, 5.0062653826898895e-06, 0.024168038740754128, 2.853748626296948e-10, 7.9765859481995e-06, 1.7699714760510687e-07, 2.2195024984572598e-10, 4.7337831432514577e-08, 4.909060535851495e-08, 6.3679204131972256e-09, 3.2319068850483745e-05, 5.077391840302425e-10, 3.985429319897094e-09, 6.775630279065581e-09, 5.012732984255308e-08, 1.4802357561904955e-08, 0.003032844513654709, 1.6064376495705801e-06, 0.0072281500324606895, 5.169307648600352e-09, 2.3586804331898747e-07, 4.3535641758296606e-10, 0.9126465320587158, 4.862723699261551e-07, 5.057172458577952e-10, 7.100288712535985e-08, 8.035763312363997e-05, 3.12014185510634e-06, 1.7585287423571572e-05, 1.0870395499296137e-06, 1.1890019777638372e-05, 8.290592177218059e-07, 3.945630044910331e-09, 1.0806176398148182e-08, 1.2563676818899694e-06, 2.242635854798891e-09], [0.999415934085846, 5.726663948735222e-05, 2.819180222601858e-09, 6.434555075429671e-07, 4.2065275351887976e-07, 0.00035867508267983794, 4.418816672568937e-07, 4.77178643820686e-11, 9.251493793271948e-06, 0.00015688911662437022, 7.070756424809588e-09, 2.4054540403994906e-07, 9.342231849229776e-13, 1.3194058097861294e-18, 2.162551821643932e-12, 3.653271736232637e-15, 1.5179131823001013e-12, 1.1001336975530553e-15, 6.413908425309117e-18, 1.5231244548875362e-16, 2.2032154746443045e-12, 2.654453263098433e-13, 4.614113995396463e-13, 1.0439327353950478e-11, 3.0633530990185377e-15, 2.0762374024901886e-12, 2.498063299998573e-14, 1.0382607597876563e-16, 4.9070427896816954e-14, 1.817638175930815e-14, 8.881546214624392e-13, 3.5224119883198746e-17, 4.1839639663022316e-14, 4.5024036311302335e-15, 2.3267479054567275e-09, 3.027144134589311e-15, 3.973310569449495e-08, 7.629998011739363e-17, 2.1143607630241638e-14, 1.5533752127476486e-13, 3.4424173365133414e-17, 3.0766369452095432e-09, 4.7307996279069564e-14, 7.149485776352434e-15, 4.3084732830045436e-12, 2.3034485777118086e-11, 1.8639835768635704e-12, 1.4188333125574049e-13, 1.278833462736717e-11, 2.060308087331597e-12], [3.126390524244016e-08, 2.902733520215861e-08, 2.670236468461755e-14, 2.1322939858237078e-08, 6.016506872786112e-14, 7.107129555011804e-14, 9.836353086212224e-12, 2.9440326794695677e-16, 0.9999849796295166, 4.2745659811771475e-06, 6.303215870258339e-13, 5.666507263413223e-07, 7.086470993344918e-11, 8.740553384351452e-21, 1.7532345353288292e-08, 1.3933906015316739e-18, 2.8041835694109425e-16, 2.623594722305672e-17, 3.843222328236869e-20, 1.3476121516863048e-19, 4.0230708009403315e-07, 1.549478128026749e-07, 8.104517291940283e-06, 9.248549842633125e-11, 9.878947974332336e-14, 7.0706684951460375e-09, 7.585281847077852e-10, 