{"currentPredictionRaw": [], "currentPrediction": [], "realResult": [], "newPrediction": [[18, 20, 29, 41, 10, 5, 9], [10, 35, 32, 16, 48, 1, 20], [21, 2, 27, 37, 13, 8, 3], [48, 45, 17, 19, 44, 12, 45], [13, 9, 36, 28, 23, 33, 4], [12, 39, 22, 24, 50, 38, 2], [47, 26, 14, 30, 33, 42, 35], [25, 3, 26, 47, 18, 6, 39], [16, 36, 35, 25, 12, 31, 34], [37, 27, 39, 34, 25, 7, 15]], "newPredictionRaw": [[2.392709674836624e-08, 8.870223891337126e-13, 7.291053177871376e-12, 5.568099936681392e-08, 3.864779046125477e-06, 3.987235785984922e-08, 2.8522770811889586e-09, 2.7407961169956252e-05, 3.1246455423072916e-10, 0.09295515716075897, 5.3734442190034315e-05, 0.002780614420771599, 0.003973684273660183, 2.77190337349964e-09, 4.1195322153519953e-10, 0.002276079962030053, 2.2194119875251772e-09, 0.810917317867279, 0.00024044126621447504, 7.445577493306668e-14, 0.06964821368455887, 9.472241231378575e-07, 7.942382944747806e-05, 1.6770046684655426e-08, 0.0023913905024528503, 1.7371073329774944e-11, 2.315775349259752e-11, 3.200418359483592e-05, 7.308018634688551e-10, 1.7420969555814736e-08, 0.00024172902340069413, 1.2787602976516155e-08, 4.078181882505305e-05, 2.314852451945626e-07, 2.8021669186417686e-12, 8.565468646859475e-12, 0.0011541345156729221, 2.10432204994504e-08, 6.649202022313006e-11, 3.190900486060855e-07, 2.0000565200462006e-05, 1.2967214388481807e-05, 3.168299372191541e-06, 9.772218618309125e-06, 1.1976743381769683e-11, 2.843103530381086e-09, 0.0024958495050668716, 0.010591384023427963, 9.566970549101939e-10, 4.918658305541612e-05], [5.725085472363389e-08, 0.05782251060009003, 0.0036849703174084425, 9.608891559764743e-05, 1.4183992647076593e-08, 4.238867461481277e-07, 3.5366065276321024e-07, 2.2476071137589315e-07, 0.024070847779512405, 1.0161912200601364e-08, 8.442283672138728e-08, 6.5972760587840185e-09, 3.656448477329377e-10, 8.063154382398352e-06, 0.00017083092825487256, 3.127036962702334e-10, 4.513694875640795e-06, 2.50453338623835e-11, 2.529919607141551e-09, 0.767967700958252, 5.5654907765712025e-11, 2.0835076952607778e-07, 2.254522124545133e-09, 5.4598158385488205e-06, 2.1919772941192406e-10, 0.005126927513629198, 0.0006711591267958283, 5.172556161170405e-09, 2.3939599486766383e-05, 2.886322135964292e-06, 5.696134053323476e-08, 8.893850917957025e-07, 4.24426929157562e-08, 8.026937575777993e-05, 0.07296864688396454, 0.0017240648157894611, 5.762459398539477e-10, 1.1945521691814065e-06, 0.018781514838337898, 1.8202371165898512e-07, 1.386214165677302e-07, 8.621857006119171e-08, 1.4452929963937322e-09, 3.180826126936154e-07, 0.0467178151011467, 1.1504621397762094e-05, 2.8616515379553675e-08, 2.131378273872997e-08, 5.5710788728902116e-05, 1.8492509923362377e-07], [1.2575673054016079e-06, 0.0004953761235810816, 1.8837938114302233e-05, 6.654167918895837e-06, 2.0388595203257864e-06, 8.582741429563612e-06, 3.1323288567364216e-06, 3.6427647387426987e-07, 1.1160395843035076e-05, 1.1645113318081712e-06, 2.503799976238952e-07, 1.0407022728031734e-06, 0.00023082771804183722, 0.03387625142931938, 0.0017309115501120687, 0.0004327859205659479, 0.08870355039834976, 5.424391815722629e-07, 0.0004013189172837883, 0.0020418933127075434, 8.65844231157098e-06, 0.04498875513672829, 0.0030658517498522997, 0.0030635192524641752, 0.0003666961856652051, 0.026459181681275368, 0.10799409449100494, 0.0015370401088148355, 0.4206434488296509, 0.00702907657250762, 0.000118837553600315, 0.144667848944664, 0.00046535409637726843, 0.00066699821036309, 0.02475479245185852, 0.04825311899185181, 0.0003381422138772905, 0.00017163222946692258, 0.016647808253765106, 0.00509825861081481, 0.0007146475836634636, 0.0006495879497379065, 1.2158187018940225e-05, 0.00032529071904718876, 0.001499425619840622, 0.008252386003732681, 3.964316420024261e-06, 2.195847082475666e-05, 0.00037799193523824215, 0.003835574258118868], [1.7051289091796207e-07, 3.901104861370186e-08, 1.1945635947085975e-07, 4.1663450247142464e-05, 2.8693557396763936e-07, 1.330859049630817e-07, 1.2349715916570858e-07, 3.412125124668819e-06, 8.265939754892315e-07, 0.00022526903194375336, 0.00023482661345042288, 4.994583377992967e-06, 0.0019530049758031964, 0.008252821862697601, 0.00723695382475853, 0.16844411194324493, 0.0047355350106954575, 0.0012810819316655397, 0.09392841160297394, 5.12534597874037e-07, 0.010564890690147877, 0.003019205993041396, 0.003735590260475874, 0.05913908779621124, 0.016757480800151825, 6.957529876672197e-06, 7.361806638073176e-05, 0.0832904577255249, 0.0004722604644484818, 0.05164652317762375, 0.002205932978540659, 0.00285745388828218, 3.556499723345041e-05, 0.01318581122905016, 5.360115392250009e-05, 8.069867362792138e-06, 0.13597801327705383, 2.769602360785939e-06, 0.00013602910621557385, 0.0026352384593337774, 0.30293986201286316, 0.00036322270170785487, 0.00025456323055550456, 5.033173147239722e-05, 2.407212377875112e-05, 3.974622813984752e-06, 0.023434937000274658, 0.000129062362248078, 3.5807480003313685e-07, 0.0006507310317829251], [3.2872512747417204e-06, 8.800843716016971e-07, 1.157111171323777e-07, 4.4592809445020976e-07, 0.00040928961243480444, 0.0008771015563979745, 5.457654879137408e-06, 1.3525110261980444e-05, 3.593326880491077e-07, 0.3333775997161865, 4.279531822248828e-06, 0.01829005964100361, 0.09619083255529404, 7.795807164256985e-07, 6.735467650287319e-08, 0.004376873839646578, 9.647238584875595e-06, 0.020981723442673683, 9.552561823511496e-05, 4.954685195457387e-08, 0.004676521755754948, 0.0009954961715266109, 0.04735380411148071, 2.52469135375577e-07, 0.013246062211692333, 1.7093501583076431e-06, 1.5546529539278708e-06, 0.00014171504881232977, 5.546508418774465e-06, 7.71417376199679e-07, 0.00010527919948799536, 7.4742783908732235e-06, 0.028547069057822227, 2.315564643140533e-06, 4.119374708011492e-08, 5.533649073186098e-06, 0.0044095804914832115, 0.00065543845994398, 2.557647462708701e-07, 0.00012175827578175813, 6.0268284869380295e-05, 7.340698357438669e-05, 3.7925743527011946e-05, 0.08259331434965134, 1.725312586131622e-07, 0.001114839455112815, 0.00020302193297538906, 0.2995646595954895, 0.0007207664893940091, 0.04071559011936188], [0.09134726226329803, 5.3983098041499034e-05, 6.505608325824142e-05, 2.2437211555370595e-06, 0.8348788619041443, 0.004992766305804253, 0.0006833771476522088, 0.020393410697579384, 1.7634024516155478e-06, 9.044149919645861e-05, 9.802026761462912e-05, 0.017515698447823524, 1.9386008887067874e-07, 4.831034061680839e-08, 6.681860065249623e-10, 7.51435962342839e-08, 2.9735489626148137e-09, 7.004137296462432e-05, 9.93295088846935e-07, 4.145583076820003e-08, 1.0199335520155728e-05, 1.2951279586559394e-06, 3.0699237640874344e-07, 5.165777583471254e-09, 3.022081216386141e-07, 3.6608901154977502e-06, 3.682280791394987e-08, 1.320958489259283e-07, 4.479472011098551e-07, 6.0692912917659214e-09, 0.0014408644055947661, 1.8061244873024407e-06, 0.011212274432182312, 4.291101873832304e-08, 3.5528511688198705e-08, 7.110807018761989e-07, 1.7117002926170244e-07, 0.008420176804065704, 2.311666321475059e-06, 6.842695438535884e-05, 1.8953633329488184e-08, 0.007875895127654076, 0.00010084764653583989, 0.00012347700248938054, 1.9730072153834044e-07, 1.6962576410151087e-05, 5.41770941708819e-06, 0.00014882840332575142, 0.00020510368631221354, 0.0001658514083828777], [9.182373320092228e-15, 3.655340208297275e-07, 0.00048302035429514945, 3.697036845551338e-06, 1.442687050522231e-18, 9.222637031239961e-15, 5.851680901988732e-13, 1.0430357749377506e-12, 0.9988872408866882, 3.7482051640227594e-17, 4.23776985725155e-11, 1.3769690191004802e-17, 1.8860091144255817e-26, 2.0013317283365284e-17, 2.0414424317660718e-10, 2.2959473706524474e-25, 3.524054107271915e-18, 6.417031947553565e-23, 4.680747706766924e-22, 0.0005629421793855727, 1.2150507006604893e-24, 9.552453647574378e-23, 7.515348421548317e-26, 6.227028886188993e-16, 9.378471479333151e-27, 7.892646605722753e-12, 1.1764971694072906e-14, 1.2226020322326722e-23, 4.45352749328843e-19, 9.049596114580008e-17, 3.567948446477041e-18, 