{"currentPredictionRaw": [], "currentPrediction": [], "realResult": [8, 15, 24, 35, 42, 6, 8], "newPrediction": [[18, 20, 29, 41, 48, 5, 9], [22, 47, 10, 35, 7, 1, 30], [9, 16, 28, 32, 44, 4, 8]], "newPredictionRaw": [[4.308515078998293e-13, 5.033591273830018e-13, 8.202080236784787e-14, 1.1632952413853648e-11, 9.78425650944453e-16, 6.308239249974007e-14, 1.7379195305089468e-11, 6.203011707839323e-06, 4.818767052050532e-10, 5.735141428431234e-08, 1.7855805722888363e-09, 2.9651963799918676e-14, 2.7714408892820508e-11, 8.694418449084473e-12, 4.310201256885193e-05, 1.9056965783192936e-08, 1.5139549770087912e-13, 0.9981535077095032, 0.00012415989476721734, 1.2221691984963878e-17, 2.427725303277839e-05, 0.0006654676399193704, 0.00034595755278132856, 1.1887515338683975e-14, 5.159509429940312e-13, 1.5357905038307883e-14, 1.3831646288688075e-21, 2.8962431315449066e-06, 3.5668401210386946e-07, 0.0004828009114135057, 2.4280104565354427e-14, 1.896946066892724e-08, 3.389445168977545e-09, 5.317584412622804e-14, 1.6116974421720442e-10, 1.55005165875053e-14, 1.4364636591324143e-08, 4.6353676452781656e-09, 3.27352043855058e-14, 1.6779164172758094e-16, 1.6020584858722486e-10, 8.924510574992439e-10, 2.801228165578854e-15, 7.937157875392842e-13, 4.1638036334806783e-13, 0.0001512491435278207, 1.223088576660016e-16, 3.40849375390917e-08, 7.198121554533384e-18, 1.8049330086089554e-10], [3.1767773180035874e-05, 2.8420362241377006e-07, 2.169301478716079e-05, 3.3388167786085887e-09, 2.8867880246252753e-06, 5.5826870903885606e-12, 1.2215305806792531e-12, 2.7866391347931418e-16, 4.9931926648927316e-11, 1.50356077313282e-15, 5.798538105699974e-15, 7.736740137431752e-10, 2.2589330540145053e-27, 1.7553519128878076e-18, 2.7457215854416605e-29, 4.356935648606658e-18, 9.318636145591737e-16, 1.0971523075834915e-25, 3.8219249847353015e-31, 0.999854326248169, 1.4597726405579242e-21, 1.5777963536323814e-19, 4.712782544352643e-27, 4.958073339909885e-13, 1.6486213671367616e-20, 2.3851625969434354e-12, 2.1275701200806907e-09, 1.5703649381937866e-16, 8.628703055897797e-21, 6.791306684654292e-18, 2.468392445246348e-16, 1.9549128754594441e-13, 4.494488464703307e-24, 4.781353942330882e-14, 1.284061726380234e-18, 2.0677457257534115e-07, 8.53132148259661e-12, 1.5591391502312035e-06, 4.141776505095507e-11, 1.621707976240394e-11, 1.3003978196951202e-18, 1.038778479725344e-18, 3.8722478166164365e-06, 8.682763308343056e-08, 1.5244976911714045e-14, 7.574410802370382e-23, 8.3229060692247e-05, 1.0467134971270387e-12, 2.8227271187120095e-08, 4.6991168687346777e-14], [2.7516146532964215e-17, 5.389126358536053e-17, 4.347105739553046e-22, 3.036086896688185e-16, 1.012152533552517e-13, 5.322166998666944e-06, 2.385158910656049e-11, 1.4472183867964006e-11, 2.7776956580102184e-17, 2.226329525001347e-05, 5.347067233429925e-09, 5.586783206196211e-13, 1.7913671399583109e-06, 9.031147496507685e-10, 1.4838161810359907e-09, 1.7628249970869092e-09, 3.3228772622351244e-08, 1.4585596331808732e-16, 1.2873863182904979e-15, 1.877553819746535e-26, 1.3304474880954364e-16, 6.124665778253228e-25, 2.0152072011114797e-07, 4.605752238607099e-16, 5.270993903522788e-19, 2.7908623861096213e-27, 2.9436028825811176e-27, 3.836191550510813e-14, 0.9999704360961914, 1.4057228498761194e-20, 2.1876094355678317e-26, 2.9926865168461885e-26, 1.8514202215595688e-14, 3.0249688864891766e-10, 6.594245574052503e-22, 6.736637167134226e-27, 1.583954341707798e-21, 2.5799916786306653e-21, 9.080799392141253e-23, 2.5605539643340257e-17, 1.7445987135586346e-20, 2.1422861494413897e-20, 1.9735825019524863e-19, 7.829077787257131e-27, 8.252200744179118e-27, 5.370675570937067e-10, 1.3681192515412015e-20, 3.7118743634323437e-09, 5.355113816713506e-15, 4.3135923977720425e-13], [6.816847530899395e-09, 4.919900487010409e-09, 4.626499461313216e-10, 5.860033569504708e-10, 6.3288423390872595e-09, 2.721757486057186e-09, 1.2637631219281076e-10, 6.482421266440497e-10, 3.4258910812379195e-12, 5.399720670595798e-10, 2.525604725356345e-10, 2.0381149892778616e-11, 0.00049735011998564, 8.088933327599079e-07, 6.420925302563774e-08, 1.910191116394344e-09, 1.0204314094153233e-05, 2.0941636194038438e-06, 0.0007423878414556384, 1.3762469279754441e-06, 0.0009507254580967128, 1.2641118019018904e-06, 2.8773323723640942e-09, 0.001014037523418665, 9.970731480279937e-05, 0.0005703085334971547, 0.0006493882392533123, 0.00035242471494711936, 4.1816738871602865e-07, 2.419832583200332e-07, 5.555936510859283e-08, 0.0004556332714855671, 1.8547501312582426e-09, 6.51280052110792e-09, 0.001070104306563735, 1.052813240676187e-05, 7.300535997956104e-08, 7.569145236629993e-05, 2.0487250784739786e-10, 5.570107532548718e-06, 0.9932693839073181, 1.9680399532262527e-09, 0.0001791374961612746, 1.0461775673320517e-05, 1.3349795047190582e-08, 1.9140250273608217e-08, 1.1464732274646394e-08, 2.752934960881248e-05, 2.9461241410899675e-06, 3.07521617060047e-08], [4.25857751906733e-06, 8.146846531195402e-16, 5.518860108494339e-12, 8.147305607941746e-10, 8.280222232315282e-07, 4.1604175748943817e-07, 0.0008507305174134672, 6.176240630040297e-10, 2.4297729626920894e-12, 1.3261469256065084e-08, 1.4170951079250926e-09, 2.4308948951001774e-12, 1.090042292539728e-10, 1.0242558190487472e-10, 2.9586461732947154e-19, 2.080367843249235e-17, 4.456774305074823e-14, 4.2904240815482e-13, 4.928524482916007e-18, 1.6638088476406132e-11, 2.681803437099006e-07, 8.814742664191708e-19, 2.5013972216789658e-14, 2.0386078176670708e-05, 2.4551055007110577e-20, 5.941451419744226e-08, 2.7808931915042356e-14, 2.3286825978630077e-07, 4.7501498556812294e-07, 3.2169865729625435e-12, 2.2111432808814606e-20, 1.1306667824229066e-09, 1.4099760294186758e-22, 7.76349877397095e-14, 3.7614772306290584e-15, 5.3132333645149254e-18, 6.134494690002157e-09, 9.377844334412799e-11, 1.0981476931505972e-17, 5.012299197915127e-07, 2.6077195958151833e-09, 7.42491379898011e-18, 8.967531175585464e-05, 2.5792955553501085e-13, 5.604932750563618e-13, 1.768899154756809e-13, 2.685935896806768e-06, 0.9990295171737671, 1.9020946276371298e-11, 3.410985383034415e-11], [1.0567362551228143e-05, 8.590037126054995e-09, 8.48120418339704e-09, 9.741425088805045e-08, 0.9999842643737793, 2.2914969122211915e-07, 1.5666440731365583e-06, 1.0109235734493457e-14, 4.434552551557669e-12, 2.773362919525346e-12, 4.5854726238303556e-08, 8.324995519615186e-07, 8.21450819975568e-25, 9.900167796672577e-09, 2.0895095341957576e-32, 1.1734833626534887e-15, 5.907439798313312e-18, 5.0099378143684224e-29, 3.4632779610023463e-34, 3.373560844011081e-07, 9.56584366287863e-27, 3.057211131488655e-31, 1.404422322428175e-22, 2.4957055519414517e-11, 1.3748184704166445e-28, 2.895530547722815e-20, 3.192888047697125e-16, 5.666436673660986e-17, 1.1944378857424863e-17, 1.0837475876654474e-22, 1.155150825042098e-27, 1.5641426743639112e-22, 1.58869528530582e-30, 4.298732017864095e-15, 4.118799195744511e-29, 5.015393543280254e-19, 1.7409831818059144e-16, 9.212616563711307e-13, 2.461047404007316e-18, 9.291386968623624e-14, 1.4255240410288557e-26, 1.2604993470744754e-26, 7.772664456506817e-11, 1.8941747787345295e-20, 3.75424111276654e-24, 5.77574964164558e-25, 1.9554668142518494e-06, 2.2385348782960612e-12, 8.986292598933687e-09, 5.906818562512227e-15], [2.822512445987968e-09, 1.080263667804119e-16, 1.5459057645106355e-11, 6.935185932477328e-14, 2.3861623695483658e-22, 1.0930559621660585e-38, 1.421534532654632e-17, 1.4355978428595706e-12, 1.0, 4.0511541579954346e-23, 1.2113658888242002e-17, 2.2668251376859238e-19, 0.0, 9.80908925027372e-45, 0.0, 2.0628474638625395e-29, 0.0, 6.74567088053685e-38, 0.0, 3.289511817284596e-29, 0.0, 6.602698128410572e-29, 1.1091974245250705e-32, 0.0, 0.0, 0.0, 0.0, 3.2079216007499537e-29, 0.0, 3.611938872993825e-11, 7.006492321624085e-44, 1.870687334822728e-35, 0.0, 2.802596928649634e-45, 0.0, 7.466118217922625e-42, 6.086076145139655e-15, 1.319762875373609e-12, 7.115007227402187e-33, 0.0, 0.0, 8.093632172071658e-34, 2.1019476964872256e-44, 4.499774742532454e-32, 