{"currentPredictionRaw": [], "currentPrediction": [], "realResult": [], "newPrediction": [[6, 10, 14, 19, 33, 39, 3], [3, 9, 15, 18, 34, 40, 4], [4, 8, 16, 20, 30, 38, 1], [2, 7, 13, 21, 37, 37, 2], [5, 11, 17, 17, 32, 36, 5], [1, 12, 19, 15, 35, 34, 40], [7, 13, 12, 16, 31, 35, 39], [8, 5, 18, 23, 36, 3, 6], [10, 14, 11, 22, 38, 4, 37], [9, 3, 9, 14, 29, 1, 36]], "newPredictionRaw": [[0.10732368379831314, 0.14122723042964935, 0.2133728712797165, 0.1762263923883438, 0.12267050892114639, 0.227242574095726, 0.01140991784632206, 0.0005256287986412644, 1.5015216092706396e-07, 1.0088352837556158e-06, 9.975169579234944e-10, 4.927755425931934e-10, 1.1723205739500031e-11, 1.7468597640450667e-14, 1.4859343351378133e-15, 3.0170500429568814e-13, 1.1051375446889601e-15, 1.5999120612847523e-17, 3.62716878807155e-18, 1.9543527499091305e-19, 5.283842603375151e-19, 7.682312630820094e-20, 5.097049711424192e-19, 1.0269179505122525e-18, 4.333803956366919e-19, 3.773812019762153e-21, 6.129508014281748e-18, 1.9066992948726054e-20, 7.10898324694322e-22, 5.2724036648558226e-20, 2.983252108181177e-18, 1.7862533126212574e-18, 9.640108463483427e-22, 4.396494682522606e-20, 6.277512846652924e-21, 9.148133544931172e-20, 2.347883910175362e-21, 1.163573217836554e-21, 6.14537861170692e-19, 2.9266787425616045e-14, 6.839721931189979e-14, 5.929744144504375e-16, 1.6626272841130385e-13, 2.641124327229451e-15, 1.1305885765891706e-14, 5.5588204124403656e-14, 1.56297755093222e-14, 1.6213384598112203e-14, 1.0260996086554168e-14, 1.5212608733480848e-13], [9.608543223293964e-06, 0.00011385681864339858, 0.0006934883422218263, 8.989901834866032e-05, 0.001118547865189612, 0.00047077267663553357, 0.11248325556516647, 0.1392943114042282, 0.2773192822933197, 0.2836313545703888, 0.07928606122732162, 0.0734948143362999, 0.03102957084774971, 0.000705585116520524, 1.1443446965131443e-05, 0.0002473013009876013, 7.50345293454302e-07, 2.997482084765579e-08, 1.5852151591388974e-08, 3.0730371025633474e-10, 7.938227852832824e-11, 4.869708152346885e-13, 7.330043690079169e-12, 6.714066152005427e-13, 3.609826738741606e-14, 8.750861159845462e-18, 2.8145538996632953e-15, 2.6535935439137345e-18, 8.10146637295088e-19, 7.0839997065305085e-22, 2.3182520420428995e-18, 2.901653299842841e-20, 1.8755250852024604e-24, 5.393004664510203e-23, 1.745069974014704e-24, 3.3174693399292013e-22, 1.8998279175400567e-24, 1.4652359152952636e-25, 8.017574399578365e-24, 8.808319186682578e-21, 7.912125951159768e-14, 4.197722068354599e-15, 4.380775527491193e-13, 1.608181835854698e-14, 8.815907903594444e-15, 6.51832917069467e-13, 1.9329679797432976e-14, 1.6987867818181457e-13, 1.1865772002927957e-14, 5.412033126338256e-13], [6.989384071509619e-11, 5.064952346423013e-10, 4.335141738920356e-07, 3.452950148030709e-10, 1.1659378174044832e-07, 5.8938467439872966e-09, 3.073146945098415e-05, 2.7805141144199297e-05, 0.001297029317356646, 0.00022374971013050526, 0.0029990687035024166, 0.010035621002316475, 0.11287593841552734, 0.3360283076763153, 0.26513999700546265, 0.213676318526268, 0.03774464502930641, 0.00832321122288704, 0.011141415685415268, 0.00041118840454146266, 4.3522461055545136e-05, 1.778509215455415e-07, 7.499523917431361e-07, 5.146031600844481e-09, 6.644938072009055e-11, 1.0760831075761878e-14, 1.620076821176944e-13, 6.983099759331042e-17, 6.994804034126423e-17, 8.221206693803229e-23, 2.288698533117605e-18, 2.534851669238726e-22, 1.1766034197289573e-25, 1.2279076740229172e-23, 1.7763714693698562e-26, 6.379861452788275e-23, 3.5657740580773484e-25, 2.701337381537527e-26, 5.790403595776675e-26, 4.993092338583226e-24, 2.343468690993054e-15, 4.635273652924626e-17, 6.301829306969836e-16, 5.152141429145326e-16, 8.041485294026522e-17, 2.478929842159635e-14, 8.802312786562996e-17, 1.2822897210468687e-14, 3.9427263465341585e-16, 2.301011588028406e-14], [4.042698033973613e-12, 3.356491517017557e-12, 7.915732425090027e-08, 2.5119214434182746e-12, 2.873823623517069e-09, 5.726510845377453e-12, 1.581860864519058e-08, 8.572454746058611e-09, 7.139823878787865e-07, 4.0213421925727744e-08, 2.8544511678774143e-06, 4.614604677044554e-06, 0.00027230908744968474, 0.0029642251320183277, 0.020285682752728462, 0.016931485384702682, 0.09570726752281189, 0.24376530945301056, 0.26689374446868896, 0.215149387717247, 0.1191444844007492, 0.008738615550100803, 0.009962961077690125, 0.00017445017874706537, 1.7223516124431626e-06, 6.815187081343765e-09, 4.784942220226185e-09, 8.243061615231806e-12, 1.0243757231354067e-11, 4.490457075133436e-18, 7.260330710115795e-14, 1.2559490626844302e-18, 1.9536905853664333e-20, 7.777272577400269e-19, 3.3417821592458577e-22, 9.024100009277347e-19, 4.1962255320529947e-20, 2.2029950267819948e-21, 2.4663619828974196e-21, 1.8728562987092493e-20, 2.8747153041266266e-14, 1.3134409193991421e-16, 1.75614483333375e-15, 1.3498104230416533e-15, 4.512493381718808e-16, 8.445487690265929e-14, 5.768463247995644e-16, 7.575570623282249e-14, 1.0130503037733118e-14, 3.3013275815320375e-13], [2.0469182345550507e-05, 1.8067737528326688e-06, 8.752128633204848e-05, 1.9133156001771567e-06, 9.992194463848136e-06, 3.3129912315684764e-16, 3.2997048890655756e-19, 3.2974397066568874e-19, 5.814008920944835e-18, 1.8054829224929454e-20, 1.2788307395840251e-18, 8.800717640958335e-24, 1.2802064960390657e-19, 1.3987013264386695e-21, 7.989289211220039e-21, 3.9375571691548615e-15, 1.693127949242148e-19, 3.043000083142143e-14, 2.866881742260094e-16, 3.099017917285174e-11, 1.9169664966511846e-08, 1.565573448658597e-08, 9.850162996372092e-07, 4.241272836225107e-05, 3.966772055719048e-05, 2.8377889975672588e-05, 0.0006150006665848196, 0.0049905297346413136, 0.007986973971128464, 0.13453292846679688, 0.059014372527599335, 0.10751190036535263, 0.20731773972511292, 0.16682875156402588, 0.09005188196897507, 0.04835844412446022, 0.132169708609581, 0.032919809222221375, 0.007246765773743391, 0.0002220471651526168, 9.53242138002075e-11, 1.475156151745094e-12, 2.2426371523720512e-11, 3.375125428705522e-13, 3.076673291135812e-11, 2.9222818284137253e-13, 1.0779579485975521e-11, 6.314329267786967e-12, 1.0046355414239372e-10, 1.3661413666987698e-10], [0.0012523116311058402, 0.000913349271286279, 0.0032911929301917553, 0.0012711146846413612, 0.0010105420369654894, 5.618670659350523e-15, 2.0615917978735498e-22, 3.7847917234734865e-24, 9.626647120115682e-24, 1.8498016622859808e-25, 8.291976312800646e-25, 6.914024876718438e-33, 7.636791400865554e-27, 3.108707921517953e-29, 2.801059511089671e-28, 2.3530006174463027e-16, 2.7237048583694032e-30, 2.313449084055183e-22, 4.482253121129764e-26, 7.235391727995609e-19, 1.18122039452777e-14, 2.0137383725297852e-19, 2.2423651443428862e-15, 1.483586517525559e-11, 1.131359762818196e-12, 1.0144069286822932e-13, 2.5346272303217177e-10, 7.251741984681814e-10, 3.2047797748901985e-09, 5.725240725951153e-07, 7.252095457488394e-08, 9.000266913972155e-07, 6.93910988047719e-06, 0.035906851291656494, 0.024452298879623413, 0.07648557424545288, 0.09192696958780289, 0.1743220090866089, 0.37082764506340027, 0.21833164989948273, 8.103739711608562e-14, 2.962614994145551e-16, 4.679716849627239e-15, 1.0125998304761383e-16, 7.768238770343786e-14, 2.0685214588246182e-17, 1.8012834943786395e-14, 3.9306271690969005e-15, 6.798517505251025e-14, 2.8004931273278855e-13], [0.20033960044384003, 0.1880858987569809, 0.24722245335578918, 0.23288120329380035, 0.13143718242645264, 1.6076219466754083e-08, 1.0055293288280514e-15, 3.410140790370553e-18, 2.0886117888977589e-19, 5.213423748476231e-20, 6.06909806741294e-21, 1.821725964002209e-27, 1.948549702540498e-23, 4.9196925168119524e-27, 3.0299866183767183e-27, 4.179847979101639e-15, 3.4145714763702736e-30, 1.5485425358111905e-24, 6.181298638047569e-28, 8.600028428998669e-23, 4.734797852877899e-19, 4.509836936905739e-24, 2.9404622877383563e-20, 6.119464966310558e-17, 4.3291800167427474e-18, 1.0437816041121886e-19, 5.15469438644835e-15, 2.2072638872504312e-15, 3.133064545852277e-15, 3.468631631919905e-13, 7.804108379493024e-13, 