{"currentPredictionRaw": [], "currentPrediction": [], "realResult": [], "newPrediction": [[3, 6, 13, 14, 23, 37, 1], [1, 3, 14, 16, 22, 38, 3], [2, 4, 11, 15, 21, 40, 2], [4, 5, 12, 13, 27, 39, 4], [6, 2, 16, 11, 20, 34, 5], [5, 7, 9, 17, 19, 32, 40], [7, 1, 15, 12, 26, 35, 39], [8, 8, 10, 18, 24, 36, 37], [10, 10, 8, 9, 29, 33, 38], [9, 9, 17, 19, 25, 31, 32]], "newPredictionRaw": [[0.2141149640083313, 0.1567145437002182, 0.3404189944267273, 0.13720488548278809, 0.0714532807469368, 0.07204865664243698, 0.00726287392899394, 0.0006068687653169036, 3.0040262572583742e-05, 0.00014449087029788643, 5.1212385443477615e-08, 3.7807825492564007e-07, 1.6892633958320857e-09, 3.0842704692307654e-12, 6.38013608416331e-14, 1.2261287540837884e-09, 1.0593927129856975e-13, 1.320038313441518e-17, 5.2668207566529426e-17, 5.144812360763922e-18, 1.1574361117095192e-15, 6.124927667075858e-17, 3.172108278093058e-17, 2.2712968450581124e-17, 2.936564628201643e-17, 1.1757426112820528e-17, 1.205754026218633e-14, 3.3300287699069046e-16, 2.2979637831588113e-18, 1.5054286131304138e-16, 4.086808239048891e-18, 4.970006581475194e-16, 6.993101894949135e-16, 6.14044041376033e-16, 1.7777241623353557e-15, 1.3620194500642583e-16, 6.058984558651379e-14, 5.7474586308487504e-15, 1.1692768975279932e-10, 1.7633299265185087e-09, 3.1467074090721706e-14, 5.377496408234816e-13, 9.045480293609631e-13, 8.142748628148233e-14, 2.2024721456348484e-12, 1.1851575276722315e-11, 1.0650134203357697e-12, 1.373641597603864e-13, 5.954139633591871e-13, 3.9486491333617924e-13], [0.06264618784189224, 0.12209206819534302, 0.17068395018577576, 0.13100352883338928, 0.12567202746868134, 0.24525173008441925, 0.11503908038139343, 0.021018141880631447, 0.0009535318240523338, 0.005623537115752697, 2.4750536340434337e-06, 1.3686929378309287e-05, 5.135291303304257e-08, 6.908447425235664e-11, 8.503460522529815e-13, 6.605862967745679e-09, 4.760628740177464e-13, 2.8295347361266716e-17, 1.953631365696923e-17, 7.567483547432453e-19, 1.0238092527418649e-16, 3.887362999243474e-18, 6.187271690817551e-19, 7.054978208025024e-22, 1.3162999202616097e-21, 5.081200260419015e-22, 8.282272276384788e-17, 2.2723069460002565e-21, 7.01472484484213e-22, 7.69565463404792e-21, 2.9711132541742217e-24, 5.7281813132835346e-21, 4.1426165846129313e-22, 7.580531731906173e-22, 1.5386588522490604e-20, 1.6096096192694105e-23, 2.2684898386686867e-19, 3.603883757225759e-20, 1.2385175994316083e-14, 5.607563025034068e-13, 1.6958437372555486e-16, 2.2602108579921135e-15, 4.475904628891856e-15, 6.164428916222164e-16, 6.701837334058009e-15, 8.627750206977036e-14, 3.60673278149517e-15, 2.1637693542138537e-16, 3.639981789290217e-15, 9.397336094303503e-16], [1.197930643570544e-09, 1.2192956866385884e-08, 7.36107452770085e-10, 4.900562622367488e-09, 5.945802854512294e-07, 1.070680468728824e-06, 0.00022862639161758125, 0.003546563908457756, 0.04974573105573654, 0.007167744915932417, 0.18597294390201569, 0.1143672838807106, 0.2926025688648224, 0.2514377534389496, 0.026444880291819572, 0.06636671721935272, 0.0018412653589621186, 0.00027161926846019924, 4.238732344674645e-06, 1.4161685157887405e-07, 1.9139976359383581e-07, 3.1709113557099045e-08, 1.5245884554815348e-09, 9.000627022316869e-17, 2.6678480578966465e-16, 8.308546841361922e-17, 6.286001719146839e-10, 2.286372914825412e-18, 8.498646631002662e-15, 1.1169847827639692e-15, 1.3659255063566062e-21, 2.796057878536765e-19, 8.516980939429346e-23, 1.274669773918052e-21, 2.728984193733798e-20, 9.542228526198136e-26, 3.530421394660527e-21, 4.651072198394801e-21, 3.0817132776497423e-18, 6.39124078139302e-18, 1.903944141695745e-15, 1.926085794695209e-15, 1.5155785824675825e-15, 3.653466130294032e-15, 1.7338244299126355e-16, 2.136876296366546e-15, 1.060537554246877e-15, 1.5423603084218854e-16, 1.8518113813746108e-15, 1.7266631633902944e-16], [1.514590189377607e-11, 1.1906131636152395e-10, 7.691807260568062e-12, 3.825761929476812e-11, 9.004248902044765e-09, 3.430639239354605e-08, 1.2341206456767395e-05, 0.00020218925783410668, 0.0066277324222028255, 0.00028677601949311793, 0.047040507197380066, 0.03146785870194435, 0.14339779317378998, 0.33457517623901367, 0.16500405967235565, 0.20768006145954132, 0.04496181011199951, 0.017039485275745392, 0.0014532685745507479, 0.00011668941442621872, 0.0001050461214617826, 2.5193521651090123e-05, 3.5942268823419e-06, 1.1654608484887308e-12, 1.6463619747011937e-12, 1.4042545338349699e-12, 3.854301269257121e-07, 8.44533607136837e-15, 2.3122066761249727e-11, 2.9709587654608294e-12, 2.8438373506622035e-17, 5.062633869422188e-17, 8.264482992169768e-20, 8.88580058073731e-19, 3.751866265413919e-18, 5.568094551234541e-23, 2.6498048499130885e-19, 2.4882644895936663e-19, 7.540192170687338e-18, 7.714733897380927e-18, 6.640208487365207e-15, 6.164167077162344e-15, 6.855829194418262e-15, 4.1070353328897646e-15, 3.0684663192837567e-16, 4.430324091934208e-15, 2.532414848229413e-15, 9.397829490995278e-16, 4.86670572548073e-15, 2.9448543014284044e-16], [7.339600627297767e-15, 1.5220092777789608e-14, 5.130086808781192e-15, 5.4210150975922584e-15, 8.120859128386837e-13, 2.656760174270939e-13, 3.2998676707807206e-11, 9.872239137287409e-11, 1.059497289901401e-08, 1.8648298183432388e-10, 4.501680805901742e-08, 2.3299794094100434e-08, 2.620504631067888e-07, 3.5203695460950257e-06, 1.7296382793574594e-05, 0.00033114507095888257, 0.000189331840374507, 0.001025665900669992, 0.010441643185913563, 0.06559903919696808, 0.2396717071533203, 0.25386688113212585, 0.32809561491012573, 0.003780659753829241, 0.0015467373887076974, 0.003940249793231487, 0.08852017670869827, 8.094526128843427e-05, 0.0017052440671250224, 0.0011731181293725967, 1.0689243936212733e-05, 1.905911517496861e-08, 3.6139828907266747e-09, 1.537208227375686e-08, 1.3992241809646089e-09, 7.047700964490922e-12, 1.605873767296373e-10, 2.662068308845189e-11, 2.6654188838709514e-13, 3.978572367933399e-14, 7.317515090231059e-15, 7.617292078132207e-14, 2.4423456421347745e-13, 3.374701446363774e-15, 2.4186358770400583e-15, 1.7615923775032502e-14, 2.1427448370866554e-14, 2.9285168040571463e-14, 1.7786897375435783e-14, 2.275116520281421e-15], [7.920997632027138e-06, 2.589439282019157e-05, 3.1474563002120703e-05, 2.2157923012855463e-05, 5.1230625103926286e-05, 2.1159742794735203e-12, 6.1474678226072256e-15, 1.0377052914627147e-16, 3.802712488567292e-15, 4.153409116202517e-15, 5.565316159882093e-17, 1.0550318136199444e-17, 6.106315441548925e-17, 2.4779834721000024e-17, 1.5138466327349947e-19, 2.2266767422951528e-12, 5.941627173030128e-18, 1.1560514245989952e-15, 4.0425692307555217e-13, 1.475748523382947e-09, 1.4839248478892841e-06, 1.9686146970343543e-06, 3.5330122045706958e-06, 0.0001705909235170111, 0.00029824551893398166, 3.0805655114818364e-05, 0.0003098990418948233, 0.004202546086162329, 4.957531200489029e-05, 0.002904639346525073, 0.005862168502062559, 0.06916039437055588, 0.05550536513328552, 0.08080393075942993, 0.06257292628288269, 0.059444982558488846, 0.24165044724941254, 0.22260628640651703, 0.09270783513784409, 0.10157372802495956, 8.312810509392143e-12, 1.6336036690045574e-10, 1.1390346998929601e-10, 7.420837555560666e-11, 2.5576571416330296e-10, 1.3259790487829548e-10, 1.0052373378144353e-09, 1.2977443555536872e-12, 5.960024834772426e-11, 3.3024617762666963e-11], [0.22024357318878174, 0.20914198458194733, 0.21127115190029144, 0.196311354637146, 0.15682323276996613, 3.681705496028087e-10, 1.0482322068726749e-13, 2.492042928622668e-16, 2.534718566087708e-15, 1.33137697440615e-14, 2.2724589097416576e-18, 9.032116423388752e-19, 4.9294453417329315e-19, 2.74847754497392e-20, 3.533094213179597e-24, 7.31870551033513e-14, 5.1236897602782844e-23, 9.798534957316855e-22, 1.757084649475953e-19, 5.029190361686628e-16, 2.92017694747404e-11, 6.624479177014253e-12, 1.6877550789232143e-12, 4.6236928175069636e-10, 3.1693598856463723e-09, 2.532568425805959e-11, 4.036708389776322e-08, 4.4846903080042466e-08, 1.0609719700016562e-11, 1.9673917961426923e-07, 