{"currentPredictionRaw": [], "currentPrediction": [{"name": "MarkovBayesian Model", "predictions": [[32, 33, 35, 3, 37, 7, 40]]}, {"name": "PoissonMonteCarlo Model", "predictions": [[1, 8, 21, 27, 36, 41, 42]]}], "realResult": [4, 7, 9, 14, 43, 44, 41], "newPrediction": [{"name": "MarkovBayesian Model", "predictions": [[4, 37, 7, 9, 41, 43, 44]]}, {"name": "PoissonMonteCarlo Model", "predictions": [[1, 6, 12, 19, 21, 36, 42]]}], "newPredictionRaw": [], "matchingNumbers": {"model": "MarkovBayesian Model", "prediction": [32, 33, 35, 3, 37, 7, 40], "matching_numbers": [7], "match_count": 1}, "labels": [], "numberFrequency": {"4": 0.02266786840919333, "5": 0.023479044614691302, "8": 0.02235241099594412, "14": 0.023298783235691754, "27": 0.02334384858044164, "40": 0.022217214961694456, "23": 0.022757999098693103, "16": 0.02537178909418657, "17": 0.022803064443442992, "20": 0.022893195132942766, "34": 0.022622803064443444, "35": 0.02316358720144209, "9": 0.022893195132942766, "19": 0.024605678233438486, "28": 0.023749436683190628, "33": 0.02365930599369085, "39": 0.021901757548445245, "3": 0.02338891392519153, "24": 0.02401982875168995, "32": 0.02077512392969806, "15": 0.021000450653447498, "29": 0.023208652546191977, "41": 0.02352410995944119, "2": 0.02316358720144209, "12": 0.025281658404686796, "37": 0.02145110410094637, "42": 0.023749436683190628, "7": 0.023569175304191076, "1": 0.023569175304191076, "25": 0.0242000901306895, "26": 0.023433979269941414, "30": 0.021676430824695808, "31": 0.021406038756196486, "6": 0.022442541685443892, "18": 0.023253717890941866, "21": 0.023253717890941866, "22": 0.024109959441189724, "10": 0.021946822893195134, "38": 0.02474087426768815, "13": 0.022442541685443892, "11": 0.022307345651194233, "36": 0.02316358720144209, "44": 0.010319963947724201, "43": 0.011086074808472285, "45": 0.009734114465975665}}