{
  "currentPredictionRaw": [],
  "currentPrediction": [
    {
      "name": "HybridStatisticalModel",
      "predictions": [
        [
          2,
          3,
          4,
          5,
          9,
          23,
          35
        ]
      ]
    }
  ],
  "realResult": [
    5,
    7,
    19,
    23,
    31,
    36,
    1
  ],
  "newPrediction": [
    {
      "name": "HybridStatisticalModel",
      "predictions": [
        [
          1,
          2,
          4,
          5,
          31,
          3,
          7
        ]
      ]
    }
  ],
  "newPredictionRaw": [],
  "matchingNumbers": {
    "model": "HybridStatisticalModel",
    "prediction": [
      2,
      3,
      4,
      5,
      9,
      23,
      35
    ],
    "matching_numbers": [
      5,
      23
    ],
    "match_count": 2
  },
  "labels": [],
  "numberFrequency": {
    "1": 0.14285714285714285,
    "2": 0.14285714285714285,
    "4": 0.14285714285714285,
    "5": 0.14285714285714285,
    "31": 0.14285714285714285,
    "3": 0.14285714285714285,
    "7": 0.14285714285714285
  }
}