{
  "currentPredictionRaw": [],
  "currentPrediction": [
    {
      "name": "HybridStatisticalModel",
      "predictions": [
        [
          1,
          2,
          4,
          5,
          31,
          3,
          7
        ]
      ]
    }
  ],
  "realResult": [
    3,
    7,
    21,
    22,
    30,
    41,
    5
  ],
  "newPrediction": [
    {
      "name": "HybridStatisticalModel",
      "predictions": [
        [
          5,
          1,
          3,
          21,
          2,
          4,
          7
        ]
      ]
    }
  ],
  "newPredictionRaw": [],
  "matchingNumbers": {
    "model": "HybridStatisticalModel",
    "prediction": [
      1,
      2,
      4,
      5,
      31,
      3,
      7
    ],
    "matching_numbers": [
      3,
      5,
      7
    ],
    "match_count": 3
  },
  "labels": [],
  "numberFrequency": {
    "5": 0.14285714285714285,
    "1": 0.14285714285714285,
    "3": 0.14285714285714285,
    "21": 0.14285714285714285,
    "2": 0.14285714285714285,
    "4": 0.14285714285714285,
    "7": 0.14285714285714285
  }
}