{"currentPredictionRaw": [], "currentPrediction": [], "realResult": [], "newPrediction": [[9, 14, 25, 31, 39, 44, 2], [11, 15, 26, 30, 36, 43, 5], [10, 13, 27, 28, 37, 45, 4], [8, 18, 24, 29, 40, 42, 3], [7, 12, 23, 32, 38, 41, 1], [6, 10, 28, 27, 41, 40, 6], [12, 11, 30, 33, 42, 39, 7], [5, 17, 29, 25, 44, 1, 8], [3, 9, 22, 26, 43, 4, 47], [2, 16, 31, 34, 45, 46, 48]], "newPredictionRaw": [[5.7816643675323576e-05, 0.0021353596821427345, 0.0028608515858650208, 0.0020873346365988255, 0.004423918202519417, 0.021534234285354614, 0.07820742577314377, 0.11376280337572098, 0.36013224720954895, 0.196684792637825, 0.20884351432323456, 0.009245927445590496, 2.3737045921734534e-05, 8.030463760633211e-08, 8.049966027101618e-09, 5.913867994215751e-15, 3.74665669515095e-15, 1.1046006123671681e-11, 2.3355527313495992e-17, 5.2995604930810465e-22, 4.679658475239127e-25, 2.1036794362104814e-24, 1.1996688311796644e-18, 1.5563461386322036e-19, 2.3820975640324986e-18, 4.296875116076407e-22, 1.7036986308460438e-21, 3.709446767925164e-26, 1.2240999644603366e-26, 8.923353957283993e-25, 3.0744012264091787e-22, 2.1912188979138056e-27, 1.8244918904180673e-22, 5.308561837771725e-23, 2.880661784361202e-22, 1.2257448627072389e-26, 2.1368789000887164e-26, 4.252858002851395e-24, 4.3912739038641895e-24, 2.917683902278829e-25, 1.1252536284392435e-25, 4.5648785232761776e-24, 3.5559683321361765e-26, 4.802508277047261e-25, 1.0367230970532332e-25, 3.2921615974059665e-25, 2.4022851797267543e-24, 8.98901873903459e-25], [1.6429002255846648e-11, 9.940013256937164e-09, 1.5933808583667997e-07, 5.311646589234442e-08, 2.0669452283073042e-07, 1.5734941598566365e-06, 3.428577201702865e-06, 1.2040908586641308e-05, 0.00012689561117440462, 0.006148889660835266, 0.006019892171025276, 0.05111570283770561, 0.17726518213748932, 0.38660696148872375, 0.31981778144836426, 9.460716682951897e-05, 0.00014279862807597965, 0.05263799801468849, 5.742865141655784e-06, 4.147533982923335e-10, 3.2054925120511557e-13, 2.407994051552287e-13, 4.633065849371509e-13, 3.098542066372681e-14, 2.828077839457394e-16, 3.4294100868170676e-16, 5.861975685372519e-16, 9.393525903633163e-25, 1.325260584184267e-24, 2.0443906227263332e-24, 2.4153497023933458e-24, 1.772181223589853e-27, 4.731273012562716e-27, 8.158729152853935e-29, 1.1943654550117443e-27, 2.395703566354374e-31, 1.2670167423049937e-30, 3.9911421793875844e-28, 5.7319557097508295e-30, 1.995898941651005e-30, 6.250471980801085e-32, 4.323527835874683e-28, 6.4633158041686e-32, 3.503309356834752e-32, 5.227893461052671e-37, 2.971742931907343e-34, 4.245991665168165e-34, 1.45902055766925e-33], [2.63471765456655e-17, 1.9064268122048061e-13, 2.018162553578135e-14, 1.230166913362865e-15, 9.100307855371137e-14, 1.340547884829367e-14, 8.467135099540671e-16, 9.240134190831393e-16, 2.240122201098557e-15, 1.884625268344653e-14, 4.134590161696894e-15, 1.3402410894958715e-14, 2.2088369544884245e-14, 8.046340693344464e-14, 4.1558626657188513e-13, 6.552856035568766e-10, 7.067527452164768e-09, 6.423168247282618e-11, 2.696598855322918e-08, 3.1994909477361944e-06, 8.717351011000574e-05, 0.0015411896165460348, 0.03937258571386337, 0.13372839987277985, 0.30272263288497925, 0.2706199586391449, 0.22847959399223328, 0.017176110297441483, 0.001936041284352541, 0.003211457747966051, 0.0011209468357264996, 5.36702998488181e-07, 1.667794293780389e-07, 3.842672846587902e-09, 6.2892753227572484e-09, 1.9713281537486662e-15, 1.179096120599351e-14, 3.416270901151347e-13, 1.1785947617978711e-14, 6.1864029625771904e-15, 1.0414515726046326e-15, 1.2027675405125449e-13, 2.5795710782271913e-14, 1.9869173451566284e-16, 1.5371909620909483e-19, 4.5381840646507854e-13, 4.4894834377862125e-12, 5.2693842345075126e-11], [4.91035693314277e-16, 1.8102444456630229e-12, 3.3227577861481145e-14, 2.434934061494652e-15, 7.738768800042914e-14, 2.9359483323231766e-15, 2.6808473666590398e-17, 5.627086699305103e-17, 2.641981530775927e-19, 2.64028891244749e-19, 1.134041743096385e-19, 1.0236930705719408e-19, 6.498802643659682e-20, 1.5105905138018621e-19, 7.573653280826333e-19, 2.6570437556077238e-17, 1.8176319078870053e-15, 2.5115825559651713e-17, 7.19714662622854e-15, 4.005042391480584e-12, 1.9571946285878994e-09, 2.7221514642405964e-07, 0.0001460243365727365, 0.0016141949454322457, 0.019108422100543976, 0.009895878843963146, 0.02210172452032566, 0.21074655652046204, 0.18187113106250763, 0.2272784411907196, 0.2534712553024292, 0.038328152149915695, 0.020435335114598274, 0.007619159761816263, 0.007219897583127022, 3.079863120092341e-07, 3.7826035281796067e-07, 1.4025611108081648e-06, 3.6621119647861633e-07, 8.28423409870993e-08, 2.590470593588634e-08, 9.189727734337794e-08, 1.721831388579176e-08, 2.096129936290936e-09, 3.1090047203363724e-11, 3.4825200145860435e-06, 3.908248254447244e-05, 0.00011821274529211223], [3.156678529681045e-10, 4.820960963769494e-09, 6.229901594601017e-10, 5.446974538081406e-10, 3.549216753828688e-10, 5.741251658114566e-12, 2.6234289619283613e-15, 1.3440277502865718e-14, 1.0787930183137907e-26, 7.84837023488938e-33, 2.0669409610149313e-33, 2.1433014413863317e-33, 5.16713579933609e-32, 1.708297152332494e-29, 1.572748848677028e-29, 2.1381053130180028e-28, 1.9065334324496616e-24, 3.616953443085583e-26, 5.2281050463012385e-24, 4.966880809953793e-22, 8.635796291209153e-21, 5.082889930300932e-19, 3.6614408607891363e-14, 4.0529801254157185e-16, 2.2391894987096217e-17, 2.4685870616538916e-14, 9.389265987898537e-16, 1.65455426838151e-18, 1.058227801278833e-15, 7.191256120885316e-17, 1.7857033397534333e-14, 4.7293477223320224e-07, 2.509130467842624e-07, 8.401185368711594e-06, 3.606293830671348e-05, 0.1760886162519455, 0.17196278274059296, 0.12107160687446594, 0.18863573670387268, 0.13565973937511444, 0.0972854420542717, 0.07204044610261917, 0.016166390851140022, 0.016325365751981735, 0.0038749100640416145, 0.0007254884112626314, 0.0001023336299112998, 1.5911782611510716e-05], [0.0023732490371912718, 0.0003885163750965148, 0.00024072063388302922, 0.0009060077136382461, 0.00019862189947161824, 6.665758974122582e-06, 4.090078675744735e-08, 3.9097315607250493e-08, 8.411046989004976e-19, 9.272217924301308e-27, 1.1069692578443793e-27, 6.360519058288061e-30, 2.676571070788437e-29, 1.440382494253306e-27, 1.2188977580503545e-27, 2.1476655314247e-24, 1.1064913941960554e-21, 3.998036208942378e-24, 1.6528737742267196e-21, 1.8275634749692828e-20, 5.019220784382121e-22, 6.005138588369264e-21, 6.607106333907391e-16, 8.760490860494681e-20, 2.4689938955075657e-20, 3.060117246217208e-18, 2.4804164196616134e-20, 7.4553912949660265e-25, 3.032522052455061e-23, 1.8898007065737924e-23, 7.021307756567568e-21, 1.9005513512255177e-15, 4.067786418034819e-13, 8.832105186096229e-11, 8.996435263419755e-10, 4.9767997552407905e-05, 0.00015041969891171902, 0.00012794193753506988, 0.002544247079640627, 0.0035347347147762775, 0.010236346162855625, 0.018400995060801506, 0.4060048460960388, 0.4155651926994324, 0.13857795298099518, 0.000596324447542429, 8.432390313828364e-05, 1.3094892892695498e-05], [0.10318146646022797, 0.26106154918670654, 0.16053378582000732, 0.1735760122537613, 0.20822258293628693, 0.03451291471719742, 0.031231315806508064, 0.02676629088819027, 4.628280294127762e-05, 1.498946966549397e-09, 9.786520482890637e-10, 9.893959783402462e-12, 1.267449036349011e-12, 5.778987992354281e-14, 1.1805199829836854e-13, 1.4946929056871422e-13, 1.3392516533695248e-13, 5.608699811011919e-15, 2.0826121893918834e-15, 1.5961790613547495e-15, 2.259427630448589e-17, 1.1072742911775275e-15, 2.972472934459347e-09, 4.162311814659425e-11, 3.814909221855345e-10, 7.618344843862701e-11, 3.450136660740344e-12, 1.3890597656482373e-13, 5.070440866217912e-15, 3.804035645510462e-12, 1.3191525649602909e-09, 4.597909984064945e-15, 2.034950163931626e-08, 7.160588566534898e-09, 1.2619686629022908e-08, 1.734823493627219e-13, 1.1582161655264694e-14, 5.570676298721766e-13, 1.1462815288978967e-12, 9.270131320557318e-13, 2.0627854892957265e-12, 9.817737595119169e-11, 