{
  "currentPredictionRaw": [],
  "currentPrediction": [
    {
      "name": "HybridStatisticalModel",
      "predictions": [
        [
          2,
          5,
          8,
          4,
          1,
          3,
          12
        ]
      ]
    }
  ],
  "realResult": [
    7,
    17,
    18,
    22,
    29,
    34,
    5
  ],
  "newPrediction": [
    {
      "name": "HybridStatisticalModel",
      "predictions": [
        [
          5,
          22,
          2,
          3,
          4,
          17,
          34
        ]
      ]
    }
  ],
  "newPredictionRaw": [],
  "matchingNumbers": {
    "model": "HybridStatisticalModel",
    "prediction": [
      2,
      5,
      8,
      4,
      1,
      3,
      12
    ],
    "matching_numbers": [
      5
    ],
    "match_count": 1
  },
  "labels": [],
  "numberFrequency": {
    "5": 0.14285714285714285,
    "22": 0.14285714285714285,
    "2": 0.14285714285714285,
    "3": 0.14285714285714285,
    "4": 0.14285714285714285,
    "17": 0.14285714285714285,
    "34": 0.14285714285714285
  }
}