{"currentPredictionRaw": [], "currentPrediction": [], "realResult": [], "newPrediction": [[2, 42, 11, 44, 14, 26, 31], [32, 5, 9, 41, 43, 15, 23], [4, 10, 43, 45, 18, 24, 29], [3, 7, 40, 13, 46, 25, 28], [1, 6, 39, 42, 12, 27, 30], [33, 8, 41, 44, 17, 22, 0], [35, 4, 37, 5, 6, 47, 28], [2, 34, 38, 7, 40, 16, 21], [3, 39, 12, 45, 48, 25, 30], [2, 13, 46, 47, 48, 20, 27]], "newPredictionRaw": [[6.005307362499934e-09, 0.0066151609644293785, 1.4727832422067877e-05, 2.09861191251548e-05, 0.008822401985526085, 0.11079557240009308, 0.14886511862277985, 0.09027757495641708, 0.20746926963329315, 0.1764078289270401, 0.24464908242225647, 0.004421555437147617, 0.0016406895592808723, 2.0652510812624314e-08, 4.043370527284651e-09, 2.914706778885112e-14, 1.1528104859603872e-14, 4.48299725927569e-15, 5.367521745104663e-19, 2.052303762197252e-20, 5.9459471108544894e-21, 8.970704070942436e-22, 1.0451547451336078e-22, 2.6530493492406316e-23, 4.1382971323529677e-26, 2.188297192854692e-25, 1.0316658823531843e-24, 1.815714519115599e-23, 1.2026594606790844e-20, 5.04490748385131e-23, 9.498733886003059e-21, 1.0612733822378077e-22, 3.828988359352421e-21, 1.1300784816747477e-20, 2.3060593481150795e-20, 1.1352465833573568e-19, 1.5481565335800458e-19, 2.249960185153932e-20, 2.5310602295477458e-19, 1.6808279350921978e-20, 1.4936821989111967e-20, 8.601148611484083e-22, 3.8966985854861417e-20, 1.042870749010797e-18, 3.985577203600404e-20, 1.705813539417473e-19, 3.94423001199527e-18, 2.606691220313702e-16], [3.646433710535746e-10, 0.003604334080591798, 0.006375271361321211, 0.01199717540293932, 0.0033100484870374203, 1.6771789887570776e-05, 4.3144578398823796e-07, 1.9944136511185206e-05, 2.7428770863480167e-06, 2.7006246455130167e-05, 1.419564250682015e-05, 0.03529907017946243, 0.06990349292755127, 0.4052668511867523, 0.34637972712516785, 0.01056149136275053, 0.02898949198424816, 0.07752776145935059, 0.0006951501709409058, 8.503169738105498e-06, 5.237598657004128e-07, 4.284833821088796e-08, 1.107819673669408e-12, 9.416493734933085e-14, 2.61640562322367e-19, 7.881074062126604e-16, 5.168552030753888e-17, 3.1565505000191554e-21, 1.373168769128183e-20, 8.371783201214367e-22, 5.367281765791795e-21, 8.494699089844836e-23, 6.2786425522671856e-24, 4.9333869572373145e-26, 6.528001484407547e-26, 8.238763145771139e-27, 1.067265152779367e-27, 1.2290949793269016e-26, 5.73443268195608e-26, 5.326742340345424e-25, 8.928891760838645e-24, 8.429750593796179e-23, 1.1725452800104309e-21, 6.510984816884086e-20, 5.802998345660535e-20, 3.476404996145296e-22, 4.2195466156344464e-23, 7.559554342714536e-22], [6.561498935298005e-07, 3.1858980141790273e-15, 1.4259540813757465e-13, 9.249210148861223e-14, 1.0499960703996196e-16, 4.192988037608342e-18, 3.235743498059724e-25, 3.5425633050554174e-24, 1.3970668571301495e-21, 3.1889276739759307e-21, 3.8977585772533984e-23, 8.13114147742622e-20, 5.336341171914477e-19, 6.226650897736281e-16, 4.767746527439831e-14, 4.6895189953488625e-09, 6.019038600868498e-09, 8.789904915040836e-11, 9.033214155351743e-06, 0.002426933031529188, 0.01105044037103653, 0.03744092211127281, 0.18912479281425476, 0.1867719143629074, 0.1578129678964615, 0.2411298304796219, 0.1477174609899521, 0.0169930811971426, 0.00041822154889814556, 0.008715704083442688, 0.00028366982587613165, 0.00010389865929028019, 4.4761063122678024e-07, 2.0177874926474715e-09, 2.9049764815880508e-09, 8.183452179788553e-12, 6.740096118219591e-15, 8.373594921834773e-14, 1.1953013961275426e-16, 5.277680711653478e-16, 3.980287125089186e-19, 1.1362604534642842e-17, 2.1628304401121086e-20, 2.949017427457493e-21, 1.057066645776641e-21, 1.6136550936288883e-21, 7.471244317673058e-26, 7.847851078279537e-28], [2.3415312355723472e-08, 1.9663122099234834e-17, 3.8979257151626945e-16, 2.090504312998807e-16, 1.0416973674624964e-19, 3.314563637806442e-19, 5.668842672509644e-27, 2.5163986489953808e-26, 8.094143679577542e-26, 2.2768581693412633e-25, 2.580754021791668e-27, 3.547637159790186e-25, 4.016090868480171e-25, 5.722127531587996e-23, 8.152733314794555e-21, 1.0728695333957319e-16, 3.3877135664994945e-16, 1.912324736961077e-18, 2.343988501560257e-12, 2.4385842234408983e-09, 4.125024943846256e-08, 1.8911198651494487e-07, 7.96460808487609e-05, 8.676061406731606e-05, 0.006949395406991243, 0.00037819784483872354, 0.002038549864664674, 0.13437651097774506, 0.1734616756439209, 0.13002921640872955, 0.25003647804260254, 0.2266051471233368, 0.04779091477394104, 0.012248242273926735, 0.014831777662038803, 0.0010645054280757904, 7.72300518292468e-06, 1.4828699931968004e-05, 1.1444303993357607e-07, 8.404968809827551e-08, 1.8668462609117142e-11, 1.0201266220644101e-10, 6.321994387411059e-14, 1.4940053944548443e-15, 5.670666544441337e-17, 3.634499792055587e-16, 1.2260664101923476e-20, 3.211120792485822e-23], [2.597085324573811e-10, 4.99148682456263e-12, 1.8869348358124816e-12, 2.1718154618460828e-12, 6.578007724026419e-14, 5.376135734508347e-12, 6.573661767380647e-16, 5.84257238401241e-14, 1.5234680594576296e-23, 4.9032926532602315e-25, 6.0040181290812724e-33, 3.527110785258111e-29, 1.2837731762383594e-33, 2.5315000018797456e-33, 9.47144992896099e-32, 3.685507219630284e-31, 1.5418132145586554e-32, 8.042398507930458e-31, 7.87887934440904e-30, 4.983156404322226e-30, 1.5590016397272124e-30, 5.703891205302914e-32, 5.616109548418341e-22, 4.843896258870134e-24, 7.341204586125326e-23, 1.2587164729719087e-19, 6.982443515592073e-19, 7.204753061504222e-18, 1.0914684446235254e-15, 1.6008937949699327e-14, 1.5469786909805272e-11, 3.053183519809849e-13, 2.6799986230230388e-08, 6.90621709509287e-06, 5.714048711524811e-06, 0.00040309474570676684, 0.011942681856453419, 0.009704429656267166, 0.09737007319927216, 0.11113680899143219, 0.2606337368488312, 0.2748444378376007, 0.15364006161689758, 0.06822927296161652, 0.009481430985033512, 0.002570838201791048, 2.9111331969033927e-05, 1.3418210755844484e-06], [1.552963055928558e-07, 4.097086403476169e-08, 1.847963027046262e-08, 2.6841277644962247e-08, 2.6310114087380043e-09, 1.8853635097570987e-08, 5.323477769714202e-11, 3.4928775427545133e-09, 2.362377681626811e-19, 1.8271802021653157e-22, 5.438486327532731e-33, 1.335934402247828e-26, 2.8626158587474584e-32, 8.677000300418202e-32, 3.1348560598435197e-31, 2.884246504104143e-29, 2.597052289239915e-32, 1.4770566119777178e-29, 6.181549102979887e-31, 6.086031635254174e-33, 3.4620969565217545e-34, 1.1207661348306346e-36, 4.1810628843987125e-25, 8.244557498601823e-28, 6.864580063717272e-29, 1.0860595180975967e-22, 4.438989417893931e-23, 9.399093092256534e-24, 8.157363991417075e-22, 2.2608790015513746e-19, 5.432748621494099e-16, 1.171668147059285e-18, 8.360143306795909e-12, 9.805120271266787e-09, 3.209220889033304e-09, 2.4930532163125463e-06, 8.886026625987142e-05, 0.00010693018703022972, 0.0018420687410980463, 0.003335429821163416, 0.043663352727890015, 0.05685541406273842, 0.2659558951854706, 0.37557119131088257, 0.18340450525283813, 0.06076642870903015, 0.007190735545009375, 0.0012163975043222308], [0.13473787903785706, 0.2911054193973541, 0.14868877828121185, 0.19024312496185303, 0.1909576654434204, 0.013929007574915886, 0.01061161607503891, 0.019646702334284782, 1.9265116861788556e-06, 1.1790223242158504e-09, 3.2597411818503547e-16, 4.516349100258665e-11, 1.1038509651695519e-14, 2.539799134225427e-19, 1.5633560853780972e-22, 4.53625589430139e-19, 1.9257043301683426e-24, 6.972469877274288e-25, 2.704077132439215e-26, 2.2139905338528502e-29, 1.828264682737867e-29, 1.5187226204996762e-30, 2.7956204583202637e-21, 7.513206555722267e-23, 5.395782707213268e-26, 2.81998924763369e-20, 2.541956718530998e-22, 2.2971498293581235e-22, 7.092065272860978e-23, 9.935680573915545e-20, 2.7818272183747677e-18, 1.8159496652985822e-20, 1.5607804956978082e-16, 1.2425687886117361e-14, 1.9454708319073934e-16, 7.218044792509787e-14, 1.9722300320792552e-15, 1.709488670412207e-14, 7.488711460299467e-16, 7.894583178844126e-16, 5.981501033955165e-15, 3.3812294869366155e-14, 1.1503764087150703e-11, 