{"currentPredictionRaw": [], "currentPrediction": [], "realResult": [17, 21, 22, 35, 41, 48, 1], "newPrediction": [[9, 22, 32, 37, 45, 47, 2], [8, 24, 29, 39, 44, 46, 5], [10, 20, 24, 31, 40, 43, 3], [2, 35, 36, 4, 39, 40, 31], [10, 16, 23, 27, 36, 42, 36]], "newPredictionRaw": [[2.371650634787472e-19, 3.4317485918949897e-12, 3.9126508928461975e-20, 4.153073973611754e-08, 3.17497961255242e-09, 0.0007250664639286697, 0.015570095740258694, 0.11711331456899643, 0.8335208296775818, 0.032168712466955185, 0.0009019589051604271, 2.514568331335454e-09, 5.140203540587862e-11, 2.3842237212301498e-11, 4.066822833354022e-12, 2.935111569650408e-16, 8.343861630166424e-16, 2.993685486139819e-13, 6.985861774849963e-21, 3.1377406759606636e-30, 0.0, 0.0, 0.0, 0.0, 0.0, 0.0, 0.0, 0.0, 4.2701135209721335e-35, 0.0, 1.7161913316924374e-34, 2.5535023173912618e-33, 1.642536680900399e-35, 0.0, 3.636485878747378e-37, 4.939353439510074e-38, 1.3309674065042316e-37, 1.4075585241908523e-36, 1.3724536524464058e-35, 4.2857797956589103e-35, 0.0, 2.2228026413597217e-30, 0.0, 0.0, 2.842661733302838e-37, 3.1046762399025993e-38, 0.0, 0.0], [1.1396610322123024e-09, 4.646089970011946e-19, 6.876465477034799e-07, 0.0006670794100500643, 1.39952368048466e-19, 3.9111203708985483e-17, 1.0379292366548906e-19, 1.9715465261216577e-18, 3.324888206359357e-17, 1.440217743513012e-14, 4.81834624282973e-13, 1.3528900222326001e-10, 6.5193385125894565e-06, 1.2328134069150565e-08, 1.14465537990327e-05, 0.00019318051636219025, 0.0004727631458081305, 0.00013053245493210852, 0.004813740961253643, 0.03135572373867035, 0.05678410828113556, 0.2758534252643585, 0.21875624358654022, 0.27121564745903015, 0.0438019260764122, 0.06127379089593887, 0.03298692777752876, 0.00031117082107812166, 1.3726507042122194e-08, 0.0013118471251800656, 5.3233830840326846e-05, 1.7057891210647824e-10, 2.7432101729063518e-11, 3.810468176342237e-14, 1.5170537623430264e-13, 1.781649313012932e-15, 3.2401213309570548e-24, 9.083554649780362e-21, 2.051471122667235e-23, 9.767105224239912e-23, 2.2633531715704334e-29, 1.7044921768008031e-28, 6.575069363355625e-27, 7.221651688378419e-29, 3.961378816649623e-31, 2.6684822492814454e-27, 5.046367272974134e-32, 5.776287404444563e-34], [2.9627966569023556e-07, 1.6476082549340704e-16, 5.846756039318279e-07, 7.879427430077142e-15, 1.2829531596028057e-16, 2.496607165658948e-15, 3.6261106172729417e-19, 2.0056980366216375e-22, 5.320469633446051e-32, 5.5174545098783165e-30, 4.767251618002605e-26, 3.2556453641539443e-21, 1.5919919886731096e-21, 2.8389961455877965e-21, 7.934747696399195e-22, 4.680811198236881e-25, 2.0996845657003517e-23, 2.691507580547604e-22, 2.4775664835677485e-22, 2.9257541844197895e-21, 2.078308349639616e-19, 2.627482702795243e-16, 7.119426576052135e-13, 6.143067825259418e-13, 3.411767011129996e-06, 1.040544020725065e-06, 6.298690095718484e-06, 0.03146744146943092, 0.19069530069828033, 0.01417925488203764, 0.09742077440023422, 0.36113041639328003, 0.1482894867658615, 0.05490804463624954, 0.0758865624666214, 0.026007985696196556, 1.3016217437211708e-08, 2.9664540761586977e-06, 5.622496690449452e-09, 9.332532613370859e-08, 7.488331989539097e-15, 5.785022847993584e-15, 2.5720545078532567e-14, 1.41981843728605e-15, 4.952738292833088e-17, 4.779804274378057e-16, 3.1864719411427356e-20, 1.0958460633788961e-22], [2.1132140481938677e-10, 2.3887733457961247e-10, 5.147784325545968e-13, 2.207157871022395e-24, 2.6172319866901717e-10, 5.161548814226757e-13, 1.551183215358723e-16, 1.8341676165194013e-22, 0.0, 0.0, 1.858523723356602e-36, 1.1262284609917544e-29, 4.771263877182489e-37, 2.203246929260346e-31, 7.312402099044864e-36, 0.0, 0.0, 0.0, 0.0, 0.0, 0.0, 1.7194569804118712e-36, 4.323123285262068e-30, 2.0680857676163574e-31, 2.6007721681403593e-20, 4.019022119093969e-20, 3.6721163349916097e-19, 4.8163374330445485e-12, 4.674906239898746e-09, 2.4294448831146953e-12, 3.379058144403757e-10, 5.348759714252083e-06, 9.963358024833724e-05, 0.0228557251393795, 0.01798185333609581, 0.0434657521545887, 0.2550901770591736, 0.19292621314525604, 0.23379142582416534, 0.21895478665828705, 0.006331546697765589, 0.006195456255227327, 0.0015185961965471506, 0.0007337473216466606, 4.6473025577142835e-05, 3.0576518383895746e-06, 2.0973658365619485e-07, 4.173688061825942e-09], [1.6036972283473006e-06, 1.9841743778670207e-05, 2.5419721438879606e-08, 1.0699405728734654e-15, 5.828540452057496e-06, 2.398117615598494e-08, 3.2959069501403704e-11, 2.2505258832732078e-15, 6.638307028850057e-35, 1.641686485096124e-35, 1.5315698419912198e-34, 5.756878810868572e-38, 0.0, 0.0, 0.0, 0.0, 0.0, 0.0, 0.0, 0.0, 0.0, 2.36991211636651e-38, 2.1657194778218558e-32, 1.014788087058683e-34, 1.2090923479616935e-26, 5.271711403597206e-25, 1.039421173912412e-24, 8.2374870158385625e-22, 1.6070091055043348e-17, 6.735491974888635e-20, 1.353762498034578e-19, 2.8479750942018316e-20, 2.520623090812449e-15, 2.759420525126513e-16, 1.0319116522779443e-15, 1.3585712848151045e-15, 3.3567717494520366e-09, 7.7010195909024e-14, 3.91331855809085e-09, 2.959507985900167e-11, 0.018025249242782593, 0.005352088250219822, 0.19518840312957764, 0.20563046634197235, 0.44686058163642883, 0.08106540888547897, 0.043523937463760376, 0.00432640640065074], [0.002067694440484047, 0.0073482277803123, 0.0003884593606926501, 1.041751943375857e-06, 0.0021731180604547262, 0.00010633742203935981, 3.39860071107978e-06, 6.09135355489343e-08, 1.9909118995963204e-17, 8.734377802532147e-21, 1.58452469445316e-22, 5.511998711457732e-30, 2.974992071761413e-34, 1.406140117778044e-33, 1.2485304780682648e-33, 4.0288470202116786e-32, 5.32597677934067e-28, 8.595307557266281e-32, 2.796205204664843e-28, 4.4731131294665386e-29, 6.878955686304665e-28, 3.818973864602082e-27, 4.6963855804810464e-24, 1.241847516749942e-25, 4.418537410065171e-22, 1.0735109600034846e-20, 2.713827724595898e-20, 9.24697451954787e-21, 7.460956705247006e-17, 1.4090234879283135e-18, 6.868551601989061e-19, 1.840467371356075e-21, 1.3441318347539216e-16, 2.679410161024244e-19, 1.7449234401101985e-18, 7.277309105536734e-19, 1.5384315186790093e-13, 6.7802778855471226e-18, 5.724607528463654e-13, 4.339492090318919e-15, 1.9670603705890244e-06, 3.102752543782117e-06, 0.0002679116150829941, 0.0002532277430873364, 0.14503109455108643, 0.2728802561759949, 0.3495214581489563, 0.21995259821414948], [0.09786805510520935, 0.4866863191127777, 0.03176112473011017, 0.005445603746920824, 0.33349332213401794, 0.028665900230407715, 0.012872673571109772, 0.003196695353835821, 3.089938971356787e-09, 9.030606124005303e-12, 1.2170529883372139e-13, 1.041266535610327e-17, 6.950687017900397e-18, 1.7345904032957626e-18, 6.0459607044623605e-18, 3.022648756203123e-19, 1.4889758914850606e-17, 6.1318307374417966e-18, 8.883109141819215e-19, 7.625268349385619e-21, 1.377868330347124e-21, 8.385267194356422e-21, 4.417786052995779e-19, 8.920424293227248e-20, 1.5614873711620715e-17, 3.0379799491508493e-17, 6.468704591397386e-17, 7.277897334349836e-18, 1.4373362962451306e-16, 6.416556743301879e-16, 5.568552355136197e-16, 4.069810918231845e-18, 3.802253312006586e-14, 1.8756415680846469e-16, 3.4510303380979376e-16, 1.0580970405676005e-15, 3.8218354881963096e-17, 1.260774660670136e-16, 3.639689732330004e-14, 2.468766802045299e-14, 1.327503492738356e-14, 1.8879214164213565e-11, 4.293337820676646e-12, 1.1079433811372885e-12, 2.121100450835911e-08, 4.47513542667366e-07, 2.84207567347039e-06, 6.973463314352557e-06]], "matchingNumbers": [], "labels": [1, 2, 3, 4, 5, 6, 7, 8, 9, 10, 11, 12, 13, 14, 15, 16, 17, 18, 19, 20, 21, 22, 23, 24, 25, 26, 27, 28, 29, 30, 31, 32, 33, 34, 35, 36, 37, 38, 39, 40, 41, 42, 43, 44, 45, 46, 47, 48], "numberFrequency": {"2": 0.053005817711700064, "9": 0.0200387847446671, "11": 0.019392372333548805, "12": 0.014867485455720749, "32": 0.021331609566903685, "47": 0.01874595992243051, "4": 0.04395604395604396, "1": 0.03684550743374273, "25": 0.01809954751131222, "29": 0.014221073044602456, "43": 0.02262443438914027, "45": 0.01680672268907563,