{
  "currentPredictionRaw": [],
  "currentPrediction": [
    {
      "name": "HybridStatisticalModel",
      "predictions": [
        [
          2,
          1,
          18,
          36,
          43,
          3,
          4
        ]
      ]
    }
  ],
  "realResult": [
    4,
    8,
    18,
    28,
    30,
    42,
    5
  ],
  "newPrediction": [
    {
      "name": "HybridStatisticalModel",
      "predictions": [
        [
          2,
          5,
          8,
          4,
          1,
          3,
          12
        ]
      ]
    }
  ],
  "newPredictionRaw": [],
  "matchingNumbers": {
    "model": "HybridStatisticalModel",
    "prediction": [
      2,
      1,
      18,
      36,
      43,
      3,
      4
    ],
    "matching_numbers": [
      18,
      4
    ],
    "match_count": 2
  },
  "labels": [],
  "numberFrequency": {
    "2": 0.14285714285714285,
    "5": 0.14285714285714285,
    "8": 0.14285714285714285,
    "4": 0.14285714285714285,
    "1": 0.14285714285714285,
    "3": 0.14285714285714285,
    "12": 0.14285714285714285
  }
}