{"currentPredictionRaw": [[0.030786754563450813, 2.2587299863199618e-17, 1.2596877707604648e-10, 2.2441740645946237e-23, 1.4047018339624628e-06, 6.416007680456806e-20, 0.004184836521744728, 0.9650270938873291, 6.6478559243294925e-15, 5.23434842136794e-08], [0.9751831293106079, 2.918058156220482e-11, 7.2266498136741575e-06, 1.3427546369366637e-18, 0.014377512969076633, 4.293060399813795e-19, 4.6389989627471095e-09, 0.010432147420942783, 5.609553758361914e-19, 2.62272063062622e-14], [0.004259016830474138, 1.8116361388820224e-06, 0.015324851498007774, 8.673265014177978e-14, 0.9804140329360962, 8.056451969157811e-17, 1.5270609822763855e-14, 1.8726898076693033e-07, 2.4177088590879914e-20, 5.52211259920651e-18]], "currentPrediction": [[7, 0, 4], [0, 4, 2], [6, 7, 0], [4, 2, 1], [9, 6, 7], [2, 1, 3], [8, 9, 6], [1, 3, 5], [5, 8, 9], [3, 5, 8]], "realResult": [4, 1, 9], "newPrediction": [[7, 1, 0], [0, 2, 4], [6, 3, 7], [4, 5, 2], [9, 4, 6], [2, 0, 1], [8, 8, 9], [1, 7, 3], [5, 9, 8], [3, 6, 5]], "newPredictionRaw": [[0.030745862051844597, 9.144886659401627e-17, 3.3193239823425813e-10, 7.845320783352658e-23, 2.252232434329926e-06, 2.0644561763066498e-19, 0.00972664449363947, 0.9595249891281128, 3.283206429709022e-14, 1.8543761370892753e-07], [2.136519052040438e-31, 0.998525083065033, 0.0008799984934739769, 0.0005949829355813563, 5.852675263611667e-16, 5.254110474060998e-14, 0.0, 2.6024106424848943e-34, 9.266809880667864e-33, 3.311624438669701e-35], [0.9627688527107239, 5.315572426667359e-10, 3.639115675468929e-05, 2.832896729008332e-17, 0.027681415900588036, 5.3388387403765044e-18, 1.3884932315022525e-08, 0.009513367898762226, 9.207741136299326e-18, 1.968122930254279e-13]], "matchingNumbers": {"bestMatchIndex": 3, "bestMatchSequence": [4, 2, 1], "matchingNumbers": [1, 4]}, "labels": [0, 1, 2, 3, 4, 5, 6, 7, 8, 9]}