{"currentPredictionRaw": [[0.0, 0.0, 0.0, 0.023590967059135437, 1.9927922169919584e-24, 0.9763140082359314, 9.503609908279032e-05, 0.0, 7.153351262029206e-12, 0.0], [2.8195776269335227e-10, 0.924875020980835, 0.040339209139347076, 0.0, 5.233713007567581e-33, 0.0, 0.0, 4.746338322370036e-10, 0.0, 0.034785814583301544], [0.0, 0.0, 0.0, 0.9999457597732544, 0.0, 4.598082796292147e-06, 2.4117262670404393e-24, 4.2079884096159765e-29, 4.953103052685037e-05, 0.0]], "currentPrediction": [[5, 1, 3], [3, 2, 5], [3, 1, 6], [7, 3, 6], [6, 1, 3], [3, 3, 4], [0, 2, 5], [1, 5, 9]], "realResult": [2, 1, 5], "newPrediction": [[4, 2, 6], [6, 7, 0], [1, 0, 4], [7, 1, 6], [4, 0, 1], [3, 3, 4], [8, 2, 3], [1, 5, 9]], "newPredictionRaw": [[0.018677400425076485, 4.023516514479396e-18, 1.1182351294988182e-28, 4.482976157071083e-19, 0.9375972151756287, 4.1969738617808616e-07, 0.043724946677684784, 4.905488013100119e-29, 2.350936222791554e-19, 1.6856686713140334e-08], [5.750334257357009e-28, 2.887557911890326e-06, 0.9999855756759644, 0.0, 0.0, 0.0, 0.0, 1.1559081031009555e-05, 0.0, 2.274968394879722e-28], [0.029957199469208717, 9.909402467571414e-19, 6.223315733818276e-30, 6.596550835139015e-20, 0.9333571195602417, 1.7310823352545412e-07, 0.036685481667518616, 4.92624141288366e-30, 3.469632990043256e-20, 2.463645110140078e-08]], "matchingNumbers": {"bestMatchIndex": 0, "bestMatchSequence": [5, 1, 3], "matchingNumbers": [1, 5]}, "labels": [0, 1, 2, 3, 4, 5, 6, 7, 8, 9], "numberFrequency": {"6": 0.10005482456140351, "4": 0.10142543859649122, "1": 0.10000913742690058, "0": 0.10220211988304094, "5": 0.09877558479532164, "3": 0.09781615497076024, "2": 0.10101425438596491, "8": 0.1006030701754386, "7": 0.09804459064327485, "9": 0.10005482456140351}}