{"currentPredictionRaw": [[5.202314084089179e-33, 0.0, 3.903577183717033e-10, 9.899628859721954e-12, 0.0, 0.0, 3.859534985264578e-32, 0.0, 0.0, 1.0], [0.999985933303833, 4.765070530722323e-20, 2.2480555611492647e-11, 8.737703183214762e-08, 1.5526394130603828e-18, 7.995839544630921e-19, 7.403625445615909e-22, 6.784413093778173e-16, 1.3975452930026222e-05, 9.150735030827306e-11], [5.602024120172966e-38, 0.0, 0.918151319026947, 7.59454240370738e-16, 0.0, 5.212785600036945e-15, 0.08115823566913605, 0.0, 0.0, 0.0006904372712597251]], "currentPrediction": [[9, 0, 2], [2, 8, 9], [8, 4, 2], [7, 8, 2], [9, 4, 8], [5, 4, 6], [9, 2, 5], [1, 5, 9]], "realResult": [3, 5, 7], "newPrediction": [[0, 5, 9], [8, 6, 2], [2, 4, 6], [3, 6, 1], [2, 4, 6], [5, 4, 6], [3, 6, 7], [1, 5, 8]], "newPredictionRaw": [[1.0, 5.746949676220992e-29, 1.887260957605567e-18, 5.919819755922928e-13, 4.003793853933507e-28, 1.5363903005925352e-30, 3.483867436193079e-36, 1.949349134181849e-23, 2.4640669948894356e-08, 2.1740903845016984e-17], [1.114743005482412e-22, 9.820836652975667e-18, 9.492205066408133e-08, 8.770119372071769e-19, 1.6207575646159933e-14, 0.9761534929275513, 0.023774100467562675, 7.232023926917464e-05, 4.492772560463125e-19, 1.0480295642985605e-18], [3.297362464452043e-30, 0.0, 5.472279696050464e-08, 1.871459584523727e-11, 0.0, 7.896344271562849e-35, 7.319943261241997e-26, 0.0, 0.0, 1.0]], "matchingNumbers": {"bestMatchIndex": 3, "bestMatchSequence": [7, 8, 2], "matchingNumbers": [7]}, "labels": [0, 1, 2, 3, 4, 5, 6, 7, 8, 9], "numberFrequency": {"3": 0.09785890749382377, "2": 0.10101564644523744, "6": 0.10014639948760179, "8": 0.10064964772623296, "9": 0.10010064964772623, "0": 0.10206789276237534, "5": 0.09877390429133498, "4": 0.10133589532436636, "1": 0.10000914996797511, "7": 0.09804190685332602}}