{"currentPredictionRaw": [[0.9999198913574219, 7.046133121413334e-10, 4.1160526390878827e-29, 7.248069596244022e-05, 1.0325847815684241e-10, 5.592801717276005e-17, 7.646792255400214e-06, 4.927985185966495e-27, 2.6657339564952686e-24, 4.768629890508006e-27], [2.0466895485686082e-16, 1.1068883245678072e-18, 9.880543050400092e-10, 7.261521935415569e-22, 0.00012555978901218623, 0.9970170259475708, 9.451107674252057e-10, 1.4317799762120775e-19, 0.0028574822936207056, 1.1526111723663762e-19], [2.4926993802409925e-08, 0.9987840056419373, 4.3234335103092803e-16, 0.001215870026499033, 5.698018760320505e-18, 3.239558570474102e-17, 5.814424208625728e-15, 9.307455428597677e-08, 5.870156700154015e-17, 2.3737912968613273e-08]], "currentPrediction": [[1, 2, 6], [9, 4, 0], [8, 5, 7], [1, 2, 3], [10, 5, 7], [1, 6, 7], [9, 2, 3], [8, 9, 0], [10, 6, 0], [3, 4, 5]], "realResult": [4, 0, 5], "newPrediction": [[1, 5, 0], [4, 6, 0], [7, 0, 0], [1, 5, 0], [9, 2, 0], [4, 6, 0], [9, 3, 0], [2, 10, 0], [8, 10, 0], [8, 3, 0]], "newPredictionRaw": [[6.907743821393808e-10, 1.135476158289083e-20, 5.100725883012136e-20, 2.506428559004476e-17, 0.9977008700370789, 0.002064431319013238, 0.00023471328313462436, 8.79154124729323e-27, 5.458705861459412e-13, 2.818384310200904e-26], [0.9999829530715942, 2.8178032823733545e-11, 9.425086668523032e-32, 9.899480573949404e-06, 3.4654019237523315e-11, 2.8891965026550695e-18, 7.183854449976934e-06, 5.110241449578325e-30, 8.649660299406156e-27, 6.672184928487679e-30], [2.178823788057116e-11, 5.74235253680267e-22, 1.1266084428492164e-20, 1.0238312226589343e-18, 0.9986670017242432, 0.001305137062445283, 2.788441452139523e-05, 5.509641162557214e-28, 9.338627690157891e-14, 1.889221141868232e-27]], "matchingNumbers": {"bestMatchIndex": 1, "bestMatchSequence": [9, 4, 0], "matchingNumbers": [0, 4]}}