{"currentPredictionRaw": [[1.1357294345192812e-28, 0.9975773692131042, 0.0014086238807067275, 0.0010139774531126022, 9.116130261419258e-15, 2.014342468867336e-12, 5.438782557274885e-36, 8.229547552931653e-31, 3.873452271790037e-29, 3.898470355674407e-31], [5.547658686599899e-12, 1.1334218093340407e-27, 6.860091870768116e-20, 9.711808930398767e-28, 1.7241203388429785e-19, 2.8034159085793657e-20, 0.041282616555690765, 8.801649187262228e-08, 0.0021313834004104137, 0.9565859436988831], [1.999817668924669e-27, 0.9958813190460205, 0.0023755826987326145, 0.0017430735751986504, 4.371616323063307e-14, 9.144912258007842e-12, 5.27193558391701e-34, 2.0620140477717613e-29, 3.867608217929726e-27, 4.637788565655154e-29]], "currentPrediction": [[1, 9, 1], [2, 6, 2], [3, 8, 3], [5, 7, 5], [4, 0, 4], [0, 4, 8], [8, 2, 0], [7, 5, 9], [9, 1, 7], [6, 3, 6]], "realResult": [2, 3, 1], "newPrediction": [[7, 9, 2], [0, 6, 1], [6, 8, 4], [4, 7, 3], [9, 0, 0], [2, 4, 5], [8, 2, 7], [1, 5, 9], [5, 1, 6], [3, 3, 8]], "newPredictionRaw": [[0.035517867654561996, 5.952768220546421e-17, 2.5218491184197944e-10, 4.872357729241784e-23, 2.2404437913792208e-06, 1.0567181919046351e-19, 0.00413266709074378, 0.9603471159934998, 7.618362558370947e-15, 5.009010450862661e-08], [1.2052537516193257e-13, 1.4586099611659277e-32, 4.972416846460017e-23, 1.0563520474262976e-32, 1.7658768745875046e-22, 9.414699916405426e-24, 0.027364853769540787, 9.86953185844186e-09, 0.0010348879732191563, 0.9716002345085144], [1.7964738030507021e-10, 0.016691969707608223, 0.9820435047149658, 3.7227568583375614e-08, 0.0012644266244024038, 1.6808983946490358e-13, 2.0836810492768612e-20, 1.8457246026156414e-14, 1.6878092102151747e-20, 2.27292882587777e-20]], "matchingNumbers": {"bestMatchIndex": 0, "bestMatchSequence": [1, 9, 1], "matchingNumbers": [1]}, "labels": [0, 1, 2, 3, 4, 5, 6, 7, 8, 9]}