{"currentPredictionRaw": [[2.3957349992720367e-10, 0.9003865718841553, 0.03608733415603638, 0.0, 1.3360212135400712e-29, 1.3630319179649121e-37, 0.0, 8.859217359713512e-09, 1.488572852990907e-33, 0.06352612376213074], [1.9937615359566364e-35, 0.0, 0.0, 0.007515993434935808, 5.488156602416661e-20, 0.9922749400138855, 0.00020907247380819172, 0.0, 2.0914403542349191e-10, 0.0], [0.0, 0.0, 1.823213778644446e-33, 2.7897108338947874e-06, 0.0, 2.882993785434264e-19, 0.0, 9.550416123696036e-16, 0.9999972581863403, 0.0]], "currentPrediction": [[1, 5, 8], [9, 3, 7], [5, 4, 7], [0, 6, 1], [4, 1, 5], [5, 3, 4], [1, 4, 6], [1, 5, 8]], "realResult": [7, 3, 7], "newPrediction": [[7, 3, 2], [2, 5, 8], [6, 2, 1], [4, 5, 2], [7, 2, 6], [3, 3, 4], [0, 3, 7], [1, 5, 9]], "newPredictionRaw": [[0.0, 8.678665574740605e-26, 4.600507708119039e-08, 1.4707902678844447e-29, 0.0, 0.0, 0.0, 1.0, 2.6204473636023788e-14, 0.0], [2.92020576981844e-35, 1.3972532408958734e-30, 2.385701933796109e-29, 0.978219747543335, 1.141260093836804e-26, 0.015758663415908813, 3.3126583073861404e-12, 2.6195445151543674e-19, 0.006021595560014248, 2.3758160606889033e-33], [0.0, 4.7641439990741e-25, 2.3881145949644633e-08, 6.724329511824619e-28, 0.0, 0.0, 0.0, 1.0, 2.195698321511702e-13, 0.0]], "matchingNumbers": {"bestMatchIndex": 1, "bestMatchSequence": [9, 3, 7], "matchingNumbers": [3, 7]}, "labels": [0, 1, 2, 3, 4, 5, 6, 7, 8, 9], "numberFrequency": {"6": 0.10010970927043335, "4": 0.10134393856280856, "1": 0.09997257268239167, "0": 0.10225818248308649, "5": 0.09873834339001646, "3": 0.09782409946973852, "2": 0.10093252879868349, "8": 0.10065825562260011, "7": 0.0980983726458219, "9": 0.10006399707441946}}