{"currentPredictionRaw": [[0.0, 1.369899609330802e-15, 3.177752296323888e-05, 1.1154262978658527e-21, 0.0, 2.1339884771893467e-32, 0.0, 0.9959931373596191, 1.5919220530338553e-28, 0.0039750742726027966], [0.0, 2.2909456689571155e-27, 1.526170564036875e-17, 3.738690345643407e-31, 0.0, 1.6983709771075967e-30, 0.0, 1.0499554718990112e-06, 1.301824082837089e-22, 0.999998927116394], [7.907914313483108e-32, 0.003930740989744663, 0.9928632378578186, 5.2615853007864644e-08, 5.1838045900162895e-24, 2.146772325175836e-26, 1.839741570110369e-29, 0.0032056723721325397, 1.265054695245896e-25, 4.779399773724435e-07]], "currentPrediction": [[7, 9, 2], [9, 7, 1], [2, 2, 7], [1, 8, 9], [3, 1, 3], [8, 5, 4], [5, 3, 8], [6, 6, 5], [4, 4, 6], [0, 0, 0]], "realResult": [6, 6, 3], "newPrediction": [[2, 3, 1], [7, 1, 3], [1, 4, 2], [9, 0, 7], [3, 2, 9], [4, 6, 4], [8, 5, 0], [5, 7, 6], [6, 9, 5], [0, 8, 8]], "newPredictionRaw": [[9.756449827361639e-31, 0.0018054080428555608, 0.9935756325721741, 3.456613129060315e-08, 3.344505496417298e-23, 6.173858404745711e-26, 7.053581198809714e-29, 0.004618196282535791, 3.626712823448573e-25, 7.694144983361184e-07], [7.725407158432063e-06, 0.04981323704123497, 1.0621456603132629e-08, 0.9447317719459534, 0.005447261966764927, 1.4803150296272688e-13, 6.869715907242835e-10, 4.7176469003019916e-14, 2.6689108195476546e-15, 1.2770261736093358e-14], [3.1951760954458956e-16, 0.970782458782196, 0.00244870875030756, 0.02676878124475479, 6.364523491564356e-11, 1.7784213856358463e-19, 3.799503596890848e-18, 4.2541770994830586e-08, 1.2497159724255075e-19, 1.0084136303767366e-10]], "matchingNumbers": {"bestMatchIndex": 4, "bestMatchSequence": [3, 1, 3], "matchingNumbers": [3]}, "labels": [0, 1, 2, 3, 4, 5, 6, 7, 8, 9]}