{"currentPredictionRaw": [[8.368748653560548e-31, 7.56825500047853e-08, 0.0003408945049159229, 2.863817269006454e-22, 2.1050917338890986e-22, 1.4479374366160869e-09, 2.145861591423734e-26, 0.48778316378593445, 1.0069213018937262e-08, 0.5118758678436279], [0.011550006456673145, 1.1804963473763253e-12, 5.441688826777699e-19, 6.5302350193974235e-09, 0.0023637735284864902, 1.2057650877750348e-08, 0.9860861301422119, 3.517354387082084e-23, 6.413476719747426e-16, 1.1038294619574776e-22], [1.155595522266257e-27, 7.52403138903901e-07, 0.0004988345317542553, 1.268075246121122e-19, 2.673527711334513e-20, 6.31252206062527e-09, 1.3242426577936924e-23, 0.4860883355140686, 2.6275451148194406e-08, 0.5134121179580688]], "currentPrediction": [[10, 7, 0], [8, 1, 0], [3, 5, 0], [2, 6, 0], [9, 4, 0], [2, 6, 0], [9, 4, 0], [3, 5, 0], [10, 7, 0], [8, 1, 0]], "realResult": [8, 1, 1], "newPrediction": [[1, 10, 9], [8, 4, 6], [3, 7, 0], [8, 2, 0], [9, 10, 5], [5, 6, 0], [9, 2, 5], [8, 4, 7], [1, 10, 7], [1, 3, 4]], "newPredictionRaw": [[0.9998480081558228, 6.008817443614589e-09, 2.7829955785843817e-26, 0.00013795465929433703, 4.102019002250046e-10, 6.96546109229786e-16, 1.411568791809259e-05, 1.4737828780766872e-24, 4.031425819606688e-22, 1.2438412640802748e-24], [7.876552711950344e-31, 5.1354316354945695e-08, 0.0009164122166112065, 1.3365392638120965e-22, 2.201144068797533e-22, 2.70320432704807e-09, 4.613929721799497e-26, 0.4744440019130707, 2.512456553915854e-08, 0.5246394872665405], [6.329165148942065e-25, 2.7031330681990965e-16, 0.0008495262591168284, 1.4786008406627207e-27, 1.256330109389303e-13, 0.00670107826590538, 3.997803191547879e-18, 4.473567783574994e-12, 0.9924494028091431, 2.318308088902765e-12]], "matchingNumbers": {"bestMatchIndex": 1, "bestMatchSequence": [8, 1, 0], "matchingNumbers": [8, 1]}}