{"currentPredictionRaw": [[1.5122362191619518e-31, 2.1737392972859954e-13, 1.6776641187377095e-09, 7.507028163447321e-29, 1.968628646510877e-17, 0.979653000831604, 0.020194189622998238, 0.00015279890794772655, 7.012317090489748e-27, 4.596306741740183e-24], [1.9517584888987418e-38, 0.0, 0.994965136051178, 6.186999548396021e-18, 0.0, 2.9283861778092924e-21, 9.02529209270142e-05, 0.0, 0.0, 0.0049446080811321735], [8.802351203485159e-08, 0.0, 6.396502708880042e-16, 0.9817819595336914, 0.0, 7.860080730017462e-34, 1.4479009428854204e-36, 0.0, 1.8650882394163455e-35, 0.018217941746115685]], "currentPrediction": [[5, 2, 3], [6, 9, 0], [7, 5, 3], [6, 0, 5], [7, 5, 9], [5, 4, 6], [0, 2, 5], [1, 5, 9]], "realResult": [1, 7, 7], "newPrediction": [[8, 6, 0], [4, 2, 8], [0, 6, 7], [7, 5, 4], [9, 0, 6], [6, 4, 6], [8, 3, 6], [1, 5, 9]], "newPredictionRaw": [[0.00016215837968047708, 5.2557930757757276e-05, 0.0, 0.0, 0.013524841517210007, 0.0, 0.0, 4.048198976497216e-20, 0.9862604737281799, 0.0], [4.368649449724182e-34, 0.0, 0.001533099333755672, 1.0138743882333224e-20, 0.0, 9.260486422135727e-08, 0.9984667897224426, 1.0552038961320204e-28, 8.90236439332444e-37, 7.512134902847023e-13], [0.9999996423721313, 3.927171098332383e-23, 3.854222587027966e-17, 8.107336330054338e-11, 1.8647417510585418e-23, 2.9562911497959838e-28, 3.716166698387301e-33, 1.7229627706615445e-20, 3.0640441650575667e-07, 1.5344577821915784e-14]], "matchingNumbers": {"bestMatchIndex": 2, "bestMatchSequence": [7, 5, 3], "matchingNumbers": [7]}, "labels": [0, 1, 2, 3, 4, 5, 6, 7, 8, 9], "numberFrequency": {"3": 0.09785890749382377, "2": 0.10101564644523744, "6": 0.10014639948760179, "8": 0.10064964772623296, "9": 0.10010064964772623, "0": 0.10206789276237534, "5": 0.09877390429133498, "4": 0.10133589532436636, "1": 0.10000914996797511, "7": 0.09804190685332602}}