{"currentPredictionRaw": [[2.0173596011206057e-32, 0.998475968837738, 0.0007691698847338557, 0.0007549080764874816, 2.349275790060752e-16, 1.4830008694590585e-13, 0.0, 5.466220922878933e-35, 3.2642211527171913e-32, 1.3217744060831736e-34], [2.485098715351852e-13, 0.010226663202047348, 0.9895819425582886, 5.800473434902642e-10, 0.00019131986482534558, 9.869688781900191e-17, 6.262149442891277e-25, 3.754106270512713e-18, 2.5283618170676948e-25, 8.533717806824968e-25], [3.0519682764126417e-18, 7.446868149323649e-31, 1.0758319680158425e-22, 1.6616679207811377e-28, 2.060744116047969e-26, 1.4932923375409492e-21, 0.00030776933999732137, 2.1048523438527839e-13, 0.9482201933860779, 0.05147206783294678]], "currentPrediction": [[1, 2, 8], [2, 1, 9], [3, 4, 6], [5, 3, 7], [4, 0, 0], [8, 5, 5], [0, 7, 2], [9, 9, 4], [7, 6, 3], [6, 8, 1]], "realResult": [9, 0, 2], "newPrediction": [[5, 6, 3], [3, 9, 1], [1, 7, 5], [2, 0, 2], [8, 8, 4], [9, 4, 8], [4, 2, 9], [6, 5, 7], [7, 1, 6], [0, 3, 0]], "newPredictionRaw": [[0.0, 4.524879113887437e-05, 2.370311165091543e-15, 0.01544762309640646, 4.2371927298101784e-29, 0.9845070838928223, 1.5524183776549802e-32, 5.23813580506255e-33, 1.9932938615301975e-22, 1.5333779668072875e-25], [3.812156501226127e-05, 6.959059119675199e-19, 6.636956609296085e-13, 2.13383739613502e-21, 3.5886271732010755e-10, 3.4863423475755813e-16, 0.9419087171554565, 0.015356183052062988, 2.5988990159930836e-07, 0.042696621268987656], [0.0, 0.013981851749122143, 3.619399224774611e-11, 0.9858753085136414, 2.0135193893652207e-26, 0.00014278599701356143, 4.964257315818055e-38, 6.556011411207606e-37, 7.902823185571674e-27, 2.2106467132185463e-30]], "matchingNumbers": {"bestMatchIndex": 1, "bestMatchSequence": [2, 1, 9], "matchingNumbers": [9, 2]}, "labels": [0, 1, 2, 3, 4, 5, 6, 7, 8, 9]}