{"currentPredictionRaw": [], "currentPrediction": [], "realResult": [], "newPrediction": [[3, 7, 0], [0, 9, 3], [1, 2, 1], [6, 1, 6], [4, 8, 4], [7, 5, 5], [9, 3, 7], [5, 4, 9], [8, 6, 8], [2, 0, 2]], "newPredictionRaw": [[0.01833411492407322, 0.0015001597348600626, 2.07090865429336e-28, 0.9801657199859619, 5.630910010814384e-18, 1.8775149552814442e-22, 5.107436283798006e-13, 2.9736933641188792e-19, 4.079674536555182e-25, 4.322555398635449e-20], [1.9238212436911263e-27, 1.6966612292890204e-06, 8.978424739325419e-05, 2.744543137938494e-19, 8.735383505522996e-21, 2.579354951848245e-09, 2.8699144301631705e-24, 0.5126511454582214, 8.94141471974308e-09, 0.48725733160972595], [0.9704073667526245, 5.647994839819148e-06, 6.01622747910735e-25, 0.029586495831608772, 2.7389630494201178e-11, 2.929651648211966e-16, 4.983632493349432e-07, 1.550063928062062e-20, 2.110401083325598e-21, 8.729268508221212e-21]], "matchingNumbers": [], "labels": [0, 1, 2, 3, 4, 5, 6, 7, 8, 9]}