{"currentPredictionRaw": [[0.004896155092865229, 2.427604158583563e-06, 0.023533223196864128, 1.0346415971152975e-13, 0.9715675115585327, 3.386473986720747e-16, 3.5629650813918945e-13, 6.59656848256418e-07, 7.098184694852024e-19, 1.7600726574590661e-16], [2.4826316557163265e-30, 0.9985687732696533, 0.0009603732032701373, 0.00047087270650081336, 1.1088750775687197e-15, 1.3489971401221823e-13, 3.5059756099608546e-38, 1.1855752434381456e-32, 2.7604505296574637e-31, 2.937024247078326e-33], [1.1366117248778895e-11, 2.189055269695682e-26, 3.792909261348787e-19, 4.4689870075240336e-26, 6.759554529660832e-19, 4.2285852899804666e-19, 0.04425123706459999, 1.2584411024363362e-07, 0.0036964688915759325, 0.9520521759986877]], "currentPrediction": [[4, 1, 9], [2, 2, 6], [0, 3, 8], [1, 5, 7], [7, 4, 0], [6, 0, 4], [3, 8, 5], [5, 7, 2], [9, 9, 3], [8, 6, 1]], "realResult": [5, 2, 3], "newPrediction": [[8, 7, 8], [9, 0, 9], [6, 6, 6], [7, 4, 7], [0, 9, 0], [5, 2, 5], [2, 8, 2], [4, 1, 4], [3, 5, 3], [1, 3, 1]], "newPredictionRaw": [[3.3667171815574545e-20, 1.630823465145743e-34, 2.7247280318237036e-25, 6.10272174485753e-32, 2.0973098737314724e-29, 4.058270866651886e-24, 0.00013318048149812967, 9.078100176153434e-15, 0.9620034098625183, 0.037863507866859436], [0.034219447523355484, 2.0525580310552024e-16, 7.046495054119362e-10, 5.919373933676223e-22, 3.091884991590632e-06, 2.4798535620288623e-18, 0.010195055976510048, 0.955581545829773, 6.889951391537974e-13, 8.048497761592444e-07], [5.545173257311146e-19, 1.332981794220879e-32, 7.913767404199427e-24, 3.28104171280613e-30, 1.1797978172088965e-27, 8.856986931555568e-23, 0.00021998205920681357, 7.048882148547736e-14, 0.9546992182731628, 0.04508078098297119]], "matchingNumbers": {"bestMatchIndex": 6, "bestMatchSequence": [3, 8, 5], "matchingNumbers": [3, 5]}, "labels": [0, 1, 2, 3, 4, 5, 6, 7, 8, 9]}