{"currentPredictionRaw": [[1.7285134434885663e-10, 0.008437607437372208, 0.9895407557487488, 2.4444961610470273e-09, 0.002021603751927614, 7.659048091926413e-15, 5.173288525102503e-21, 1.0231789543499892e-14, 3.5407369185104316e-22, 1.43608833512345e-21], [3.77325361439803e-14, 1.9580018383814834e-32, 2.6864610795647244e-23, 2.444929508184889e-32, 4.0535235806103565e-23, 1.1220559511776461e-23, 0.02365243062376976, 3.811702065092959e-09, 0.0014733627904206514, 0.9748741984367371], [8.142366141328239e-07, 1.0183476299719995e-26, 4.0275361986660976e-18, 4.9125981552502765e-30, 4.3164351758682995e-14, 1.188094195457993e-22, 0.9870142936706543, 0.00444315280765295, 3.241975299328459e-10, 0.008541728369891644]], "currentPrediction": [[2, 9, 6], [1, 6, 9], [4, 8, 7], [3, 7, 0], [0, 0, 8], [7, 4, 4], [5, 2, 2], [6, 5, 5], [9, 3, 1], [8, 1, 3]], "realResult": [1, 2, 8], "newPrediction": [[1, 3, 9], [3, 1, 6], [2, 5, 8], [5, 2, 7], [4, 4, 0], [8, 8, 5], [0, 9, 4], [9, 7, 2], [7, 6, 3], [6, 0, 1]], "newPredictionRaw": [[1.015540720275671e-31, 0.9979181885719299, 0.000640310172457248, 0.0014415625482797623, 4.850735872172316e-16, 8.834200732055209e-13, 0.0, 5.716819328907456e-34, 6.083419774968723e-31, 3.434032258484613e-33], [0.0, 0.013894212432205677, 7.455849306003959e-12, 0.9861035943031311, 3.5243362424319784e-29, 2.166738568121218e-06, 0.0, 0.0, 6.139067583497102e-30, 6.373533584400808e-34], [1.9103425785704786e-10, 9.061293701854396e-23, 7.373212694589831e-17, 6.192648477890245e-22, 9.206475219089875e-17, 3.9254725500963844e-16, 0.05941401422023773, 6.570562050001172e-07, 0.00944029912352562, 0.9311450123786926]], "matchingNumbers": {"bestMatchIndex": 9, "bestMatchSequence": [8, 1, 3], "matchingNumbers": [8, 1]}, "labels": [0, 1, 2, 3, 4, 5, 6, 7, 8, 9]}