{"currentPredictionRaw": [[5.485811211502583e-25, 0.03779711574316025, 3.66250562863768e-12, 5.936926565664164e-30, 3.072307519502715e-09, 0.008288533426821232, 3.5624289012048393e-06, 0.9539107084274292, 4.228425799218609e-20, 3.102310683473791e-23], [6.466386430511818e-31, 6.3460096964169915e-31, 0.0006942678010091186, 1.0162894410873571e-22, 6.527409915765829e-29, 0.00016870448598638177, 0.9991371035575867, 6.703146498751426e-19, 1.248816545638797e-32, 1.2116686126661946e-11], [1.7009096822888755e-26, 0.043058186769485474, 1.0031480312221175e-13, 1.339064095865621e-32, 5.049192619566156e-09, 0.0030305995605885983, 4.3258643245280837e-07, 0.9539107084274292, 1.1697832318566497e-20, 4.0150194351335096e-26]], "currentPrediction": [[7, 6, 1], [1, 2, 5], [5, 6, 7], [6, 5, 8], [7, 6, 9], [6, 4, 6], [0, 2, 7], [1, 5, 8]], "realResult": [8, 1, 1], "newPrediction": [[0, 7, 8], [8, 1, 0], [7, 0, 8], [6, 7, 8], [4, 0, 7], [6, 4, 6], [0, 5, 7], [1, 5, 9]], "newPredictionRaw": [[0.9999786615371704, 4.719620961407545e-12, 1.0071974477211054e-18, 1.786778868308539e-13, 3.4700758739169505e-15, 6.095562161414977e-31, 7.653185275407093e-33, 5.7788008053521276e-18, 2.1343994376366027e-05, 4.443444632287177e-15], [5.256201905162495e-24, 0.07780750840902328, 4.0248533672571085e-13, 1.26507070670523e-29, 4.825464543500857e-07, 0.00710782827809453, 4.632939180737594e-06, 0.9150795936584473, 2.2530962246039857e-17, 1.3461240815827129e-25], [0.006006754469126463, 6.466530612669885e-05, 7.555849765313808e-28, 3.5502321423898136e-26, 0.01731960102915764, 0.0, 0.0, 1.2469910068432106e-18, 0.97660893201828, 4.944333538595923e-28]], "matchingNumbers": {"bestMatchIndex": 7, "bestMatchSequence": [1, 5, 8], "matchingNumbers": [8, 1]}, "labels": [0, 1, 2, 3, 4, 5, 6, 7, 8, 9], "numberFrequency": {"3": 0.09785890749382377, "2": 0.10101564644523744, "6": 0.10014639948760179, "8": 0.10064964772623296, "9": 0.10010064964772623, "0": 0.10206789276237534, "5": 0.09877390429133498, "4": 0.10133589532436636, "1": 0.10000914996797511, "7": 0.09804190685332602}}