{"currentPredictionRaw": [[8.376922571078425e-31, 7.569220628056428e-08, 0.000340941856848076, 2.8666364685550965e-22, 2.1076944700053486e-22, 1.4483900745432265e-09, 2.1479737973123424e-26, 0.4877872169017792, 1.007143790587861e-08, 0.5118717551231384], [0.01156678982079029, 1.1830975652285525e-12, 5.437176556536223e-19, 6.547159259184809e-09, 0.0023601301945745945, 1.202799726485182e-08, 0.9860730171203613, 3.5203678357400285e-23, 6.403002627959034e-16, 1.1046825676948198e-22], [1.1561255381869524e-27, 7.525406999775441e-07, 0.0004987972788512707, 1.2685308416928797e-19, 2.6740193344993567e-20, 6.312911526862308e-09, 1.324622573205647e-23, 0.4860919415950775, 2.627562167845099e-08, 0.5134085416793823]], "currentPrediction": [[9, 6, 9], [7, 0, 7], [2, 4, 2], [1, 5, 1], [8, 3, 8], [5, 1, 5], [3, 8, 3], [4, 2, 4], [6, 9, 6], [0, 7, 0]], "realResult": [8, 1, 1], "newPrediction": [[0, 9, 8], [3, 7, 5], [6, 2, 2], [1, 1, 7], [4, 8, 9], [5, 5, 4], [8, 4, 1], [7, 3, 6], [9, 6, 0], [2, 0, 3]], "newPredictionRaw": [[0.9998480081558228, 6.008702424509238e-09, 2.782836265659382e-26, 0.0001379547902615741, 4.102019002250046e-10, 6.965381682959054e-16, 1.4115675185166765e-05, 1.4737209524956274e-24, 4.031210744569489e-22, 1.2437984683761666e-24], [7.8766030231085595e-31, 5.13542488533858e-08, 0.0009164122748188674, 1.3365374967636688e-22, 2.201149622378306e-22, 2.7032058813603044e-09, 4.613923866972466e-26, 0.474444717168808, 2.5124631264361597e-08, 0.524638831615448], [6.329140990076843e-25, 2.703123009682848e-16, 0.0008495165966451168, 1.4785951591693848e-27, 1.256327669934415e-13, 0.006701065227389336, 3.997803191547879e-18, 4.473525282849833e-12, 0.9924494028091431, 2.318277080720632e-12]], "matchingNumbers": {"bestMatchIndex": 3, "bestMatchSequence": [1, 5, 1], "matchingNumbers": [1]}, "labels": [0, 1, 2, 3, 4, 5, 6, 7, 8, 9]}