{"currentPredictionRaw": [], "currentPrediction": [], "realResult": [], "newPrediction": [[10, 7, 0], [8, 5, 0], [1, 3, 0], [2, 6, 0], [9, 4, 0], [2, 6, 0], [9, 4, 5], [3, 4, 5], [10, 7, 0], [8, 1, 0]], "newPredictionRaw": [[6.430684297280734e-29, 5.057809815411929e-08, 0.0006705851410515606, 5.88986240739819e-21, 1.4780194047655344e-20, 6.370600047489461e-09, 2.0073338817035762e-24, 0.4975208044052124, 3.4177976004912125e-08, 0.5018084645271301], [0.003245885483920574, 1.7498931990933553e-12, 7.752731762307531e-17, 2.941371146647498e-09, 0.01735864393413067, 7.829031574146939e-07, 0.9793947339057922, 1.8341681971210276e-21, 1.0850231845806191e-13, 5.8807008166586685e-21], [1.4862100935764975e-26, 3.053748400816403e-07, 0.0009640079806558788, 6.476520207415093e-19, 5.7503683329519955e-19, 1.9040149012994334e-08, 2.6484102791380802e-22, 0.4974519908428192, 7.267523471909954e-08, 0.5015835762023926]], "matchingNumbers": []}