{"currentPredictionRaw": [[0.0, 1.3624294297187589e-05, 4.8633342961226415e-17, 0.009607062675058842, 1.349963573360033e-32, 0.9903793334960938, 5.900891935605391e-38, 0.0, 3.7057452846464475e-26, 1.4596663673595625e-29], [1.4391421216773797e-34, 0.9985717535018921, 0.0003183985536452383, 0.0011097801616415381, 1.836288351180763e-17, 1.6216291276374e-13, 0.0, 2.906887613974053e-37, 1.991044433570121e-33, 3.7153449027102127e-36], [0.0, 0.008891256526112556, 1.4981135906463883e-12, 0.9910640716552734, 4.940362391421218e-30, 4.469717532629147e-05, 0.0, 0.0, 5.126927826987117e-29, 1.0484896799924258e-32]], "currentPrediction": [[5, 1, 3], [3, 3, 1], [1, 2, 5], [2, 5, 2], [8, 4, 8], [9, 8, 4], [4, 0, 9], [6, 9, 7], [7, 7, 6], [0, 6, 0]], "realResult": [8, 1, 7], "newPrediction": [[6, 7, 2], [9, 0, 1], [7, 6, 4], [0, 4, 3], [8, 9, 0], [4, 2, 5], [2, 8, 7], [5, 1, 6], [1, 5, 9], [3, 3, 8]], "newPredictionRaw": [[3.478477594853757e-07, 2.034762704800603e-27, 9.957283817329046e-19, 2.8587839234879304e-31, 9.438793910148627e-15, 6.664414467581986e-24, 0.9935368895530701, 0.0027327267453074455, 4.604147965658889e-11, 0.0037299885880202055], [0.015494056046009064, 1.4767789892758743e-19, 4.309443860789353e-12, 9.782316493809404e-26, 2.1617677248286782e-07, 1.1365731217581569e-21, 0.006634642370045185, 0.9778710603713989, 5.42964901030274e-16, 3.808014525930048e-08], [2.548717747269391e-12, 0.016796093434095383, 0.9828734993934631, 6.8851067069886085e-09, 0.00033045015879906714, 3.464627546241974e-15, 6.2622445006303564e-24, 5.1484694089700805e-17, 3.578260444308026e-24, 5.467968065295002e-24]], "matchingNumbers": {"bestMatchIndex": 0, "bestMatchSequence": [5, 1, 3], "matchingNumbers": [1]}, "labels": [0, 1, 2, 3, 4, 5, 6, 7, 8, 9]}