{"currentPredictionRaw": [[0.0, 2.010915159189608e-05, 1.990890723772639e-16, 0.011136929504573345, 1.9404145033275032e-31, 0.9888429641723633, 2.0736315126835737e-36, 2.7453856117791977e-37, 4.384697959358267e-25, 2.1090449560871438e-28], [3.786602975619502e-12, 0.008169963955879211, 0.9909027218818665, 2.040358548782706e-09, 0.0009272957686334848, 1.044938383732005e-15, 1.1072837221449548e-24, 2.315263479848776e-17, 2.1243057822992952e-24, 1.891617847668969e-24], [0.0, 0.009772544726729393, 3.406527880958632e-12, 0.9901641011238098, 4.9032810177544725e-29, 6.339478568406776e-05, 0.0, 0.0, 9.516659625070733e-29, 1.7961850492888136e-32]], "currentPrediction": [[5, 2, 3], [3, 1, 1], [1, 4, 5], [2, 3, 2], [8, 0, 8], [9, 5, 4], [4, 7, 9], [6, 8, 7], [7, 9, 6], [0, 6, 0]], "realResult": [1, 7, 7], "newPrediction": [[8, 6, 0], [9, 9, 4], [6, 7, 7], [7, 0, 2], [0, 8, 6], [5, 4, 1], [2, 2, 9], [4, 5, 3], [3, 1, 5], [1, 3, 8]], "newPredictionRaw": [[1.0099768650521631e-20, 2.8921988133495077e-35, 6.695619019327457e-26, 1.3409983718198992e-32, 3.7785857775543826e-30, 1.2087123018946517e-24, 0.00010787139763124287, 3.7322427354875235e-15, 0.9646412134170532, 0.035250935703516006], [1.108964625018416e-06, 1.9231589163832515e-26, 1.0883557772133782e-17, 3.182780165190386e-30, 8.018347948503604e-14, 9.607541382307772e-23, 0.9847538471221924, 0.005149243399500847, 5.942489278432106e-10, 0.010095843113958836], [0.9572676420211792, 2.984494873459198e-10, 3.278834992670454e-05, 2.8996657554368775e-17, 0.0400792695581913, 2.183735930829526e-18, 4.5607170817696385e-10, 0.002620398998260498, 7.667329934234315e-19, 6.5006411745802215e-15]], "matchingNumbers": {"bestMatchIndex": 1, "bestMatchSequence": [3, 1, 1], "matchingNumbers": [1]}, "labels": [0, 1, 2, 3, 4, 5, 6, 7, 8, 9]}