{"currentPredictionRaw": [[0.9999786615371704, 4.719620961407545e-12, 1.0071974477211054e-18, 1.786778868308539e-13, 3.4700758739169505e-15, 6.095562161414977e-31, 7.653185275407093e-33, 5.7788008053521276e-18, 2.1343994376366027e-05, 4.443444632287177e-15], [5.256201905162495e-24, 0.07780750840902328, 4.0248533672571085e-13, 1.26507070670523e-29, 4.825464543500857e-07, 0.00710782827809453, 4.632939180737594e-06, 0.9150795936584473, 2.2530962246039857e-17, 1.3461240815827129e-25], [0.006006754469126463, 6.466530612669885e-05, 7.555849765313808e-28, 3.5502321423898136e-26, 0.01731960102915764, 0.0, 0.0, 1.2469910068432106e-18, 0.97660893201828, 4.944333538595923e-28]], "currentPrediction": [[0, 7, 8], [8, 1, 0], [7, 0, 8], [6, 7, 8], [4, 0, 7], [6, 4, 6], [0, 5, 7], [1, 5, 9]], "realResult": [7, 0, 4], "newPrediction": [[8, 1, 4], [4, 7, 8], [6, 5, 3], [7, 0, 2], [3, 9, 6], [6, 4, 7], [9, 5, 7], [1, 5, 9]], "newPredictionRaw": [[0.000878332881256938, 1.5363779311883263e-05, 1.7559185422458486e-36, 1.1821114427035814e-34, 0.012828848324716091, 0.0, 0.0, 2.1155458448228323e-22, 0.9862774014472961, 3.701964296037945e-38], [2.0415914097575853e-21, 0.9974426031112671, 1.2087050049312784e-26, 0.0, 0.0025519398041069508, 8.360579407363409e-20, 7.8289389277081405e-28, 5.482769665832166e-06, 1.5564983113156017e-12, 0.0], [1.892782871966464e-25, 0.9997819066047668, 5.215519978501698e-27, 0.0, 0.00019589772273320705, 1.9453559199766975e-18, 2.3758469009187247e-26, 2.2178726794663817e-05, 1.0500910969083897e-15, 0.0]], "matchingNumbers": {"bestMatchIndex": 4, "bestMatchSequence": [4, 0, 7], "matchingNumbers": [0, 4, 7]}, "labels": [0, 1, 2, 3, 4, 5, 6, 7, 8, 9], "numberFrequency": {"3": 0.09785890749382377, "2": 0.10101564644523744, "6": 0.10014639948760179, "8": 0.10064964772623296, "9": 0.10010064964772623, "0": 0.10206789276237534, "5": 0.09877390429133498, "4": 0.10133589532436636, "1": 0.10000914996797511, "7": 0.09804190685332602}}