{"currentPredictionRaw": [[0.0, 0.006075856741517782, 2.4749538356239054e-13, 0.9939221143722534, 7.386001286936941e-32, 2.0321901956776856e-06, 0.0, 0.0, 3.938535148403345e-34, 0.0], [0.0, 6.20061427980545e-06, 2.794176404534725e-18, 0.0073398868553340435, 8.162404905285122e-35, 0.9926539659500122, 0.0, 0.0, 2.725098811856597e-27, 7.899769665774565e-31], [0.0, 2.2040536350687034e-05, 1.8219628402858757e-16, 0.012185757979750633, 1.51308433833607e-31, 0.9877921938896179, 5.682258417460838e-34, 2.990993431214796e-35, 1.6754646742703468e-23, 1.571317400042156e-26]], "currentPrediction": [[3, 5, 5], [1, 3, 3], [5, 1, 1], [2, 2, 2], [4, 8, 8], [8, 9, 9], [9, 4, 4], [7, 7, 6], [6, 6, 7], [0, 0, 0]], "realResult": [0, 2, 2], "newPrediction": [[8, 8, 8], [9, 9, 9], [6, 6, 6], [7, 7, 7], [0, 0, 0], [5, 5, 5], [2, 2, 2], [4, 4, 4], [3, 3, 3], [1, 1, 1]], "newPredictionRaw": [[3.2620346073717062e-21, 6.410674384523244e-36, 2.2279736916398816e-26, 3.624618096319307e-33, 1.0648479828053756e-30, 4.271806540402417e-25, 8.219878509407863e-05, 1.6769544525455245e-15, 0.9716582298278809, 0.02825956977903843], [1.7813278198215254e-22, 1.3731147088312378e-38, 3.6267309560789993e-28, 9.82112615745374e-36, 1.062570926820926e-32, 5.731501647692316e-27, 4.66112578578759e-05, 2.375236820498504e-16, 0.977469265460968, 0.022484097629785538], [2.4058813072394768e-20, 4.2356981687869263e-35, 1.3832391243567464e-25, 1.5895259425113566e-32, 1.1944273706501908e-29, 1.586291600885892e-24, 0.00011496947263367474, 8.539933557950678e-15, 0.9684836268424988, 0.03140135109424591]], "matchingNumbers": {"bestMatchIndex": 3, "bestMatchSequence": [2, 2, 2], "matchingNumbers": [2]}, "labels": [0, 1, 2, 3, 4, 5, 6, 7, 8, 9]}