{"currentPredictionRaw": [[9.743774552650734e-28, 6.854557515482254e-20, 0.00013342636520974338, 9.802361580419446e-32, 5.315713825062088e-14, 0.0044783116318285465, 2.0508162264995918e-19, 7.797439087705899e-16, 0.9953882694244385, 3.6613679418402896e-16], [6.632420070489193e-32, 6.838811892203721e-23, 2.4408955141552724e-05, 8.452512161450996e-37, 2.144837903144924e-16, 0.0018172389827668667, 1.923289461276671e-22, 2.595112908582001e-18, 0.9981583952903748, 1.0943556077094397e-18], [3.7773504740509905e-28, 8.929997939465269e-21, 3.310500324005261e-05, 7.215952804779051e-33, 1.7388093935077724e-14, 0.004028634633868933, 8.785788370072025e-20, 3.6652200888657245e-17, 0.9959383010864258, 1.6963515599772072e-17]], "currentPrediction": [[9, 0, 0], [6, 0, 0], [3, 0, 0], [5, 0, 0], [8, 0, 0], [10, 0, 0], [7, 0, 0], [2, 0, 0], [1, 0, 0], [4, 0, 0]], "realResult": [0, 5, 1], "newPrediction": [[1, 3, 0], [9, 4, 0], [8, 10, 7], [8, 2, 10], [5, 6, 0], [2, 6, 0], [9, 5, 0], [8, 7, 0], [10, 4, 0], [1, 3, 0]], "newPredictionRaw": [[0.9998681545257568, 3.134956516603893e-09, 4.43907833623057e-28, 0.00012693028838839382, 7.531946594196981e-11, 4.039352556434479e-17, 4.846066985919606e-06, 8.03434001109322e-26, 6.2325253493175126e-24, 6.996083812174497e-26], [2.2311694948776164e-35, 1.6537266280219724e-14, 0.9994623064994812, 6.990425573690316e-31, 1.4753262210133354e-20, 1.439818447579455e-06, 2.9876421211358494e-26, 9.585420229996089e-06, 0.0005175586557015777, 9.051922461367212e-06], [1.266786367383875e-36, 1.2858248977555293e-14, 0.9996547698974609, 6.012055865578607e-32, 8.666888871446092e-22, 6.679271677967336e-07, 1.4843842156927211e-27, 1.2826390957343392e-05, 0.00031872655381448567, 1.3006949302507564e-05]], "matchingNumbers": {"bestMatchIndex": 3, "bestMatchSequence": [5, 0, 0], "matchingNumbers": [0, 5]}}