{"currentPredictionRaw": [[0.00016215837968047708, 5.2557930757757276e-05, 0.0, 0.0, 0.013524841517210007, 0.0, 0.0, 4.048198976497216e-20, 0.9862604737281799, 0.0], [4.368649449724182e-34, 0.0, 0.001533099333755672, 1.0138743882333224e-20, 0.0, 9.260486422135727e-08, 0.9984667897224426, 1.0552038961320204e-28, 8.90236439332444e-37, 7.512134902847023e-13], [0.9999996423721313, 3.927171098332383e-23, 3.854222587027966e-17, 8.107336330054338e-11, 1.8647417510585418e-23, 2.9562911497959838e-28, 3.716166698387301e-33, 1.7229627706615445e-20, 3.0640441650575667e-07, 1.5344577821915784e-14]], "currentPrediction": [[8, 6, 0], [4, 2, 8], [0, 6, 7], [7, 5, 4], [9, 0, 6], [6, 4, 6], [8, 3, 6], [1, 5, 9]], "realResult": [2, 9, 6], "newPrediction": [[1, 7, 5], [4, 1, 5], [1, 8, 5], [4, 1, 8], [5, 8, 1], [6, 4, 6], [0, 2, 5], [1, 5, 8]], "newPredictionRaw": [[7.83185160052445e-33, 0.9999843835830688, 0.0, 0.0, 1.561149110784754e-05, 0.0, 0.0, 5.838042493877538e-09, 2.2460616118411356e-20, 0.0], [9.855387254703994e-37, 0.028096012771129608, 1.2653041652196752e-18, 0.0, 1.6207136544280076e-12, 0.0003156853199470788, 3.7308135747426974e-11, 0.9715881943702698, 2.29041531599868e-28, 1.4489222092062203e-37], [4.566386311014833e-35, 0.021997667849063873, 5.653173990591555e-17, 0.0, 7.519315899096046e-12, 0.0025690265465527773, 1.0739940492499045e-08, 0.975433349609375, 6.794663895614657e-27, 1.6822782048768442e-35]], "matchingNumbers": {"bestMatchIndex": 4, "bestMatchSequence": [9, 0, 6], "matchingNumbers": [9, 6]}, "labels": [0, 1, 2, 3, 4, 5, 6, 7, 8, 9], "numberFrequency": {"3": 0.09785890749382377, "2": 0.10101564644523744, "6": 0.10014639948760179, "8": 0.10064964772623296, "9": 0.10010064964772623, "0": 0.10206789276237534, "5": 0.09877390429133498, "4": 0.10133589532436636, "1": 0.10000914996797511, "7": 0.09804190685332602}}