{"currentPredictionRaw": [[0.9691030383110046, 3.0348051849315993e-10, 3.2908170396694914e-05, 3.197663195937271e-17, 0.021380173042416573, 9.285128845687337e-18, 9.641138554172812e-09, 0.009483913891017437, 2.2354819097680365e-17, 2.1644110928444732e-13], [0.9749578833580017, 4.839909029108469e-11, 1.1501901099109091e-05, 1.5202376110933384e-18, 0.017186036333441734, 3.7535763062340076e-19, 3.3466136528659263e-09, 0.007844521664083004, 6.438637920299579e-19, 2.2218019795922778e-14], [0.0037065539509058, 2.6392160634713946e-06, 0.018340488895773888, 1.7423557171700188e-13, 0.9779500365257263, 1.6571826389138002e-16, 2.0570093480117013e-14, 1.7668800467163237e-07, 5.605010727341408e-20, 9.996064112397063e-18]], "currentPrediction": [[0, 0, 4], [4, 4, 2], [7, 7, 0], [2, 2, 1], [6, 6, 7], [1, 1, 3], [9, 9, 6], [3, 3, 5], [8, 8, 9], [5, 5, 8]], "realResult": [6, 7, 2], "newPrediction": [[5, 1, 3], [3, 3, 1], [1, 2, 5], [2, 5, 2], [8, 4, 8], [9, 8, 4], [4, 0, 9], [6, 9, 7], [7, 7, 6], [0, 6, 0]], "newPredictionRaw": [[0.0, 1.3624294297187589e-05, 4.8633342961226415e-17, 0.009607062675058842, 1.349963573360033e-32, 0.9903793334960938, 5.900891935605391e-38, 0.0, 3.7057452846464475e-26, 1.4596663673595625e-29], [1.4391421216773797e-34, 0.9985717535018921, 0.0003183985536452383, 0.0011097801616415381, 1.836288351180763e-17, 1.6216291276374e-13, 0.0, 2.906887613974053e-37, 1.991044433570121e-33, 3.7153449027102127e-36], [0.0, 0.008891256526112556, 1.4981135906463883e-12, 0.9910640716552734, 4.940362391421218e-30, 4.469717532629147e-05, 0.0, 0.0, 5.126927826987117e-29, 1.0484896799924258e-32]], "matchingNumbers": {"bestMatchIndex": 4, "bestMatchSequence": [6, 6, 7], "matchingNumbers": [6, 7]}, "labels": [0, 1, 2, 3, 4, 5, 6, 7, 8, 9]}