{"currentPredictionRaw": [[2.6465471837187205e-35, 8.00325050676065e-09, 0.0001366926881019026, 1.3508235971660506e-25, 7.04238994731097e-26, 7.387432332528476e-11, 3.307955455304365e-30, 0.48909610509872437, 8.105157656146389e-10, 0.5107672214508057], [0.0, 7.040692473481158e-10, 8.940479892771691e-05, 1.9232117350119763e-28, 2.6448422777343185e-28, 1.0498457138352624e-11, 2.848600255931612e-33, 0.48684263229370117, 1.7385901052158204e-10, 0.5130679607391357], [2.8276209803139153e-37, 4.13311844195104e-15, 0.9995185136795044, 6.716794557065721e-33, 3.059253834851487e-22, 7.105336976565013e-07, 2.807802191824971e-28, 8.289140168926679e-06, 0.0004640021070372313, 8.434381925326306e-06]], "currentPrediction": [[9, 9, 2], [7, 7, 8], [2, 2, 9], [1, 1, 7], [8, 8, 5], [5, 5, 1], [3, 4, 4], [4, 3, 6], [6, 6, 3], [0, 0, 0]], "realResult": [6, 6, 3], "newPrediction": [[2, 3, 1], [8, 0, 3], [9, 1, 0], [7, 6, 7], [5, 4, 9], [1, 7, 6], [4, 9, 2], [6, 5, 8], [3, 8, 5], [0, 2, 4]], "newPredictionRaw": [[1.0941345297110384e-33, 3.321324335350817e-13, 0.9994693398475647, 3.307642341225125e-29, 2.4213557239253272e-20, 1.6000468576748972e-06, 2.2122881786156933e-25, 4.535506741376594e-05, 0.0004366091452538967, 4.710872599389404e-05], [0.01186505239456892, 0.0021535921841859818, 4.0076288017499575e-29, 0.9859813451766968, 4.66414215290515e-19, 2.3271374615914502e-23, 6.079932699876514e-14, 2.7036956668209183e-19, 8.672612299888199e-26, 3.4851862473812406e-20], [8.07698370408616e-08, 0.995963454246521, 1.8131408597913242e-16, 0.004036447498947382, 8.056724277015464e-18, 1.7619334167906164e-17, 8.691361026063119e-15, 5.848808015684881e-08, 3.2590519087895265e-17, 1.440723274015454e-08]], "matchingNumbers": {"bestMatchIndex": 7, "bestMatchSequence": [4, 3, 6], "matchingNumbers": [3, 6]}, "labels": [0, 1, 2, 3, 4, 5, 6, 7, 8, 9]}