{"currentPredictionRaw": [[1.9823901605713552e-30, 0.9976529479026794, 0.0004296020488254726, 0.0019175303168594837, 6.475848520214088e-16, 4.4058707420260856e-13, 0.0, 4.69241071598338e-33, 3.957746539105582e-31, 1.0804522346449477e-33], [0.03568575903773308, 8.035049167116369e-17, 2.2688372014467717e-10, 3.3533959588191387e-23, 2.248237706226064e-06, 3.0247070788351876e-20, 0.003558721859008074, 0.960753321647644, 1.283885319361259e-15, 1.704293950410829e-08], [0.021663084626197815, 5.578527971343851e-18, 3.5270810577747724e-11, 1.495925454268381e-23, 7.168547995206609e-07, 6.532510253621218e-20, 0.009020550176501274, 0.9693155288696289, 7.640620043125948e-15, 1.203567023821961e-07]], "currentPrediction": [[1, 7, 7], [3, 0, 0], [2, 6, 6], [5, 4, 4], [4, 9, 9], [0, 2, 2], [8, 8, 8], [7, 1, 1], [9, 5, 5], [6, 3, 3]], "realResult": [1, 3, 9], "newPrediction": [[2, 9, 6], [1, 6, 9], [4, 8, 7], [3, 7, 0], [0, 0, 8], [7, 4, 4], [5, 2, 2], [6, 5, 5], [9, 3, 1], [8, 1, 3]], "newPredictionRaw": [[1.7285134434885663e-10, 0.008437607437372208, 0.9895407557487488, 2.4444961610470273e-09, 0.002021603751927614, 7.659048091926413e-15, 5.173288525102503e-21, 1.0231789543499892e-14, 3.5407369185104316e-22, 1.43608833512345e-21], [3.77325361439803e-14, 1.9580018383814834e-32, 2.6864610795647244e-23, 2.444929508184889e-32, 4.0535235806103565e-23, 1.1220559511776461e-23, 0.02365243062376976, 3.811702065092959e-09, 0.0014733627904206514, 0.9748741984367371], [8.142366141328239e-07, 1.0183476299719995e-26, 4.0275361986660976e-18, 4.9125981552502765e-30, 4.3164351758682995e-14, 1.188094195457993e-22, 0.9870142936706543, 0.00444315280765295, 3.241975299328459e-10, 0.008541728369891644]], "matchingNumbers": {"bestMatchIndex": 0, "bestMatchSequence": [1, 7, 7], "matchingNumbers": [1]}, "labels": [0, 1, 2, 3, 4, 5, 6, 7, 8, 9]}