{"currentPredictionRaw": [[0.0005752239958383143, 6.918209164592405e-24, 6.707077362402007e-30, 1.8283373733524992e-25, 2.05595542726708e-15, 0.007112398277968168, 0.9923120141029358, 1.1099403899695854e-27, 3.7504977967728337e-07, 4.138875490656011e-24], [1.1892117868511856e-29, 0.0020224570762366056, 0.9915898442268372, 5.82637866841651e-08, 1.891538377821377e-22, 8.294776769014181e-25, 1.060511783132876e-27, 0.006386162247508764, 4.148741379567158e-24, 1.6344528148692916e-06], [0.0, 1.4146134198251724e-15, 2.5389674192410894e-05, 3.443637304486e-21, 5.93331630051171e-38, 3.4182965709482554e-30, 1.8490343992054996e-37, 0.9926127195358276, 1.2837501748466892e-26, 0.007361790165305138]], "currentPrediction": [[6, 2, 7], [5, 7, 9], [0, 1, 2], [8, 9, 1], [4, 3, 3], [1, 4, 8], [9, 8, 5], [3, 5, 6], [7, 6, 4], [2, 0, 0]], "realResult": [8, 8, 8], "newPrediction": [[3, 5, 5], [1, 8, 8], [4, 6, 6], [0, 0, 0], [2, 9, 9], [6, 7, 7], [5, 4, 4], [7, 3, 3], [9, 2, 2], [8, 1, 1]], "newPredictionRaw": [[7.07830986357294e-05, 0.04117753356695175, 2.1236253644474345e-08, 0.9373161196708679, 0.021435577422380447, 4.066182720391387e-12, 1.1981960312823503e-08, 2.4749053175766866e-13, 6.850237337010373e-14, 9.261743525975155e-14], [3.454190561982657e-20, 0.0, 0.0, 0.0, 0.0, 0.9983200430870056, 4.921143954561558e-06, 0.0, 0.0016750575741752982, 6.824026599472661e-29], [3.9582321635130493e-19, 0.0, 0.0, 0.0, 0.0, 0.9959174990653992, 1.101948510040529e-05, 5.263061864306374e-35, 0.004071492236107588, 3.115932474740163e-26]], "matchingNumbers": {"bestMatchIndex": 3, "bestMatchSequence": [8, 9, 1], "matchingNumbers": [8]}, "labels": [0, 1, 2, 3, 4, 5, 6, 7, 8, 9]}