{"currentPredictionRaw": [[1.8957908546834404e-35, 6.814822550672492e-14, 0.9996812343597412, 1.2593170662280116e-30, 3.170807854527366e-21, 7.723543831161805e-07, 1.4556574490875295e-26, 2.6136127416975796e-05, 0.0002653418341651559, 2.647093242558185e-05], [6.005051567115061e-09, 0.999650239944458, 1.3211821387925564e-16, 0.00034977588802576065, 3.8659159637187758e-19, 6.107167933888222e-18, 8.77583096321158e-16, 5.3125074117588156e-08, 1.5674880701977762e-17, 1.2781328884159393e-08], [0.01901787891983986, 7.65709490171268e-13, 1.1169670550426713e-19, 9.875508411028022e-09, 0.0022630689200013876, 2.047801039850583e-08, 0.9787190556526184, 7.213207644404329e-24, 8.408747000904064e-16, 2.1278738790597004e-23]], "currentPrediction": [[2, 3, 7], [9, 4, 1], [8, 10, 5], [8, 10, 6], [1, 4, 6], [2, 7, 0], [9, 3, 5], [9, 3, 7], [10, 4, 6], [8, 1, 5]], "realResult": [1, 9, 1], "newPrediction": [[8, 1, 4], [10, 2, 4], [1, 3, 7], [2, 7, 0], [8, 9, 5], [10, 6, 0], [9, 4, 5], [8, 5, 6], [9, 10, 7], [1, 3, 0]], "newPredictionRaw": [[0.9998716115951538, 1.8995180983694127e-09, 4.2579244628818456e-29, 0.0001253437076229602, 2.5319335170137514e-11, 9.903993119955623e-18, 2.9751772672170773e-06, 8.032157085057054e-27, 1.3522034381487986e-24, 6.455250713353484e-27], [3.1760710528121637e-28, 1.1691967074511922e-06, 0.00015426483878400177, 6.853716763937776e-20, 2.5062465883170022e-21, 1.9143597818072067e-09, 1.5190349964361722e-24, 0.5025575757026672, 7.883720343215828e-09, 0.4972870349884033], [0.004071025177836418, 0.02871047891676426, 4.707129739792412e-22, 0.9672185182571411, 1.8317021839320833e-15, 1.5751672634529582e-18, 9.952451189565448e-12, 5.736523859016171e-14, 3.3863633673404425e-20, 1.1794467075362195e-14]], "matchingNumbers": {"bestMatchIndex": 1, "bestMatchSequence": [9, 4, 1], "matchingNumbers": [9, 1]}}