{"currentPredictionRaw": [[2.2416825067932652e-35, 1.5327233297661447e-13, 0.9996922016143799, 2.22525312390322e-30, 1.6870117362110461e-21, 6.011841264808027e-07, 1.2240243139321211e-26, 5.26178591826465e-05, 0.00019951640570070595, 5.505833905772306e-05], [5.687276205534886e-10, 0.9998294115066528, 2.0505658751173238e-19, 0.00017059993115253747, 4.475101135106669e-22, 1.7088008569632684e-20, 1.7311959642545747e-18, 5.12174747058225e-09, 3.814554057663371e-20, 9.75774017142328e-10], [3.561810046903702e-08, 0.9982845187187195, 4.568176732101265e-17, 0.0017154406523332, 1.2041362268729102e-18, 4.229191665068256e-18, 1.9598470456651078e-15, 2.809450450058648e-08, 8.393797067908372e-18, 6.482345327185612e-09]], "currentPrediction": [[2, 3, 0], [9, 4, 0], [8, 1, 10], [8, 10, 0], [1, 10, 6], [2, 7, 0], [3, 5, 0], [9, 7, 0], [4, 6, 0], [1, 5, 0]], "realResult": [2, 1, 6], "newPrediction": [[9, 10, 6], [8, 9, 6], [3, 5, 0], [2, 3, 5], [8, 9, 7], [1, 10, 6], [2, 10, 5], [8, 4, 7], [1, 2, 7], [1, 4, 0]], "newPredictionRaw": [[1.514651302548835e-26, 1.1842648670175488e-18, 0.0006102776969783008, 5.1733453717541956e-30, 2.469789780676357e-13, 0.005486775189638138, 1.1608896734849894e-18, 1.6775231716421347e-14, 0.9939029216766357, 8.894316896488827e-15], [4.961922003545412e-19, 2.338324683052511e-21, 1.903260882230029e-10, 2.130575747381605e-25, 3.380680573172867e-05, 0.9992755055427551, 2.8988941455643236e-11, 6.072375689810824e-21, 0.0006906813359819353, 6.3261816012678725e-21], [8.161994243578598e-31, 5.1998693351151815e-08, 0.0007714013336226344, 2.032659535313664e-22, 3.7329607378784253e-22, 2.477746896545341e-09, 4.3601044810809035e-26, 0.480713427066803, 2.2371443364477273e-08, 0.5185151100158691]], "matchingNumbers": {"bestMatchIndex": 4, "bestMatchSequence": [1, 10, 6], "matchingNumbers": [1, 6]}}