{"currentPredictionRaw": [[0.004895960446447134, 2.4276569092762657e-06, 0.023533537983894348, 1.0346631456334757e-13, 0.9715673923492432, 3.38648642751716e-16, 3.562740109441104e-13, 6.596177399842418e-07, 7.097993926323254e-19, 1.759991924631281e-16], [2.4825558598405855e-30, 0.9985687732696533, 0.000960362667683512, 0.00047087675193324685, 1.1088455372946842e-15, 1.3490050005879328e-13, 3.505868831017873e-38, 1.1855391704552547e-32, 2.760429370759149e-31, 2.9369797986981857e-33], [1.1366159749504057e-11, 2.1890716015816105e-26, 3.792923220021624e-19, 4.469003339409962e-26, 6.759554012672949e-19, 4.2286010581108934e-19, 0.044251274317502975, 1.2584433761730907e-07, 0.003696468425914645, 0.9520520567893982]], "currentPrediction": [[4, 1, 9], [2, 2, 6], [0, 3, 8], [1, 5, 7], [7, 4, 0], [6, 0, 4], [3, 8, 5], [5, 7, 2], [9, 9, 3], [8, 6, 1]], "realResult": [5, 2, 3], "newPrediction": [[8, 7, 8], [9, 0, 9], [6, 6, 6], [7, 4, 7], [0, 9, 0], [5, 2, 5], [2, 8, 2], [4, 1, 4], [3, 5, 3], [1, 3, 1]], "newPredictionRaw": [[3.3667171815574545e-20, 1.630823465145743e-34, 2.7247280318237036e-25, 6.10272174485753e-32, 2.0973098737314724e-29, 4.058270866651886e-24, 0.00013318048149812967, 9.078100176153434e-15, 0.9620034098625183, 0.037863507866859436], [0.034219540655612946, 2.0525815891590479e-16, 7.046562222612351e-10, 5.919419372064364e-22, 3.0919027267373167e-06, 2.4798628678107535e-18, 0.010195022448897362, 0.955581545829773, 6.889951391537974e-13, 8.048467066146259e-07], [5.545173257311146e-19, 1.332981794220879e-32, 7.913767404199427e-24, 3.28104171280613e-30, 1.1797978172088965e-27, 8.856986931555568e-23, 0.00021998205920681357, 7.048882148547736e-14, 0.9546992182731628, 0.04508078098297119]], "matchingNumbers": {"bestMatchIndex": 6, "bestMatchSequence": [3, 8, 5], "matchingNumbers": [3, 5]}, "labels": [0, 1, 2, 3, 4, 5, 6, 7, 8, 9]}