{"currentPredictionRaw": [[0.9653359055519104, 5.941101499651325e-10, 5.1571209041867405e-05, 4.835843775645054e-17, 0.026441402733325958, 1.0379788235476737e-17, 7.333864182612615e-09, 0.008171101100742817, 1.8758193126546723e-17, 1.5155514647077761e-13], [0.022841770201921463, 1.0388981107214345e-18, 1.8808961332883456e-11, 3.9646485092936103e-25, 4.940665689900925e-07, 2.0012653451536665e-21, 0.00328444573096931, 0.9738733172416687, 4.1970379304310135e-16, 1.4454866636981478e-08], [3.856802759813914e-19, 4.4461376699884025e-33, 4.248011241449717e-24, 1.062521162267584e-30, 6.242223987390801e-28, 4.0992147197851196e-23, 0.0002032159682130441, 5.6524395759685944e-14, 0.9562240242958069, 0.043572794646024704]], "currentPrediction": [[0, 7, 8], [4, 0, 9], [7, 6, 6], [2, 4, 7], [6, 9, 0], [1, 2, 5], [9, 8, 2], [3, 1, 4], [8, 5, 3], [5, 3, 1]], "realResult": [7, 0, 4], "newPrediction": [[8, 1, 1], [9, 3, 2], [6, 2, 3], [7, 5, 5], [0, 4, 4], [5, 8, 8], [2, 9, 0], [4, 0, 9], [3, 7, 7], [1, 6, 6]], "newPredictionRaw": [[7.009534197641068e-19, 4.746748162755331e-32, 1.7228425558326535e-23, 1.1588178287581323e-29, 2.5535934021579526e-27, 2.180521603904373e-22, 0.00023250628146342933, 7.144177420871992e-14, 0.9533079862594604, 0.04645943269133568], [3.377863877557485e-26, 0.9900007247924805, 0.0024341451935470104, 0.007565156556665897, 2.3876400531176734e-13, 2.104558527449285e-09, 6.723308118200421e-31, 1.945463881441178e-27, 7.740426264329782e-24, 1.0218151666885116e-25], [1.1129252844535126e-32, 0.9991518259048462, 0.000462640164187178, 0.00038554362254217267, 3.202653411136681e-17, 2.8166869403827184e-14, 0.0, 7.246302209248485e-35, 3.500868148941682e-32, 2.274825621672166e-34]], "matchingNumbers": {"bestMatchIndex": 0, "bestMatchSequence": [0, 7, 8], "matchingNumbers": [0, 7]}, "labels": [0, 1, 2, 3, 4, 5, 6, 7, 8, 9]}