{"currentPredictionRaw": [[5.965282780790343e-20, 1.9826326074862466e-18, 0.00042909543844871223, 2.4053535205292853e-11, 4.710279185546061e-19, 0.9958674907684326, 0.0036885770969092846, 4.849081506108632e-06, 1.137673134647946e-21, 1.012644042930333e-05], [6.697535836054056e-17, 0.005966715980321169, 0.0, 0.0, 0.9940284490585327, 0.0, 0.0, 3.665732301039171e-11, 4.803642696060706e-06, 0.0], [6.38796819667192e-26, 0.006268551107496023, 0.0, 0.0, 0.9937314391136169, 0.0, 0.0, 1.5860993481065996e-14, 2.992726066963769e-10, 0.0]], "currentPrediction": [[5, 4, 1], [6, 1, 8], [1, 6, 7], [6, 3, 5], [1, 9, 6], [5, 3, 6], [3, 5, 6], [1, 6, 8]], "realResult": [0, 0, 0], "newPrediction": [[0, 4, 9], [4, 9, 6], [0, 4, 6], [7, 4, 8], [3, 0, 9], [5, 4, 6], [0, 8, 4], [1, 5, 9]], "newPredictionRaw": [[0.9763143658638, 1.0528185612201924e-07, 7.152974740298745e-11, 1.896730168760019e-12, 0.012702754698693752, 1.0378027326396477e-09, 9.210852113028523e-06, 2.656484190607933e-12, 1.9234324216362876e-14, 0.010973584838211536], [0.9838653206825256, 2.7296374938146073e-08, 9.754793327265698e-12, 1.530816082619471e-13, 0.00848068855702877, 1.6163113902845083e-10, 3.3343555969622685e-06, 2.501364458444566e-13, 1.1090245788839101e-15, 0.007650674786418676], [0.968666136264801, 8.846849652854871e-08, 6.015770520617636e-11, 3.35675107501765e-12, 0.021292274817824364, 2.733618664763071e-09, 2.2448082745540887e-05, 2.323602248111012e-12, 3.1173841448777634e-14, 0.010019026696681976]], "matchingNumbers": {"bestMatchIndex": 0, "bestMatchSequence": [5, 4, 1], "matchingNumbers": []}, "labels": [0, 1, 2, 3, 4, 5, 6, 7, 8, 9], "numberFrequency": {"6": 0.10013265632862174, "4": 0.10132198893005809, "1": 0.09999542564384063, "0": 0.1021911166003385, "5": 0.09876034948081057, "3": 0.09784547824893647, "2": 0.10100178399890215, "8": 0.10063583550615252, "7": 0.09802845249531128, "9": 0.10008691276702804}}