{"currentPredictionRaw": [[0.030788972973823547, 2.2592517718503603e-17, 1.2599186971495868e-10, 2.244589636519494e-23, 1.4049232959223446e-06, 6.416485894248438e-20, 0.004184256307780743, 0.9650254249572754, 6.647108841270014e-15, 5.23337142510627e-08], [0.9751834273338318, 2.9187052080770215e-11, 7.227823971334146e-06, 1.3429907970015476e-18, 0.014379121363162994, 4.2930451486712513e-19, 4.63748772716599e-09, 0.010430261492729187, 5.608700211367336e-19, 2.6219815096764458e-14], [0.004257824271917343, 1.811877609725343e-06, 0.015326157212257385, 8.674322788922509e-14, 0.9804139733314514, 8.056358663184715e-17, 1.526385219391066e-14, 1.8719055105975713e-07, 2.417219820862562e-20, 5.5203428462859525e-18]], "currentPrediction": [[7, 0, 4], [0, 4, 2], [6, 7, 0], [4, 2, 1], [9, 6, 7], [2, 1, 3], [8, 9, 6], [1, 3, 5], [5, 8, 9], [3, 5, 8]], "realResult": [4, 1, 9], "newPrediction": [[7, 1, 0], [0, 2, 4], [6, 3, 7], [4, 5, 2], [9, 4, 6], [2, 0, 1], [8, 8, 9], [1, 7, 3], [5, 9, 8], [3, 6, 5]], "newPredictionRaw": [[0.030745426192879677, 9.144399615456956e-17, 3.3191790982378677e-10, 7.844903002617253e-23, 2.2521574010170298e-06, 2.0644091304093108e-19, 0.009726890362799168, 0.9595251083374023, 3.283263011509899e-14, 1.854436533221815e-07], [2.1367311112213265e-31, 0.998525083065033, 0.000880025327205658, 0.0005949710612185299, 5.853122073491343e-16, 5.2540603297105207e-14, 0.0, 2.60262898137701e-34, 9.26716326365708e-33, 3.311801221999805e-35], [0.962769091129303, 5.315340390055212e-10, 3.639002170530148e-05, 2.832789526400945e-17, 0.027680907398462296, 5.338758917447393e-18, 1.388559756065888e-08, 0.00951362308114767, 9.207847842598346e-18, 1.9681984178305384e-13]], "matchingNumbers": {"bestMatchIndex": 3, "bestMatchSequence": [4, 2, 1], "matchingNumbers": [1, 4]}, "labels": [0, 1, 2, 3, 4, 5, 6, 7, 8, 9]}