{"currentPredictionRaw": [[1.6922238097445512e-36, 0.0, 0.0, 0.0, 0.0, 2.472223457061773e-07, 2.8424216103643037e-19, 1.2346682772652007e-33, 0.9999997615814209, 6.829968692894714e-18], [3.483810711631243e-38, 0.0, 0.0, 0.0, 0.0, 1.885791611755394e-08, 6.994061687348035e-21, 1.1499685828296777e-33, 1.0, 3.5577550997885503e-17], [1.8861521339103712e-33, 0.0, 0.0, 0.0, 0.0, 1.7890675962917157e-07, 1.90801409199391e-18, 5.875563277907171e-29, 0.9999997615814209, 1.6488475488391982e-14]], "currentPrediction": [[8, 8, 8], [5, 5, 5], [9, 9, 9], [6, 6, 6], [7, 7, 7], [0, 0, 0], [4, 4, 4], [3, 3, 3], [2, 2, 2], [1, 1, 1]], "realResult": [0, 5, 1], "newPrediction": [[0, 2, 2], [6, 1, 7], [4, 7, 1], [5, 9, 9], [3, 3, 3], [8, 4, 4], [1, 8, 8], [2, 5, 5], [9, 6, 6], [7, 0, 0]], "newPredictionRaw": [[0.9913824200630188, 2.8563160517358632e-11, 5.313184250666055e-19, 3.608315646275173e-09, 0.0006416995893232524, 1.4294499806055683e-06, 0.007974410429596901, 2.5710502116381365e-21, 3.431257222796802e-10, 2.8101558796080243e-19], [9.578560386460741e-32, 0.0028028395026922226, 0.9948018789291382, 3.844216678317025e-08, 6.65970102367329e-24, 7.452613179539847e-27, 9.156965575956405e-30, 0.002394939074292779, 5.184003752742955e-26, 3.0030855668883305e-07], [3.1943759232536203e-32, 0.0016237888485193253, 0.9948108196258545, 1.7624687487227675e-08, 2.1386636424199965e-24, 7.777993651040226e-27, 5.8286614670833735e-30, 0.0035649759229272604, 4.9646523498801013e-26, 5.09627739120333e-07]], "matchingNumbers": {"bestMatchIndex": 1, "bestMatchSequence": [5, 5, 5], "matchingNumbers": [5]}, "labels": [0, 1, 2, 3, 4, 5, 6, 7, 8, 9]}