{"currentPredictionRaw": [[7.19989956543543e-10, 1.151737365909139e-20, 4.9032168016020674e-20, 2.5841625261969017e-17, 0.9977449178695679, 0.002012864453718066, 0.00024223022046498954, 8.551095056712306e-27, 5.21548516180248e-13, 2.746284888654032e-26], [0.9999829530715942, 2.7881903383319973e-11, 9.298807424644422e-32, 9.837733159656636e-06, 3.468615672463926e-11, 2.8722076604393023e-18, 7.211736829049187e-06, 5.032012958807938e-30, 8.537156716518787e-27, 6.57912489635455e-30], [2.2476799935167158e-11, 5.732421724639023e-22, 1.0707985507643922e-20, 1.0402803295250106e-18, 0.9986982345581055, 0.0012731271563097835, 2.8619213480851613e-05, 5.2814011307778275e-28, 8.869578791044497e-14, 1.814963446188482e-27]], "currentPrediction": [[4, 0, 4], [5, 3, 5], [6, 6, 6], [0, 4, 0], [8, 1, 8], [3, 5, 3], [2, 8, 2], [1, 9, 1], [9, 7, 9], [7, 2, 7]], "realResult": [2, 4, 8], "newPrediction": [[4, 0, 5], [5, 3, 4], [6, 6, 8], [0, 4, 6], [8, 1, 2], [3, 5, 0], [2, 8, 1], [1, 9, 7], [9, 7, 9], [7, 2, 3]], "newPredictionRaw": [[6.932371898749068e-10, 1.0810038107924085e-20, 5.738805898952153e-20, 2.2675545145308e-17, 0.9977026581764221, 0.0020531893242150545, 0.0002441518590785563, 8.183635327042999e-27, 6.22494731542661e-13, 2.59209771064551e-26], [0.9999840259552002, 2.810388553819987e-11, 3.2133050263343467e-31, 8.433088623860385e-06, 5.541316017154685e-11, 1.072694187649483e-17, 7.558103334304178e-06, 1.1470784581990691e-29, 5.710023599915312e-26, 1.39846693411112e-29], [1.1249686770967718e-16, 1.4630417164998706e-19, 1.9530721484528613e-10, 5.046323773166108e-22, 0.0008947955211624503, 0.9986693859100342, 1.1245737674414613e-09, 4.496506634693949e-20, 0.0004358673468232155, 4.3167493015936654e-20]], "matchingNumbers": {"bestMatchIndex": 6, "bestMatchSequence": [2, 8, 2], "matchingNumbers": [8, 2]}, "labels": [0, 1, 2, 3, 4, 5, 6, 7, 8, 9]}