{"currentPredictionRaw": [[0.03595762327313423, 0.0024173830170184374, 1.2301942662427908e-24, 0.9616250395774841, 3.024665504427408e-15, 3.307510889108662e-19, 6.395845658646593e-11, 5.377049852465024e-17, 9.339188194182626e-22, 1.1542063022897447e-17], [3.2528918616806196e-16, 8.900538871301473e-19, 7.689242298436483e-11, 2.6423674783863425e-21, 0.0003008345374837518, 0.9991711378097534, 1.252299042242555e-09, 3.486312182366593e-19, 0.0005280246841721237, 2.7897066823960064e-19], [1.4967197909436595e-17, 2.4004492186191896e-20, 1.367903568194606e-10, 1.373761823397131e-23, 0.00012347496522124857, 0.9991711378097534, 2.504621787746686e-10, 1.2027196412998219e-20, 0.0007053621811792254, 1.1509664885082022e-20]], "currentPrediction": [[4, 6, 0], [1, 9, 0], [2, 5, 0], [7, 0, 0], [3, 5, 0], [8, 1, 0], [10, 2, 0], [8, 6, 0], [9, 10, 0], [3, 4, 0]], "realResult": [0, 2, 2], "newPrediction": [[9, 0, 0], [6, 0, 0], [3, 0, 0], [5, 0, 0], [8, 0, 0], [10, 0, 0], [7, 0, 0], [2, 0, 0], [1, 0, 0], [4, 0, 0]], "newPredictionRaw": [[9.743774552650734e-28, 6.854557515482254e-20, 0.00013342636520974338, 9.802361580419446e-32, 5.315713825062088e-14, 0.0044783116318285465, 2.0508162264995918e-19, 7.797439087705899e-16, 0.9953882694244385, 3.6613679418402896e-16], [6.632420070489193e-32, 6.838811892203721e-23, 2.4408955141552724e-05, 8.452512161450996e-37, 2.144837903144924e-16, 0.0018172389827668667, 1.923289461276671e-22, 2.595112908582001e-18, 0.9981583952903748, 1.0943556077094397e-18], [3.7773504740509905e-28, 8.929997939465269e-21, 3.310500324005261e-05, 7.215952804779051e-33, 1.7388093935077724e-14, 0.004028634633868933, 8.785788370072025e-20, 3.6652200888657245e-17, 0.9959383010864258, 1.6963515599772072e-17]], "matchingNumbers": {"bestMatchIndex": 2, "bestMatchSequence": [2, 5, 0], "matchingNumbers": [0, 2]}}