{"currentPredictionRaw": [[0.0, 4.524879113887437e-05, 2.370311165091543e-15, 0.01544762309640646, 4.2371927298101784e-29, 0.9845070838928223, 1.5524183776549802e-32, 5.23813580506255e-33, 1.9932938615301975e-22, 1.5333779668072875e-25], [3.812156501226127e-05, 6.959059119675199e-19, 6.636956609296085e-13, 2.13383739613502e-21, 3.5886271732010755e-10, 3.4863423475755813e-16, 0.9419087171554565, 0.015356183052062988, 2.5988990159930836e-07, 0.042696621268987656], [0.0, 0.013981851749122143, 3.619399224774611e-11, 0.9858753085136414, 2.0135193893652207e-26, 0.00014278599701356143, 4.964257315818055e-38, 6.556011411207606e-37, 7.902823185571674e-27, 2.2106467132185463e-30]], "currentPrediction": [[5, 6, 3], [3, 9, 1], [1, 7, 5], [2, 0, 2], [8, 8, 4], [9, 4, 8], [4, 2, 9], [6, 5, 7], [7, 1, 6], [0, 3, 0]], "realResult": [0, 5, 9], "newPrediction": [[9, 0, 2], [6, 4, 1], [8, 7, 4], [7, 2, 3], [0, 6, 0], [4, 1, 5], [2, 9, 7], [5, 8, 9], [3, 3, 6], [1, 5, 8]], "newPredictionRaw": [[5.661436082307972e-14, 1.6229049862237186e-32, 2.9001379396957673e-23, 2.0723251292178804e-32, 6.869698005453658e-23, 1.2052136446154286e-23, 0.02529263310134411, 5.330109242862591e-09, 0.001142109395004809, 0.9735652208328247], [0.9693859815597534, 1.6810951242174355e-10, 2.1410693079815246e-05, 1.5830882002421588e-17, 0.021791549399495125, 4.903523362491898e-18, 1.2635219093226624e-08, 0.008800995536148548, 1.6833702837521675e-17, 2.919074216286427e-13], [3.139315792998615e-13, 0.018214398995041847, 0.9815985560417175, 2.8361952786326583e-09, 0.0001869626867119223, 4.932870010089605e-16, 2.5997948976686875e-25, 3.2211736541794983e-18, 1.887090254459163e-25, 3.5354342211435154e-25]], "matchingNumbers": {"bestMatchIndex": 0, "bestMatchSequence": [5, 6, 3], "matchingNumbers": [5]}, "labels": [0, 1, 2, 3, 4, 5, 6, 7, 8, 9]}