{"currentPredictionRaw": [[1.5962710320227558e-11, 0.006616612896323204, 0.9927610158920288, 8.572847987053933e-10, 0.0006223278469406068, 1.5492228370116417e-15, 4.488832111131819e-22, 1.0474332133990241e-15, 7.745891492681153e-23, 2.8067044967749217e-22], [2.1729081951572103e-35, 0.999263346195221, 0.0004492968146223575, 0.00028731953352689743, 7.071060822180951e-18, 4.8307974577477784e-15, 0.0, 5.171391649620692e-38, 1.1676222120916245e-34, 4.972275545630921e-37], [9.81910120772233e-32, 0.9987936019897461, 0.0008818727801553905, 0.00032455421751365066, 2.103543855826195e-16, 3.0290602925225896e-14, 0.0, 4.161219237019685e-34, 1.7526489115393015e-31, 1.7626644319755744e-33]], "currentPrediction": [[2, 1, 1], [1, 2, 2], [4, 3, 3], [3, 5, 5], [0, 4, 4], [5, 8, 8], [7, 0, 0], [6, 9, 9], [9, 7, 7], [8, 6, 6]], "realResult": [2, 1, 6], "newPrediction": [[8, 5, 7], [9, 3, 0], [6, 1, 6], [7, 2, 4], [0, 8, 9], [5, 9, 2], [2, 4, 8], [4, 6, 1], [3, 7, 5], [1, 0, 3]], "newPredictionRaw": [[4.81146043506143e-19, 2.680620533628573e-32, 9.477416724953213e-24, 7.678038705446755e-30, 1.2179064819079784e-27, 1.4504196027430363e-22, 0.00021950209338683635, 5.806135059500603e-14, 0.954246461391449, 0.04553401470184326], [1.0458706602116945e-33, 0.00014674966223537922, 1.961076022708938e-13, 0.02389540709555149, 3.669617982007412e-25, 0.9759578108787537, 1.5267546022468674e-28, 8.253395831857859e-29, 1.1260598379261604e-19, 1.9171925131123989e-22], [0.10610077530145645, 2.8079470172637233e-12, 1.273370600074486e-07, 3.678281932482427e-17, 0.0001405234943376854, 5.379772639873973e-15, 0.009256361983716488, 0.8845008611679077, 7.288776353309157e-12, 1.3749270237894962e-06]], "matchingNumbers": {"bestMatchIndex": 0, "bestMatchSequence": [2, 1, 1], "matchingNumbers": [1, 2]}, "labels": [0, 1, 2, 3, 4, 5, 6, 7, 8, 9]}