{"currentPredictionRaw": [[0.9763143658638, 1.0528185612201924e-07, 7.152974740298745e-11, 1.896730168760019e-12, 0.012702754698693752, 1.0378027326396477e-09, 9.210852113028523e-06, 2.656484190607933e-12, 1.9234324216362876e-14, 0.010973584838211536], [0.9838653206825256, 2.7296374938146073e-08, 9.754793327265698e-12, 1.530816082619471e-13, 0.00848068855702877, 1.6163113902845083e-10, 3.3343555969622685e-06, 2.501364458444566e-13, 1.1090245788839101e-15, 0.007650674786418676], [0.968666136264801, 8.846849652854871e-08, 6.015770520617636e-11, 3.35675107501765e-12, 0.021292274817824364, 2.733618664763071e-09, 2.2448082745540887e-05, 2.323602248111012e-12, 3.1173841448777634e-14, 0.010019026696681976]], "currentPrediction": [[0, 4, 9], [4, 9, 6], [0, 4, 6], [7, 4, 8], [3, 0, 9], [5, 4, 6], [0, 8, 4], [1, 5, 9]], "realResult": [7, 6, 4], "newPrediction": [[7, 6, 4], [2, 4, 0], [6, 5, 3], [5, 3, 2], [3, 5, 6], [4, 3, 5], [2, 4, 7], [1, 4, 9]], "newPredictionRaw": [[5.06521655378183e-27, 9.861205217537848e-17, 2.2060041374061257e-05, 3.9217522254199547e-25, 1.0216455583511704e-34, 3.975197269961053e-30, 1.70180644916299e-36, 0.9999779462814331, 2.672625358871028e-12, 5.209824772544552e-26], [0.00025221516261808574, 2.873779163313321e-14, 8.090076794883643e-16, 1.430082102160668e-05, 0.18696212768554688, 0.013393143191933632, 0.7993781566619873, 2.5408897940315187e-14, 6.426111198720719e-09, 8.695804076808145e-09], [0.018208809196949005, 3.9399754482192725e-15, 2.5071774573118085e-19, 1.1866359457546327e-11, 0.9445953965187073, 1.2757772083205055e-06, 0.03719428926706314, 1.1122905377508145e-18, 3.366159542607188e-15, 2.520849022857874e-07]], "matchingNumbers": {"bestMatchIndex": 1, "bestMatchSequence": [4, 9, 6], "matchingNumbers": [4, 6]}, "labels": [0, 1, 2, 3, 4, 5, 6, 7, 8, 9], "numberFrequency": {"6": 0.10016465422612514, "4": 0.10135382363702891, "1": 0.0999817050859861, "0": 0.10217709476765459, "5": 0.09874679839004756, "3": 0.09783205268935236, "2": 0.10098792535675083, "8": 0.10062202707647273, "7": 0.09806073911452616, "9": 0.10007317965605561}}