{"currentPredictionRaw": [[4.127840383590471e-30, 1.685052524180719e-07, 0.000178911053808406, 9.550880595820495e-22, 2.3756794809688096e-22, 1.372583602332611e-09, 3.281205305508578e-26, 0.49993932247161865, 8.926636319017689e-09, 0.4998816251754761], [0.9995980858802795, 1.401535509870655e-08, 5.714333985205246e-26, 0.0003708389704115689, 1.499932289483752e-09, 2.396786450407397e-15, 3.111152909696102e-05, 1.0404725874484133e-23, 3.787252795948377e-22, 1.1680688667156489e-23], [2.4208671178804764e-10, 3.4785634710432745e-21, 1.6081034111710147e-20, 8.282494126225074e-18, 0.9987518787384033, 0.0011134811211377382, 0.00013470830162987113, 1.3559321995288756e-27, 1.0894924692235117e-13, 4.822662625469768e-27]], "currentPrediction": [[7, 0, 4], [9, 3, 5], [2, 6, 6], [1, 1, 0], [8, 4, 8], [5, 5, 3], [3, 8, 2], [4, 9, 1], [6, 7, 9], [0, 2, 7]], "realResult": [4, 1, 9], "newPrediction": [[7, 1, 0], [9, 3, 3], [2, 0, 6], [1, 7, 1], [8, 9, 4], [5, 6, 5], [3, 4, 8], [4, 8, 7], [6, 5, 9], [0, 2, 2]], "newPredictionRaw": [[1.881134352602894e-32, 1.21248035611643e-07, 5.8099300076719373e-05, 3.583439473922983e-23, 1.405624802827526e-24, 1.3153889089068116e-10, 2.698648908520609e-28, 0.506787896156311, 8.818887287098676e-10, 0.4931538701057434], [6.531849976454396e-07, 0.9809445142745972, 1.211116897766299e-20, 0.01905481517314911, 5.72836080501411e-20, 1.6726727743577346e-20, 2.466205776753452e-16, 1.5000625741556917e-10, 2.292508126353415e-20, 2.077844667158768e-11], [0.9998784065246582, 1.3122829489731203e-09, 3.3175906721675467e-29, 0.00011789448035415262, 3.762657199701813e-11, 2.873157594654758e-17, 3.659600906757987e-06, 9.527650931337476e-27, 3.0643591769692872e-24, 7.858397374358504e-27]], "matchingNumbers": {"bestMatchIndex": 7, "bestMatchSequence": [4, 9, 1], "matchingNumbers": [9, 4, 1]}, "labels": [0, 1, 2, 3, 4, 5, 6, 7, 8, 9]}