{"currentPredictionRaw": [], "currentPrediction": [{"name": "PoissonMonteCarlo Model", "predictions": [[1, 2, 4]]}], "realResult": [0, 8, 7], "newPrediction": [{"name": "Markov Model", "predictions": [[3, 7, 8]]}, {"name": "PoissonMonteCarlo Model", "predictions": [[2, 5, 6]]}, {"name": "PoissonMarkov Model", "predictions": [[2, 9, 6, 8]]}], "newPredictionRaw": [], "matchingNumbers": {"model": null, "prediction": null, "matching_numbers": [], "match_count": 0}, "labels": [], "numberFrequency": {"6": 0.10000902608538677, "4": 0.10127267803953426, "1": 0.10037006950085747, "0": 0.10240093871288022, "5": 0.0988807654120408, "3": 0.09770737431176099, "2": 0.10100189547793122, "8": 0.10068598248939435, "7": 0.09788789601949635, "9": 0.09978337395071757}}