{"currentPredictionRaw": [[0.01833411492407322, 0.0015001597348600626, 2.07090865429336e-28, 0.9801657199859619, 5.630910010814384e-18, 1.8775149552814442e-22, 5.107436283798006e-13, 2.9736933641188792e-19, 4.079674536555182e-25, 4.322555398635449e-20], [1.9238212436911263e-27, 1.6966612292890204e-06, 8.978424739325419e-05, 2.744543137938494e-19, 8.735383505522996e-21, 2.579354951848245e-09, 2.8699144301631705e-24, 0.5126511454582214, 8.94141471974308e-09, 0.48725733160972595], [0.9704073667526245, 5.647994839819148e-06, 6.01622747910735e-25, 0.029586495831608772, 2.7389630494201178e-11, 2.929651648211966e-16, 4.983632493349432e-07, 1.550063928062062e-20, 2.110401083325598e-21, 8.729268508221212e-21]], "currentPrediction": [[3, 7, 0], [0, 9, 3], [1, 2, 1], [6, 1, 6], [4, 8, 4], [7, 5, 5], [9, 3, 7], [5, 4, 9], [8, 6, 8], [2, 0, 2]], "realResult": [6, 2, 7], "newPrediction": [[3, 2, 5], [0, 8, 4], [1, 9, 8], [6, 7, 6], [4, 5, 2], [7, 1, 0], [9, 4, 1], [5, 6, 9], [8, 3, 7], [2, 0, 3]], "newPredictionRaw": [[0.0265617948025465, 0.0030153836123645306, 1.3258526982493452e-25, 0.9704228639602661, 3.067896954324524e-16, 4.063985201499908e-20, 6.5959473126431245e-12, 3.2945369644513163e-17, 1.3067988290320299e-22, 6.1608747031097585e-18], [1.0028998066752333e-30, 1.9363460487809014e-12, 0.9979767203330994, 7.277371273156097e-27, 3.250971388180649e-18, 9.20214552024845e-06, 2.9105890845124974e-23, 0.00012881345173809677, 0.0017546223243698478, 0.00013062040670774877], [1.2416611306047711e-17, 3.683395685813852e-21, 1.0353545278063425e-11, 6.4453450331889424e-24, 0.00030202147900126874, 0.999631404876709, 3.1597763294755055e-10, 2.184338832404978e-21, 6.662352825514972e-05, 2.69590985353907e-21]], "matchingNumbers": {"bestMatchIndex": 0, "bestMatchSequence": [3, 7, 0], "matchingNumbers": [7]}, "labels": [0, 1, 2, 3, 4, 5, 6, 7, 8, 9]}