{"currentPredictionRaw": [], "currentPrediction": [], "realResult": [], "newPrediction": [[9, 6, 7], [7, 5, 9], [8, 0, 2], [2, 8, 1], [5, 4, 3], [1, 9, 8], [3, 1, 5], [6, 3, 4], [4, 7, 6], [0, 2, 0]], "newPredictionRaw": [[0.0, 1.3164656232557645e-25, 3.000091023910919e-18, 2.5526968817688403e-27, 2.590175506951487e-36, 2.6040217623102815e-24, 6.0710600616575214e-34, 1.207400828207028e-07, 2.458254519658898e-16, 0.9999998807907104], [0.00740199675783515, 2.8381575977041694e-17, 1.3334823558602505e-20, 1.6587625497478734e-18, 3.848595053757009e-11, 0.04518574848771095, 0.9473376870155334, 9.829305534882138e-19, 7.45407014619559e-05, 1.5508048298593167e-16], [3.8136807735735994e-35, 6.646718765657145e-13, 0.00015928011271171272, 2.3655163564225975e-17, 1.906288092061832e-30, 8.249754998039021e-25, 1.3419167973111401e-30, 0.9846177101135254, 5.865424430565755e-22, 0.015222971327602863]], "matchingNumbers": [], "labels": [0, 1, 2, 3, 4, 5, 6, 7, 8, 9]}