{"currentPredictionRaw": [[0.9929372668266296, 1.7559831366753542e-10, 6.714724649182908e-18, 3.416518623566844e-08, 0.002911406336352229, 6.963880991861515e-07, 0.004150609485805035, 2.424480915677129e-20, 2.8949723174243047e-10, 1.4025839902571648e-18], [0.0, 5.276857509978194e-13, 0.00024065894831437618, 2.8912847201114596e-18, 4.061203494041421e-34, 2.0626509889155566e-28, 5.155839904738962e-35, 0.9945216178894043, 5.020796936359362e-25, 0.005237717647105455], [2.0667843273258768e-05, 0.06472494453191757, 8.481539737204002e-08, 0.9234232902526855, 0.011831004172563553, 4.0367145390241e-13, 1.1494722951255198e-09, 8.452787623493274e-13, 1.841673921655282e-14, 1.569952935015495e-13]], "currentPrediction": [[0, 7, 3], [6, 9, 1], [4, 2, 4], [5, 1, 0], [3, 3, 2], [8, 8, 6], [1, 5, 7], [2, 4, 5], [9, 6, 9], [7, 0, 8]], "realResult": [7, 9, 2], "newPrediction": [[1, 9, 1], [3, 7, 3], [2, 2, 2], [7, 8, 7], [4, 1, 4], [9, 5, 9], [0, 3, 0], [6, 6, 6], [5, 4, 5], [8, 0, 8]], "newPredictionRaw": [[2.0455060053132775e-15, 0.9484586119651794, 0.0004967816057614982, 0.051044631749391556, 3.074215326748231e-10, 9.614070037568543e-19, 1.9617089498146258e-17, 1.179475273005437e-08, 4.143107547406534e-19, 5.6196488434911984e-11], [0.0, 4.2602627320199137e-26, 1.1493151833277186e-17, 3.495659446486606e-29, 0.0, 3.5622147103544574e-28, 0.0, 4.5057984721097455e-07, 2.8830320425375946e-20, 0.9999995231628418], [2.753888425893053e-14, 0.9508451819419861, 0.00608080206438899, 0.04307370260357857, 1.4812945314801595e-09, 1.2203447689373408e-17, 2.3390965716171234e-16, 3.177734981818503e-07, 1.1474665173767238e-17, 1.0861345156598645e-09]], "matchingNumbers": {"bestMatchIndex": 0, "bestMatchSequence": [0, 7, 3], "matchingNumbers": [7]}, "labels": [0, 1, 2, 3, 4, 5, 6, 7, 8, 9]}