{"currentPredictionRaw": [[0.0, 4.374834679765627e-05, 2.161557989416589e-15, 0.01520337164402008, 3.993515346376245e-29, 0.9847529530525208, 9.853230951514486e-33, 4.2539862206152066e-33, 1.4347600195768026e-22, 1.0126601277346307e-25], [7.83747873356333e-06, 6.5992517737094565e-21, 2.2864153468747303e-14, 1.9512244143257402e-23, 1.4822325658525592e-11, 9.349399952102095e-18, 0.9565941095352173, 0.0071919444017112255, 1.0014282736392488e-07, 0.036206021904945374], [1.114818360292702e-06, 1.6886804893652032e-26, 7.220828489528577e-18, 4.392443221565087e-30, 7.266547254322284e-14, 9.312076370156501e-23, 0.9880222082138062, 0.005396982654929161, 2.354494932355067e-10, 0.006579757202416658]], "currentPrediction": [[5, 6, 6], [3, 9, 9], [1, 7, 7], [2, 0, 0], [8, 8, 8], [9, 4, 4], [4, 2, 2], [6, 5, 5], [7, 1, 1], [0, 3, 3]], "realResult": [4, 3, 8], "newPrediction": [[4, 3, 8], [2, 1, 9], [0, 5, 6], [7, 2, 7], [1, 4, 0], [6, 8, 5], [3, 9, 2], [9, 7, 4], [5, 6, 3], [8, 0, 1]], "newPredictionRaw": [[0.018756870180368423, 3.6405444916454144e-06, 0.020184101536870003, 4.2205217727804556e-13, 0.9610498547554016, 1.6847401676384492e-15, 6.200177957854658e-12, 5.6040989875327796e-06, 7.10999538643321e-18, 2.2734916993303505e-15], [0.0, 0.013967867009341717, 1.124911882394164e-11, 0.9860301613807678, 9.64785698214793e-29, 1.97489907804993e-06, 0.0, 0.0, 7.2806885129479025e-31, 5.040713778811603e-35], [1.2638973535093073e-15, 1.283476076497004e-25, 4.085977025930852e-19, 1.654795729692651e-23, 2.3629746552091718e-22, 6.98919558413719e-18, 0.000957963231485337, 1.3315520561163474e-11, 0.9207378029823303, 0.0783042162656784]], "matchingNumbers": {"bestMatchIndex": 1, "bestMatchSequence": [3, 9, 9], "matchingNumbers": [3]}, "labels": [0, 1, 2, 3, 4, 5, 6, 7, 8, 9]}