{"currentPredictionRaw": [[4.8328372940886766e-05, 0.045824918895959854, 2.161523404708987e-08, 0.9406131505966187, 0.013513610698282719, 7.955702936712772e-12, 1.54725423584523e-08, 3.8225412418713134e-13, 1.1900640791828038e-13, 1.6333555872844602e-13], [1.2020790451802582e-28, 0.0038405878003686666, 0.9925663471221924, 1.6535196323275159e-07, 1.4604701703029824e-21, 1.4011735565622033e-24, 4.272045802531268e-27, 0.003592136548832059, 7.671097223674434e-24, 8.737448524698266e-07], [6.242734465217864e-16, 2.255685497151658e-33, 5.135002932886084e-36, 0.0, 1.2906565919768664e-31, 0.992950439453125, 4.814318162971176e-05, 1.1813960471639807e-29, 0.0070013790391385555, 6.383983471899108e-22]], "currentPrediction": [[3, 2, 5], [1, 1, 8], [4, 7, 6], [0, 9, 0], [2, 3, 9], [6, 4, 7], [5, 8, 4], [7, 5, 1], [9, 6, 2], [8, 0, 3]], "realResult": [3, 5, 5], "newPrediction": [[6, 2, 7], [5, 7, 9], [0, 1, 2], [8, 9, 1], [4, 3, 3], [1, 4, 8], [9, 8, 5], [3, 5, 6], [7, 6, 4], [2, 0, 0]], "newPredictionRaw": [[0.0005752239958383143, 6.918209164592405e-24, 6.707077362402007e-30, 1.8283373733524992e-25, 2.05595542726708e-15, 0.007112398277968168, 0.9923120141029358, 1.1099403899695854e-27, 3.7504977967728337e-07, 4.138875490656011e-24], [1.1892117868511856e-29, 0.0020224570762366056, 0.9915898442268372, 5.82637866841651e-08, 1.891538377821377e-22, 8.294776769014181e-25, 1.060511783132876e-27, 0.006386162247508764, 4.148741379567158e-24, 1.6344528148692916e-06], [0.0, 1.4146134198251724e-15, 2.5389674192410894e-05, 3.443637304486e-21, 5.93331630051171e-38, 3.4182965709482554e-30, 1.8490343992054996e-37, 0.9926127195358276, 1.2837501748466892e-26, 0.007361790165305138]], "matchingNumbers": {"bestMatchIndex": 0, "bestMatchSequence": [3, 2, 5], "matchingNumbers": [3, 5]}, "labels": [0, 1, 2, 3, 4, 5, 6, 7, 8, 9]}