{"currentPredictionRaw": [[0.00687155406922102, 2.7090782168670557e-06, 0.019917601719498634, 1.7982241130171106e-13, 0.9732075333595276, 3.1199937157454e-16, 1.0356707760275294e-13, 5.702142402697064e-07, 2.29550400651102e-19, 4.444428527229862e-17], [6.919852921782876e-07, 2.3702017306215335e-27, 1.6732732622460084e-18, 1.637552968266109e-31, 2.7145046125709275e-14, 4.942382781873809e-24, 0.99257892370224, 0.004449853673577309, 2.3526911321902766e-11, 0.002970485482364893], [1.3853041977429648e-11, 0.021369565278291702, 0.978188157081604, 2.8782585204112365e-08, 0.00044226605677977204, 3.3847636472057394e-14, 3.380684992559013e-22, 7.689464621545841e-16, 2.8384724934080236e-22, 3.700682569120699e-22]], "currentPrediction": [[4, 6, 2], [2, 7, 1], [0, 9, 4], [1, 0, 3], [7, 8, 0], [3, 4, 5], [6, 2, 7], [5, 5, 9], [9, 1, 6], [8, 3, 8]], "realResult": [7, 6, 7], "newPrediction": [[6, 6, 5], [9, 9, 3], [7, 7, 1], [0, 0, 2], [8, 8, 8], [4, 4, 9], [2, 2, 4], [5, 5, 6], [1, 1, 7], [3, 3, 0]], "newPredictionRaw": [[3.2445848319184734e-07, 4.2671570219604356e-27, 1.6572873765229617e-18, 5.224152212427244e-31, 9.703874565057755e-15, 8.169045159711662e-24, 0.9944151639938354, 0.002425608690828085, 5.26164563308118e-11, 0.0031588119454681873], [2.6168555677941185e-07, 5.494415121528754e-29, 9.14358211285757e-20, 9.643126029984388e-33, 2.825229479414015e-15, 7.2043737827724375e-25, 0.9935739636421204, 0.0031664716079831123, 1.3503189885688549e-11, 0.003259319579228759], [0.0, 4.6034783736104146e-05, 3.7632797167408156e-15, 0.015269557014107704, 6.431812170004416e-29, 0.984684407711029, 4.363909268754491e-33, 1.0996041600267122e-33, 8.864685582901801e-23, 6.73589036853899e-26]], "matchingNumbers": {"bestMatchIndex": 6, "bestMatchSequence": [6, 2, 7], "matchingNumbers": [6, 7]}, "labels": [0, 1, 2, 3, 4, 5, 6, 7, 8, 9]}