{"currentPredictionRaw": [[5.661436082307972e-14, 1.6229049862237186e-32, 2.9001379396957673e-23, 2.0723251292178804e-32, 6.869698005453658e-23, 1.2052136446154286e-23, 0.02529263310134411, 5.330109242862591e-09, 0.001142109395004809, 0.9735652208328247], [0.9693859815597534, 1.6810951242174355e-10, 2.1410693079815246e-05, 1.5830882002421588e-17, 0.021791549399495125, 4.903523362491898e-18, 1.2635219093226624e-08, 0.008800995536148548, 1.6833702837521675e-17, 2.919074216286427e-13], [3.139315792998615e-13, 0.018214398995041847, 0.9815985560417175, 2.8361952786326583e-09, 0.0001869626867119223, 4.932870010089605e-16, 2.5997948976686875e-25, 3.2211736541794983e-18, 1.887090254459163e-25, 3.5354342211435154e-25]], "currentPrediction": [[9, 0, 2], [6, 4, 1], [8, 7, 4], [7, 2, 3], [0, 6, 0], [4, 1, 5], [2, 9, 7], [5, 8, 9], [3, 3, 6], [1, 5, 8]], "realResult": [3, 5, 7], "newPrediction": [[0, 5, 9], [7, 3, 6], [4, 1, 8], [2, 2, 7], [6, 8, 0], [1, 9, 4], [9, 4, 2], [8, 6, 5], [3, 7, 1], [5, 0, 3]], "newPredictionRaw": [[0.9357056617736816, 5.148809711919e-10, 3.475087942206301e-05, 1.114599140937807e-16, 0.017125090584158897, 1.0164038025026981e-16, 4.1883072299242485e-07, 0.04713395610451698, 6.547896613311947e-16, 9.727649241675351e-12], [0.0, 4.3876290874322876e-05, 2.5745242441692134e-15, 0.015165548771619797, 2.9708098328670577e-29, 0.9847906231880188, 7.377984415464333e-33, 2.118801016708326e-33, 1.2371426635365042e-22, 9.421369488840037e-26], [2.0999812999633605e-09, 2.432946188361943e-21, 3.159580912266073e-15, 2.001775668739585e-21, 5.466310184446682e-15, 1.3084609215346585e-15, 0.07157424837350845, 2.9588559300464112e-06, 0.012209474109113216, 0.9162132740020752]], "matchingNumbers": {"bestMatchIndex": 3, "bestMatchSequence": [7, 2, 3], "matchingNumbers": [3, 7]}, "labels": [0, 1, 2, 3, 4, 5, 6, 7, 8, 9]}