{"currentPredictionRaw": [[1.7019613149371615e-11, 0.007871514186263084, 0.991316556930542, 2.2014621237076426e-09, 0.0008120097336359322, 5.347448168540854e-15, 5.566686213637668e-22, 1.0230925569893693e-15, 1.2115695600376667e-22, 3.661531086850218e-22], [2.8199874377356513e-30, 0.9988378882408142, 0.0008232745458371937, 0.0003388974000699818, 7.037171960403593e-16, 3.08382402188119e-14, 0.0, 9.273815826998765e-33, 9.715728822258194e-32, 9.02776263518159e-34], [2.849918246283778e-06, 6.47852333957118e-23, 6.222709547553588e-16, 6.000245526946122e-26, 1.4743796461491598e-12, 7.229890072193337e-20, 0.9837350845336914, 0.005197314079850912, 1.9360728575890107e-09, 0.011064866557717323]], "currentPrediction": [[2, 1, 6], [1, 2, 9], [4, 3, 7], [3, 5, 0], [0, 4, 8], [5, 0, 4], [7, 8, 2], [6, 7, 5], [9, 9, 1], [8, 6, 3]], "realResult": [1, 9, 1], "newPrediction": [[0, 7, 3], [4, 0, 1], [7, 6, 5], [2, 4, 2], [6, 9, 4], [1, 2, 8], [9, 8, 9], [3, 1, 7], [8, 5, 6], [5, 3, 0]], "newPredictionRaw": [[0.964779257774353, 5.34800925766632e-10, 4.7277815610868856e-05, 5.193187785501432e-17, 0.022101256996393204, 1.5044071112483598e-17, 1.9632187431284365e-08, 0.013072186149656773, 4.3097241497090714e-17, 3.764655416831769e-13], [0.022550204768776894, 5.867411287700952e-18, 4.357362040630086e-11, 3.88320251583026e-24, 8.003662514965981e-07, 1.4743953197067864e-20, 0.00835422147065401, 0.9690947532653809, 2.253599554080557e-15, 6.10629555808373e-08], [0.0, 0.017353029921650887, 6.724684004089099e-11, 0.9826394319534302, 1.0180038129583275e-26, 7.483567969757132e-06, 0.0, 0.0, 4.1694048105926087e-29, 5.632279795577232e-33]], "matchingNumbers": {"bestMatchIndex": 1, "bestMatchSequence": [1, 2, 9], "matchingNumbers": [1, 9]}, "labels": [0, 1, 2, 3, 4, 5, 6, 7, 8, 9]}