{"currentPredictionRaw": [[0.00994874443858862, 1.9987477113941193e-14, 1.740920142823796e-21, 4.046578627736608e-10, 0.0009358796523883939, 1.1531633425931886e-09, 0.9891154766082764, 1.484280465846617e-26, 7.837652936406307e-18, 5.313182807460806e-26], [1.1889440179670322e-35, 1.0645833647677898e-14, 0.9994727969169617, 3.143781118251573e-31, 1.0631190996615037e-20, 1.3470503290591296e-06, 1.9887397584031523e-26, 5.667562618327793e-06, 0.0005148584605194628, 5.326066457200795e-06], [2.3158366451091884e-33, 1.801116056299179e-08, 0.00023599194537382573, 3.2625683680151187e-24, 3.0728713805670746e-24, 3.1743460637834175e-10, 1.55483044786428e-28, 0.488834023475647, 3.0851927679265145e-09, 0.5109299421310425]], "currentPrediction": [[6, 2, 9], [0, 8, 7], [4, 7, 2], [5, 9, 1], [3, 5, 8], [1, 1, 5], [8, 4, 3], [2, 6, 4], [9, 3, 6], [7, 0, 0]], "realResult": [8, 8, 8], "newPrediction": [[3, 5, 5], [0, 8, 8], [1, 4, 4], [6, 6, 6], [4, 2, 2], [7, 0, 0], [9, 1, 1], [5, 7, 7], [8, 9, 9], [2, 3, 3]], "newPredictionRaw": [[0.03596627339720726, 0.002360771642997861, 1.1394726983444325e-24, 0.9616729617118835, 2.9726208355327884e-15, 3.178098740768682e-19, 6.378585160060624e-11, 5.045167123607518e-17, 8.760983695349875e-22, 1.079308323827457e-17], [3.082443951100229e-16, 8.575022620746543e-19, 7.575779586987963e-11, 2.528086701038138e-21, 0.00029707886278629303, 0.9991787075996399, 1.2131031734696762e-09, 3.400748102816225e-19, 0.0005241906037554145, 2.7077367026071812e-19], [1.762763409817252e-17, 2.1139211245729234e-20, 9.917064391906649e-11, 1.545124815660843e-23, 0.00014910681056790054, 0.9993065595626831, 2.9383542821115327e-10, 9.50524631773978e-21, 0.0005443317932076752, 9.257718173988256e-21]], "matchingNumbers": {"bestMatchIndex": 1, "bestMatchSequence": [0, 8, 7], "matchingNumbers": [8]}, "labels": [0, 1, 2, 3, 4, 5, 6, 7, 8, 9]}