{"currentPredictionRaw": [[6.828405063608045e-10, 1.087206130578779e-20, 5.985031071680193e-20, 2.2524912247039644e-17, 0.9976674914360046, 0.0020919947419315577, 0.00024053473316598684, 8.45449118107382e-27, 6.501498016169005e-13, 2.676438651067698e-26], [0.9999840259552002, 2.87470897780695e-11, 3.2214542584708573e-31, 8.574611456424464e-06, 5.4237926649935986e-11, 1.0611720580249868e-17, 7.38644257580745e-06, 1.1752038062345835e-29, 5.73707536598857e-26, 1.4284664527237662e-29], [1.0687192043030839e-16, 1.5249454578508957e-19, 2.154337402915374e-10, 4.88570361492744e-22, 0.0008435071795247495, 0.9986864924430847, 1.0686108664614835e-09, 4.853720058580999e-20, 0.0004700066056102514, 4.6397985505951416e-20]], "currentPrediction": [[1, 5, 6], [4, 5, 6], [9, 7, 0], [1, 5, 7], [9, 2, 3], [1, 4, 6], [9, 2, 3], [8, 2, 10], [8, 10, 0], [8, 3, 4]], "realResult": [2, 1, 1], "newPrediction": [[9, 3, 5], [9, 6, 0], [8, 3, 7], [1, 10, 5], [8, 9, 6], [10, 2, 3], [4, 5, 7], [2, 7, 0], [1, 10, 4], [8, 1, 4]], "newPredictionRaw": [[1.0431998819453286e-32, 7.613255457918772e-14, 0.9978777170181274, 3.1746758369380766e-29, 4.6668108443564e-19, 6.905174359417288e-06, 1.5062133443207756e-24, 1.0319850844098255e-05, 0.002095106989145279, 9.9781709650415e-06], [1.2430479388869653e-11, 1.2103846278491523e-22, 9.578852952236069e-20, 5.987506151169317e-20, 0.9982742071151733, 0.0016755127580836415, 5.0215570809086785e-05, 5.773985640039057e-28, 4.0616847992586136e-13, 2.2392463907159734e-27], [1.5728661558662345e-26, 8.913775829053853e-20, 0.0001355662097921595, 8.308094085453598e-31, 4.621336408168475e-13, 0.005970886908471584, 2.0488159486820737e-18, 2.6358675348796723e-16, 0.993893563747406, 1.3203863248688314e-16]], "matchingNumbers": {"bestMatchIndex": 0, "bestMatchSequence": [1, 5, 6], "matchingNumbers": [1]}}