{"currentPredictionRaw": [[0.0, 0.0077311936765909195, 4.307925815117547e-13, 0.9922657608985901, 2.758556573159419e-31, 3.0296164368337486e-06, 0.0, 0.0, 4.1811757331832894e-33, 1.2135904992889306e-37], [0.0, 2.397191565250978e-05, 2.0493358647842878e-16, 0.012317691929638386, 1.9418345005032965e-31, 0.9876583218574524, 1.477092796081559e-34, 1.7533745196360688e-35, 7.388475182604523e-24, 4.926868531784739e-27], [0.266279399394989, 7.444056482341921e-11, 1.941369646374369e-06, 3.61967586844569e-15, 0.0011760727502405643, 1.24694972771823e-13, 0.0008069581817835569, 0.7317355871200562, 7.452504759142276e-12, 1.21465490110495e-07]], "currentPrediction": [[3, 5, 7], [1, 3, 0], [5, 1, 4], [2, 2, 6], [4, 8, 2], [8, 9, 9], [9, 4, 1], [7, 6, 8], [6, 7, 5], [0, 0, 3]], "realResult": [5, 1, 3], "newPrediction": [[0, 0, 4], [4, 4, 2], [7, 7, 0], [2, 2, 1], [6, 6, 7], [1, 1, 3], [9, 9, 6], [3, 3, 5], [8, 8, 9], [5, 5, 8]], "newPredictionRaw": [[0.9691030383110046, 3.0348051849315993e-10, 3.2908170396694914e-05, 3.197663195937271e-17, 0.021380173042416573, 9.285128845687337e-18, 9.641138554172812e-09, 0.009483913891017437, 2.2354819097680365e-17, 2.1644110928444732e-13], [0.9749578833580017, 4.839909029108469e-11, 1.1501901099109091e-05, 1.5202376110933384e-18, 0.017186036333441734, 3.7535763062340076e-19, 3.3466136528659263e-09, 0.007844521664083004, 6.438637920299579e-19, 2.2218019795922778e-14], [0.0037065539509058, 2.6392160634713946e-06, 0.018340488895773888, 1.7423557171700188e-13, 0.9779500365257263, 1.6571826389138002e-16, 2.0570093480117013e-14, 1.7668800467163237e-07, 5.605010727341408e-20, 9.996064112397063e-18]], "matchingNumbers": {"bestMatchIndex": 0, "bestMatchSequence": [3, 5, 7], "matchingNumbers": [3, 5]}, "labels": [0, 1, 2, 3, 4, 5, 6, 7, 8, 9]}