{"currentPredictionRaw": [[0.00012056808191118762, 0.027662934735417366, 4.704101552732709e-09, 0.9396284222602844, 0.032588087022304535, 2.6313244118336687e-12, 1.0886518353458996e-08, 4.7252037894442156e-14, 3.5538212590823307e-14, 2.114011785449895e-14], [0.0, 7.488474149178733e-25, 2.306207341066423e-17, 6.3451803503578536e-27, 3.4926866482081537e-37, 7.593701784440361e-25, 1.3199489460082931e-34, 3.9173951904558635e-07, 3.825614710978942e-17, 0.9999996423721313], [0.9807625412940979, 1.0260039484677463e-09, 1.3038770968614734e-15, 9.572050885253702e-08, 0.004223322961479425, 1.2351553777989466e-05, 0.015001694671809673, 2.220930644740371e-17, 1.778069780300484e-08, 6.808538709698344e-16]], "currentPrediction": [[3, 9, 0], [4, 7, 6], [1, 8, 4], [0, 2, 5], [6, 5, 3], [2, 1, 8], [5, 3, 1], [7, 6, 2], [8, 4, 9], [9, 0, 7]], "realResult": [6, 2, 7], "newPrediction": [[3, 2, 5], [1, 1, 8], [4, 7, 6], [0, 9, 0], [2, 3, 9], [6, 4, 7], [5, 8, 4], [7, 5, 1], [9, 6, 2], [8, 0, 3]], "newPredictionRaw": [[4.8328372940886766e-05, 0.045824918895959854, 2.161523404708987e-08, 0.9406131505966187, 0.013513610698282719, 7.955702936712772e-12, 1.54725423584523e-08, 3.8225412418713134e-13, 1.1900640791828038e-13, 1.6333555872844602e-13], [1.2020790451802582e-28, 0.0038405878003686666, 0.9925663471221924, 1.6535196323275159e-07, 1.4604701703029824e-21, 1.4011735565622033e-24, 4.272045802531268e-27, 0.003592136548832059, 7.671097223674434e-24, 8.737448524698266e-07], [6.242734465217864e-16, 2.255685497151658e-33, 5.135002932886084e-36, 0.0, 1.2906565919768664e-31, 0.992950439453125, 4.814318162971176e-05, 1.1813960471639807e-29, 0.0070013790391385555, 6.383983471899108e-22]], "matchingNumbers": {"bestMatchIndex": 7, "bestMatchSequence": [7, 6, 2], "matchingNumbers": [2, 6, 7]}, "labels": [0, 1, 2, 3, 4, 5, 6, 7, 8, 9]}