{"currentPredictionRaw": [[6.909673343568488e-32, 0.001562369056046009, 0.9928777813911438, 1.9229030812084602e-08, 4.043020213201701e-24, 1.8785998308179307e-26, 1.1277468611506438e-29, 0.005559069570153952, 1.1275254245867635e-25, 8.404637128478498e-07], [1.6392500828807835e-18, 0.9847937226295471, 0.005469922907650471, 0.00973619893193245, 1.333381322021765e-12, 4.143436141673696e-21, 3.92288337551742e-20, 7.727083328745721e-08, 4.660118678551033e-21, 9.589351535055357e-11], [1.8300363877621893e-16, 0.972066342830658, 0.001958071254193783, 0.025975603610277176, 4.581037979511926e-11, 7.155560139337204e-20, 1.865495147352306e-18, 2.3408045279893486e-08, 4.995443239375182e-20, 5.200778002700801e-11]], "currentPrediction": [[2, 1, 1], [7, 3, 3], [1, 2, 2], [9, 7, 7], [3, 9, 9], [4, 4, 4], [8, 0, 0], [5, 6, 6], [6, 8, 5], [0, 5, 8]], "realResult": [2, 1, 6], "newPrediction": [[8, 5, 7], [5, 8, 9], [9, 6, 2], [6, 0, 1], [7, 9, 3], [0, 7, 8], [4, 4, 5], [3, 1, 6], [2, 2, 4], [1, 3, 0]], "newPredictionRaw": [[2.2773367772188288e-35, 0.0, 0.0, 0.0, 0.0, 2.9329979156500485e-07, 7.90882686503282e-19, 2.87188492557728e-32, 0.9999997615814209, 5.2243906925681575e-17], [4.073119286648755e-15, 3.4650874527211548e-31, 1.1522720191114117e-32, 0.0, 8.911688805504788e-31, 0.9850652813911438, 0.00016487315588165075, 1.3748281722887393e-26, 0.014769835397601128, 4.116627815788092e-20], [1.6301785044562254e-32, 4.000724231068009e-12, 0.00021977155120112002, 4.184877184286402e-16, 2.4480704967987607e-28, 1.081498513670226e-22, 4.3675545944033755e-28, 0.9778838157653809, 6.106252451745279e-20, 0.021896466612815857]], "matchingNumbers": {"bestMatchIndex": 0, "bestMatchSequence": [2, 1, 1], "matchingNumbers": [1, 2]}, "labels": [0, 1, 2, 3, 4, 5, 6, 7, 8, 9]}