{"currentPredictionRaw": [[0.9999920129776001, 7.704643533668957e-24, 1.338012720677627e-18, 2.151166885681205e-14, 1.1719850246846557e-22, 6.017880473000774e-29, 2.063296790774138e-35, 5.569881400702046e-20, 7.959468348417431e-06, 8.565910709311389e-19], [0.9990904331207275, 1.3740952282163485e-17, 7.296791751550125e-14, 7.629791937135977e-11, 1.1620286184704136e-15, 1.30021172990669e-19, 1.132993339995593e-25, 3.653526184929992e-14, 0.0009096087887883186, 5.3024519996135167e-14], [4.2036202296813485e-10, 0.007819942198693752, 0.0, 0.0, 0.9882100820541382, 0.0, 0.0, 1.893541226594131e-11, 0.003969989717006683, 0.0]], "currentPrediction": [[0, 8, 4], [8, 3, 1], [4, 0, 2], [1, 8, 0], [0, 4, 2], [5, 4, 6], [1, 4, 5], [1, 4, 9]], "realResult": [6, 7, 2], "newPrediction": [[5, 1, 3], [6, 7, 9], [5, 6, 1], [6, 0, 4], [6, 1, 5], [5, 4, 6], [0, 5, 6], [1, 6, 9]], "newPredictionRaw": [[2.532598177795769e-29, 8.581232871298693e-24, 9.512846510517647e-09, 3.2267591710709234e-23, 6.706912884724928e-20, 0.9834944605827332, 0.016505498439073563, 2.8486914160907872e-08, 9.962029485077648e-26, 3.1704395511479366e-22], [0.0, 0.9999994039535522, 0.0, 0.0, 2.7421964432505774e-07, 7.174435050293384e-36, 0.0, 3.2386023463004676e-07, 1.7524022389135068e-25, 0.0], [1.0329664945629702e-07, 0.0, 2.228785935648979e-14, 0.9940592050552368, 0.0, 1.2322903900902244e-36, 7.617183797570698e-38, 0.0, 5.531067186406274e-37, 0.005940702278167009]], "matchingNumbers": {"bestMatchIndex": 2, "bestMatchSequence": [4, 0, 2], "matchingNumbers": [2]}, "labels": [0, 1, 2, 3, 4, 5, 6, 7, 8, 9], "numberFrequency": {"3": 0.09785890749382377, "2": 0.10101564644523744, "6": 0.10014639948760179, "8": 0.10064964772623296, "9": 0.10010064964772623, "0": 0.10206789276237534, "5": 0.09877390429133498, "4": 0.10133589532436636, "1": 0.10000914996797511, "7": 0.09804190685332602}}