{"currentPredictionRaw": [[0.005446098744869232, 2.178109980377485e-06, 0.021339960396289825, 1.2684661264070196e-13, 0.9732114672660828, 1.7785807244032666e-16, 2.6310224005422593e-14, 2.5478374254817027e-07, 1.353308324179498e-19, 1.618266868205059e-17], [0.9726513028144836, 9.647164317394541e-11, 1.934383726620581e-05, 2.4143210051799612e-18, 0.021987009793519974, 3.8676941435418233e-19, 2.1185400100875995e-09, 0.005342248361557722, 7.037501691139369e-19, 1.7152230834651186e-14], [0.004310986027121544, 3.1461199796467554e-06, 0.01977292075753212, 2.6775492088272623e-13, 0.9759126901626587, 2.8687047159812627e-16, 3.969435592937956e-14, 2.4549265731366177e-07, 1.332838576699137e-19, 2.203878481848713e-17]], "currentPrediction": [[4, 0, 4], [2, 4, 2], [0, 7, 0], [1, 2, 1], [7, 6, 7], [3, 1, 3], [6, 9, 6], [5, 3, 5], [9, 8, 9], [8, 5, 8]], "realResult": [2, 4, 8], "newPrediction": [[4, 0, 5], [2, 4, 3], [0, 7, 1], [1, 2, 2], [7, 6, 8], [3, 1, 9], [6, 9, 4], [5, 3, 6], [9, 8, 7], [8, 5, 0]], "newPredictionRaw": [[0.004175844136625528, 2.5285537503805244e-06, 0.024243002757430077, 1.280387742445127e-13, 0.9715784192085266, 1.9822872513086995e-16, 2.6806360001749643e-14, 2.2590353410123498e-07, 1.3936633643386632e-19, 1.6126511390264365e-17], [0.9685615301132202, 8.420328323488491e-11, 1.2952622455486562e-05, 2.9175357104411362e-18, 0.017483225092291832, 8.465351913206966e-19, 1.362762436230014e-08, 0.01394227147102356, 1.5011141259093015e-18, 7.490912051896434e-14], [0.0, 3.0841230909572914e-05, 7.874662022715889e-16, 0.013353605754673481, 2.17829014975736e-30, 0.9866155385971069, 2.9773407645756535e-34, 4.6886423152751587e-35, 1.339253891959143e-23, 9.062973339563412e-27]], "matchingNumbers": {"bestMatchIndex": 1, "bestMatchSequence": [2, 4, 2], "matchingNumbers": [2, 4]}, "labels": [0, 1, 2, 3, 4, 5, 6, 7, 8, 9]}