{"currentPredictionRaw": [[1.053237979219977e-33, 1.7107165439309256e-17, 1.4029087613831592e-10, 3.014306057881382e-29, 6.1507284023186065e-19, 0.9904277324676514, 0.009563842788338661, 8.457751391688362e-06, 1.5218020493207513e-27, 4.885342246621444e-26], [0.0, 0.0, 1.379429977532709e-05, 1.1255663378324537e-25, 0.0, 2.6732850599842095e-08, 0.9999861717224121, 7.382387271562903e-38, 0.0, 6.849313552290186e-18], [1.2897073702333728e-06, 0.0, 1.0653699830900812e-15, 0.9900874495506287, 0.0, 2.4893924286287014e-38, 0.0, 0.0, 0.0, 0.009911227971315384]], "currentPrediction": [[5, 6, 3], [6, 5, 9], [8, 0, 1], [0, 1, 7], [9, 8, 1], [6, 4, 6], [1, 6, 7], [1, 4, 9]], "realResult": [0, 5, 9], "newPrediction": [[9, 0, 2], [2, 8, 9], [8, 4, 2], [7, 8, 2], [9, 4, 8], [5, 4, 6], [9, 2, 5], [1, 5, 9]], "newPredictionRaw": [[5.202314084089179e-33, 0.0, 3.903577183717033e-10, 9.899628859721954e-12, 0.0, 0.0, 3.859534985264578e-32, 0.0, 0.0, 1.0], [0.999985933303833, 4.765070530722323e-20, 2.2480555611492647e-11, 8.737703183214762e-08, 1.5526394130603828e-18, 7.995839544630921e-19, 7.403625445615909e-22, 6.784413093778173e-16, 1.3975452930026222e-05, 9.150735030827306e-11], [5.602024120172966e-38, 0.0, 0.918151319026947, 7.59454240370738e-16, 0.0, 5.212785600036945e-15, 0.08115823566913605, 0.0, 0.0, 0.0006904372712597251]], "matchingNumbers": {"bestMatchIndex": 1, "bestMatchSequence": [6, 5, 9], "matchingNumbers": [9, 5]}, "labels": [0, 1, 2, 3, 4, 5, 6, 7, 8, 9], "numberFrequency": {"3": 0.09785890749382377, "2": 0.10101564644523744, "6": 0.10014639948760179, "8": 0.10064964772623296, "9": 0.10010064964772623, "0": 0.10206789276237534, "5": 0.09877390429133498, "4": 0.10133589532436636, "1": 0.10000914996797511, "7": 0.09804190685332602}}