{"currentPredictionRaw": [[0.00016530114226043224, 6.131254777843797e-30, 3.223646176843308e-36, 5.425772180634237e-32, 6.27180593050529e-19, 0.004265840630978346, 0.9955686926841736, 6.997322610469614e-33, 7.607057739278389e-08, 1.6498415072163848e-28], [2.8523967557703145e-05, 3.6534747836753155e-34, 0.0, 7.749780487666724e-37, 5.563866509218046e-22, 0.002999810269102454, 0.996971607208252, 6.639418489466254e-37, 1.8863378414835097e-08, 6.295762602643917e-32], [1.5533047764656051e-18, 0.0, 0.0, 0.0, 0.0, 0.9977161884307861, 2.101218342431821e-05, 4.2147502768738444e-36, 0.00226277532055974, 2.7066722845206777e-27]], "currentPrediction": [[6, 6, 5], [5, 5, 8], [0, 0, 6], [8, 8, 0], [4, 4, 9], [9, 9, 7], [1, 1, 4], [3, 3, 3], [7, 7, 2], [2, 2, 1]], "realResult": [0, 7, 8], "newPrediction": [[7, 6, 7], [9, 5, 9], [2, 0, 2], [1, 8, 1], [3, 4, 3], [8, 9, 8], [5, 1, 5], [4, 3, 4], [6, 7, 6], [0, 2, 0]], "newPredictionRaw": [[5.852092557364358e-38, 1.610683158029258e-13, 0.0001168719754787162, 2.36566479398352e-18, 7.821967897085942e-33, 5.649593773087471e-27, 3.276316548776771e-33, 0.9910637140274048, 1.221719612424092e-23, 0.008819418959319592], [0.0030096920672804117, 2.1179291377581696e-19, 1.2809993540078301e-23, 9.5490182277519e-21, 1.6123879575252742e-12, 0.02298848144710064, 0.9739906191825867, 1.1863511788889145e-21, 1.1264848581049591e-05, 5.281123247111383e-19], [2.027816362072942e-36, 3.6695844388319465e-13, 0.00015488610370084643, 8.608666331005759e-18, 1.3670405675416038e-31, 1.2801308132208012e-25, 1.2388874681183476e-31, 0.9877315163612366, 1.3542214863393169e-22, 0.01211362425237894]], "matchingNumbers": {"bestMatchIndex": 3, "bestMatchSequence": [8, 8, 0], "matchingNumbers": [8, 0]}, "labels": [0, 1, 2, 3, 4, 5, 6, 7, 8, 9]}