{"currentPredictionRaw": [[6.430684297280734e-29, 5.057809815411929e-08, 0.0006705851410515606, 5.88986240739819e-21, 1.4780194047655344e-20, 6.370600047489461e-09, 2.0073338817035762e-24, 0.4975208044052124, 3.4177976004912125e-08, 0.5018084645271301], [0.003245885483920574, 1.7498931990933553e-12, 7.752731762307531e-17, 2.941371146647498e-09, 0.01735864393413067, 7.829031574146939e-07, 0.9793947339057922, 1.8341681971210276e-21, 1.0850231845806191e-13, 5.8807008166586685e-21], [1.4862100935764975e-26, 3.053748400816403e-07, 0.0009640079806558788, 6.476520207415093e-19, 5.7503683329519955e-19, 1.9040149012994334e-08, 2.6484102791380802e-22, 0.4974519908428192, 7.267523471909954e-08, 0.5015835762023926]], "currentPrediction": [[10, 7, 0], [8, 5, 0], [1, 3, 0], [2, 6, 0], [9, 4, 0], [2, 6, 0], [9, 4, 5], [3, 4, 5], [10, 7, 0], [8, 1, 0]], "realResult": [3, 2, 5], "newPrediction": [[8, 1, 4], [1, 10, 4], [2, 3, 0], [2, 7, 0], [9, 5, 0], [8, 6, 0], [8, 10, 4], [10, 5, 6], [9, 7, 0], [1, 3, 0]], "newPredictionRaw": [[0.01237864512950182, 0.0022378487046808004, 2.9422090870803646e-27, 0.9853834509849548, 1.1204973688392287e-17, 7.3666290051207475e-22, 7.294266644690406e-13, 1.5496498789290395e-18, 3.1846547457739287e-24, 2.054902369478633e-19], [6.2573679597295064e-27, 1.7551141127114533e-06, 0.00011512020864756778, 5.920946933933267e-19, 2.5168881376505262e-20, 4.073664072734573e-09, 9.24720423584347e-24, 0.5345792174339294, 1.113693137710925e-08, 0.465303897857666], [0.9528735280036926, 1.1676557733153459e-05, 5.005111028904721e-24, 0.04711403697729111, 4.688992250034829e-11, 9.12281695126312e-16, 6.669234267064894e-07, 7.687883175257756e-20, 1.3385247648638428e-20, 3.9518922118587425e-20]], "matchingNumbers": {"bestMatchIndex": 7, "bestMatchSequence": [3, 4, 5], "matchingNumbers": [3, 5]}}