{"currentPredictionRaw": [[1.0431998819453286e-32, 7.613255457918772e-14, 0.9978777170181274, 3.1746758369380766e-29, 4.6668108443564e-19, 6.905174359417288e-06, 1.5062133443207756e-24, 1.0319850844098255e-05, 0.002095106989145279, 9.9781709650415e-06], [1.2430479388869653e-11, 1.2103846278491523e-22, 9.578852952236069e-20, 5.987506151169317e-20, 0.9982742071151733, 0.0016755127580836415, 5.0215570809086785e-05, 5.773985640039057e-28, 4.0616847992586136e-13, 2.2392463907159734e-27], [1.5728661558662345e-26, 8.913775829053853e-20, 0.0001355662097921595, 8.308094085453598e-31, 4.621336408168475e-13, 0.005970886908471584, 2.0488159486820737e-18, 2.6358675348796723e-16, 0.993893563747406, 1.3203863248688314e-16]], "currentPrediction": [[9, 3, 5], [9, 6, 0], [8, 3, 7], [1, 10, 5], [8, 9, 6], [10, 2, 3], [4, 5, 7], [2, 7, 0], [1, 10, 4], [8, 1, 4]], "realResult": [8, 5, 7], "newPrediction": [[2, 3, 0], [9, 4, 0], [8, 1, 10], [8, 10, 0], [1, 10, 6], [2, 7, 0], [3, 5, 0], [9, 7, 0], [4, 6, 0], [1, 5, 0]], "newPredictionRaw": [[2.2416825067932652e-35, 1.5327233297661447e-13, 0.9996922016143799, 2.22525312390322e-30, 1.6870117362110461e-21, 6.011841264808027e-07, 1.2240243139321211e-26, 5.26178591826465e-05, 0.00019951640570070595, 5.505833905772306e-05], [5.687276205534886e-10, 0.9998294115066528, 2.0505658751173238e-19, 0.00017059993115253747, 4.475101135106669e-22, 1.7088008569632684e-20, 1.7311959642545747e-18, 5.12174747058225e-09, 3.814554057663371e-20, 9.75774017142328e-10], [3.561810046903702e-08, 0.9982845187187195, 4.568176732101265e-17, 0.0017154406523332, 1.2041362268729102e-18, 4.229191665068256e-18, 1.9598470456651078e-15, 2.809450450058648e-08, 8.393797067908372e-18, 6.482345327185612e-09]], "matchingNumbers": {"bestMatchIndex": 2, "bestMatchSequence": [8, 3, 7], "matchingNumbers": [8, 7]}}