{"currentPredictionRaw": [[0.03544047474861145, 5.896083849273877e-17, 2.503238449858003e-10, 4.833348873022967e-23, 2.228334324172465e-06, 1.0522444372604303e-19, 0.004152452107518911, 0.9604049324989319, 7.637125185185577e-15, 5.037336947566473e-08], [1.2065584534086404e-13, 1.4573288192603252e-32, 4.970399886897548e-23, 1.0548365413345e-32, 1.767451314736581e-22, 9.404635628976617e-24, 0.02737436629831791, 9.876070627967692e-09, 0.0010342106688767672, 0.9715914726257324], [1.855114117876866e-10, 0.016583411023020744, 0.9821303486824036, 3.682104576796519e-08, 0.0012862771982327104, 1.6742024975570369e-13, 2.138138452592547e-20, 1.8992116839161403e-14, 1.7085069816636134e-20, 2.3087061645165358e-20]], "currentPrediction": [[7, 9, 2], [0, 6, 1], [6, 8, 4], [4, 7, 3], [9, 0, 0], [2, 4, 5], [8, 2, 7], [1, 5, 9], [5, 1, 6], [3, 3, 8]], "realResult": [6, 6, 3], "newPrediction": [[2, 3, 1], [1, 1, 3], [4, 5, 2], [3, 2, 5], [0, 4, 4], [5, 8, 8], [7, 9, 0], [6, 7, 9], [9, 6, 7], [8, 0, 6]], "newPredictionRaw": [[2.1792977145107528e-11, 0.011268681846559048, 0.9881511926651001, 2.1804684724457957e-09, 0.0005801021470688283, 2.0358472886157367e-15, 5.698405032663935e-22, 1.4242845243795667e-15, 7.407210786875703e-23, 2.705386231334211e-22], [0.0, 0.009152524173259735, 7.82681319928813e-13, 0.9908469319343567, 8.568292346095683e-32, 6.115086534919101e-07, 0.0, 0.0, 1.0914194132671273e-33, 3.539908332534173e-38], [8.324352582918691e-32, 0.998391330242157, 0.0007503125234507024, 0.0008583858143538237, 3.2975490268466424e-16, 1.0620900724655699e-13, 0.0, 1.2428284809884373e-34, 1.0420306030208863e-31, 3.721343511223475e-34]], "matchingNumbers": {"bestMatchIndex": 1, "bestMatchSequence": [0, 6, 1], "matchingNumbers": [6]}, "labels": [0, 1, 2, 3, 4, 5, 6, 7, 8, 9]}