{"currentPredictionRaw": [[6.405181718349695e-09, 0.009961603209376335, 3.137563287280356e-27, 9.496643123887813e-32, 0.9888861179351807, 7.811623730469698e-35, 3.217501790959332e-33, 6.5890383799886276e-15, 0.001152307027950883, 1.8581390382385207e-32], [6.039009128196917e-29, 4.7452432073293666e-23, 0.0001705948234302923, 1.0898659928463415e-22, 3.851251282586094e-24, 0.00042180728632956743, 0.9994076490402222, 3.2639175836759104e-16, 8.401110445620606e-29, 7.207490680671835e-12], [5.378906029019319e-35, 0.0, 0.9985020160675049, 1.3437222314581976e-17, 0.0, 7.193661396670498e-18, 0.0004357975849416107, 0.0, 0.0, 0.0010621767723932862]], "currentPrediction": [[4, 6, 2], [1, 5, 9], [5, 4, 9], [4, 9, 6], [3, 5, 4], [6, 4, 6], [8, 1, 0], [1, 5, 8]], "realResult": [7, 6, 7], "newPrediction": [[6, 2, 5], [2, 5, 7], [6, 5, 4], [5, 4, 9], [4, 6, 5], [6, 4, 6], [8, 3, 5], [1, 5, 8]], "newPredictionRaw": [[5.470860998308898e-29, 1.169967697439049e-26, 0.008571460843086243, 1.1911324080374739e-20, 1.0385168157587981e-26, 5.785920166090364e-06, 0.991422712802887, 4.130068596013284e-19, 5.976581162292543e-30, 2.9072340090863236e-09], [3.1553691544189486e-34, 2.690708920020918e-32, 0.0038462632801383734, 7.748463179232174e-24, 7.631098324302318e-32, 6.158567771308299e-07, 0.9961531758308411, 4.261858905779967e-23, 1.5198236515537245e-35, 9.97469468133616e-11], [1.447271826850151e-25, 3.431093489325576e-07, 1.013476591538165e-08, 1.5427813005014587e-27, 2.2615570982771616e-13, 0.9737759828567505, 0.01809275709092617, 0.008130916394293308, 3.011088070571482e-23, 6.230432941204802e-19]], "matchingNumbers": {"bestMatchIndex": 0, "bestMatchSequence": [4, 6, 2], "matchingNumbers": [6]}, "labels": [0, 1, 2, 3, 4, 5, 6, 7, 8, 9], "numberFrequency": {"3": 0.09785890749382377, "2": 0.10101564644523744, "6": 0.10014639948760179, "8": 0.10064964772623296, "9": 0.10010064964772623, "0": 0.10206789276237534, "5": 0.09877390429133498, "4": 0.10133589532436636, "1": 0.10000914996797511, "7": 0.09804190685332602}}