{"currentPredictionRaw": [[1.0099768650521631e-20, 2.8921988133495077e-35, 6.695619019327457e-26, 1.3409983718198992e-32, 3.7785857775543826e-30, 1.2087123018946517e-24, 0.00010787139763124287, 3.7322427354875235e-15, 0.9646412134170532, 0.035250935703516006], [1.108964625018416e-06, 1.9231589163832515e-26, 1.0883557772133782e-17, 3.182780165190386e-30, 8.018347948503604e-14, 9.607541382307772e-23, 0.9847538471221924, 0.005149243399500847, 5.942489278432106e-10, 0.010095843113958836], [0.9572676420211792, 2.984494873459198e-10, 3.278834992670454e-05, 2.8996657554368775e-17, 0.0400792695581913, 2.183735930829526e-18, 4.5607170817696385e-10, 0.002620398998260498, 7.667329934234315e-19, 6.5006411745802215e-15]], "currentPrediction": [[8, 6, 0], [9, 9, 4], [6, 7, 7], [7, 0, 2], [0, 8, 6], [5, 4, 1], [2, 2, 9], [4, 5, 3], [3, 1, 5], [1, 3, 8]], "realResult": [2, 9, 6], "newPrediction": [[1, 7, 7], [3, 0, 0], [2, 6, 6], [5, 4, 4], [4, 9, 9], [0, 2, 2], [8, 8, 8], [7, 1, 1], [9, 5, 5], [6, 3, 3]], "newPredictionRaw": [[1.9823901605713552e-30, 0.9976529479026794, 0.0004296020488254726, 0.0019175303168594837, 6.475848520214088e-16, 4.4058707420260856e-13, 0.0, 4.69241071598338e-33, 3.957746539105582e-31, 1.0804522346449477e-33], [0.03568575903773308, 8.035049167116369e-17, 2.2688372014467717e-10, 3.3533959588191387e-23, 2.248237706226064e-06, 3.0247070788351876e-20, 0.003558721859008074, 0.960753321647644, 1.283885319361259e-15, 1.704293950410829e-08], [0.021663084626197815, 5.578527971343851e-18, 3.5270810577747724e-11, 1.495925454268381e-23, 7.168547995206609e-07, 6.532510253621218e-20, 0.009020550176501274, 0.9693155288696289, 7.640620043125948e-15, 1.203567023821961e-07]], "matchingNumbers": {"bestMatchIndex": 6, "bestMatchSequence": [2, 2, 9], "matchingNumbers": [9, 2]}, "labels": [0, 1, 2, 3, 4, 5, 6, 7, 8, 9]}