{"currentPredictionRaw": [[0.010446595028042793, 2.226482683658805e-14, 1.8530614789099432e-21, 4.435311562467348e-10, 0.000919145590160042, 1.1298605384624238e-09, 0.9886342287063599, 1.6416485097512892e-26, 8.093805956695603e-18, 5.846495303923382e-26], [1.1811114545954948e-35, 1.199609733922545e-14, 0.9995007514953613, 3.5756767857521648e-31, 1.0105935346611699e-20, 1.266674530597811e-06, 1.9344647414543868e-26, 6.56635074847145e-06, 0.000485089112771675, 6.329635652946308e-06], [2.3018163035817402e-33, 1.7752338266063816e-08, 0.00023613873054273427, 3.2547882273373764e-24, 3.09743473421862e-24, 3.1331434668935287e-10, 1.5620186202698408e-28, 0.4819504916667938, 3.0674094375626737e-09, 0.5178133845329285]], "currentPrediction": [[10, 3, 7], [8, 1, 9], [8, 3, 5], [10, 2, 6], [9, 4, 6], [2, 6, 0], [9, 4, 5], [3, 5, 7], [10, 4, 7], [8, 1, 0]], "realResult": [8, 8, 8], "newPrediction": [[4, 6, 0], [1, 9, 0], [2, 5, 0], [7, 0, 0], [3, 5, 0], [8, 1, 0], [10, 2, 0], [8, 6, 0], [9, 10, 0], [3, 4, 0]], "newPredictionRaw": [[0.03595762327313423, 0.0024173830170184374, 1.2301942662427908e-24, 0.9616250395774841, 3.024665504427408e-15, 3.307510889108662e-19, 6.395845658646593e-11, 5.377049852465024e-17, 9.339188194182626e-22, 1.1542063022897447e-17], [3.2528918616806196e-16, 8.900538871301473e-19, 7.689242298436483e-11, 2.6423674783863425e-21, 0.0003008345374837518, 0.9991711378097534, 1.252299042242555e-09, 3.486312182366593e-19, 0.0005280246841721237, 2.7897066823960064e-19], [1.4967197909436595e-17, 2.4004492186191896e-20, 1.367903568194606e-10, 1.373761823397131e-23, 0.00012347496522124857, 0.9991711378097534, 2.504621787746686e-10, 1.2027196412998219e-20, 0.0007053621811792254, 1.1509664885082022e-20]], "matchingNumbers": {"bestMatchIndex": 1, "bestMatchSequence": [8, 1, 9], "matchingNumbers": [8]}}