{"currentPredictionRaw": [[3.518811306135656e-31, 0.0013550599105656147, 0.9920158386230469, 2.1252537507621128e-08, 1.2180050241935873e-23, 8.666444393685502e-26, 5.945426386639818e-29, 0.006627783644944429, 4.334884351421955e-25, 1.290368459194724e-06], [1.3690263977715215e-16, 0.9744550585746765, 0.00606895238161087, 0.019475843757390976, 3.714041574287563e-11, 9.300140907184862e-20, 1.5721237557866459e-18, 1.0741869971298001e-07, 1.0208675379217333e-19, 1.959942624862876e-10], [0.00024759559892117977, 1.1205561158230479e-26, 1.3447631863519953e-32, 1.3221003511607972e-28, 3.319774244940309e-17, 0.0054124197922647, 0.9943398833274841, 7.599916667444779e-30, 1.691687714355794e-07, 5.0288080037411556e-26]], "currentPrediction": [[2, 1, 6], [7, 3, 5], [1, 2, 0], [9, 7, 8], [3, 9, 4], [4, 4, 9], [8, 0, 1], [5, 6, 3], [6, 8, 7], [0, 5, 2]], "realResult": [1, 9, 1], "newPrediction": [[0, 7, 3], [6, 9, 1], [4, 2, 4], [5, 1, 0], [3, 3, 2], [8, 8, 6], [1, 5, 7], [2, 4, 5], [9, 6, 9], [7, 0, 8]], "newPredictionRaw": [[0.9929372668266296, 1.7559831366753542e-10, 6.714724649182908e-18, 3.416518623566844e-08, 0.002911406336352229, 6.963880991861515e-07, 0.004150609485805035, 2.424480915677129e-20, 2.8949723174243047e-10, 1.4025839902571648e-18], [0.0, 5.276857509978194e-13, 0.00024065894831437618, 2.8912847201114596e-18, 4.061203494041421e-34, 2.0626509889155566e-28, 5.155839904738962e-35, 0.9945216178894043, 5.020796936359362e-25, 0.005237717647105455], [2.0667843273258768e-05, 0.06472494453191757, 8.481539737204002e-08, 0.9234232902526855, 0.011831004172563553, 4.0367145390241e-13, 1.1494722951255198e-09, 8.452787623493274e-13, 1.841673921655282e-14, 1.569952935015495e-13]], "matchingNumbers": {"bestMatchIndex": 0, "bestMatchSequence": [2, 1, 6], "matchingNumbers": [1]}, "labels": [0, 1, 2, 3, 4, 5, 6, 7, 8, 9]}