{"currentPredictionRaw": [[2.3525758763298654e-07, 0.0, 7.12126936187394e-17, 0.9970763921737671, 0.0, 0.0, 0.0, 0.0, 0.0, 0.00292333890683949], [1.2460488684049695e-28, 3.898170559475964e-28, 3.4844276353140913e-09, 5.705958407385862e-22, 7.140925020167411e-21, 0.9862238168716431, 0.01377615612000227, 2.4910978169145892e-08, 1.8139271032854073e-25, 3.834512253711592e-22], [1.6469747845682887e-27, 0.027527566999197006, 1.6760502978138898e-16, 2.738927698291648e-32, 9.521811534796143e-07, 0.0005141316214576364, 8.147513913536741e-11, 0.9719574451446533, 1.427930293150892e-17, 4.470782000888888e-34]], "currentPrediction": [[3, 5, 7], [9, 6, 1], [6, 5, 3], [4, 0, 2], [6, 9, 3], [5, 4, 6], [0, 8, 3], [2, 6, 9]], "realResult": [5, 1, 3], "newPrediction": [[0, 8, 4], [8, 3, 1], [4, 0, 2], [1, 8, 0], [0, 4, 2], [5, 4, 6], [1, 4, 5], [1, 4, 9]], "newPredictionRaw": [[0.9999920129776001, 7.704643533668957e-24, 1.338012720677627e-18, 2.151166885681205e-14, 1.1719850246846557e-22, 6.017880473000774e-29, 2.063296790774138e-35, 5.569881400702046e-20, 7.959468348417431e-06, 8.565910709311389e-19], [0.9990904331207275, 1.3740952282163485e-17, 7.296791751550125e-14, 7.629791937135977e-11, 1.1620286184704136e-15, 1.30021172990669e-19, 1.132993339995593e-25, 3.653526184929992e-14, 0.0009096087887883186, 5.3024519996135167e-14], [4.2036202296813485e-10, 0.007819942198693752, 0.0, 0.0, 0.9882100820541382, 0.0, 0.0, 1.893541226594131e-11, 0.003969989717006683, 0.0]], "matchingNumbers": {"bestMatchIndex": 0, "bestMatchSequence": [3, 5, 7], "matchingNumbers": [3, 5]}, "labels": [0, 1, 2, 3, 4, 5, 6, 7, 8, 9], "numberFrequency": {"3": 0.09785890749382377, "2": 0.10101564644523744, "6": 0.10014639948760179, "8": 0.10064964772623296, "9": 0.10010064964772623, "0": 0.10206789276237534, "5": 0.09877390429133498, "4": 0.10133589532436636, "1": 0.10000914996797511, "7": 0.09804190685332602}}