{"currentPredictionRaw": [], "currentPrediction": [], "realResult": [], "newPrediction": [[2, 1, 6], [1, 2, 9], [4, 3, 7], [3, 5, 0], [0, 4, 8], [5, 0, 4], [7, 8, 2], [6, 7, 5], [9, 9, 1], [8, 6, 3]], "newPredictionRaw": [[1.6169777322661005e-11, 0.007960328832268715, 0.9912497997283936, 2.2383137565640254e-09, 0.000789844139944762, 5.383211593639825e-15, 5.352171583225281e-22, 9.772677569055564e-16, 1.1891801729345564e-22, 3.5768801270505065e-22], [2.700106950335968e-30, 0.998846173286438, 0.0008136068936437368, 0.0003401732537895441, 6.806525947657431e-16, 3.090432911748847e-14, 0.0, 8.96001320194294e-33, 9.583295865453029e-32, 8.871208828171139e-34], [2.811730837493087e-06, 6.440223195989614e-23, 6.168765195516514e-16, 6.033656867770143e-26, 1.448524243261029e-12, 7.299605888195072e-20, 0.9836549162864685, 0.005139708984643221, 1.984646003094781e-09, 0.011202596127986908]], "matchingNumbers": [], "labels": [0, 1, 2, 3, 4, 5, 6, 7, 8, 9]}