{"currentPredictionRaw": [[0.9998480081558228, 6.008702424509238e-09, 2.782836265659382e-26, 0.0001379547902615741, 4.102019002250046e-10, 6.965381682959054e-16, 1.4115675185166765e-05, 1.4737209524956274e-24, 4.031210744569489e-22, 1.2437984683761666e-24], [7.8766030231085595e-31, 5.13542488533858e-08, 0.0009164122748188674, 1.3365374967636688e-22, 2.201149622378306e-22, 2.7032058813603044e-09, 4.613923866972466e-26, 0.474444717168808, 2.5124631264361597e-08, 0.524638831615448], [6.329140990076843e-25, 2.703123009682848e-16, 0.0008495165966451168, 1.4785951591693848e-27, 1.256327669934415e-13, 0.006701065227389336, 3.997803191547879e-18, 4.473525282849833e-12, 0.9924494028091431, 2.318277080720632e-12]], "currentPrediction": [[0, 9, 8], [3, 7, 5], [6, 2, 2], [1, 1, 7], [4, 8, 9], [5, 5, 4], [8, 4, 1], [7, 3, 6], [9, 6, 0], [2, 0, 3]], "realResult": [7, 0, 4], "newPrediction": [[8, 1, 1], [5, 3, 3], [2, 0, 7], [4, 7, 0], [7, 9, 9], [9, 6, 6], [1, 2, 2], [6, 8, 8], [0, 5, 5], [3, 4, 4]], "newPredictionRaw": [[1.932703498549916e-24, 2.1804697668218298e-17, 0.0002019079402089119, 3.7576896182137134e-28, 4.047746567179683e-13, 0.007757728919386864, 1.648481129003661e-17, 2.079586333594407e-14, 0.9920403361320496, 1.0360076918526293e-14], [2.1616199941121295e-09, 0.9994698166847229, 7.650362779660233e-20, 0.0005301976343616843, 9.920748065544081e-22, 6.2970715483926116e-21, 4.640786398116986e-18, 1.8045720473480742e-09, 1.4094800593147e-20, 3.221699573785486e-10], [1.2556487405390726e-08, 0.9989506006240845, 3.5182482919885277e-17, 0.0010494092712178826, 4.977444047739969e-19, 2.1772409086597597e-18, 8.91721029122898e-16, 2.576748237004267e-08, 4.410311131992867e-18, 5.867085484112522e-09]], "matchingNumbers": {"bestMatchIndex": 0, "bestMatchSequence": [0, 9, 8], "matchingNumbers": [0]}, "labels": [0, 1, 2, 3, 4, 5, 6, 7, 8, 9]}