{"currentPredictionRaw": [[2.2489459770745486e-35, 1.519137463393272e-13, 0.9996923208236694, 2.209857345252082e-30, 1.6991214705473342e-21, 6.042455993338081e-07, 1.2310295374374397e-26, 5.200608939048834e-05, 0.0002008217852562666, 5.4326206736732274e-05], [5.662341151513317e-10, 0.999829888343811, 2.0526798385702796e-19, 0.00017013403703458607, 4.459390559971522e-22, 1.708384358600151e-20, 1.7259675623977802e-18, 5.1318802540833985e-09, 3.814876205737869e-20, 9.770183551083278e-10], [3.554360006319257e-08, 0.998286783695221, 4.5728946394430224e-17, 0.0017131558852270246, 1.2030048505900908e-18, 4.230766616954557e-18, 1.9581923668026465e-15, 2.813135147050616e-08, 8.396538344458373e-18, 6.487059778237381e-09]], "currentPrediction": [[2, 1, 1], [8, 3, 3], [9, 7, 0], [7, 9, 7], [5, 0, 9], [1, 6, 6], [4, 2, 2], [6, 8, 8], [3, 5, 5], [0, 4, 4]], "realResult": [2, 1, 6], "newPrediction": [[8, 5, 9], [5, 8, 7], [2, 4, 2], [4, 2, 1], [7, 6, 8], [9, 0, 5], [1, 9, 4], [6, 7, 3], [0, 1, 6], [3, 3, 0]], "newPredictionRaw": [[1.5331436196516544e-26, 1.177414053786808e-18, 0.0006037896382622421, 5.203570810977115e-30, 2.4956179158798497e-13, 0.005496665835380554, 1.174677430127753e-18, 1.6516361507081488e-14, 0.9938995838165283, 8.743476422208834e-15], [5.01609768077669e-19, 2.3245891631885477e-21, 1.868369348123622e-10, 2.147979251545945e-25, 3.419149652472697e-05, 0.9992855191230774, 2.929650619321045e-11, 6.002857783232991e-21, 0.0006803047144785523, 6.258579377134053e-21], [8.187589927771143e-31, 5.203745345738753e-08, 0.0007716597756370902, 2.0379919825974683e-22, 3.7433108453904147e-22, 2.480856631237316e-09, 4.3713922794477593e-26, 0.4809606969356537, 2.2402852906111548e-08, 0.5182675719261169]], "matchingNumbers": {"bestMatchIndex": 0, "bestMatchSequence": [2, 1, 1], "matchingNumbers": [1, 2]}, "labels": [0, 1, 2, 3, 4, 5, 6, 7, 8, 9]}