{"currentPredictionRaw": [[0.0, 2.0109189790673554e-05, 1.9908982676598256e-16, 0.011136929504573345, 1.9404293145563235e-31, 0.9888429641723633, 2.0736315126835737e-36, 2.745406687308101e-37, 4.384681196064031e-25, 2.1090449560871438e-28], [3.7866246596629516e-12, 0.008169950917363167, 0.9909027218818665, 2.040354774024422e-09, 0.0009273001924157143, 1.044938383732005e-15, 1.1072837221449548e-24, 2.315272247963269e-17, 2.124321756732626e-24, 1.891617847668969e-24], [0.0, 0.009772554971277714, 3.4065406745442672e-12, 0.9901641011238098, 4.9032810177544725e-29, 6.33949093753472e-05, 0.0, 0.0, 9.516659625070733e-29, 1.7961850492888136e-32]], "currentPrediction": [[5, 2, 3], [3, 1, 1], [1, 4, 5], [2, 3, 2], [8, 0, 8], [9, 5, 4], [4, 7, 9], [6, 8, 7], [7, 9, 6], [0, 6, 0]], "realResult": [1, 7, 7], "newPrediction": [[8, 6, 0], [9, 9, 4], [6, 7, 7], [7, 0, 2], [0, 8, 6], [5, 4, 1], [2, 2, 9], [4, 5, 3], [3, 1, 5], [1, 3, 8]], "newPredictionRaw": [[1.0099768650521631e-20, 2.8921988133495077e-35, 6.695619019327457e-26, 1.3409983718198992e-32, 3.7785857775543826e-30, 1.2087123018946517e-24, 0.00010787139763124287, 3.7322427354875235e-15, 0.9646412134170532, 0.035250935703516006], [1.108962578655337e-06, 1.9231589163832515e-26, 1.0883517240283767e-17, 3.182780165190386e-30, 8.018317455317503e-14, 9.60750477916177e-23, 0.9847538471221924, 0.00514923594892025, 5.942466518860101e-10, 0.010095824487507343], [0.9572676420211792, 2.984471836331437e-10, 3.278828808106482e-05, 2.899654505780547e-17, 0.04007922485470772, 2.1837274522282474e-18, 4.5607345677822764e-10, 0.0026204066816717386, 7.667359402543637e-19, 6.5006661620521655e-15]], "matchingNumbers": {"bestMatchIndex": 1, "bestMatchSequence": [3, 1, 1], "matchingNumbers": [1]}, "labels": [0, 1, 2, 3, 4, 5, 6, 7, 8, 9]}