{"currentPredictionRaw": [[4.81146043506143e-19, 2.680620533628573e-32, 9.477416724953213e-24, 7.678038705446755e-30, 1.2179064819079784e-27, 1.4504196027430363e-22, 0.00021950209338683635, 5.806135059500603e-14, 0.954246461391449, 0.04553401470184326], [1.0458706602116945e-33, 0.00014674966223537922, 1.961076022708938e-13, 0.02389540709555149, 3.669617982007412e-25, 0.9759578108787537, 1.5267546022468674e-28, 8.253395831857859e-29, 1.1260598379261604e-19, 1.9171925131123989e-22], [0.10610077530145645, 2.8079470172637233e-12, 1.273370600074486e-07, 3.678281932482427e-17, 0.0001405234943376854, 5.379772639873973e-15, 0.009256361983716488, 0.8845008611679077, 7.288776353309157e-12, 1.3749270237894962e-06]], "currentPrediction": [[8, 5, 7], [9, 3, 0], [6, 1, 6], [7, 2, 4], [0, 8, 9], [5, 9, 2], [2, 4, 8], [4, 6, 1], [3, 7, 5], [1, 0, 3]], "realResult": [0, 7, 3], "newPrediction": [[2, 1, 6], [1, 2, 9], [4, 3, 7], [3, 5, 0], [0, 4, 8], [5, 0, 4], [7, 8, 2], [6, 7, 5], [9, 9, 1], [8, 6, 3]], "newPredictionRaw": [[1.7019613149371615e-11, 0.007871514186263084, 0.991316556930542, 2.2014621237076426e-09, 0.0008120097336359322, 5.347448168540854e-15, 5.566686213637668e-22, 1.0230925569893693e-15, 1.2115695600376667e-22, 3.661531086850218e-22], [2.8199874377356513e-30, 0.9988378882408142, 0.0008232745458371937, 0.0003388974000699818, 7.037171960403593e-16, 3.08382402188119e-14, 0.0, 9.273815826998765e-33, 9.715728822258194e-32, 9.02776263518159e-34], [2.849918246283778e-06, 6.47852333957118e-23, 6.222709547553588e-16, 6.000245526946122e-26, 1.4743796461491598e-12, 7.229890072193337e-20, 0.9837350845336914, 0.005197314079850912, 1.9360728575890107e-09, 0.011064866557717323]], "matchingNumbers": {"bestMatchIndex": 1, "bestMatchSequence": [9, 3, 0], "matchingNumbers": [0, 3]}, "labels": [0, 1, 2, 3, 4, 5, 6, 7, 8, 9]}