{"currentPredictionRaw": [[0.00011722443014150485, 4.810126268988531e-30, 1.554992521159556e-36, 3.665830560917152e-32, 3.6189056156436634e-19, 0.004959714598953724, 0.9949230551719666, 3.914584267334349e-33, 7.760983322668835e-08, 1.102179855258677e-28], [0.0001759216102072969, 7.163583884928025e-31, 7.662044966607593e-38, 9.460340331851368e-33, 3.1533567346714554e-19, 0.0024931938387453556, 0.997330904006958, 1.3508459655413175e-34, 1.967423202131613e-08, 5.837990942567884e-30], [2.1377896700869314e-05, 0.05202637240290642, 2.683738564712712e-08, 0.9381451606750488, 0.009807141497731209, 5.721816792071677e-13, 2.139384225330332e-09, 2.0204810860426775e-13, 1.3184404943126192e-14, 5.163128971130519e-14]], "currentPrediction": [[6, 6, 3], [5, 5, 1], [0, 0, 4], [8, 8, 0], [4, 4, 2], [9, 9, 6], [1, 1, 5], [3, 3, 7], [7, 7, 9], [2, 2, 8]], "realResult": [4, 6, 2], "newPrediction": [[9, 1, 3], [7, 3, 1], [2, 2, 4], [8, 7, 0], [1, 9, 2], [5, 4, 6], [3, 0, 5], [6, 6, 7], [4, 8, 9], [0, 5, 8]], "newPredictionRaw": [[0.0, 9.819702799964245e-27, 1.2396757316985213e-18, 3.2543641976526366e-29, 0.0, 2.634562193321914e-27, 3.505727299872976e-38, 1.3588747549420077e-07, 5.70567111156481e-19, 0.9999998807907104], [7.193124913794976e-15, 0.958321750164032, 0.006142149213701487, 0.035535767674446106, 6.277215414129955e-10, 4.651883439624691e-18, 6.685721711673328e-17, 3.059519997350435e-07, 5.0233847283829755e-18, 9.788768684515503e-10], [1.2173031791462563e-05, 0.036173123866319656, 3.743633403274771e-09, 0.9540032744407654, 0.009811446070671082, 1.4511790274768406e-14, 2.0594834171383525e-10, 5.846721151388061e-15, 3.301087242286001e-16, 1.2647123050836843e-15]], "matchingNumbers": {"bestMatchIndex": 4, "bestMatchSequence": [4, 4, 2], "matchingNumbers": [2, 4]}, "labels": [0, 1, 2, 3, 4, 5, 6, 7, 8, 9]}