{"currentPredictionRaw": [[1.8922926397446347e-35, 6.762688011582169e-14, 0.9996806383132935, 1.2484490096975971e-30, 3.1778174832045428e-21, 7.746392043372907e-07, 1.455850812453946e-26, 2.5930345145752653e-05, 0.00026643151068128645, 2.6239080398227088e-05], [5.981791506570744e-09, 0.9996508359909058, 1.3137548509852183e-16, 0.0003491577226668596, 3.8388340704637896e-19, 6.0674169423713735e-18, 8.72456588226579e-16, 5.299960648130764e-08, 1.5572439346196745e-17, 1.274618188773502e-08], [0.01902347430586815, 7.651265688732312e-13, 1.1138007627541831e-19, 9.867670236474169e-09, 0.0022579971700906754, 2.0371876630065344e-08, 0.9787185192108154, 7.187768457932762e-24, 8.375607366238331e-16, 2.1199972606932496e-23]], "currentPrediction": [[2, 1, 6], [8, 3, 0], [9, 7, 4], [7, 9, 5], [5, 0, 3], [1, 6, 1], [4, 2, 8], [6, 8, 2], [3, 5, 9], [0, 4, 7]], "realResult": [1, 9, 1], "newPrediction": [[0, 7, 3], [3, 9, 1], [6, 2, 0], [1, 1, 6], [4, 8, 7], [5, 5, 9], [8, 3, 4], [7, 4, 5], [9, 6, 8], [2, 0, 2]], "newPredictionRaw": [[0.9998714923858643, 1.9024330999428685e-09, 4.232176886011265e-29, 0.0001255189417861402, 2.517894920339714e-11, 9.851991583566864e-18, 2.9597731554531492e-06, 8.024346283574597e-27, 1.345591206041236e-24, 6.4462188722862856e-27], [3.1714538765117383e-28, 1.1687714049912756e-06, 0.00015425078163389117, 6.848088704598148e-20, 2.5048763684790695e-21, 1.9138897133785804e-09, 1.5174632896901325e-24, 0.5026469826698303, 7.882807295800376e-09, 0.49719762802124023], [0.004071775823831558, 0.02870848774909973, 4.704982018646293e-22, 0.9672197699546814, 1.831893401619926e-15, 1.575145239769149e-18, 9.952634202892163e-12, 5.735108975181077e-14, 3.385179465088726e-20, 1.179191750619096e-14]], "matchingNumbers": {"bestMatchIndex": 0, "bestMatchSequence": [2, 1, 6], "matchingNumbers": [1]}, "labels": [0, 1, 2, 3, 4, 5, 6, 7, 8, 9]}