{"currentPredictionRaw": [[1.0099768650521631e-20, 2.8921988133495077e-35, 6.695619019327457e-26, 1.3409983718198992e-32, 3.7785857775543826e-30, 1.2087123018946517e-24, 0.00010787139763124287, 3.7322427354875235e-15, 0.9646412134170532, 0.035250935703516006], [1.108962578655337e-06, 1.9231589163832515e-26, 1.0883517240283767e-17, 3.182780165190386e-30, 8.018317455317503e-14, 9.60750477916177e-23, 0.9847538471221924, 0.00514923594892025, 5.942466518860101e-10, 0.010095824487507343], [0.9572676420211792, 2.984471836331437e-10, 3.278828808106482e-05, 2.899654505780547e-17, 0.04007922485470772, 2.1837274522282474e-18, 4.5607345677822764e-10, 0.0026204066816717386, 7.667359402543637e-19, 6.5006661620521655e-15]], "currentPrediction": [[8, 6, 0], [9, 9, 4], [6, 7, 7], [7, 0, 2], [0, 8, 6], [5, 4, 1], [2, 2, 9], [4, 5, 3], [3, 1, 5], [1, 3, 8]], "realResult": [2, 9, 6], "newPrediction": [[1, 7, 7], [3, 0, 0], [2, 6, 6], [5, 4, 4], [4, 9, 9], [0, 2, 2], [8, 8, 8], [7, 1, 1], [9, 5, 5], [6, 3, 3]], "newPredictionRaw": [[1.9823901605713552e-30, 0.9976529479026794, 0.0004296020488254726, 0.0019175303168594837, 6.475848520214088e-16, 4.4058707420260856e-13, 0.0, 4.692447082839858e-33, 3.957776631760963e-31, 1.0804522346449477e-33], [0.0356857106089592, 8.035049167116369e-17, 2.2688284584404528e-10, 3.3533703997258095e-23, 2.248229066026397e-06, 3.0247070788351876e-20, 0.0035587321035563946, 0.960753321647644, 1.2838901898007057e-15, 1.70429714785314e-08], [0.02166307345032692, 5.578485785132611e-18, 3.5270810577747724e-11, 1.4959139368991648e-23, 7.168547995206609e-07, 6.532510253621218e-20, 0.009020575322210789, 0.9693155288696289, 7.640648842246155e-15, 1.2035728502723941e-07]], "matchingNumbers": {"bestMatchIndex": 6, "bestMatchSequence": [2, 2, 9], "matchingNumbers": [9, 2]}, "labels": [0, 1, 2, 3, 4, 5, 6, 7, 8, 9]}