{"currentPredictionRaw": [[0.0, 0.0, 0.9983760118484497, 9.912888516865442e-20, 0.0, 6.071956848846363e-21, 0.0010946422116830945, 0.0, 0.0, 0.0005293854046612978], [6.911181425908365e-36, 0.0, 5.178353745804998e-08, 3.7715300717569566e-14, 0.0, 1.5727547616799357e-35, 3.5129510690471343e-26, 0.0, 0.0, 1.0], [0.0, 0.0, 1.061742841557134e-05, 8.546309999024558e-25, 0.0, 1.0913513648347362e-07, 0.9999892711639404, 8.700661238458729e-31, 0.0, 1.8245428827908776e-17]], "currentPrediction": [[2, 9, 6], [6, 2, 9], [0, 2, 8], [7, 0, 2], [8, 2, 0], [5, 4, 6], [8, 9, 4], [1, 5, 9]], "realResult": [1, 2, 8], "newPrediction": [[1, 3, 9], [4, 9, 3], [0, 1, 7], [7, 6, 0], [7, 1, 0], [5, 4, 6], [2, 3, 6], [2, 4, 9]], "newPredictionRaw": [[1.3094512304424732e-34, 0.9999951124191284, 0.0, 0.0, 2.482289573890739e-06, 1.8206143774236194e-29, 0.0, 2.345864913877449e-06, 2.8435117116270264e-21, 0.0], [7.110418209776981e-08, 0.0, 3.8984632105072865e-15, 0.9908545017242432, 0.0, 0.0, 0.0, 0.0, 1.1749646600027727e-37, 0.009145362302660942], [5.8518715560205856e-30, 0.0, 2.6081349346895877e-07, 9.985984478558252e-13, 0.0, 4.327833347127755e-33, 9.705425136693768e-24, 0.0, 0.0, 0.9999997615814209]], "matchingNumbers": {"bestMatchIndex": 2, "bestMatchSequence": [0, 2, 8], "matchingNumbers": [8, 2]}, "labels": [0, 1, 2, 3, 4, 5, 6, 7, 8, 9], "numberFrequency": {"3": 0.09785890749382377, "2": 0.10101564644523744, "6": 0.10014639948760179, "8": 0.10064964772623296, "9": 0.10010064964772623, "0": 0.10206789276237534, "5": 0.09877390429133498, "4": 0.10133589532436636, "1": 0.10000914996797511, "7": 0.09804190685332602}}