{"currentPredictionRaw": [[1.89100740749233e-16, 0.004645117092877626, 0.0, 0.0, 0.995332658290863, 0.0, 0.0, 3.2322491393604403e-15, 2.2224083295441233e-05, 0.0], [2.9401842766674235e-05, 0.0, 2.4679241397880525e-13, 0.9908400177955627, 0.0, 1.3355141617008553e-31, 2.687002728677794e-35, 0.0, 3.362649608775809e-30, 0.009130560792982578], [0.0037230420857667923, 2.7697350191147052e-08, 1.0687487929120257e-27, 5.6779390171836514e-30, 7.528669357270701e-06, 2.791477300233973e-36, 0.0, 4.8128228832822195e-12, 0.9962693452835083, 1.483816101453878e-35]], "currentPrediction": [[4, 3, 8], [1, 9, 0], [1, 6, 7], [4, 7, 0], [1, 6, 9], [5, 4, 6], [4, 5, 7], [2, 4, 8]], "realResult": [5, 4, 4], "newPrediction": [[2, 7, 0], [9, 1, 8], [4, 3, 2], [3, 1, 4], [8, 4, 3], [5, 4, 6], [0, 9, 6], [2, 6, 9]], "newPredictionRaw": [[0.0, 0.0, 0.9999591112136841, 1.008726723727957e-19, 0.0, 2.625780724652119e-31, 5.805541150039062e-06, 0.0, 0.0, 3.508640293148346e-05], [3.2977365537742487e-32, 0.010675687342882156, 1.0099478232578442e-16, 9.244872194386769e-35, 2.39376268806879e-10, 3.9179911254905164e-05, 4.072239878638584e-09, 0.9892851710319519, 3.998629905659647e-23, 5.627895017977673e-34], [0.9999997615814209, 8.278432557134133e-25, 1.8000615646489304e-13, 2.1258430571435838e-09, 5.513260514168267e-24, 9.134615281147039e-21, 2.003123681748605e-26, 1.064297725405641e-18, 2.767468458841904e-07, 2.672464463268631e-12]], "matchingNumbers": {"bestMatchIndex": 5, "bestMatchSequence": [5, 4, 6], "matchingNumbers": [4, 5]}, "labels": [0, 1, 2, 3, 4, 5, 6, 7, 8, 9], "numberFrequency": {"3": 0.09785890749382377, "2": 0.10101564644523744, "6": 0.10014639948760179, "8": 0.10064964772623296, "9": 0.10010064964772623, "0": 0.10206789276237534, "5": 0.09877390429133498, "4": 0.10133589532436636, "1": 0.10000914996797511, "7": 0.09804190685332602}}