{"currentPredictionRaw": [[0.000145658414112404, 8.540779639076845e-09, 0.0, 0.0, 3.723169584191055e-06, 0.0, 0.0, 1.6539478994975749e-16, 0.9998506307601929, 0.0], [0.0, 0.9999977350234985, 0.0, 0.0, 2.0327843230916187e-06, 1.9698790997304653e-38, 0.0, 1.7916728722866537e-07, 5.562228583392211e-27, 0.0], [3.56886156105277e-24, 0.009249362163245678, 1.3957919889340253e-11, 2.9758501666948475e-24, 2.271733201553161e-08, 0.0056790257804095745, 3.0896910629962804e-07, 0.9850713014602661, 6.770027959704733e-17, 1.6461883105836036e-23]], "currentPrediction": [[8, 1, 7], [0, 4, 1], [7, 6, 8], [6, 5, 0], [6, 8, 7], [5, 4, 6], [8, 9, 1], [2, 5, 9]], "realResult": [5, 6, 6], "newPrediction": [[8, 7, 9], [0, 1, 2], [4, 5, 6], [7, 6, 2], [2, 4, 5], [5, 4, 6], [0, 1, 4], [1, 4, 9]], "newPredictionRaw": [[0.0015319394879043102, 2.7964670579194717e-09, 5.8866879483762616e-36, 2.477837601751572e-37, 1.1849328984681051e-06, 0.0, 0.0, 2.067050923601401e-15, 0.9984667897224426, 0.0], [2.5439741043094675e-29, 0.020911524072289467, 9.216932264340203e-15, 8.70998243846301e-31, 7.025015946737767e-08, 0.0026485957205295563, 3.0786175386765535e-08, 0.9764397740364075, 3.6479316418320906e-19, 4.593882469270585e-32], [2.623399214474754e-28, 0.0, 1.9399982065237964e-08, 5.614100850870329e-10, 0.0, 4.406594269615481e-35, 2.029271734084409e-28, 0.0, 0.0, 1.0]], "matchingNumbers": {"bestMatchIndex": 3, "bestMatchSequence": [6, 5, 0], "matchingNumbers": [5, 6]}, "labels": [0, 1, 2, 3, 4, 5, 6, 7, 8, 9], "numberFrequency": {"3": 0.09785890749382377, "2": 0.10101564644523744, "6": 0.10014639948760179, "8": 0.10064964772623296, "9": 0.10010064964772623, "0": 0.10206789276237534, "5": 0.09877390429133498, "4": 0.10133589532436636, "1": 0.10000914996797511, "7": 0.09804190685332602}}