{"currentPredictionRaw": [[7.009534197641068e-19, 4.746748162755331e-32, 1.7228425558326535e-23, 1.1588178287581323e-29, 2.5535934021579526e-27, 2.180521603904373e-22, 0.00023250628146342933, 7.144177420871992e-14, 0.9533079862594604, 0.04645943269133568], [3.377863877557485e-26, 0.9900007247924805, 0.0024341451935470104, 0.007565156556665897, 2.3876400531176734e-13, 2.104558527449285e-09, 6.723308118200421e-31, 1.945463881441178e-27, 7.740426264329782e-24, 1.0218151666885116e-25], [1.1129252844535126e-32, 0.9991518259048462, 0.000462640164187178, 0.00038554362254217267, 3.202653411136681e-17, 2.8166869403827184e-14, 0.0, 7.246302209248485e-35, 3.500868148941682e-32, 2.274825621672166e-34]], "currentPrediction": [[8, 1, 1], [9, 3, 2], [6, 2, 3], [7, 5, 5], [0, 4, 4], [5, 8, 8], [2, 9, 0], [4, 0, 9], [3, 7, 7], [1, 6, 6]], "realResult": [7, 1, 0], "newPrediction": [[7, 0, 4], [0, 4, 2], [6, 7, 0], [4, 2, 1], [9, 6, 7], [2, 1, 3], [8, 9, 6], [1, 3, 5], [5, 8, 9], [3, 5, 8]], "newPredictionRaw": [[0.030788972973823547, 2.2592517718503603e-17, 1.2599186971495868e-10, 2.244589636519494e-23, 1.4049232959223446e-06, 6.416485894248438e-20, 0.004184256307780743, 0.9650254249572754, 6.647108841270014e-15, 5.23337142510627e-08], [0.9751834273338318, 2.9187052080770215e-11, 7.227823971334146e-06, 1.3429907970015476e-18, 0.014379121363162994, 4.2930451486712513e-19, 4.63748772716599e-09, 0.010430261492729187, 5.608700211367336e-19, 2.6219815096764458e-14], [0.004257824271917343, 1.811877609725343e-06, 0.015326157212257385, 8.674322788922509e-14, 0.9804139733314514, 8.056358663184715e-17, 1.526385219391066e-14, 1.8719055105975713e-07, 2.417219820862562e-20, 5.5203428462859525e-18]], "matchingNumbers": {"bestMatchIndex": 0, "bestMatchSequence": [8, 1, 1], "matchingNumbers": [1]}, "labels": [0, 1, 2, 3, 4, 5, 6, 7, 8, 9]}