{"currentPredictionRaw": [[0.0, 9.819702799964245e-27, 1.2396757316985213e-18, 3.2543641976526366e-29, 0.0, 2.634562193321914e-27, 3.505727299872976e-38, 1.3588747549420077e-07, 5.70567111156481e-19, 0.9999998807907104], [7.193124913794976e-15, 0.958321750164032, 0.006142149213701487, 0.035535767674446106, 6.277215414129955e-10, 4.651883439624691e-18, 6.685721711673328e-17, 3.059519997350435e-07, 5.0233847283829755e-18, 9.788768684515503e-10], [1.2173031791462563e-05, 0.036173123866319656, 3.743633403274771e-09, 0.9540032744407654, 0.009811446070671082, 1.4511790274768406e-14, 2.0594834171383525e-10, 5.846721151388061e-15, 3.301087242286001e-16, 1.2647123050836843e-15]], "currentPrediction": [[9, 1, 3], [7, 3, 1], [2, 2, 4], [8, 7, 0], [1, 9, 2], [5, 4, 6], [3, 0, 5], [6, 6, 7], [4, 8, 9], [0, 5, 8]], "realResult": [6, 6, 5], "newPrediction": [[4, 6, 2], [0, 5, 7], [3, 0, 1], [1, 8, 9], [6, 4, 3], [5, 1, 4], [2, 9, 8], [8, 3, 5], [9, 7, 6], [7, 2, 0]], "newPredictionRaw": [[0.05679355934262276, 3.416892286622897e-05, 8.777969128480334e-13, 0.02677011489868164, 0.9163983464241028, 1.8065327012095622e-10, 3.8125660921650706e-06, 2.7109345725155536e-17, 5.78903841096795e-13, 8.666258119410274e-17], [0.0005469375173561275, 6.590439208758208e-26, 3.2754256709956416e-32, 2.050644693493998e-27, 2.9273058963436634e-16, 0.0036083029117435217, 0.9958446621894836, 7.54021058221962e-30, 8.92742804126101e-08, 5.162663832661562e-26], [6.828781821616675e-26, 0.003851235844194889, 0.9883965849876404, 4.5518447677750373e-07, 1.4870764831733645e-19, 2.7608518619956417e-22, 1.3367052795896003e-24, 0.007747651543468237, 1.2034755947146094e-21, 3.978738732257625e-06]], "matchingNumbers": {"bestMatchIndex": 5, "bestMatchSequence": [5, 4, 6], "matchingNumbers": [5, 6]}, "labels": [0, 1, 2, 3, 4, 5, 6, 7, 8, 9]}