{"currentPredictionRaw": [[7.17284498463755e-09, 0.9987234473228455, 2.9757018103449463e-18, 0.0012764715356752276, 6.786336440696796e-20, 2.570278154858592e-19, 1.1638321369035752e-16, 1.0487291923766406e-08, 4.171336378279613e-19, 2.180162939069419e-09], [1.0871750521411935e-32, 1.1721775194928341e-07, 3.318027302157134e-05, 4.211809783420401e-23, 1.2194658565393982e-24, 8.283133900999218e-11, 1.2008962834531614e-28, 0.5134986042976379, 4.651101448427397e-10, 0.48646804690361023], [6.895633646308852e-07, 0.9915642738342285, 1.2996919864784287e-16, 0.008434961549937725, 4.1071568821176956e-17, 7.545520371885037e-17, 3.078911569600294e-14, 3.3002272914472996e-08, 9.096185573656955e-17, 7.516520739159205e-09]], "currentPrediction": [[8, 2, 0], [10, 4, 0], [8, 1, 3], [8, 1, 2], [9, 10, 0], [6, 7, 0], [3, 4, 0], [9, 5, 0], [6, 7, 0], [1, 5, 0]], "realResult": [2, 3, 1], "newPrediction": [[10, 3, 0], [8, 9, 0], [10, 3, 0], [8, 2, 0], [9, 6, 0], [2, 6, 0], [4, 5, 0], [4, 5, 7], [4, 7, 0], [1, 0, 0]], "newPredictionRaw": [[2.653517497877112e-35, 8.0072517505414e-09, 0.00013687375758308917, 1.3522751012316573e-25, 7.05480033172381e-26, 7.397767814998346e-11, 3.31838933124136e-30, 0.48902663588523865, 8.119703243103515e-10, 0.5108364820480347], [0.0, 7.03755553832508e-10, 8.940161933423951e-05, 1.919691014703015e-28, 2.640071027038342e-28, 1.0490518176364816e-11, 2.8433637959406833e-33, 0.4867728650569916, 1.73742104037089e-10, 0.5131377577781677], [2.8216514488558916e-37, 4.128753257657365e-15, 0.9995185136795044, 6.697094006429909e-33, 3.053727264676126e-22, 7.104259225343412e-07, 2.802879514887117e-28, 8.279982466774527e-06, 0.0004640941333491355, 8.427112334175035e-06]], "matchingNumbers": {"bestMatchIndex": 2, "bestMatchSequence": [8, 1, 3], "matchingNumbers": [1, 3]}}