{"currentPredictionRaw": [[1.8668659012340688e-13, 0.01166248694062233, 0.0, 0.0, 0.9883289337158203, 0.0, 0.0, 1.0280985047669833e-13, 8.627137503935955e-06, 0.0], [1.7388445077363521e-29, 0.9998871088027954, 7.457620631249491e-31, 0.0, 2.703772406675853e-05, 4.825381044665388e-20, 6.939791272078081e-32, 8.5797808424104e-05, 8.263796044520437e-20, 0.0], [1.2654790284571951e-24, 0.0, 5.264985884423368e-05, 6.51375453575298e-10, 0.0, 9.567110998737747e-24, 1.1900697500683856e-15, 0.0, 0.0, 0.9999473094940186]], "currentPrediction": [[4, 1, 9], [1, 4, 2], [7, 6, 0], [6, 0, 8], [9, 6, 7], [6, 4, 6], [0, 1, 5], [1, 5, 8]], "realResult": [5, 2, 3], "newPrediction": [[8, 7, 4], [4, 1, 0], [4, 1, 2], [6, 2, 3], [4, 2, 1], [6, 4, 6], [0, 9, 1], [1, 5, 9]], "newPredictionRaw": [[0.0010040425695478916, 8.680372411618009e-05, 0.0, 2.981063778728807e-38, 0.017301106825470924, 0.0, 0.0, 1.696004986810184e-19, 0.981607973575592, 0.0], [5.513083933719883e-33, 0.03009793534874916, 3.9207143425151834e-17, 1.231475551848801e-37, 1.4984632423775679e-09, 0.004514685831964016, 5.7175292056399485e-08, 0.9653873443603516, 2.0233539111946235e-23, 9.18523476128038e-37], [0.001054416410624981, 8.827947021927685e-05, 0.0, 8.240294701546929e-38, 0.017367392778396606, 0.0, 0.0, 1.837869693037296e-19, 0.9814899563789368, 0.0]], "matchingNumbers": {"bestMatchIndex": 1, "bestMatchSequence": [1, 4, 2], "matchingNumbers": [2]}, "labels": [0, 1, 2, 3, 4, 5, 6, 7, 8, 9], "numberFrequency": {"3": 0.09785890749382377, "2": 0.10101564644523744, "6": 0.10014639948760179, "8": 0.10064964772623296, "9": 0.10010064964772623, "0": 0.10206789276237534, "5": 0.09877390429133498, "4": 0.10133589532436636, "1": 0.10000914996797511, "7": 0.09804190685332602}}