{"currentPredictionRaw": [[5.852092557364358e-38, 1.610683158029258e-13, 0.0001168719754787162, 2.36566479398352e-18, 7.821967897085942e-33, 5.649593773087471e-27, 3.276316548776771e-33, 0.9910637140274048, 1.221719612424092e-23, 0.008819418959319592], [0.0030096920672804117, 2.1179291377581696e-19, 1.2809993540078301e-23, 9.5490182277519e-21, 1.6123879575252742e-12, 0.02298848144710064, 0.9739906191825867, 1.1863511788889145e-21, 1.1264848581049591e-05, 5.281123247111383e-19], [2.027816362072942e-36, 3.6695844388319465e-13, 0.00015488610370084643, 8.608666331005759e-18, 1.3670405675416038e-31, 1.2801308132208012e-25, 1.2388874681183476e-31, 0.9877315163612366, 1.3542214863393169e-22, 0.01211362425237894]], "currentPrediction": [[7, 6, 7], [9, 5, 9], [2, 0, 2], [1, 8, 1], [3, 4, 3], [8, 9, 8], [5, 1, 5], [4, 3, 4], [6, 7, 6], [0, 2, 0]], "realResult": [8, 1, 1], "newPrediction": [[0, 7, 8], [6, 9, 5], [4, 2, 9], [5, 1, 6], [8, 3, 7], [3, 8, 0], [1, 5, 2], [9, 4, 1], [2, 6, 4], [7, 0, 3]], "newPredictionRaw": [[0.9763296842575073, 1.1793217444266979e-11, 3.6756953387069736e-18, 4.275446385815229e-10, 0.00014414291945286095, 1.1084886864409782e-05, 0.023515040054917336, 8.234843430611374e-20, 4.7167745265142e-09, 6.210067134138287e-18], [1.4249804083719065e-37, 6.547367899581436e-13, 0.00021186607773415744, 9.243271025150316e-18, 2.5364061846922917e-32, 1.2162283035916371e-26, 7.770027209826921e-33, 0.9912885427474976, 1.9926123172625227e-23, 0.008499576710164547], [5.784214735456183e-26, 1.3078002578102929e-34, 5.647291593121202e-34, 0.0, 1.071788175113308e-37, 3.062122777919285e-05, 7.952123524555474e-14, 7.852321450569952e-24, 0.9999693632125854, 1.1538873155580998e-12]], "matchingNumbers": {"bestMatchIndex": 3, "bestMatchSequence": [1, 8, 1], "matchingNumbers": [8, 1]}, "labels": [0, 1, 2, 3, 4, 5, 6, 7, 8, 9]}