{"currentPredictionRaw": [[5.470860998308898e-29, 1.169967697439049e-26, 0.008571460843086243, 1.1911324080374739e-20, 1.0385168157587981e-26, 5.785920166090364e-06, 0.991422712802887, 4.130068596013284e-19, 5.976581162292543e-30, 2.9072340090863236e-09], [3.1553691544189486e-34, 2.690708920020918e-32, 0.0038462632801383734, 7.748463179232174e-24, 7.631098324302318e-32, 6.158567771308299e-07, 0.9961531758308411, 4.261858905779967e-23, 1.5198236515537245e-35, 9.97469468133616e-11], [1.447271826850151e-25, 3.431093489325576e-07, 1.013476591538165e-08, 1.5427813005014587e-27, 2.2615570982771616e-13, 0.9737759828567505, 0.01809275709092617, 0.008130916394293308, 3.011088070571482e-23, 6.230432941204802e-19]], "currentPrediction": [[6, 2, 5], [2, 5, 7], [6, 5, 4], [5, 4, 9], [4, 6, 5], [6, 4, 6], [8, 3, 5], [1, 5, 8]], "realResult": [0, 7, 8], "newPrediction": [[7, 6, 1], [1, 2, 5], [5, 6, 7], [6, 5, 8], [7, 6, 9], [6, 4, 6], [0, 2, 7], [1, 5, 8]], "newPredictionRaw": [[5.485811211502583e-25, 0.03779711574316025, 3.66250562863768e-12, 5.936926565664164e-30, 3.072307519502715e-09, 0.008288533426821232, 3.5624289012048393e-06, 0.9539107084274292, 4.228425799218609e-20, 3.102310683473791e-23], [6.466386430511818e-31, 6.3460096964169915e-31, 0.0006942678010091186, 1.0162894410873571e-22, 6.527409915765829e-29, 0.00016870448598638177, 0.9991371035575867, 6.703146498751426e-19, 1.248816545638797e-32, 1.2116686126661946e-11], [1.7009096822888755e-26, 0.043058186769485474, 1.0031480312221175e-13, 1.339064095865621e-32, 5.049192619566156e-09, 0.0030305995605885983, 4.3258643245280837e-07, 0.9539107084274292, 1.1697832318566497e-20, 4.0150194351335096e-26]], "matchingNumbers": {"bestMatchIndex": 1, "bestMatchSequence": [2, 5, 7], "matchingNumbers": [7]}, "labels": [0, 1, 2, 3, 4, 5, 6, 7, 8, 9], "numberFrequency": {"3": 0.09785890749382377, "2": 0.10101564644523744, "6": 0.10014639948760179, "8": 0.10064964772623296, "9": 0.10010064964772623, "0": 0.10206789276237534, "5": 0.09877390429133498, "4": 0.10133589532436636, "1": 0.10000914996797511, "7": 0.09804190685332602}}