{"currentPredictionRaw": [[0.005702740978449583, 6.746098617200309e-16, 4.71652835483496e-24, 5.5510242236156415e-11, 0.0006866852636449039, 2.6253318963220806e-10, 0.9936105608940125, 2.6801111707674636e-29, 1.107909298088245e-19, 1.1492903887401978e-28], [0.004739417228847742, 1.137196077455143e-17, 2.538635667244869e-27, 4.502910631171142e-12, 0.00011261994222877547, 3.9567875885493375e-12, 0.9951480031013489, 2.0593757365124283e-33, 1.5661494102890486e-22, 1.0069927457616821e-32], [0.015885669738054276, 0.0016616277862340212, 1.0058062245450426e-27, 0.9824527502059937, 2.2466250252358608e-17, 7.960370908342732e-22, 1.6167004800865525e-12, 8.28367926924771e-19, 9.306283803972508e-25, 1.5617387099911958e-19]], "currentPrediction": [[6, 6, 3], [0, 0, 0], [4, 4, 1], [5, 3, 6], [3, 5, 4], [1, 1, 7], [8, 8, 9], [2, 2, 5], [9, 9, 8], [7, 7, 2]], "realResult": [4, 6, 2], "newPrediction": [[7, 1, 3], [9, 3, 0], [2, 0, 1], [1, 7, 6], [8, 9, 4], [5, 6, 7], [3, 4, 9], [4, 8, 5], [6, 5, 8], [0, 2, 2]], "newPredictionRaw": [[1.1841358506055637e-32, 1.3591514402833127e-07, 3.803258005063981e-05, 2.806067854469972e-23, 6.47801975049081e-25, 8.942109552823041e-11, 1.250713591100897e-28, 0.5112453103065491, 5.747785025711494e-10, 0.48871657252311707], [1.705149657027505e-07, 0.9894976615905762, 3.0331281248222112e-21, 0.01050224807113409, 6.317146430221578e-21, 3.43520151626638e-21, 2.64477981040989e-17, 1.406733618480871e-10, 4.47291898175976e-21, 1.95210896059006e-11], [0.021263428032398224, 0.0018573221750557423, 2.6316887058448884e-27, 0.9768792986869812, 1.996777106447689e-17, 1.6993131195710922e-21, 1.3332374483934761e-12, 1.7474287633904685e-18, 5.8010574827764276e-24, 2.701837612369971e-19]], "matchingNumbers": {"bestMatchIndex": 0, "bestMatchSequence": [6, 6, 3], "matchingNumbers": [6]}, "labels": [0, 1, 2, 3, 4, 5, 6, 7, 8, 9]}