{"currentPredictionRaw": [[1.015540720275671e-31, 0.9979181885719299, 0.000640310172457248, 0.0014415625482797623, 4.850735872172316e-16, 8.834200732055209e-13, 0.0, 5.716819328907456e-34, 6.083419774968723e-31, 3.434032258484613e-33], [0.0, 0.013894212432205677, 7.455849306003959e-12, 0.9861035943031311, 3.5243362424319784e-29, 2.166738568121218e-06, 0.0, 0.0, 6.139067583497102e-30, 6.373533584400808e-34], [1.9103425785704786e-10, 9.061293701854396e-23, 7.373212694589831e-17, 6.192648477890245e-22, 9.206475219089875e-17, 3.9254725500963844e-16, 0.05941401422023773, 6.570562050001172e-07, 0.00944029912352562, 0.9311450123786926]], "currentPrediction": [[1, 3, 9], [3, 1, 6], [2, 5, 8], [5, 2, 7], [4, 4, 0], [8, 8, 5], [0, 9, 4], [9, 7, 2], [7, 6, 3], [6, 0, 1]], "realResult": [5, 6, 3], "newPrediction": [[1, 2, 8], [2, 1, 9], [3, 4, 6], [5, 3, 7], [4, 0, 0], [8, 5, 5], [0, 7, 2], [9, 9, 4], [7, 6, 3], [6, 8, 1]], "newPredictionRaw": [[2.0173596011206057e-32, 0.998475968837738, 0.0007691698847338557, 0.0007549080764874816, 2.349275790060752e-16, 1.4830008694590585e-13, 0.0, 5.466220922878933e-35, 3.2642211527171913e-32, 1.3217744060831736e-34], [2.485098715351852e-13, 0.010226663202047348, 0.9895819425582886, 5.800473434902642e-10, 0.00019131986482534558, 9.869688781900191e-17, 6.262149442891277e-25, 3.754106270512713e-18, 2.5283618170676948e-25, 8.533717806824968e-25], [3.0519682764126417e-18, 7.446868149323649e-31, 1.0758319680158425e-22, 1.6616679207811377e-28, 2.060744116047969e-26, 1.4932923375409492e-21, 0.00030776933999732137, 2.1048523438527839e-13, 0.9482201933860779, 0.05147206783294678]], "matchingNumbers": {"bestMatchIndex": 1, "bestMatchSequence": [3, 1, 6], "matchingNumbers": [3, 6]}, "labels": [0, 1, 2, 3, 4, 5, 6, 7, 8, 9]}