{"currentPredictionRaw": [[0.9998675584793091, 3.1082036944241054e-09, 4.281559414974055e-28, 0.00012752182374242693, 7.456683881468251e-11, 3.939447336411549e-17, 4.839962912228657e-06, 7.824575117121549e-26, 6.0304748000937075e-24, 6.804880568783643e-26], [2.1937103699666228e-35, 1.5817335708898615e-14, 0.9994527697563171, 6.610365680577935e-31, 1.4927881329913005e-20, 1.4589859347324818e-06, 2.97882814126396e-26, 9.13644635147648e-06, 0.000528119329828769, 8.554181476938538e-06], [1.2391120455392102e-36, 1.2663981124069572e-14, 0.9996535778045654, 5.841499863734749e-32, 8.623182190764503e-22, 6.684616664642817e-07, 1.4659420883242523e-27, 1.269182212126907e-05, 0.00032025418477132916, 1.2762718142766971e-05]], "currentPrediction": [[0, 2, 2], [3, 8, 8], [6, 7, 9], [1, 9, 7], [4, 5, 5], [5, 1, 1], [8, 4, 4], [7, 6, 6], [9, 3, 3], [2, 0, 0]], "realResult": [4, 0, 4], "newPrediction": [[0, 5, 1], [3, 8, 3], [6, 4, 7], [1, 6, 0], [4, 2, 9], [5, 0, 6], [8, 1, 2], [7, 7, 8], [9, 9, 5], [2, 3, 4]], "newPredictionRaw": [[0.9999204874038696, 6.913069561242935e-10, 4.032411307162468e-29, 7.176185317803174e-05, 1.0386713017451754e-10, 5.5462764474145925e-17, 7.717657354078256e-06, 4.797003460820697e-27, 2.6035865083058258e-24, 4.651739424393312e-27], [2.228013229842846e-16, 1.0442437654300585e-18, 8.538544316039065e-10, 7.679489473082973e-22, 0.00013805848720949143, 0.9973157048225403, 1.0268086381159947e-09, 1.278228629646269e-19, 0.002546225907281041, 1.0385980251048368e-19], [2.461563042288617e-08, 0.9987932443618774, 4.3513869210576523e-16, 0.0012065781047567725, 5.654483831091533e-18, 3.254675461604631e-17, 5.762872936422884e-15, 9.394096878168057e-08, 5.889321482330134e-17, 2.3950478933443264e-08]], "matchingNumbers": {"bestMatchIndex": 0, "bestMatchSequence": [0, 2, 2], "matchingNumbers": [0]}, "labels": [0, 1, 2, 3, 4, 5, 6, 7, 8, 9]}