{"currentPredictionRaw": [[7.170195548411584e-09, 0.9987239241600037, 2.9748405085321254e-18, 0.0012760997051373124, 6.783000576382735e-20, 2.569210833374457e-19, 1.1633047265450114e-16, 1.0486597368242201e-08, 4.169874595040867e-19, 2.1798856053578675e-09], [1.085435834780755e-32, 1.1717138193034771e-07, 3.318041126476601e-05, 4.206692600500413e-23, 1.2183837365926613e-24, 8.280316710074231e-11, 1.1993731136083942e-28, 0.5135579705238342, 4.6506809514568204e-10, 0.48640871047973633], [6.863356247777119e-07, 0.9915909767150879, 1.300227867166465e-16, 0.00840830709785223, 4.089523376691535e-17, 7.53292538900606e-17, 3.0663063640924346e-14, 3.305538953668474e-08, 9.083843377173174e-17, 7.529522783045195e-09]], "currentPrediction": [[1, 7, 1], [3, 9, 3], [7, 2, 0], [0, 1, 7], [9, 8, 9], [6, 5, 6], [2, 3, 2], [8, 4, 8], [5, 6, 5], [4, 0, 4]], "realResult": [2, 3, 1], "newPrediction": [[9, 9, 2], [7, 7, 8], [2, 2, 9], [1, 1, 7], [8, 8, 5], [5, 5, 1], [3, 4, 4], [4, 3, 6], [6, 6, 3], [0, 0, 0]], "newPredictionRaw": [[2.6465471837187205e-35, 8.00325050676065e-09, 0.0001366926881019026, 1.3508235971660506e-25, 7.04238994731097e-26, 7.387432332528476e-11, 3.307955455304365e-30, 0.48909610509872437, 8.105157656146389e-10, 0.5107672214508057], [0.0, 7.040692473481158e-10, 8.940479892771691e-05, 1.9232117350119763e-28, 2.6448422777343185e-28, 1.0498457138352624e-11, 2.848600255931612e-33, 0.48684263229370117, 1.7385901052158204e-10, 0.5130679607391357], [2.8276209803139153e-37, 4.13311844195104e-15, 0.9995185136795044, 6.716794557065721e-33, 3.059253834851487e-22, 7.105336976565013e-07, 2.807802191824971e-28, 8.289140168926679e-06, 0.0004640021070372313, 8.434381925326306e-06]], "matchingNumbers": {"bestMatchIndex": 6, "bestMatchSequence": [2, 3, 2], "matchingNumbers": [2, 3]}, "labels": [0, 1, 2, 3, 4, 5, 6, 7, 8, 9]}