{"currentPredictionRaw": [[1.0, 5.746949676220992e-29, 1.887260957605567e-18, 5.919819755922928e-13, 4.003793853933507e-28, 1.5363903005925352e-30, 3.483867436193079e-36, 1.949349134181849e-23, 2.4640669948894356e-08, 2.1740903845016984e-17], [1.114743005482412e-22, 9.820836652975667e-18, 9.492205066408133e-08, 8.770119372071769e-19, 1.6207575646159933e-14, 0.9761534929275513, 0.023774100467562675, 7.232023926917464e-05, 4.492772560463125e-19, 1.0480295642985605e-18], [3.297362464452043e-30, 0.0, 5.472279696050464e-08, 1.871459584523727e-11, 0.0, 7.896344271562849e-35, 7.319943261241997e-26, 0.0, 0.0, 1.0]], "currentPrediction": [[0, 5, 9], [8, 6, 2], [2, 4, 6], [3, 6, 1], [2, 4, 6], [5, 4, 6], [3, 6, 7], [1, 5, 8]], "realResult": [0, 0, 4], "newPrediction": [[3, 5, 7], [9, 6, 1], [6, 5, 3], [4, 0, 2], [6, 9, 3], [5, 4, 6], [0, 8, 3], [2, 6, 9]], "newPredictionRaw": [[2.3525758763298654e-07, 0.0, 7.12126936187394e-17, 0.9970763921737671, 0.0, 0.0, 0.0, 0.0, 0.0, 0.00292333890683949], [1.2460488684049695e-28, 3.898170559475964e-28, 3.4844276353140913e-09, 5.705958407385862e-22, 7.140925020167411e-21, 0.9862238168716431, 0.01377615612000227, 2.4910978169145892e-08, 1.8139271032854073e-25, 3.834512253711592e-22], [1.6469747845682887e-27, 0.027527566999197006, 1.6760502978138898e-16, 2.738927698291648e-32, 9.521811534796143e-07, 0.0005141316214576364, 8.147513913536741e-11, 0.9719574451446533, 1.427930293150892e-17, 4.470782000888888e-34]], "matchingNumbers": {"bestMatchIndex": 0, "bestMatchSequence": [0, 5, 9], "matchingNumbers": [0]}, "labels": [0, 1, 2, 3, 4, 5, 6, 7, 8, 9], "numberFrequency": {"3": 0.09785890749382377, "2": 0.10101564644523744, "6": 0.10014639948760179, "8": 0.10064964772623296, "9": 0.10010064964772623, "0": 0.10206789276237534, "5": 0.09877390429133498, "4": 0.10133589532436636, "1": 0.10000914996797511, "7": 0.09804190685332602}}