{"currentPredictionRaw": [[1.2110973475618007e-29, 9.34756510006733e-17, 3.767125278386629e-09, 1.0999807831503034e-23, 8.073211971857116e-17, 0.9870703816413879, 0.01290668360888958, 2.28678691200912e-05, 8.517906076055944e-25, 3.918277922249028e-22], [0.0, 0.0, 0.000515358813572675, 4.459753814641158e-23, 0.0, 3.096670420088543e-10, 0.999484658241272, 0.0, 0.0, 1.4429968586129535e-14], [0.0, 0.0, 7.495193858630955e-05, 6.7413001054560595e-25, 0.0, 1.2018216422049477e-09, 0.9999250173568726, 0.0, 0.0, 3.9473151475259087e-17]], "currentPrediction": [[5, 6, 2], [6, 5, 9], [3, 2, 7], [8, 3, 2], [2, 3, 7], [5, 3, 6], [9, 3, 4], [1, 5, 6]], "realResult": [2, 7, 0], "newPrediction": [[4, 3, 8], [1, 9, 0], [1, 6, 7], [4, 7, 0], [1, 6, 9], [5, 4, 6], [4, 5, 7], [2, 4, 8]], "newPredictionRaw": [[1.89100740749233e-16, 0.004645117092877626, 0.0, 0.0, 0.995332658290863, 0.0, 0.0, 3.2322491393604403e-15, 2.2224083295441233e-05, 0.0], [2.9401842766674235e-05, 0.0, 2.4679241397880525e-13, 0.9908400177955627, 0.0, 1.3355141617008553e-31, 2.687002728677794e-35, 0.0, 3.362649608775809e-30, 0.009130560792982578], [0.0037230420857667923, 2.7697350191147052e-08, 1.0687487929120257e-27, 5.6779390171836514e-30, 7.528669357270701e-06, 2.791477300233973e-36, 0.0, 4.8128228832822195e-12, 0.9962693452835083, 1.483816101453878e-35]], "matchingNumbers": {"bestMatchIndex": 2, "bestMatchSequence": [3, 2, 7], "matchingNumbers": [2, 7]}, "labels": [0, 1, 2, 3, 4, 5, 6, 7, 8, 9], "numberFrequency": {"3": 0.09785890749382377, "2": 0.10101564644523744, "6": 0.10014639948760179, "8": 0.10064964772623296, "9": 0.10010064964772623, "0": 0.10206789276237534, "5": 0.09877390429133498, "4": 0.10133589532436636, "1": 0.10000914996797511, "7": 0.09804190685332602}}