{"currentPredictionRaw": [[6.932371898749068e-10, 1.0810038107924085e-20, 5.738805898952153e-20, 2.2675545145308e-17, 0.9977026581764221, 0.0020531893242150545, 0.0002441518590785563, 8.183635327042999e-27, 6.22494731542661e-13, 2.59209771064551e-26], [0.9999840259552002, 2.810388553819987e-11, 3.2133050263343467e-31, 8.433088623860385e-06, 5.541316017154685e-11, 1.072694187649483e-17, 7.558103334304178e-06, 1.1470784581990691e-29, 5.710023599915312e-26, 1.39846693411112e-29], [1.1249686770967718e-16, 1.4630417164998706e-19, 1.9530721484528613e-10, 5.046323773166108e-22, 0.0008947955211624503, 0.9986693859100342, 1.1245737674414613e-09, 4.496506634693949e-20, 0.0004358673468232155, 4.3167493015936654e-20]], "currentPrediction": [[4, 0, 5], [5, 3, 4], [6, 6, 8], [0, 4, 6], [8, 1, 2], [3, 5, 0], [2, 8, 1], [1, 9, 7], [9, 7, 9], [7, 2, 3]], "realResult": [2, 1, 1], "newPrediction": [[2, 4, 8], [8, 5, 5], [7, 6, 2], [9, 0, 4], [5, 8, 7], [1, 2, 9], [4, 3, 6], [6, 1, 1], [3, 9, 0], [0, 7, 3]], "newPredictionRaw": [[1.047304781686797e-32, 7.520167214641882e-14, 0.9978606104850769, 3.1442979031840137e-29, 4.712995439882532e-19, 6.952831427042838e-06, 1.5175548961627513e-24, 1.0155730706173927e-05, 0.0021124770864844322, 9.802454769669566e-06], [1.2499266378862561e-11, 1.2079657909871274e-22, 9.441420124634651e-20, 5.999957804327654e-20, 0.9982841610908508, 0.0016652728663757443, 5.052225606050342e-05, 5.7007247094020245e-28, 4.0121316100157067e-13, 2.210514212247638e-27], [1.5985981206672035e-26, 8.767849536772135e-20, 0.0001327788777416572, 8.33431325184982e-31, 4.704634034777277e-13, 0.0059889815747737885, 2.088013763164277e-18, 2.5485500847207787e-16, 0.9938783049583435, 1.2736256063178617e-16]], "matchingNumbers": {"bestMatchIndex": 4, "bestMatchSequence": [8, 1, 2], "matchingNumbers": [1, 2]}, "labels": [0, 1, 2, 3, 4, 5, 6, 7, 8, 9]}