{"currentPredictionRaw": [[2.839671228690227e-26, 0.024949194863438606, 3.1734826572149544e-11, 9.666567391557652e-30, 4.6510626461326865e-09, 0.027618318796157837, 1.1604835890466347e-05, 0.9474208354949951, 2.59337035568643e-21, 2.246614721349287e-25], [1.1655972455927339e-21, 0.9977255463600159, 3.774489890304592e-25, 0.0, 0.002234555082395673, 1.0647490558273652e-18, 2.7338736857209655e-28, 3.985069633927196e-05, 1.688327212409635e-13, 0.0], [1.0, 8.597605186348489e-26, 1.669037218630336e-19, 1.2464183331284406e-11, 6.3650378436424526e-27, 6.350245480107584e-34, 1.3746443662348947e-38, 1.6112271982770888e-25, 3.451206681548413e-11, 8.19027327512642e-15]], "currentPrediction": [[7, 1, 0], [5, 4, 8], [3, 0, 8], [0, 8, 4], [0, 8, 3], [6, 4, 6], [1, 5, 7], [1, 4, 9]], "realResult": [8, 7, 8], "newPrediction": [[4, 1, 9], [1, 4, 2], [7, 6, 0], [6, 0, 8], [9, 6, 7], [6, 4, 6], [0, 1, 5], [1, 5, 8]], "newPredictionRaw": [[1.8668659012340688e-13, 0.01166248694062233, 0.0, 0.0, 0.9883289337158203, 0.0, 0.0, 1.0280985047669833e-13, 8.627137503935955e-06, 0.0], [1.7388445077363521e-29, 0.9998871088027954, 7.457620631249491e-31, 0.0, 2.703772406675853e-05, 4.825381044665388e-20, 6.939791272078081e-32, 8.5797808424104e-05, 8.263796044520437e-20, 0.0], [1.2654790284571951e-24, 0.0, 5.264985884423368e-05, 6.51375453575298e-10, 0.0, 9.567110998737747e-24, 1.1900697500683856e-15, 0.0, 0.0, 0.9999473094940186]], "matchingNumbers": {"bestMatchIndex": 0, "bestMatchSequence": [7, 1, 0], "matchingNumbers": [7]}, "labels": [0, 1, 2, 3, 4, 5, 6, 7, 8, 9], "numberFrequency": {"3": 0.09785890749382377, "2": 0.10101564644523744, "6": 0.10014639948760179, "8": 0.10064964772623296, "9": 0.10010064964772623, "0": 0.10206789276237534, "5": 0.09877390429133498, "4": 0.10133589532436636, "1": 0.10000914996797511, "7": 0.09804190685332602}}