{"currentPredictionRaw": [[0.9653316140174866, 5.944611469743677e-10, 5.159163993084803e-05, 4.838571486433009e-17, 0.02644759602844715, 1.038247491810631e-17, 7.3307822034962555e-09, 0.008169202134013176, 1.8757107865583053e-17, 1.5150475817481135e-13], [0.022841107100248337, 1.0391046990794196e-18, 1.8811013510755537e-11, 3.9655581645249433e-25, 4.940828262078867e-07, 2.0016785315631595e-21, 0.00328470254316926, 0.9738737940788269, 4.197872787279651e-16, 1.4456968955300908e-08], [3.856723660667839e-19, 4.446131057832679e-33, 4.24802070778058e-24, 1.0625196576348149e-30, 6.2422625059896885e-28, 4.099255425007829e-23, 0.0002032187912845984, 5.652484976934567e-14, 0.9562225937843323, 0.04357418790459633]], "currentPrediction": [[0, 7, 8], [4, 0, 9], [7, 6, 6], [2, 4, 7], [6, 9, 0], [1, 2, 5], [9, 8, 2], [3, 1, 4], [8, 5, 3], [5, 3, 1]], "realResult": [7, 0, 4], "newPrediction": [[8, 1, 1], [9, 3, 2], [6, 2, 3], [7, 5, 5], [0, 4, 4], [5, 8, 8], [2, 9, 0], [4, 0, 9], [3, 7, 7], [1, 6, 6]], "newPredictionRaw": [[7.009455098494992e-19, 4.746675869852755e-32, 1.7228296185138078e-23, 1.1587914224530354e-29, 2.5535645132087868e-27, 2.180497117661875e-22, 0.00023250607773661613, 7.144150993444037e-14, 0.95330810546875, 0.046459395438432693], [3.3786641399679766e-26, 0.9900010824203491, 0.0024343200493603945, 0.007564534433186054, 2.388005158199258e-13, 2.1043948805754553e-09, 6.724438473568172e-31, 1.9458504155810163e-27, 7.74081280617334e-24, 1.0219052077652716e-25], [1.113052678653783e-32, 0.9991518259048462, 0.00046265649143606424, 0.00038552723708562553, 3.2028982565979967e-17, 2.8166169754612752e-14, 0.0, 7.247020822005921e-35, 3.500974825054019e-32, 2.2749817420156348e-34]], "matchingNumbers": {"bestMatchIndex": 0, "bestMatchSequence": [0, 7, 8], "matchingNumbers": [0, 7]}, "labels": [0, 1, 2, 3, 4, 5, 6, 7, 8, 9]}