{"currentPredictionRaw": [[0.014225087128579617, 0.005154614802449942, 1.3372479172847792e-24, 0.980620265007019, 4.0071162029976543e-16, 1.0263275115759515e-19, 5.644746822741631e-12, 2.3152957398926656e-16, 6.540173387294054e-22, 4.054503527406245e-17], [1.7469068567344048e-30, 1.590931162850917e-12, 0.9978590607643127, 8.27868305128642e-27, 5.414921985938519e-18, 1.0619037311698776e-05, 4.520564261925387e-23, 9.209098061546683e-05, 0.0019526391988620162, 8.569534111302346e-05], [1.2857013844699518e-17, 4.14843476826596e-21, 1.3251650644863222e-11, 6.4183521851645424e-24, 0.0002625480992719531, 0.9996613264083862, 2.7632471311100915e-10, 2.5402244052266816e-21, 7.61573392082937e-05, 2.9981898413614327e-21]], "currentPrediction": [[3, 4, 6], [1, 5, 9], [8, 9, 2], [10, 7, 0], [3, 5, 6], [8, 1, 2], [10, 2, 5], [10, 6, 7], [8, 9, 4], [1, 3, 4]], "realResult": [3, 5, 5], "newPrediction": [[10, 3, 7], [8, 1, 9], [8, 3, 5], [10, 2, 6], [9, 4, 6], [2, 6, 0], [9, 4, 5], [3, 5, 7], [10, 4, 7], [8, 1, 0]], "newPredictionRaw": [[0.010446595028042793, 2.226482683658805e-14, 1.8530614789099432e-21, 4.435311562467348e-10, 0.000919145590160042, 1.1298605384624238e-09, 0.9886342287063599, 1.6416485097512892e-26, 8.093805956695603e-18, 5.846495303923382e-26], [1.1811114545954948e-35, 1.199609733922545e-14, 0.9995007514953613, 3.5756767857521648e-31, 1.0105935346611699e-20, 1.266674530597811e-06, 1.9344647414543868e-26, 6.56635074847145e-06, 0.000485089112771675, 6.329635652946308e-06], [2.3018163035817402e-33, 1.7752338266063816e-08, 0.00023613873054273427, 3.2547882273373764e-24, 3.09743473421862e-24, 3.1331434668935287e-10, 1.5620186202698408e-28, 0.4819504916667938, 3.0674094375626737e-09, 0.5178133845329285]], "matchingNumbers": {"bestMatchIndex": 4, "bestMatchSequence": [3, 5, 6], "matchingNumbers": [3, 5]}}