{"currentPredictionRaw": [[3.1944926208784762e-27, 3.142988542680986e-19, 0.00027300379588268697, 6.48487272487059e-31, 8.447687265423359e-14, 0.004825434647500515, 3.4797410078816835e-19, 4.18532192952327e-15, 0.9949015378952026, 2.0706203204411307e-15], [2.53196116530314e-35, 2.272905863520691e-09, 0.0006306539289653301, 1.921797515024163e-26, 1.5519091722875441e-25, 3.4313257790685725e-10, 5.998739136765995e-30, 0.47309359908103943, 6.987249001610962e-09, 0.5262757539749146], [4.538621978299188e-25, 5.83146284546001e-18, 5.7702276535565034e-05, 9.397168310936766e-29, 2.539200945859965e-13, 0.0077225081622600555, 7.026738003418522e-18, 1.5411103789593136e-14, 0.9922198057174683, 6.862586399754983e-15]], "currentPrediction": [[8, 9, 8], [5, 7, 5], [2, 2, 2], [4, 8, 4], [7, 1, 7], [9, 5, 9], [6, 4, 6], [1, 3, 1], [0, 6, 0], [3, 0, 3]], "realResult": [8, 6, 0], "newPrediction": [[8, 6, 0], [9, 9, 7], [6, 7, 4], [7, 0, 2], [0, 8, 6], [5, 4, 1], [2, 2, 9], [4, 5, 8], [3, 1, 3], [1, 3, 5]], "newPredictionRaw": [[2.769208371335118e-19, 2.4950820848653172e-33, 2.1455210130538565e-24, 9.96030405768124e-31, 8.172782904399371e-28, 1.669883010049365e-23, 0.0002069354959530756, 5.797490580054104e-14, 0.9591748118400574, 0.04061821848154068], [2.644830374265439e-06, 5.592274400157014e-25, 1.2343559677430703e-16, 2.2923489496628447e-28, 7.549195643608009e-13, 1.2195161535218542e-21, 0.9781564474105835, 0.008258871734142303, 5.0962376541008325e-09, 0.01358198281377554], [0.9519867300987244, 1.045271941918502e-11, 3.2144871511263773e-06, 2.4115830373524107e-18, 0.010007943958044052, 1.6098224088061736e-18, 5.0537472873202205e-08, 0.03800209239125252, 9.088036521134327e-18, 4.946297278013434e-13]], "matchingNumbers": {"bestMatchIndex": 8, "bestMatchSequence": [0, 6, 0], "matchingNumbers": [0, 6]}, "labels": [0, 1, 2, 3, 4, 5, 6, 7, 8, 9]}