{"currentPredictionRaw": [[0.9647632837295532, 5.438274830460443e-10, 4.7812151024118066e-05, 5.271260069564392e-17, 0.022221621125936508, 1.5153080282328286e-17, 1.9387682570481957e-08, 0.012967274524271488, 4.307647264627073e-17, 3.7303412312242323e-13], [0.022529367357492447, 5.891069893990887e-18, 4.363980704580328e-11, 3.906318506935952e-24, 7.988643915268767e-07, 1.4862588991483868e-20, 0.008401384577155113, 0.9690684080123901, 2.280198294448473e-15, 6.164829358112911e-08], [0.0, 0.017365293577313423, 6.69147584564378e-11, 0.9826272130012512, 1.0094874277814449e-26, 7.543866104242625e-06, 0.0, 0.0, 4.1914233056083696e-29, 5.6646165431423994e-33]], "currentPrediction": [[0, 7, 3], [4, 0, 1], [7, 6, 5], [2, 4, 2], [6, 9, 4], [1, 2, 8], [9, 8, 9], [3, 1, 7], [8, 5, 6], [5, 3, 0]], "realResult": [7, 9, 2], "newPrediction": [[1, 9, 1], [2, 6, 2], [3, 8, 3], [5, 7, 5], [4, 0, 4], [0, 4, 8], [8, 2, 0], [7, 5, 9], [9, 1, 7], [6, 3, 6]], "newPredictionRaw": [[1.1357294345192812e-28, 0.9975773692131042, 0.0014086238807067275, 0.0010139774531126022, 9.116130261419258e-15, 2.014342468867336e-12, 5.438782557274885e-36, 8.229547552931653e-31, 3.873452271790037e-29, 3.898470355674407e-31], [5.547658686599899e-12, 1.1334218093340407e-27, 6.860091870768116e-20, 9.711808930398767e-28, 1.7241203388429785e-19, 2.8034159085793657e-20, 0.041282616555690765, 8.801649187262228e-08, 0.0021313834004104137, 0.9565859436988831], [1.999817668924669e-27, 0.9958813190460205, 0.0023755826987326145, 0.0017430735751986504, 4.371616323063307e-14, 9.144912258007842e-12, 5.27193558391701e-34, 2.0620140477717613e-29, 3.867608217929726e-27, 4.637788565655154e-29]], "matchingNumbers": {"bestMatchIndex": 0, "bestMatchSequence": [0, 7, 3], "matchingNumbers": [7]}, "labels": [0, 1, 2, 3, 4, 5, 6, 7, 8, 9]}