{"currentPredictionRaw": [[2.0455060053132775e-15, 0.9484586119651794, 0.0004967816057614982, 0.051044631749391556, 3.074215326748231e-10, 9.614070037568543e-19, 1.9617089498146258e-17, 1.179475273005437e-08, 4.143107547406534e-19, 5.6196488434911984e-11], [0.0, 4.2602627320199137e-26, 1.1493151833277186e-17, 3.495659446486606e-29, 0.0, 3.5622147103544574e-28, 0.0, 4.5057984721097455e-07, 2.8830320425375946e-20, 0.9999995231628418], [2.753888425893053e-14, 0.9508451819419861, 0.00608080206438899, 0.04307370260357857, 1.4812945314801595e-09, 1.2203447689373408e-17, 2.3390965716171234e-16, 3.177734981818503e-07, 1.1474665173767238e-17, 1.0861345156598645e-09]], "currentPrediction": [[1, 9, 1], [3, 7, 3], [2, 2, 2], [7, 8, 7], [4, 1, 4], [9, 5, 9], [0, 3, 0], [6, 6, 6], [5, 4, 5], [8, 0, 8]], "realResult": [2, 3, 1], "newPrediction": [[7, 9, 2], [9, 7, 1], [2, 2, 7], [1, 8, 9], [3, 1, 3], [8, 5, 4], [5, 3, 8], [6, 6, 5], [4, 4, 6], [0, 0, 0]], "newPredictionRaw": [[0.0, 1.369899609330802e-15, 3.177752296323888e-05, 1.1154262978658527e-21, 0.0, 2.1339884771893467e-32, 0.0, 0.9959931373596191, 1.5919220530338553e-28, 0.0039750742726027966], [0.0, 2.2909456689571155e-27, 1.526170564036875e-17, 3.738690345643407e-31, 0.0, 1.6983709771075967e-30, 0.0, 1.0499554718990112e-06, 1.301824082837089e-22, 0.999998927116394], [7.907914313483108e-32, 0.003930740989744663, 0.9928632378578186, 5.2615853007864644e-08, 5.1838045900162895e-24, 2.146772325175836e-26, 1.839741570110369e-29, 0.0032056723721325397, 1.265054695245896e-25, 4.779399773724435e-07]], "matchingNumbers": {"bestMatchIndex": 0, "bestMatchSequence": [1, 9, 1], "matchingNumbers": [1]}, "labels": [0, 1, 2, 3, 4, 5, 6, 7, 8, 9]}