{"currentPredictionRaw": [[0.03596627339720726, 0.002360771642997861, 1.1394726983444325e-24, 0.9616729617118835, 2.9726208355327884e-15, 3.178098740768682e-19, 6.378585160060624e-11, 5.045167123607518e-17, 8.760983695349875e-22, 1.079308323827457e-17], [3.082443951100229e-16, 8.575022620746543e-19, 7.575779586987963e-11, 2.528086701038138e-21, 0.00029707886278629303, 0.9991787075996399, 1.2131031734696762e-09, 3.400748102816225e-19, 0.0005241906037554145, 2.7077367026071812e-19], [1.762763409817252e-17, 2.1139211245729234e-20, 9.917064391906649e-11, 1.545124815660843e-23, 0.00014910681056790054, 0.9993065595626831, 2.9383542821115327e-10, 9.50524631773978e-21, 0.0005443317932076752, 9.257718173988256e-21]], "currentPrediction": [[3, 5, 5], [0, 8, 8], [1, 4, 4], [6, 6, 6], [4, 2, 2], [7, 0, 0], [9, 1, 1], [5, 7, 7], [8, 9, 9], [2, 3, 3]], "realResult": [0, 2, 2], "newPrediction": [[8, 8, 8], [5, 5, 5], [2, 2, 2], [4, 4, 4], [7, 7, 7], [9, 9, 9], [6, 6, 6], [1, 1, 1], [0, 0, 0], [3, 3, 3]], "newPredictionRaw": [[1.1172421681677408e-27, 6.790598359556005e-20, 0.00012510039960034192, 1.0808933866545518e-31, 5.960508508203594e-14, 0.0045987339690327644, 2.3235288856643166e-19, 7.151825810748343e-16, 0.9952762126922607, 3.33195232879056e-16], [7.522501454195952e-32, 6.760079156241595e-23, 2.3028842406347394e-05, 9.234863596108416e-37, 2.394625669358951e-16, 0.0018660889472812414, 2.1636791080335424e-22, 2.392915432083467e-18, 0.9981108903884888, 1.0011753660665662e-18], [4.122766009576841e-28, 8.809644775925937e-21, 3.182926957379095e-05, 7.681517627997787e-33, 1.897787482718627e-14, 0.00411349069327116, 9.568951341809868e-20, 3.450940274672843e-17, 0.9958546757698059, 1.587265296899429e-17]], "matchingNumbers": {"bestMatchIndex": 1, "bestMatchSequence": [0, 8, 8], "matchingNumbers": [0]}, "labels": [0, 1, 2, 3, 4, 5, 6, 7, 8, 9]}