{"currentPredictionRaw": [[0.0265617948025465, 0.0030153836123645306, 1.3258526982493452e-25, 0.9704228639602661, 3.067896954324524e-16, 4.063985201499908e-20, 6.5959473126431245e-12, 3.2945369644513163e-17, 1.3067988290320299e-22, 6.1608747031097585e-18], [1.0028998066752333e-30, 1.9363460487809014e-12, 0.9979767203330994, 7.277371273156097e-27, 3.250971388180649e-18, 9.20214552024845e-06, 2.9105890845124974e-23, 0.00012881345173809677, 0.0017546223243698478, 0.00013062040670774877], [1.2416611306047711e-17, 3.683395685813852e-21, 1.0353545278063425e-11, 6.4453450331889424e-24, 0.00030202147900126874, 0.999631404876709, 3.1597763294755055e-10, 2.184338832404978e-21, 6.662352825514972e-05, 2.69590985353907e-21]], "currentPrediction": [[3, 2, 5], [0, 8, 4], [1, 9, 8], [6, 7, 6], [4, 5, 2], [7, 1, 0], [9, 4, 1], [5, 6, 9], [8, 3, 7], [2, 0, 3]], "realResult": [3, 5, 5], "newPrediction": [[6, 2, 9], [0, 8, 7], [4, 7, 2], [5, 9, 1], [3, 5, 8], [1, 1, 5], [8, 4, 3], [2, 6, 4], [9, 3, 6], [7, 0, 0]], "newPredictionRaw": [[0.00994874443858862, 1.9987477113941193e-14, 1.740920142823796e-21, 4.046578627736608e-10, 0.0009358796523883939, 1.1531633425931886e-09, 0.9891154766082764, 1.484280465846617e-26, 7.837652936406307e-18, 5.313182807460806e-26], [1.1889440179670322e-35, 1.0645833647677898e-14, 0.9994727969169617, 3.143781118251573e-31, 1.0631190996615037e-20, 1.3470503290591296e-06, 1.9887397584031523e-26, 5.667562618327793e-06, 0.0005148584605194628, 5.326066457200795e-06], [2.3158366451091884e-33, 1.801116056299179e-08, 0.00023599194537382573, 3.2625683680151187e-24, 3.0728713805670746e-24, 3.1743460637834175e-10, 1.55483044786428e-28, 0.488834023475647, 3.0851927679265145e-09, 0.5109299421310425]], "matchingNumbers": {"bestMatchIndex": 0, "bestMatchSequence": [3, 2, 5], "matchingNumbers": [3, 5]}, "labels": [0, 1, 2, 3, 4, 5, 6, 7, 8, 9]}