{"currentPredictionRaw": [[0.9763296842575073, 1.1793217444266979e-11, 3.6756953387069736e-18, 4.275446385815229e-10, 0.00014414291945286095, 1.1084886864409782e-05, 0.023515040054917336, 8.234843430611374e-20, 4.7167745265142e-09, 6.210067134138287e-18], [1.4249804083719065e-37, 6.547367899581436e-13, 0.00021186607773415744, 9.243271025150316e-18, 2.5364061846922917e-32, 1.2162283035916371e-26, 7.770027209826921e-33, 0.9912885427474976, 1.9926123172625227e-23, 0.008499576710164547], [5.784214735456183e-26, 1.3078002578102929e-34, 5.647291593121202e-34, 0.0, 1.071788175113308e-37, 3.062122777919285e-05, 7.952123524555474e-14, 7.852321450569952e-24, 0.9999693632125854, 1.1538873155580998e-12]], "currentPrediction": [[0, 7, 8], [6, 9, 5], [4, 2, 9], [5, 1, 6], [8, 3, 7], [3, 8, 0], [1, 5, 2], [9, 4, 1], [2, 6, 4], [7, 0, 3]], "realResult": [7, 0, 4], "newPrediction": [[8, 1, 1], [5, 3, 3], [9, 2, 2], [6, 7, 7], [7, 9, 9], [0, 4, 4], [2, 0, 0], [1, 6, 6], [4, 5, 5], [3, 8, 8]], "newPredictionRaw": [[8.731803375196193e-31, 1.6981966146357876e-38, 1.9094940660460874e-38, 0.0, 0.0, 6.158144287837786e-07, 3.5881470389827286e-17, 1.460559942279566e-26, 0.9999994039535522, 4.658177597989532e-13], [2.8765687816218084e-15, 0.964217483997345, 0.007209306117147207, 0.028572257608175278, 2.4995844283282054e-10, 3.886452190670992e-17, 1.8023017497422253e-16, 9.79267952061491e-07, 1.9372708912334817e-17, 4.263592590092458e-09], [1.295506287142788e-18, 0.9854692816734314, 0.0014703212073072791, 0.013060439378023148, 1.4368191966068755e-12, 8.960664206647252e-22, 1.647012888586258e-20, 9.128920730461232e-09, 6.899189665058654e-22, 1.1721346115933784e-11]], "matchingNumbers": {"bestMatchIndex": 0, "bestMatchSequence": [0, 7, 8], "matchingNumbers": [0, 7]}, "labels": [0, 1, 2, 3, 4, 5, 6, 7, 8, 9]}