{"currentPredictionRaw": [[6.725580994057057e-21, 4.8251204282397666e-32, 0.000143707831739448, 1.709657044557389e-05, 5.254303168654676e-34, 2.6971572507562174e-15, 8.388483241361655e-10, 8.796856055416744e-33, 1.7264563726291944e-27, 0.999839186668396], [1.501552326921285e-09, 0.980252742767334, 2.8999495946951948e-12, 2.2371136017207146e-21, 0.011886673048138618, 5.849384976386318e-08, 3.3492757012254515e-08, 0.007860496640205383, 2.9158847780763608e-08, 2.737796187573417e-18], [5.364091115733771e-12, 2.859664133657826e-31, 3.756623484507671e-11, 0.9801980257034302, 1.1160297650340343e-33, 6.315029653708305e-17, 4.4199505985431927e-17, 4.6551853812867303e-32, 2.454461063198187e-22, 0.019801998510956764]], "currentPrediction": [[9, 1, 3], [2, 4, 9], [6, 4, 6], [2, 3, 7], [1, 5, 9]], "realResult": [6, 6, 5], "newPrediction": [[4, 6, 2], [1, 5, 9], [5, 4, 9], [4, 9, 6], [3, 5, 4], [6, 4, 6], [8, 1, 0], [1, 5, 8]], "newPredictionRaw": [[6.405181718349695e-09, 0.009961603209376335, 3.137563287280356e-27, 9.496643123887813e-32, 0.9888861179351807, 7.811623730469698e-35, 3.217501790959332e-33, 6.5890383799886276e-15, 0.001152307027950883, 1.8581390382385207e-32], [6.039009128196917e-29, 4.7452432073293666e-23, 0.0001705948234302923, 1.0898659928463415e-22, 3.851251282586094e-24, 0.00042180728632956743, 0.9994076490402222, 3.2639175836759104e-16, 8.401110445620606e-29, 7.207490680671835e-12], [5.378906029019319e-35, 0.0, 0.9985020160675049, 1.3437222314581976e-17, 0.0, 7.193661396670498e-18, 0.0004357975849416107, 0.0, 0.0, 0.0010621767723932862]], "matchingNumbers": {"bestMatchIndex": 2, "bestMatchSequence": [6, 4, 6], "matchingNumbers": [6]}, "labels": [0, 1, 2, 3, 4, 5, 6, 7, 8, 9], "numberFrequency": {"3": 0.09785890749382377, "2": 0.10101564644523744, "6": 0.10014639948760179, "8": 0.10064964772623296, "9": 0.10010064964772623, "0": 0.10206789276237534, "5": 0.09877390429133498, "4": 0.10133589532436636, "1": 0.10000914996797511, "7": 0.09804190685332602}}