{"currentPredictionRaw": [[3.2620346073717062e-21, 6.410674384523244e-36, 2.2279736916398816e-26, 3.624618096319307e-33, 1.0648479828053756e-30, 4.271806540402417e-25, 8.219878509407863e-05, 1.6769544525455245e-15, 0.9716582298278809, 0.02825956977903843], [1.7813278198215254e-22, 1.3731147088312378e-38, 3.6267309560789993e-28, 9.82112615745374e-36, 1.062570926820926e-32, 5.731501647692316e-27, 4.66112578578759e-05, 2.375236820498504e-16, 0.977469265460968, 0.022484097629785538], [2.4058813072394768e-20, 4.2356981687869263e-35, 1.3832391243567464e-25, 1.5895259425113566e-32, 1.1944273706501908e-29, 1.586291600885892e-24, 0.00011496947263367474, 8.539933557950678e-15, 0.9684836268424988, 0.03140135109424591]], "currentPrediction": [[8, 8, 8], [9, 9, 9], [6, 6, 6], [7, 7, 7], [0, 0, 0], [5, 5, 5], [2, 2, 2], [4, 4, 4], [3, 3, 3], [1, 1, 1]], "realResult": [0, 5, 1], "newPrediction": [[0, 2, 2], [7, 1, 1], [4, 4, 4], [2, 3, 3], [6, 0, 0], [1, 5, 5], [9, 7, 7], [8, 6, 6], [3, 9, 9], [5, 8, 8]], "newPredictionRaw": [[0.9651512503623962, 1.1964315649315438e-10, 1.698168671282474e-05, 1.2489304765459483e-17, 0.014315495267510414, 7.677022733254635e-18, 4.993330193769907e-08, 0.02051626145839691, 4.6224073548047315e-17, 9.433957521426395e-13], [2.2045184688151975e-12, 0.005768598988652229, 0.9937627911567688, 4.280717169624637e-10, 0.0004685963795054704, 1.3432248477558695e-16, 1.4456173883166762e-24, 2.4882919623297608e-17, 3.7788224623074857e-25, 8.988412302213702e-25], [1.755122262803166e-11, 0.008768168278038502, 0.9900743365287781, 1.2686394157412906e-09, 0.0011575361713767052, 7.997126046229916e-16, 6.347012653606148e-23, 2.9480560859690256e-16, 1.10827226346681e-23, 3.734192055088167e-23]], "matchingNumbers": {"bestMatchIndex": 4, "bestMatchSequence": [0, 0, 0], "matchingNumbers": [0]}, "labels": [0, 1, 2, 3, 4, 5, 6, 7, 8, 9]}