{"currentPredictionRaw": [], "currentPrediction": [{"name": "MarkovBayesian Model", "predictions": [[1, 2, 3]]}, {"name": "PoissonMarkov Model", "predictions": [[2, 3, 5, 1, 4, 9]]}], "realResult": [3, 9, 4], "newPrediction": [{"name": "MarkovBayesian Model", "predictions": [[0, 3, 4]]}, {"name": "PoissonMarkov Model", "predictions": [[3, 5, 8, 0, 4, 6]]}], "newPredictionRaw": [], "matchingNumbers": {"model": "PoissonMarkov Model", "prediction": [2, 3, 5, 1, 4, 9], "matching_numbers": [9, 3, 4], "match_count": 3}, "labels": [], "numberFrequency": {"6": 0.1000903342366757, "4": 0.10130984643179765, "1": 0.1001806684733514, "0": 0.1024390243902439, "5": 0.09896115627822945, "3": 0.09760614272809395, "2": 0.1010840108401084, "8": 0.1006323396567299, "7": 0.09787714543812105, "9": 0.0998193315266486}}