{"currentPredictionRaw": [[1.9723824501994827e-26, 0.02799326181411743, 3.582647416580653e-13, 2.153970411785387e-32, 8.957709241030898e-09, 0.012180313467979431, 2.267815034429077e-06, 0.9598240852355957, 3.185602593705988e-21, 3.0614019663323875e-29], [0.9999997615814209, 2.066502995958321e-20, 2.1283606062382217e-22, 5.296899359831086e-15, 2.8866297127467034e-21, 3.30248730902735e-36, 0.0, 3.455076974058506e-23, 2.0505758868694102e-07, 1.6707194455023275e-18], [3.2851876601014407e-12, 0.03866969048976898, 7.439955245721605e-29, 6.08906288965389e-36, 0.9612886905670166, 1.7184235114241497e-28, 7.639111540148207e-37, 1.7804234475615743e-10, 4.163818812230602e-05, 0.0]], "currentPrediction": [[7, 0, 4], [1, 8, 7], [6, 0, 3], [7, 3, 2], [0, 9, 6], [6, 4, 7], [1, 3, 4], [1, 5, 8]], "realResult": [4, 1, 9], "newPrediction": [[7, 1, 0], [5, 4, 8], [3, 0, 8], [0, 8, 4], [0, 8, 3], [6, 4, 6], [1, 5, 7], [1, 4, 9]], "newPredictionRaw": [[2.839671228690227e-26, 0.024949194863438606, 3.1734826572149544e-11, 9.666567391557652e-30, 4.6510626461326865e-09, 0.027618318796157837, 1.1604835890466347e-05, 0.9474208354949951, 2.59337035568643e-21, 2.246614721349287e-25], [1.1655972455927339e-21, 0.9977255463600159, 3.774489890304592e-25, 0.0, 0.002234555082395673, 1.0647490558273652e-18, 2.7338736857209655e-28, 3.985069633927196e-05, 1.688327212409635e-13, 0.0], [1.0, 8.597605186348489e-26, 1.669037218630336e-19, 1.2464183331284406e-11, 6.3650378436424526e-27, 6.350245480107584e-34, 1.3746443662348947e-38, 1.6112271982770888e-25, 3.451206681548413e-11, 8.19027327512642e-15]], "matchingNumbers": {"bestMatchIndex": 6, "bestMatchSequence": [1, 3, 4], "matchingNumbers": [1, 4]}, "labels": [0, 1, 2, 3, 4, 5, 6, 7, 8, 9], "numberFrequency": {"3": 0.09785890749382377, "2": 0.10101564644523744, "6": 0.10014639948760179, "8": 0.10064964772623296, "9": 0.10010064964772623, "0": 0.10206789276237534, "5": 0.09877390429133498, "4": 0.10133589532436636, "1": 0.10000914996797511, "7": 0.09804190685332602}}