{"currentPredictionRaw": [[0.964779257774353, 5.34800925766632e-10, 4.7277815610868856e-05, 5.193187785501432e-17, 0.022101256996393204, 1.5044071112483598e-17, 1.9632187431284365e-08, 0.013072186149656773, 4.3097241497090714e-17, 3.764655416831769e-13], [0.022550204768776894, 5.867411287700952e-18, 4.357362040630086e-11, 3.88320251583026e-24, 8.003662514965981e-07, 1.4743953197067864e-20, 0.00835422147065401, 0.9690947532653809, 2.253599554080557e-15, 6.10629555808373e-08], [0.0, 0.017353029921650887, 6.724684004089099e-11, 0.9826394319534302, 1.0180038129583275e-26, 7.483567969757132e-06, 0.0, 0.0, 4.1694048105926087e-29, 5.632279795577232e-33]], "currentPrediction": [[0, 7, 3], [4, 0, 1], [7, 6, 5], [2, 4, 2], [6, 9, 4], [1, 2, 8], [9, 8, 9], [3, 1, 7], [8, 5, 6], [5, 3, 0]], "realResult": [7, 9, 2], "newPrediction": [[1, 9, 1], [2, 6, 2], [3, 8, 3], [5, 7, 5], [4, 0, 4], [0, 4, 8], [8, 2, 0], [7, 5, 9], [9, 1, 7], [6, 3, 6]], "newPredictionRaw": [[1.164891023142842e-28, 0.9975696206092834, 0.001419632462784648, 0.0010107392445206642, 9.29178033072433e-15, 2.011761850856386e-12, 5.540723545334324e-36, 8.404289019961049e-31, 3.908987484823304e-29, 3.947254076530142e-31], [5.572796564490279e-12, 1.1291047410671995e-27, 6.848448011176726e-20, 9.649680356322779e-28, 1.7313085383660643e-19, 2.791672851937954e-20, 0.041334718465805054, 8.840233789442209e-08, 0.002120678313076496, 0.9565444588661194], [2.06939285113063e-27, 0.9958665370941162, 0.0024031070061028004, 0.001730324700474739, 4.4907477801496565e-14, 9.084346989929326e-12, 5.390126949117383e-34, 2.117834569334118e-29, 3.8987320162030016e-27, 4.699446009118496e-29]], "matchingNumbers": {"bestMatchIndex": 0, "bestMatchSequence": [0, 7, 3], "matchingNumbers": [7]}, "labels": [0, 1, 2, 3, 4, 5, 6, 7, 8, 9]}