{"currentPredictionRaw": [[1.047304781686797e-32, 7.520167214641882e-14, 0.9978606104850769, 3.1442979031840137e-29, 4.712995439882532e-19, 6.952831427042838e-06, 1.5175548961627513e-24, 1.0155730706173927e-05, 0.0021124770864844322, 9.802454769669566e-06], [1.2499266378862561e-11, 1.2079657909871274e-22, 9.441420124634651e-20, 5.999957804327654e-20, 0.9982841610908508, 0.0016652728663757443, 5.052225606050342e-05, 5.7007247094020245e-28, 4.0121316100157067e-13, 2.210514212247638e-27], [1.5985981206672035e-26, 8.767849536772135e-20, 0.0001327788777416572, 8.33431325184982e-31, 4.704634034777277e-13, 0.0059889815747737885, 2.088013763164277e-18, 2.5485500847207787e-16, 0.9938783049583435, 1.2736256063178617e-16]], "currentPrediction": [[2, 4, 8], [8, 5, 5], [7, 6, 2], [9, 0, 4], [5, 8, 7], [1, 2, 9], [4, 3, 6], [6, 1, 1], [3, 9, 0], [0, 7, 3]], "realResult": [8, 5, 7], "newPrediction": [[2, 1, 1], [8, 3, 3], [9, 7, 0], [7, 9, 7], [5, 0, 9], [1, 6, 6], [4, 2, 2], [6, 8, 8], [3, 5, 5], [0, 4, 4]], "newPredictionRaw": [[2.2489459770745486e-35, 1.519137463393272e-13, 0.9996923208236694, 2.209857345252082e-30, 1.6991214705473342e-21, 6.042455993338081e-07, 1.2310295374374397e-26, 5.200608939048834e-05, 0.0002008217852562666, 5.4326206736732274e-05], [5.662341151513317e-10, 0.999829888343811, 2.0526798385702796e-19, 0.00017013403703458607, 4.459390559971522e-22, 1.708384358600151e-20, 1.7259675623977802e-18, 5.1318802540833985e-09, 3.814876205737869e-20, 9.770183551083278e-10], [3.554360006319257e-08, 0.998286783695221, 4.5728946394430224e-17, 0.0017131558852270246, 1.2030048505900908e-18, 4.230766616954557e-18, 1.9581923668026465e-15, 2.813135147050616e-08, 8.396538344458373e-18, 6.487059778237381e-09]], "matchingNumbers": {"bestMatchIndex": 4, "bestMatchSequence": [5, 8, 7], "matchingNumbers": [8, 5, 7]}, "labels": [0, 1, 2, 3, 4, 5, 6, 7, 8, 9]}