{"currentPredictionRaw": [[0.006856313906610012, 2.712763262024964e-06, 0.019932502880692482, 1.8007234700752328e-13, 0.9732078909873962, 3.1211734738222476e-16, 1.0322554714215643e-13, 5.684433403985167e-07, 2.2922232014064816e-19, 4.433728118825876e-17], [6.923340833964176e-07, 2.3731135441044525e-27, 1.6748048905477269e-18, 1.6389645018825764e-31, 2.7168652933949253e-14, 4.9448318005540675e-24, 0.9925783276557922, 0.004451391752809286, 2.351752299845078e-11, 0.0029695674311369658], [1.3758163011634572e-11, 0.021401438862085342, 0.9781579375267029, 2.885276373376655e-08, 0.0004406567895784974, 3.387429768110517e-14, 3.361535741183571e-22, 7.642117597376694e-16, 2.8303837030125046e-22, 3.687462774962133e-22]], "currentPrediction": [[4, 6, 2], [2, 7, 1], [0, 9, 4], [1, 0, 3], [7, 8, 0], [3, 4, 5], [6, 2, 7], [5, 5, 9], [9, 1, 6], [8, 3, 8]], "realResult": [7, 6, 7], "newPrediction": [[6, 6, 5], [9, 9, 3], [7, 7, 1], [0, 0, 2], [8, 8, 8], [4, 4, 9], [2, 2, 4], [5, 5, 6], [1, 1, 7], [3, 3, 0]], "newPredictionRaw": [[3.2450159892505326e-07, 4.268623810206081e-27, 1.657635722958423e-18, 5.225350276269602e-31, 9.706136990059872e-15, 8.170013880903273e-24, 0.9944155216217041, 0.002425925340503454, 5.2603834482800593e-11, 0.0031582738738507032], [2.6179500878242834e-07, 5.497687998727997e-29, 9.147806550095272e-20, 9.645483630841755e-33, 2.826987708054278e-15, 7.20451429862118e-25, 0.993574321269989, 0.0031675768550485373, 1.349356563984383e-11, 0.003257911652326584], [0.0, 4.6035220293561e-05, 3.762447083353665e-15, 0.015269528143107891, 6.429800175065639e-29, 0.984684407711029, 4.3628109162204415e-33, 1.0992853071840516e-33, 8.86292673862752e-23, 6.734400160985221e-26]], "matchingNumbers": {"bestMatchIndex": 6, "bestMatchSequence": [6, 2, 7], "matchingNumbers": [6, 7]}, "labels": [0, 1, 2, 3, 4, 5, 6, 7, 8, 9]}