{"currentPredictionRaw": [[3.2450159892505326e-07, 4.268623810206081e-27, 1.657635722958423e-18, 5.225350276269602e-31, 9.706136990059872e-15, 8.170013880903273e-24, 0.9944155216217041, 0.002425925340503454, 5.2603834482800593e-11, 0.0031582738738507032], [2.6179500878242834e-07, 5.497687998727997e-29, 9.147806550095272e-20, 9.645483630841755e-33, 2.826987708054278e-15, 7.20451429862118e-25, 0.993574321269989, 0.0031675768550485373, 1.349356563984383e-11, 0.003257911652326584], [0.0, 4.6035220293561e-05, 3.762447083353665e-15, 0.015269528143107891, 6.429800175065639e-29, 0.984684407711029, 4.3628109162204415e-33, 1.0992853071840516e-33, 8.86292673862752e-23, 6.734400160985221e-26]], "currentPrediction": [[6, 6, 5], [9, 9, 3], [7, 7, 1], [0, 0, 2], [8, 8, 8], [4, 4, 9], [2, 2, 4], [5, 5, 6], [1, 1, 7], [3, 3, 0]], "realResult": [0, 7, 8], "newPrediction": [[7, 6, 7], [0, 7, 0], [6, 9, 6], [4, 0, 4], [9, 8, 9], [2, 4, 2], [8, 2, 8], [1, 5, 1], [5, 1, 5], [3, 3, 3]], "newPredictionRaw": [[0.030517728999257088, 5.62952985996234e-17, 2.138036692134193e-10, 5.493779436341653e-23, 1.715583721306757e-06, 1.1193718241797278e-19, 0.006442879792302847, 0.9630375504493713, 1.0082046823919541e-14, 7.41420933536574e-08], [1.6033092720135755e-07, 1.1417823765469195e-29, 3.525617284759184e-20, 1.246283998161248e-33, 1.0565758752734502e-15, 1.2983056754390275e-25, 0.9951695799827576, 0.0024966325145214796, 6.7093353442460035e-12, 0.0023335854057222605], [0.029681971296668053, 4.37933280446245e-18, 3.447567578640509e-11, 1.2159082319075098e-23, 1.1570996321097482e-06, 3.741411258233223e-20, 0.0029049133881926537, 0.9674119353294373, 1.3299188071874517e-15, 2.253825925890851e-08]], "matchingNumbers": {"bestMatchIndex": 2, "bestMatchSequence": [7, 7, 1], "matchingNumbers": [7]}, "labels": [0, 1, 2, 3, 4, 5, 6, 7, 8, 9]}