{"currentPredictionRaw": [[1.164891023142842e-28, 0.9975696206092834, 0.001419632462784648, 0.0010107392445206642, 9.29178033072433e-15, 2.011761850856386e-12, 5.540723545334324e-36, 8.404289019961049e-31, 3.908987484823304e-29, 3.947254076530142e-31], [5.572796564490279e-12, 1.1291047410671995e-27, 6.848448011176726e-20, 9.649680356322779e-28, 1.7313085383660643e-19, 2.791672851937954e-20, 0.041334718465805054, 8.840233789442209e-08, 0.002120678313076496, 0.9565444588661194], [2.06939285113063e-27, 0.9958665370941162, 0.0024031070061028004, 0.001730324700474739, 4.4907477801496565e-14, 9.084346989929326e-12, 5.390126949117383e-34, 2.117834569334118e-29, 3.8987320162030016e-27, 4.699446009118496e-29]], "currentPrediction": [[1, 9, 1], [2, 6, 2], [3, 8, 3], [5, 7, 5], [4, 0, 4], [0, 4, 8], [8, 2, 0], [7, 5, 9], [9, 1, 7], [6, 3, 6]], "realResult": [2, 3, 1], "newPrediction": [[7, 9, 2], [0, 6, 1], [6, 8, 4], [4, 7, 3], [9, 0, 0], [2, 4, 5], [8, 2, 7], [1, 5, 9], [5, 1, 6], [3, 3, 8]], "newPredictionRaw": [[0.03544047474861145, 5.896083849273877e-17, 2.503238449858003e-10, 4.833348873022967e-23, 2.228334324172465e-06, 1.0522444372604303e-19, 0.004152452107518911, 0.9604049324989319, 7.637125185185577e-15, 5.037336947566473e-08], [1.2065584534086404e-13, 1.4573288192603252e-32, 4.970399886897548e-23, 1.0548365413345e-32, 1.767451314736581e-22, 9.404635628976617e-24, 0.02737436629831791, 9.876070627967692e-09, 0.0010342106688767672, 0.9715914726257324], [1.855114117876866e-10, 0.016583411023020744, 0.9821303486824036, 3.682104576796519e-08, 0.0012862771982327104, 1.6742024975570369e-13, 2.138138452592547e-20, 1.8992116839161403e-14, 1.7085069816636134e-20, 2.3087061645165358e-20]], "matchingNumbers": {"bestMatchIndex": 0, "bestMatchSequence": [1, 9, 1], "matchingNumbers": [1]}, "labels": [0, 1, 2, 3, 4, 5, 6, 7, 8, 9]}