{"currentPredictionRaw": [[1.1848866241537545e-32, 1.3596317671726865e-07, 3.802802530117333e-05, 2.8076966944670724e-23, 6.47874007910489e-25, 8.941603013568056e-11, 1.2512725922672553e-28, 0.5112221837043762, 5.746966236230833e-10, 0.48873966932296753], [1.706074215235276e-07, 0.9894961714744568, 3.0337828415082212e-21, 0.010503709316253662, 6.318896111087584e-21, 3.4372678522106284e-21, 2.6456233691985717e-17, 1.4068547715684332e-10, 4.475745451450505e-21, 1.952381485648136e-11], [0.021261509507894516, 0.001857069437392056, 2.6285442400246873e-27, 0.9768814444541931, 1.994931666501083e-17, 1.696868534289121e-21, 1.3328132000833826e-12, 1.7455872525517723e-18, 5.793351889454229e-24, 2.699010722626571e-19]], "currentPrediction": [[8, 2, 4], [1, 10, 4], [1, 2, 3], [8, 2, 7], [9, 10, 5], [8, 6, 7], [10, 4, 5], [9, 5, 6], [9, 6, 7], [1, 3, 0]], "realResult": [6, 6, 5], "newPrediction": [[3, 5, 7], [1, 6, 9], [5, 6, 7], [8, 1, 6], [9, 10, 4], [2, 4, 0], [9, 3, 5], [2, 3, 7], [10, 4, 0], [8, 1, 0]], "newPredictionRaw": [[2.736641468992218e-10, 7.064554600761173e-21, 7.178135707711367e-20, 9.732592198047898e-18, 0.9985358715057373, 0.0012823966098949313, 0.0001817958109313622, 6.96084622754001e-27, 3.2657443372816064e-13, 2.3205368121806476e-26], [0.003006885526701808, 5.391949029658329e-17, 1.4888211307281417e-24, 4.022372712686462e-12, 0.00043747611925937235, 1.0435038944045516e-10, 0.9965555667877197, 5.614832932098175e-31, 3.368441336146745e-20, 2.578703022257619e-30], [5.370090188730137e-32, 5.883898782695768e-14, 0.9976970553398132, 1.1871936530107108e-28, 3.3785741306294574e-18, 9.855896678345744e-06, 1.445533966275949e-23, 2.515887899789959e-06, 0.002288236515596509, 2.3404561488860054e-06]], "matchingNumbers": {"bestMatchIndex": 7, "bestMatchSequence": [9, 5, 6], "matchingNumbers": [5, 6]}}