{"currentPredictionRaw": [[0.9998681545257568, 3.134956516603893e-09, 4.43907833623057e-28, 0.00012693028838839382, 7.531946594196981e-11, 4.039352556434479e-17, 4.846066985919606e-06, 8.03434001109322e-26, 6.2325253493175126e-24, 6.996083812174497e-26], [2.2311694948776164e-35, 1.6537266280219724e-14, 0.9994623064994812, 6.990425573690316e-31, 1.4753262210133354e-20, 1.439818447579455e-06, 2.9876421211358494e-26, 9.585420229996089e-06, 0.0005175586557015777, 9.051922461367212e-06], [1.266786367383875e-36, 1.2858248977555293e-14, 0.9996547698974609, 6.012055865578607e-32, 8.666888871446092e-22, 6.679271677967336e-07, 1.4843842156927211e-27, 1.2826390957343392e-05, 0.00031872655381448567, 1.3006949302507564e-05]], "currentPrediction": [[1, 3, 0], [9, 4, 0], [8, 10, 7], [8, 2, 10], [5, 6, 0], [2, 6, 0], [9, 5, 0], [8, 7, 0], [10, 4, 0], [1, 3, 0]], "realResult": [4, 0, 4], "newPrediction": [[1, 2, 6], [9, 4, 0], [8, 5, 7], [1, 2, 3], [10, 5, 7], [1, 6, 7], [9, 2, 3], [8, 9, 0], [10, 6, 0], [3, 4, 5]], "newPredictionRaw": [[0.9999198913574219, 7.046133121413334e-10, 4.1160526390878827e-29, 7.248069596244022e-05, 1.0325847815684241e-10, 5.592801717276005e-17, 7.646792255400214e-06, 4.927985185966495e-27, 2.6657339564952686e-24, 4.768629890508006e-27], [2.0466895485686082e-16, 1.1068883245678072e-18, 9.880543050400092e-10, 7.261521935415569e-22, 0.00012555978901218623, 0.9970170259475708, 9.451107674252057e-10, 1.4317799762120775e-19, 0.0028574822936207056, 1.1526111723663762e-19], [2.4926993802409925e-08, 0.9987840056419373, 4.3234335103092803e-16, 0.001215870026499033, 5.698018760320505e-18, 3.239558570474102e-17, 5.814424208625728e-15, 9.307455428597677e-08, 5.870156700154015e-17, 2.3737912968613273e-08]], "matchingNumbers": {"bestMatchIndex": 1, "bestMatchSequence": [9, 4, 0], "matchingNumbers": [0, 4]}}