{"currentPredictionRaw": [[3.3667171815574545e-20, 1.630823465145743e-34, 2.7247280318237036e-25, 6.10272174485753e-32, 2.0973098737314724e-29, 4.058270866651886e-24, 0.00013318048149812967, 9.078100176153434e-15, 0.9620034098625183, 0.037863507866859436], [0.034219447523355484, 2.0525580310552024e-16, 7.046495054119362e-10, 5.919373933676223e-22, 3.091884991590632e-06, 2.4798535620288623e-18, 0.010195055976510048, 0.955581545829773, 6.889951391537974e-13, 8.048497761592444e-07], [5.545173257311146e-19, 1.332981794220879e-32, 7.913767404199427e-24, 3.28104171280613e-30, 1.1797978172088965e-27, 8.856986931555568e-23, 0.00021998205920681357, 7.048882148547736e-14, 0.9546992182731628, 0.04508078098297119]], "currentPrediction": [[8, 7, 8], [9, 0, 9], [6, 6, 6], [7, 4, 7], [0, 9, 0], [5, 2, 5], [2, 8, 2], [4, 1, 4], [3, 5, 3], [1, 3, 1]], "realResult": [8, 6, 0], "newPrediction": [[5, 2, 3], [3, 1, 1], [1, 4, 5], [2, 3, 2], [8, 0, 8], [9, 5, 4], [4, 7, 9], [6, 8, 7], [7, 9, 6], [0, 6, 0]], "newPredictionRaw": [[0.0, 2.0109189790673554e-05, 1.9908982676598256e-16, 0.011136929504573345, 1.9404293145563235e-31, 0.9888429641723633, 2.0736315126835737e-36, 2.745406687308101e-37, 4.384681196064031e-25, 2.1090449560871438e-28], [3.7866246596629516e-12, 0.008169950917363167, 0.9909027218818665, 2.040354774024422e-09, 0.0009273001924157143, 1.044938383732005e-15, 1.1072837221449548e-24, 2.315272247963269e-17, 2.124321756732626e-24, 1.891617847668969e-24], [0.0, 0.009772554971277714, 3.4065406745442672e-12, 0.9901641011238098, 4.9032810177544725e-29, 6.33949093753472e-05, 0.0, 0.0, 9.516659625070733e-29, 1.7961850492888136e-32]], "matchingNumbers": {"bestMatchIndex": 0, "bestMatchSequence": [8, 7, 8], "matchingNumbers": [8]}, "labels": [0, 1, 2, 3, 4, 5, 6, 7, 8, 9]}