{"currentPredictionRaw": [[0.9998714923858643, 1.9024330999428685e-09, 4.232176886011265e-29, 0.0001255189417861402, 2.517894920339714e-11, 9.851991583566864e-18, 2.9597731554531492e-06, 8.024346283574597e-27, 1.345591206041236e-24, 6.4462188722862856e-27], [3.1714538765117383e-28, 1.1687714049912756e-06, 0.00015425078163389117, 6.848088704598148e-20, 2.5048763684790695e-21, 1.9138897133785804e-09, 1.5174632896901325e-24, 0.5026469826698303, 7.882807295800376e-09, 0.49719762802124023], [0.004071775823831558, 0.02870848774909973, 4.704982018646293e-22, 0.9672197699546814, 1.831893401619926e-15, 1.575145239769149e-18, 9.952634202892163e-12, 5.735108975181077e-14, 3.385179465088726e-20, 1.179191750619096e-14]], "currentPrediction": [[0, 7, 3], [3, 9, 1], [6, 2, 0], [1, 1, 6], [4, 8, 7], [5, 5, 9], [8, 3, 4], [7, 4, 5], [9, 6, 8], [2, 0, 2]], "realResult": [7, 9, 2], "newPrediction": [[1, 7, 1], [3, 9, 3], [7, 2, 0], [0, 1, 7], [9, 8, 9], [6, 5, 6], [2, 3, 2], [8, 4, 8], [5, 6, 5], [4, 0, 4]], "newPredictionRaw": [[7.170195548411584e-09, 0.9987239241600037, 2.9748405085321254e-18, 0.0012760997051373124, 6.783000576382735e-20, 2.569210833374457e-19, 1.1633047265450114e-16, 1.0486597368242201e-08, 4.169874595040867e-19, 2.1798856053578675e-09], [1.085435834780755e-32, 1.1717138193034771e-07, 3.318041126476601e-05, 4.206692600500413e-23, 1.2183837365926613e-24, 8.280316710074231e-11, 1.1993731136083942e-28, 0.5135579705238342, 4.6506809514568204e-10, 0.48640871047973633], [6.863356247777119e-07, 0.9915909767150879, 1.300227867166465e-16, 0.00840830709785223, 4.089523376691535e-17, 7.53292538900606e-17, 3.0663063640924346e-14, 3.305538953668474e-08, 9.083843377173174e-17, 7.529522783045195e-09]], "matchingNumbers": {"bestMatchIndex": 0, "bestMatchSequence": [0, 7, 3], "matchingNumbers": [7]}, "labels": [0, 1, 2, 3, 4, 5, 6, 7, 8, 9]}