{"currentPredictionRaw": [[1.1172421681677408e-27, 6.790598359556005e-20, 0.00012510039960034192, 1.0808933866545518e-31, 5.960508508203594e-14, 0.0045987339690327644, 2.3235288856643166e-19, 7.151825810748343e-16, 0.9952762126922607, 3.33195232879056e-16], [7.522501454195952e-32, 6.760079156241595e-23, 2.3028842406347394e-05, 9.234863596108416e-37, 2.394625669358951e-16, 0.0018660889472812414, 2.1636791080335424e-22, 2.392915432083467e-18, 0.9981108903884888, 1.0011753660665662e-18], [4.122766009576841e-28, 8.809644775925937e-21, 3.182926957379095e-05, 7.681517627997787e-33, 1.897787482718627e-14, 0.00411349069327116, 9.568951341809868e-20, 3.450940274672843e-17, 0.9958546757698059, 1.587265296899429e-17]], "currentPrediction": [[8, 8, 8], [5, 5, 5], [2, 2, 2], [4, 4, 4], [7, 7, 7], [9, 9, 9], [6, 6, 6], [1, 1, 1], [0, 0, 0], [3, 3, 3]], "realResult": [0, 5, 1], "newPrediction": [[0, 2, 2], [3, 8, 8], [6, 7, 9], [1, 9, 7], [4, 5, 5], [5, 1, 1], [8, 4, 4], [7, 6, 6], [9, 3, 3], [2, 0, 0]], "newPredictionRaw": [[0.9998675584793091, 3.1082036944241054e-09, 4.281559414974055e-28, 0.00012752182374242693, 7.456683881468251e-11, 3.939447336411549e-17, 4.839962912228657e-06, 7.824575117121549e-26, 6.0304748000937075e-24, 6.804880568783643e-26], [2.1937103699666228e-35, 1.5817335708898615e-14, 0.9994527697563171, 6.610365680577935e-31, 1.4927881329913005e-20, 1.4589859347324818e-06, 2.97882814126396e-26, 9.13644635147648e-06, 0.000528119329828769, 8.554181476938538e-06], [1.2391120455392102e-36, 1.2663981124069572e-14, 0.9996535778045654, 5.841499863734749e-32, 8.623182190764503e-22, 6.684616664642817e-07, 1.4659420883242523e-27, 1.269182212126907e-05, 0.00032025418477132916, 1.2762718142766971e-05]], "matchingNumbers": {"bestMatchIndex": 1, "bestMatchSequence": [5, 5, 5], "matchingNumbers": [5]}, "labels": [0, 1, 2, 3, 4, 5, 6, 7, 8, 9]}