{"currentPredictionRaw": [[0.9999204874038696, 6.913069561242935e-10, 4.032411307162468e-29, 7.176185317803174e-05, 1.0386713017451754e-10, 5.5462764474145925e-17, 7.717657354078256e-06, 4.797003460820697e-27, 2.6035865083058258e-24, 4.651739424393312e-27], [2.228013229842846e-16, 1.0442437654300585e-18, 8.538544316039065e-10, 7.679489473082973e-22, 0.00013805848720949143, 0.9973157048225403, 1.0268086381159947e-09, 1.278228629646269e-19, 0.002546225907281041, 1.0385980251048368e-19], [2.461563042288617e-08, 0.9987932443618774, 4.3513869210576523e-16, 0.0012065781047567725, 5.654483831091533e-18, 3.254675461604631e-17, 5.762872936422884e-15, 9.394096878168057e-08, 5.889321482330134e-17, 2.3950478933443264e-08]], "currentPrediction": [[0, 5, 1], [3, 8, 3], [6, 4, 7], [1, 6, 0], [4, 2, 9], [5, 0, 6], [8, 1, 2], [7, 7, 8], [9, 9, 5], [2, 3, 4]], "realResult": [4, 0, 5], "newPrediction": [[4, 0, 4], [5, 3, 5], [6, 6, 6], [0, 4, 0], [8, 1, 8], [3, 5, 3], [2, 8, 2], [1, 9, 1], [9, 7, 9], [7, 2, 7]], "newPredictionRaw": [[7.19989956543543e-10, 1.151737365909139e-20, 4.9032168016020674e-20, 2.5841625261969017e-17, 0.9977449178695679, 0.002012864453718066, 0.00024223022046498954, 8.551095056712306e-27, 5.21548516180248e-13, 2.746284888654032e-26], [0.9999829530715942, 2.7881903383319973e-11, 9.298807424644422e-32, 9.837733159656636e-06, 3.468615672463926e-11, 2.8722076604393023e-18, 7.211736829049187e-06, 5.032012958807938e-30, 8.537156716518787e-27, 6.57912489635455e-30], [2.2476799935167158e-11, 5.732421724639023e-22, 1.0707985507643922e-20, 1.0402803295250106e-18, 0.9986982345581055, 0.0012731271563097835, 2.8619213480851613e-05, 5.2814011307778275e-28, 8.869578791044497e-14, 1.814963446188482e-27]], "matchingNumbers": {"bestMatchIndex": 0, "bestMatchSequence": [0, 5, 1], "matchingNumbers": [0, 5]}, "labels": [0, 1, 2, 3, 4, 5, 6, 7, 8, 9]}