{"currentPredictionRaw": [[1.0159542540577604e-08, 5.932006338723101e-19, 1.432529479395233e-18, 8.663127406227883e-16, 0.9964543581008911, 0.002561247441917658, 0.000984407146461308, 3.912333226211616e-25, 3.2459477813939763e-12, 1.2587130670807277e-24], [1.5303962541679539e-09, 0.9996528625488281, 1.2865546378154125e-16, 0.0003469841612968594, 2.583724492703524e-19, 7.74368108291722e-18, 2.259645410560262e-16, 1.191379581655383e-07, 1.2053596476783914e-17, 2.983603408779345e-08], [2.3413268903972003e-30, 1.4648745150225295e-07, 0.0002322227810509503, 1.4395702283195762e-21, 4.634312198441995e-22, 1.1491715357081489e-09, 4.7633880484597686e-26, 0.4944429099559784, 6.247440342832533e-09, 0.5053247213363647]], "currentPrediction": [[4, 1, 9], [5, 3, 7], [6, 7, 2], [0, 9, 1], [8, 0, 8], [3, 6, 5], [2, 2, 3], [1, 8, 4], [9, 5, 6], [7, 4, 0]], "realResult": [5, 2, 3], "newPrediction": [[8, 9, 8], [5, 7, 5], [2, 2, 2], [4, 8, 4], [7, 1, 7], [9, 5, 9], [6, 4, 6], [1, 3, 1], [0, 6, 0], [3, 0, 3]], "newPredictionRaw": [[3.1944926208784762e-27, 3.142988542680986e-19, 0.00027300379588268697, 6.48487272487059e-31, 8.447687265423359e-14, 0.004825434647500515, 3.4797410078816835e-19, 4.18532192952327e-15, 0.9949015378952026, 2.0706203204411307e-15], [2.53196116530314e-35, 2.272905863520691e-09, 0.0006306539289653301, 1.921797515024163e-26, 1.5519091722875441e-25, 3.4313257790685725e-10, 5.998739136765995e-30, 0.47309359908103943, 6.987249001610962e-09, 0.5262757539749146], [4.538621978299188e-25, 5.83146284546001e-18, 5.7702276535565034e-05, 9.397168310936766e-29, 2.539200945859965e-13, 0.0077225081622600555, 7.026738003418522e-18, 1.5411103789593136e-14, 0.9922198057174683, 6.862586399754983e-15]], "matchingNumbers": {"bestMatchIndex": 1, "bestMatchSequence": [5, 3, 7], "matchingNumbers": [3, 5]}, "labels": [0, 1, 2, 3, 4, 5, 6, 7, 8, 9]}