{"currentPredictionRaw": [[2.737790827378461e-10, 7.064745240042972e-21, 7.17397783266358e-20, 9.734637815702741e-18, 0.998536229133606, 0.0012818414252251387, 0.0001818619348341599, 6.957849480546543e-27, 3.2631178575187603e-13, 2.319546421966046e-26], [0.003006053389981389, 5.39071884665134e-17, 1.4896801016463142e-24, 4.020749445193816e-12, 0.0004376416909508407, 1.0441536524297135e-10, 0.996556282043457, 5.617193794952367e-31, 3.3697548084865994e-20, 2.579905599998284e-30], [5.365662101510589e-32, 5.875807246357237e-14, 0.9976961016654968, 1.1849574076040342e-28, 3.37783628552306e-18, 9.858462362899445e-06, 1.4448711653433824e-23, 2.512008677513222e-06, 0.0022892155684530735, 2.336666966584744e-06]], "currentPrediction": [[4, 6, 2], [5, 0, 8], [6, 4, 5], [0, 5, 7], [8, 3, 9], [3, 1, 1], [2, 8, 4], [1, 2, 6], [9, 9, 3], [7, 7, 0]], "realResult": [7, 6, 7], "newPrediction": [[6, 6, 5], [0, 0, 8], [4, 4, 4], [5, 5, 6], [3, 3, 2], [1, 1, 0], [8, 8, 1], [2, 2, 7], [9, 9, 9], [7, 7, 3]], "newPredictionRaw": [[0.006113451439887285, 6.78024251530413e-16, 4.129275447869924e-24, 6.053097606484314e-11, 0.0006153196445666254, 2.4655510966198335e-10, 0.9932711720466614, 2.058336424357643e-29, 1.3440700092069879e-19, 8.310821646121517e-29], [0.0027824833523482084, 1.1193716587436053e-17, 3.30538604929514e-26, 2.557679111905853e-12, 0.00036121593439020216, 5.297570021545184e-11, 0.9968562126159668, 1.412780081289656e-32, 3.447374157526694e-21, 6.78643569132263e-32], [1.066315632509964e-17, 1.764625693229081e-20, 1.0262402733163256e-10, 2.4015972535743563e-23, 0.0003520457539707422, 0.9992120265960693, 2.4205509818742144e-10, 6.382474715464444e-21, 0.0004358550941105932, 5.9800194396115016e-21]], "matchingNumbers": {"bestMatchIndex": 0, "bestMatchSequence": [4, 6, 2], "matchingNumbers": [6]}, "labels": [0, 1, 2, 3, 4, 5, 6, 7, 8, 9]}