{"currentPredictionRaw": [[0.006110014859586954, 6.774137525336794e-16, 4.1284700208856934e-24, 6.046978889839849e-11, 0.0006154812290333211, 2.466218063101877e-10, 0.993274450302124, 2.0569146968541653e-29, 1.3439359800983601e-19, 8.305398347768745e-29], [0.0027824437711387873, 1.1193802614219758e-17, 3.3053361291909814e-26, 2.5576645835967415e-12, 0.00036120839649811387, 5.297469754528272e-11, 0.9968563318252563, 1.4127479021318023e-32, 3.4473091301445546e-21, 6.786281113815497e-32], [1.0682620712093626e-17, 1.7650974446721777e-20, 1.0245586323787137e-10, 2.40582539025416e-23, 0.0003524187777657062, 0.999212384223938, 2.423563849607291e-10, 6.38084620363348e-21, 0.0004351765674073249, 5.979473775057029e-21]], "currentPrediction": [[6, 7, 0], [1, 9, 0], [5, 0, 0], [6, 7, 0], [3, 4, 0], [1, 2, 0], [9, 2, 0], [8, 3, 0], [10, 0, 0], [8, 4, 0]], "realResult": [0, 7, 8], "newPrediction": [[10, 7, 0], [8, 1, 0], [3, 5, 0], [2, 6, 0], [9, 4, 0], [2, 6, 0], [9, 4, 0], [3, 5, 0], [10, 7, 0], [8, 1, 0]], "newPredictionRaw": [[8.368748653560548e-31, 7.56825500047853e-08, 0.0003408945049159229, 2.863817269006454e-22, 2.1050917338890986e-22, 1.4479374366160869e-09, 2.145861591423734e-26, 0.48778316378593445, 1.0069213018937262e-08, 0.5118758678436279], [0.011550006456673145, 1.1804963473763253e-12, 5.441688826777699e-19, 6.5302350193974235e-09, 0.0023637735284864902, 1.2057650877750348e-08, 0.9860861301422119, 3.517354387082084e-23, 6.413476719747426e-16, 1.1038294619574776e-22], [1.155595522266257e-27, 7.52403138903901e-07, 0.0004988345317542553, 1.268075246121122e-19, 2.673527711334513e-20, 6.31252206062527e-09, 1.3242426577936924e-23, 0.4860883355140686, 2.6275451148194406e-08, 0.5134121179580688]], "matchingNumbers": {"bestMatchIndex": 0, "bestMatchSequence": [6, 7, 0], "matchingNumbers": [0, 7]}}