{"currentPredictionRaw": [[0.9651512503623962, 1.1964315649315438e-10, 1.698168671282474e-05, 1.2489304765459483e-17, 0.014315495267510414, 7.677022733254635e-18, 4.993330193769907e-08, 0.02051626145839691, 4.6224073548047315e-17, 9.433957521426395e-13], [2.2045184688151975e-12, 0.005768598988652229, 0.9937627911567688, 4.280717169624637e-10, 0.0004685963795054704, 1.3432248477558695e-16, 1.4456173883166762e-24, 2.4882919623297608e-17, 3.7788224623074857e-25, 8.988412302213702e-25], [1.755122262803166e-11, 0.008768168278038502, 0.9900743365287781, 1.2686394157412906e-09, 0.0011575361713767052, 7.997126046229916e-16, 6.347012653606148e-23, 2.9480560859690256e-16, 1.10827226346681e-23, 3.734192055088167e-23]], "currentPrediction": [[0, 2, 2], [7, 1, 1], [4, 4, 4], [2, 3, 3], [6, 0, 0], [1, 5, 5], [9, 7, 7], [8, 6, 6], [3, 9, 9], [5, 8, 8]], "realResult": [4, 0, 4], "newPrediction": [[0, 5, 1], [4, 3, 2], [7, 1, 3], [2, 2, 5], [6, 8, 4], [1, 9, 8], [9, 4, 0], [3, 6, 9], [8, 7, 7], [5, 0, 6]], "newPredictionRaw": [[0.9648751616477966, 3.792394176471703e-10, 2.5925655791070312e-05, 3.1019408628358997e-17, 0.023000674322247505, 6.2888151420436416e-18, 1.7325776369148116e-08, 0.012098276056349277, 6.399068805119916e-18, 1.756906116900589e-13], [0.0, 1.3714876331505366e-05, 5.931028590559548e-17, 0.009593295864760876, 1.279356917430717e-32, 0.9903929829597473, 4.774052909542004e-38, 0.0, 3.296053763156617e-26, 1.2288229748241778e-29], [4.9367332171822636e-30, 0.9976237416267395, 0.0013703583972528577, 0.0010059252381324768, 2.7837348176356844e-15, 1.3872335355089027e-12, 7.496640180033777e-38, 1.3382553557522554e-32, 7.013409309435334e-30, 3.8268471322304997e-32]], "matchingNumbers": {"bestMatchIndex": 0, "bestMatchSequence": [0, 2, 2], "matchingNumbers": [0]}, "labels": [0, 1, 2, 3, 4, 5, 6, 7, 8, 9]}