{"currentPredictionRaw": [[0.030745862051844597, 9.144886659401627e-17, 3.3193239823425813e-10, 7.845320783352658e-23, 2.252232434329926e-06, 2.0644561763066498e-19, 0.00972664449363947, 0.9595249891281128, 3.283206429709022e-14, 1.8543761370892753e-07], [2.136519052040438e-31, 0.998525083065033, 0.0008799984934739769, 0.0005949829355813563, 5.852675263611667e-16, 5.254110474060998e-14, 0.0, 2.6024106424848943e-34, 9.266809880667864e-33, 3.311624438669701e-35], [0.9627688527107239, 5.315572426667359e-10, 3.639115675468929e-05, 2.832896729008332e-17, 0.027681415900588036, 5.3388387403765044e-18, 1.3884932315022525e-08, 0.009513367898762226, 9.207741136299326e-18, 1.968122930254279e-13]], "currentPrediction": [[7, 1, 0], [0, 2, 4], [6, 3, 7], [4, 5, 2], [9, 4, 6], [2, 0, 1], [8, 8, 9], [1, 7, 3], [5, 9, 8], [3, 6, 5]], "realResult": [8, 7, 8], "newPrediction": [[4, 1, 9], [2, 2, 6], [0, 3, 8], [1, 5, 7], [7, 4, 0], [6, 0, 4], [3, 8, 5], [5, 7, 2], [9, 9, 3], [8, 6, 1]], "newPredictionRaw": [[0.004895960446447134, 2.4276569092762657e-06, 0.023533537983894348, 1.0346631456334757e-13, 0.9715673923492432, 3.38648642751716e-16, 3.562740109441104e-13, 6.596177399842418e-07, 7.097993926323254e-19, 1.759991924631281e-16], [2.4825558598405855e-30, 0.9985687732696533, 0.000960362667683512, 0.00047087675193324685, 1.1088455372946842e-15, 1.3490050005879328e-13, 3.505868831017873e-38, 1.1855391704552547e-32, 2.760429370759149e-31, 2.9369797986981857e-33], [1.1366159749504057e-11, 2.1890716015816105e-26, 3.792923220021624e-19, 4.469003339409962e-26, 6.759554012672949e-19, 4.2286010581108934e-19, 0.044251274317502975, 1.2584433761730907e-07, 0.003696468425914645, 0.9520520567893982]], "matchingNumbers": {"bestMatchIndex": 0, "bestMatchSequence": [7, 1, 0], "matchingNumbers": [7]}, "labels": [0, 1, 2, 3, 4, 5, 6, 7, 8, 9]}