{
  "currentPredictionRaw": [],
  "currentPrediction": [
    {
      "name": "MarkovBayesian Model",
      "predictions": [
        [
          0,
          3,
          4
        ]
      ]
    },
    {
      "name": "PoissonMonteCarlo Model",
      "predictions": [
        [
          4,
          8,
          9
        ]
      ]
    }
  ],
  "realResult": [
    9,
    6,
    2
  ],
  "newPrediction": [
    {
      "name": "MarkovBayesian Model",
      "predictions": [
        [
          0,
          2,
          4
        ]
      ]
    },
    {
      "name": "PoissonMonteCarlo Model",
      "predictions": [
        [
          4,
          8,
          9
        ]
      ]
    }
  ],
  "newPredictionRaw": [],
  "matchingNumbers": {
    "model": "PoissonMonteCarlo Model",
    "prediction": [
      4,
      8,
      9
    ],
    "matching_numbers": [
      9
    ],
    "match_count": 1
  },
  "labels": [
    0,
    1,
    2,
    3,
    4,
    5,
    6,
    7,
    8,
    9
  ],
  "numberFrequency": {
    "6": 0.1000994215473608,
    "4": 0.10127440347071584,
    "1": 0.10018980477223427,
    "0": 0.10244938539407086,
    "5": 0.09896963123644252,
    "3": 0.09761388286334056,
    "2": 0.10109363702096891,
    "8": 0.10059652928416486,
    "7": 0.09788503253796095,
    "9": 0.09982827187274042
  }
}