{"currentPredictionRaw": [[3.478477594853757e-07, 2.034762704800603e-27, 9.957283817329046e-19, 2.8587839234879304e-31, 9.438793910148627e-15, 6.664414467581986e-24, 0.9935368895530701, 0.0027327267453074455, 4.604147965658889e-11, 0.0037299885880202055], [0.015494056046009064, 1.4767789892758743e-19, 4.309443860789353e-12, 9.782316493809404e-26, 2.1617677248286782e-07, 1.1365731217581569e-21, 0.006634642370045185, 0.9778710603713989, 5.42964901030274e-16, 3.808014525930048e-08], [2.548717747269391e-12, 0.016796093434095383, 0.9828734993934631, 6.8851067069886085e-09, 0.00033045015879906714, 3.464627546241974e-15, 6.2622445006303564e-24, 5.1484694089700805e-17, 3.578260444308026e-24, 5.467968065295002e-24]], "currentPrediction": [[6, 7, 2], [9, 0, 1], [7, 6, 4], [0, 4, 3], [8, 9, 0], [4, 2, 5], [2, 8, 7], [5, 1, 6], [1, 5, 9], [3, 3, 8]], "realResult": [8, 7, 9], "newPrediction": [[8, 7, 9], [9, 0, 6], [6, 6, 8], [7, 4, 7], [0, 9, 0], [5, 2, 2], [2, 8, 4], [4, 1, 5], [3, 5, 3], [1, 3, 1]], "newPredictionRaw": [[3.556634619025362e-20, 1.9093811879795658e-34, 2.967831296985663e-25, 7.194291088755685e-32, 2.2875648193103652e-29, 4.5318138128642915e-24, 0.00013480609050020576, 9.417020928239456e-15, 0.961807370185852, 0.03805774822831154], [0.03249526768922806, 1.4881041423811032e-16, 5.335336061840223e-10, 3.5184723607569634e-22, 2.7273138130112784e-06, 1.4338156418501763e-18, 0.01075015775859356, 0.95675128698349, 3.392059040336487e-13, 6.144933308860345e-07], [2.8761655600575975e-13, 4.940294682946611e-30, 2.6407222048388646e-21, 5.613783356702213e-30, 1.7662412399732953e-21, 6.810869050545599e-22, 0.026434173807501793, 1.1227200502617052e-08, 0.007162954192608595, 0.9664028882980347]], "matchingNumbers": {"bestMatchIndex": 4, "bestMatchSequence": [8, 9, 0], "matchingNumbers": [8, 9]}, "labels": [0, 1, 2, 3, 4, 5, 6, 7, 8, 9]}