{"currentPredictionRaw": [[0.018677400425076485, 4.023516514479396e-18, 1.1182351294988182e-28, 4.482976157071083e-19, 0.9375972151756287, 4.1969738617808616e-07, 0.043724946677684784, 4.905488013100119e-29, 2.350936222791554e-19, 1.6856686713140334e-08], [5.750334257357009e-28, 2.887557911890326e-06, 0.9999855756759644, 0.0, 0.0, 0.0, 0.0, 1.1559081031009555e-05, 0.0, 2.274968394879722e-28], [0.029957199469208717, 9.909402467571414e-19, 6.223315733818276e-30, 6.596550835139015e-20, 0.9333571195602417, 1.7310823352545412e-07, 0.036685481667518616, 4.92624141288366e-30, 3.469632990043256e-20, 2.463645110140078e-08]], "currentPrediction": [[4, 2, 6], [6, 7, 0], [1, 0, 4], [7, 1, 6], [4, 0, 1], [3, 3, 4], [8, 2, 3], [1, 5, 9]], "realResult": [3, 3, 8], "newPrediction": [[3, 8, 5], [8, 5, 7], [2, 1, 7], [3, 1, 2], [0, 7, 2], [4, 3, 4], [8, 9, 7], [1, 5, 9]], "newPredictionRaw": [[0.0, 0.0, 0.0, 0.9999969005584717, 0.0, 2.8398376983318485e-09, 2.923480566214249e-35, 1.2347415301536336e-38, 3.053494765481446e-06, 0.0], [0.0, 0.0, 0.0, 0.9999451637268066, 0.0, 2.5721298424485894e-09, 2.6879038644838444e-35, 6.762599485237686e-35, 5.483616769197397e-05, 0.0], [0.0, 0.0, 9.927659545123877e-30, 0.0014500335091724992, 0.0, 7.600981611699878e-14, 1.1660260573585376e-37, 7.2022459339776e-14, 0.9985499978065491, 0.0]], "matchingNumbers": {"bestMatchIndex": 6, "bestMatchSequence": [8, 2, 3], "matchingNumbers": [8, 3]}, "labels": [0, 1, 2, 3, 4, 5, 6, 7, 8, 9], "numberFrequency": {"6": 0.10004111278607647, "4": 0.10141153898862547, "1": 0.09999543191265817, "0": 0.10218811383673655, "5": 0.09876204833036407, "3": 0.09789411173541639, "2": 0.10100041112786076, "8": 0.10063496414051437, "7": 0.09803115435567128, "9": 0.10004111278607647}}