{"currentPredictionRaw": [[2.1792977145107528e-11, 0.011268681846559048, 0.9881511926651001, 2.1804684724457957e-09, 0.0005801021470688283, 2.0358472886157367e-15, 5.698405032663935e-22, 1.4242845243795667e-15, 7.407210786875703e-23, 2.705386231334211e-22], [0.0, 0.009152524173259735, 7.82681319928813e-13, 0.9908469319343567, 8.568292346095683e-32, 6.115086534919101e-07, 0.0, 0.0, 1.0914194132671273e-33, 3.539908332534173e-38], [8.324352582918691e-32, 0.998391330242157, 0.0007503125234507024, 0.0008583858143538237, 3.2975490268466424e-16, 1.0620900724655699e-13, 0.0, 1.2428284809884373e-34, 1.0420306030208863e-31, 3.721343511223475e-34]], "currentPrediction": [[2, 3, 1], [1, 1, 3], [4, 5, 2], [3, 2, 5], [0, 4, 4], [5, 8, 8], [7, 9, 0], [6, 7, 9], [9, 6, 7], [8, 0, 6]], "realResult": [9, 1, 3], "newPrediction": [[6, 6, 3], [9, 9, 1], [7, 7, 5], [0, 0, 2], [8, 8, 4], [4, 4, 8], [2, 2, 9], [5, 5, 7], [1, 1, 6], [3, 3, 0]], "newPredictionRaw": [[3.0220752478271606e-07, 4.652303336681028e-27, 1.7731267834806534e-18, 6.18455554733155e-31, 9.352085688437047e-15, 1.010822855895229e-23, 0.9939528107643127, 0.002245514187961817, 7.747874564145718e-11, 0.0038013544399291277], [5.077296805211517e-07, 8.354082245644208e-28, 8.086874389957562e-19, 1.3697550190965227e-31, 1.353343926860243e-14, 5.9347102416434975e-24, 0.9914914965629578, 0.0039169336669147015, 5.532448804634882e-11, 0.00459107244387269], [2.2501551877874613e-38, 0.02268061228096485, 4.3153253193040086e-10, 0.9772958159446716, 2.5311611885974847e-24, 2.3486589270760305e-05, 2.924518583096372e-38, 2.4038113310909496e-36, 3.009552694259764e-27, 6.787423811873932e-31]], "matchingNumbers": {"bestMatchIndex": 0, "bestMatchSequence": [2, 3, 1], "matchingNumbers": [1, 3]}, "labels": [0, 1, 2, 3, 4, 5, 6, 7, 8, 9]}