{"currentPredictionRaw": [[0.9912102222442627, 3.325621028560377e-12, 3.3675954147234386e-20, 6.506638006165133e-10, 0.00039221442420966923, 1.0521321200940292e-06, 0.008396586403250694, 1.7653797028905981e-22, 1.7259070561603806e-10, 2.88802646860331e-20], [3.73261446383736e-17, 5.105309777159448e-38, 0.0, 0.0, 4.668934417799654e-35, 0.9974682331085205, 3.165570888086222e-05, 7.592409186898208e-34, 0.0025001615285873413, 2.815257709306867e-25], [1.6927788110045888e-13, 0.9402209520339966, 0.009997404180467129, 0.04978022351861, 4.567401123978243e-09, 3.740839484627444e-16, 3.85580663128356e-15, 1.43082309023157e-06, 2.5309082413140437e-16, 7.45143236002832e-09]], "currentPrediction": [[0, 5, 1], [6, 8, 3], [4, 6, 2], [5, 0, 7], [3, 9, 9], [8, 7, 4], [1, 4, 0], [2, 1, 6], [9, 2, 5], [7, 3, 8]], "realResult": [4, 0, 5], "newPrediction": [[4, 0, 4], [0, 6, 0], [3, 4, 3], [1, 5, 1], [6, 3, 6], [5, 8, 5], [8, 1, 2], [2, 2, 8], [9, 9, 9], [7, 7, 7]], "newPredictionRaw": [[0.05769158527255058, 2.4766879505477846e-05, 4.2934511740137793e-13, 0.023183705285191536, 0.9190962314605713, 1.771710278486438e-10, 3.766723466469557e-06, 1.3999408173278128e-17, 4.937944042375519e-13, 5.163296125141726e-17], [0.9958524703979492, 5.597700037870967e-13, 2.2147974966402557e-21, 1.6124290791452722e-10, 0.00027588612283580005, 2.188730121588378e-07, 0.0038714217953383923, 7.766540715736219e-24, 2.5839075670774925e-11, 1.4269945990435518e-21], [0.05172864347696304, 5.524732841877267e-05, 1.6327250966161055e-12, 0.03609039634466171, 0.9121227860450745, 1.2897467815964347e-10, 2.9791801807732554e-06, 4.146680564402214e-17, 4.251409879522938e-13, 1.066631201913653e-16]], "matchingNumbers": {"bestMatchIndex": 0, "bestMatchSequence": [0, 5, 1], "matchingNumbers": [0, 5]}, "labels": [0, 1, 2, 3, 4, 5, 6, 7, 8, 9]}