{"currentPredictionRaw": [[0.0, 1.3164656232557645e-25, 3.000091023910919e-18, 2.5526968817688403e-27, 2.590175506951487e-36, 2.6040217623102815e-24, 6.0710600616575214e-34, 1.207400828207028e-07, 2.458254519658898e-16, 0.9999998807907104], [0.00740199675783515, 2.8381575977041694e-17, 1.3334823558602505e-20, 1.6587625497478734e-18, 3.848595053757009e-11, 0.04518574848771095, 0.9473376870155334, 9.829305534882138e-19, 7.45407014619559e-05, 1.5508048298593167e-16], [3.8136807735735994e-35, 6.646718765657145e-13, 0.00015928011271171272, 2.3655163564225975e-17, 1.906288092061832e-30, 8.249754998039021e-25, 1.3419167973111401e-30, 0.9846177101135254, 5.865424430565755e-22, 0.015222971327602863]], "currentPrediction": [[9, 6, 7], [7, 5, 9], [8, 0, 2], [2, 8, 1], [5, 4, 3], [1, 9, 8], [3, 1, 5], [6, 3, 4], [4, 7, 6], [0, 2, 0]], "realResult": [3, 2, 5], "newPrediction": [[3, 9, 0], [4, 7, 6], [1, 8, 4], [0, 2, 5], [6, 5, 3], [2, 1, 8], [5, 3, 1], [7, 6, 2], [8, 4, 9], [9, 0, 7]], "newPredictionRaw": [[0.00012056808191118762, 0.027662934735417366, 4.704101552732709e-09, 0.9396284222602844, 0.032588087022304535, 2.6313244118336687e-12, 1.0886518353458996e-08, 4.7252037894442156e-14, 3.5538212590823307e-14, 2.114011785449895e-14], [0.0, 7.488474149178733e-25, 2.306207341066423e-17, 6.3451803503578536e-27, 3.4926866482081537e-37, 7.593701784440361e-25, 1.3199489460082931e-34, 3.9173951904558635e-07, 3.825614710978942e-17, 0.9999996423721313], [0.9807625412940979, 1.0260039484677463e-09, 1.3038770968614734e-15, 9.572050885253702e-08, 0.004223322961479425, 1.2351553777989466e-05, 0.015001694671809673, 2.220930644740371e-17, 1.778069780300484e-08, 6.808538709698344e-16]], "matchingNumbers": {"bestMatchIndex": 4, "bestMatchSequence": [5, 4, 3], "matchingNumbers": [3, 5]}, "labels": [0, 1, 2, 3, 4, 5, 6, 7, 8, 9]}