{"currentPredictionRaw": [[1.5331436196516544e-26, 1.177414053786808e-18, 0.0006037896382622421, 5.203570810977115e-30, 2.4956179158798497e-13, 0.005496665835380554, 1.174677430127753e-18, 1.6516361507081488e-14, 0.9938995838165283, 8.743476422208834e-15], [5.01609768077669e-19, 2.3245891631885477e-21, 1.868369348123622e-10, 2.147979251545945e-25, 3.419149652472697e-05, 0.9992855191230774, 2.929650619321045e-11, 6.002857783232991e-21, 0.0006803047144785523, 6.258579377134053e-21], [8.187589927771143e-31, 5.203745345738753e-08, 0.0007716597756370902, 2.0379919825974683e-22, 3.7433108453904147e-22, 2.480856631237316e-09, 4.3713922794477593e-26, 0.4809606969356537, 2.2402852906111548e-08, 0.5182675719261169]], "currentPrediction": [[8, 5, 9], [5, 8, 7], [2, 4, 2], [4, 2, 1], [7, 6, 8], [9, 0, 5], [1, 9, 4], [6, 7, 3], [0, 1, 6], [3, 3, 0]], "realResult": [0, 7, 3], "newPrediction": [[2, 1, 6], [8, 3, 0], [9, 7, 4], [7, 9, 5], [5, 0, 3], [1, 6, 1], [4, 2, 8], [6, 8, 2], [3, 5, 9], [0, 4, 7]], "newPredictionRaw": [[1.8922926397446347e-35, 6.762688011582169e-14, 0.9996806383132935, 1.2484490096975971e-30, 3.1778174832045428e-21, 7.746392043372907e-07, 1.455850812453946e-26, 2.5930345145752653e-05, 0.00026643151068128645, 2.6239080398227088e-05], [5.981791506570744e-09, 0.9996508359909058, 1.3137548509852183e-16, 0.0003491577226668596, 3.8388340704637896e-19, 6.0674169423713735e-18, 8.72456588226579e-16, 5.299960648130764e-08, 1.5572439346196745e-17, 1.274618188773502e-08], [0.01902347430586815, 7.651265688732312e-13, 1.1138007627541831e-19, 9.867670236474169e-09, 0.0022579971700906754, 2.0371876630065344e-08, 0.9787185192108154, 7.187768457932762e-24, 8.375607366238331e-16, 2.1199972606932496e-23]], "matchingNumbers": {"bestMatchIndex": 7, "bestMatchSequence": [6, 7, 3], "matchingNumbers": [3, 7]}, "labels": [0, 1, 2, 3, 4, 5, 6, 7, 8, 9]}