{"currentPredictionRaw": [[5.06521655378183e-27, 9.861205217537848e-17, 2.2060041374061257e-05, 3.9217522254199547e-25, 1.0216455583511704e-34, 3.975197269961053e-30, 1.70180644916299e-36, 0.9999779462814331, 2.672625358871028e-12, 5.209824772544552e-26], [0.00025221516261808574, 2.873779163313321e-14, 8.090076794883643e-16, 1.430082102160668e-05, 0.18696212768554688, 0.013393143191933632, 0.7993781566619873, 2.5408897940315187e-14, 6.426111198720719e-09, 8.695804076808145e-09], [0.018208809196949005, 3.9399754482192725e-15, 2.5071774573118085e-19, 1.1866359457546327e-11, 0.9445953965187073, 1.2757772083205055e-06, 0.03719428926706314, 1.1122905377508145e-18, 3.366159542607188e-15, 2.520849022857874e-07]], "currentPrediction": [[7, 6, 4], [2, 4, 0], [6, 5, 3], [5, 3, 2], [3, 5, 6], [4, 3, 5], [2, 4, 7], [1, 4, 9]], "realResult": [9, 8, 0], "newPrediction": [[9, 8, 0], [1, 3, 9], [8, 7, 0], [6, 8, 0], [7, 8, 9], [4, 3, 5], [0, 3, 6], [1, 5, 9]], "newPredictionRaw": [[0.0028346951585263014, 0.0029410431161522865, 1.2789527659151645e-07, 8.87033597169877e-26, 1.0545313537321799e-12, 1.5750805274265009e-21, 3.3402764825241677e-21, 2.4471319068353203e-11, 9.490353254937932e-24, 0.9942241311073303], [0.0, 0.0, 8.93110515099393e-31, 7.824397840749953e-08, 0.0, 8.55343527471044e-20, 1.093933130163175e-36, 5.870794302087479e-13, 0.9999998807907104, 0.0], [0.9841821789741516, 1.1724620163633404e-09, 8.74035192942465e-16, 2.0994853768687647e-16, 0.006561730057001114, 2.1824349272225874e-10, 5.535121658795106e-07, 1.105190987173976e-16, 1.332173714772161e-17, 0.00925555732101202]], "matchingNumbers": {"bestMatchIndex": 1, "bestMatchSequence": [2, 4, 0], "matchingNumbers": [0]}, "labels": [0, 1, 2, 3, 4, 5, 6, 7, 8, 9], "numberFrequency": {"6": 0.10015091233365345, "4": 0.10133991859880184, "1": 0.0999679882928614, "0": 0.10220880779256414, "5": 0.09873325101751498, "3": 0.09781863081355467, "2": 0.10097407051721773, "8": 0.10065395344583161, "7": 0.09804728586454475, "9": 0.10010518132345543}}