{"currentPredictionRaw": [[2.736641468992218e-10, 7.064554600761173e-21, 7.178135707711367e-20, 9.732592198047898e-18, 0.9985358715057373, 0.0012823966098949313, 0.0001817958109313622, 6.96084622754001e-27, 3.2657443372816064e-13, 2.3205368121806476e-26], [0.003006885526701808, 5.391949029658329e-17, 1.4888211307281417e-24, 4.022372712686462e-12, 0.00043747611925937235, 1.0435038944045516e-10, 0.9965555667877197, 5.614832932098175e-31, 3.368441336146745e-20, 2.578703022257619e-30], [5.370090188730137e-32, 5.883898782695768e-14, 0.9976970553398132, 1.1871936530107108e-28, 3.3785741306294574e-18, 9.855896678345744e-06, 1.445533966275949e-23, 2.515887899789959e-06, 0.002288236515596509, 2.3404561488860054e-06]], "currentPrediction": [[3, 5, 7], [1, 6, 9], [5, 6, 7], [8, 1, 6], [9, 10, 4], [2, 4, 0], [9, 3, 5], [2, 3, 7], [10, 4, 0], [8, 1, 0]], "realResult": [7, 6, 7], "newPrediction": [[6, 7, 0], [1, 9, 0], [5, 0, 0], [6, 7, 0], [3, 4, 0], [1, 2, 0], [9, 2, 0], [8, 3, 0], [10, 0, 0], [8, 4, 0]], "newPredictionRaw": [[0.006110014859586954, 6.774137525336794e-16, 4.1284700208856934e-24, 6.046978889839849e-11, 0.0006154812290333211, 2.466218063101877e-10, 0.993274450302124, 2.0569146968541653e-29, 1.3439359800983601e-19, 8.305398347768745e-29], [0.0027824437711387873, 1.1193802614219758e-17, 3.3053361291909814e-26, 2.5576645835967415e-12, 0.00036120839649811387, 5.297469754528272e-11, 0.9968563318252563, 1.4127479021318023e-32, 3.4473091301445546e-21, 6.786281113815497e-32], [1.0682620712093626e-17, 1.7650974446721777e-20, 1.0245586323787137e-10, 2.40582539025416e-23, 0.0003524187777657062, 0.999212384223938, 2.423563849607291e-10, 6.38084620363348e-21, 0.0004351765674073249, 5.979473775057029e-21]], "matchingNumbers": {"bestMatchIndex": 2, "bestMatchSequence": [5, 6, 7], "matchingNumbers": [6, 7]}}