{"currentPredictionRaw": [], "currentPrediction": [], "realResult": [], "newPrediction": [[3, 5, 5], [1, 3, 3], [5, 1, 1], [2, 2, 2], [4, 8, 8], [8, 9, 9], [9, 4, 4], [7, 7, 6], [6, 6, 7], [0, 0, 0]], "newPredictionRaw": [[0.0, 0.006075856741517782, 2.4749538356239054e-13, 0.9939221143722534, 7.386001286936941e-32, 2.0321901956776856e-06, 0.0, 0.0, 3.938535148403345e-34, 0.0], [0.0, 6.20061427980545e-06, 2.794176404534725e-18, 0.0073398868553340435, 8.162404905285122e-35, 0.9926539659500122, 0.0, 0.0, 2.725098811856597e-27, 7.899769665774565e-31], [0.0, 2.2040536350687034e-05, 1.8219628402858757e-16, 0.012185757979750633, 1.51308433833607e-31, 0.9877921938896179, 5.682258417460838e-34, 2.990993431214796e-35, 1.6754646742703468e-23, 1.571317400042156e-26]], "matchingNumbers": [], "labels": [0, 1, 2, 3, 4, 5, 6, 7, 8, 9]}