{"currentPredictionRaw": [[7.355185254256935e-13, 8.17948089754143e-30, 3.912781189948546e-21, 5.0589932813062035e-30, 6.4204466676658894e-21, 6.905125433162772e-22, 0.0312642864882946, 2.3683401906282597e-08, 0.0028783599846065044, 0.9658573269844055], [1.0804060737164749e-29, 0.9968398809432983, 0.0015688802814111114, 0.0015912303933873773, 8.253070603769959e-15, 4.2855159525234665e-12, 1.4291561881124927e-36, 7.468118383549509e-32, 5.978396501728405e-29, 4.538344828072765e-31], [0.0, 0.010351230390369892, 3.12922994807896e-12, 0.9896344542503357, 1.332121205402687e-29, 1.424616220901953e-05, 0.0, 0.0, 6.926947844310884e-30, 9.860643545422375e-34]], "currentPrediction": [[9, 1, 3], [6, 3, 1], [8, 2, 5], [7, 5, 2], [0, 4, 4], [4, 8, 8], [2, 0, 9], [5, 9, 7], [1, 7, 6], [3, 6, 0]], "realResult": [6, 6, 5], "newPrediction": [[4, 6, 2], [2, 7, 1], [0, 9, 4], [1, 0, 3], [7, 8, 0], [3, 4, 5], [6, 2, 7], [5, 5, 9], [9, 1, 6], [8, 3, 8]], "newPredictionRaw": [[0.00687155406922102, 2.7090782168670557e-06, 0.019917601719498634, 1.7982241130171106e-13, 0.9732075333595276, 3.1199937157454e-16, 1.0356707760275294e-13, 5.702142402697064e-07, 2.29550400651102e-19, 4.444428527229862e-17], [6.919852921782876e-07, 2.3702017306215335e-27, 1.6732732622460084e-18, 1.637552968266109e-31, 2.7145046125709275e-14, 4.942382781873809e-24, 0.99257892370224, 0.004449853673577309, 2.3526911321902766e-11, 0.002970485482364893], [1.3853041977429648e-11, 0.021369565278291702, 0.978188157081604, 2.8782585204112365e-08, 0.00044226605677977204, 3.3847636472057394e-14, 3.380684992559013e-22, 7.689464621545841e-16, 2.8384724934080236e-22, 3.700682569120699e-22]], "matchingNumbers": {"bestMatchIndex": 1, "bestMatchSequence": [6, 3, 1], "matchingNumbers": [6]}, "labels": [0, 1, 2, 3, 4, 5, 6, 7, 8, 9]}