{"currentPredictionRaw": [[0.05593879893422127, 2.606866655696649e-05, 5.850152719026613e-13, 0.022962326183915138, 0.9210698008537292, 1.3168960366627402e-10, 3.1246900107362308e-06, 1.703943423639219e-17, 4.2486351351130047e-13, 5.515208867096081e-17], [0.9929559230804443, 2.5346082654573165e-13, 1.3208644587858357e-21, 4.9087924697266416e-11, 0.0001184148495667614, 4.6871622316757566e-07, 0.006925215944647789, 6.245315940034766e-24, 4.841693712620554e-11, 1.4235607695646589e-21], [7.006639996075321e-18, 0.0, 0.0, 0.0, 3.9114701873616055e-37, 0.9972405433654785, 2.4925828256527893e-05, 9.220275778656404e-35, 0.0027345139533281326, 3.763094856158433e-26]], "currentPrediction": [[4, 0, 5], [0, 6, 8], [3, 4, 6], [1, 5, 0], [6, 3, 9], [5, 8, 7], [2, 1, 4], [8, 9, 3], [9, 2, 2], [7, 7, 1]], "realResult": [2, 1, 1], "newPrediction": [[2, 4, 8], [7, 0, 5], [1, 3, 9], [9, 1, 6], [3, 6, 7], [4, 5, 0], [8, 2, 4], [5, 8, 3], [6, 9, 2], [0, 7, 1]], "newPredictionRaw": [[1.9070647082655784e-29, 0.0027575469575822353, 0.9938920736312866, 8.826972219821982e-08, 3.7276454562079186e-22, 2.58759220554105e-25, 6.418650725876338e-28, 0.0033496813848614693, 1.4654230232412207e-24, 6.26392136382492e-07], [0.05139768496155739, 4.436061135493219e-05, 6.144532582394446e-13, 0.03525944799184799, 0.9132953882217407, 1.2609531474527813e-10, 3.1335703170043416e-06, 1.2925042005456492e-17, 3.6829789435213756e-13, 4.763211362162488e-17], [8.689925683651539e-31, 0.0, 0.0, 0.0, 0.0, 1.6448281030534417e-06, 1.5369967369811935e-16, 2.1495573739498154e-28, 0.9999983310699463, 4.06843180631865e-15]], "matchingNumbers": {"bestMatchIndex": 6, "bestMatchSequence": [2, 1, 4], "matchingNumbers": [1, 2]}, "labels": [0, 1, 2, 3, 4, 5, 6, 7, 8, 9]}