{"currentPredictionRaw": [[0.9648751616477966, 3.792394176471703e-10, 2.5925655791070312e-05, 3.1019408628358997e-17, 0.023000674322247505, 6.2888151420436416e-18, 1.7325776369148116e-08, 0.012098276056349277, 6.399068805119916e-18, 1.756906116900589e-13], [0.0, 1.3714876331505366e-05, 5.931028590559548e-17, 0.009593295864760876, 1.279356917430717e-32, 0.9903929829597473, 4.774052909542004e-38, 0.0, 3.296053763156617e-26, 1.2288229748241778e-29], [4.9367332171822636e-30, 0.9976237416267395, 0.0013703583972528577, 0.0010059252381324768, 2.7837348176356844e-15, 1.3872335355089027e-12, 7.496640180033777e-38, 1.3382553557522554e-32, 7.013409309435334e-30, 3.8268471322304997e-32]], "currentPrediction": [[0, 5, 1], [4, 3, 2], [7, 1, 3], [2, 2, 5], [6, 8, 4], [1, 9, 8], [9, 4, 0], [3, 6, 9], [8, 7, 7], [5, 0, 6]], "realResult": [4, 0, 5], "newPrediction": [[4, 0, 4], [2, 4, 2], [0, 7, 0], [1, 2, 1], [7, 6, 7], [3, 1, 3], [6, 9, 6], [5, 3, 5], [9, 8, 9], [8, 5, 8]], "newPredictionRaw": [[0.005446098744869232, 2.178109980377485e-06, 0.021339960396289825, 1.2684661264070196e-13, 0.9732114672660828, 1.7785807244032666e-16, 2.6310224005422593e-14, 2.5478374254817027e-07, 1.353308324179498e-19, 1.618266868205059e-17], [0.9726513028144836, 9.647164317394541e-11, 1.934383726620581e-05, 2.4143210051799612e-18, 0.021987009793519974, 3.8676941435418233e-19, 2.1185400100875995e-09, 0.005342248361557722, 7.037501691139369e-19, 1.7152230834651186e-14], [0.004310986027121544, 3.1461199796467554e-06, 0.01977292075753212, 2.6775492088272623e-13, 0.9759126901626587, 2.8687047159812627e-16, 3.969435592937956e-14, 2.4549265731366177e-07, 1.332838576699137e-19, 2.203878481848713e-17]], "matchingNumbers": {"bestMatchIndex": 0, "bestMatchSequence": [0, 5, 1], "matchingNumbers": [0, 5]}, "labels": [0, 1, 2, 3, 4, 5, 6, 7, 8, 9]}