{"currentPredictionRaw": [[0.018756870180368423, 3.6405444916454144e-06, 0.020184101536870003, 4.2205217727804556e-13, 0.9610498547554016, 1.6847401676384492e-15, 6.200177957854658e-12, 5.6040989875327796e-06, 7.10999538643321e-18, 2.2734916993303505e-15], [0.0, 0.013967867009341717, 1.124911882394164e-11, 0.9860301613807678, 9.64785698214793e-29, 1.97489907804993e-06, 0.0, 0.0, 7.2806885129479025e-31, 5.040713778811603e-35], [1.2638973535093073e-15, 1.283476076497004e-25, 4.085977025930852e-19, 1.654795729692651e-23, 2.3629746552091718e-22, 6.98919558413719e-18, 0.000957963231485337, 1.3315520561163474e-11, 0.9207378029823303, 0.0783042162656784]], "currentPrediction": [[4, 3, 8], [2, 1, 9], [0, 5, 6], [7, 2, 7], [1, 4, 0], [6, 8, 5], [3, 9, 2], [9, 7, 4], [5, 6, 3], [8, 0, 1]], "realResult": [2, 7, 0], "newPrediction": [[2, 7, 0], [1, 0, 4], [4, 6, 7], [3, 4, 2], [0, 9, 6], [5, 2, 1], [7, 8, 9], [6, 1, 3], [9, 5, 5], [8, 3, 8]], "newPredictionRaw": [[2.0657068069973583e-11, 0.010650323703885078, 0.9885879755020142, 4.743920367644705e-09, 0.0007616537041030824, 4.414163550333543e-15, 5.678327449775229e-23, 4.84898780792742e-16, 2.7747847864125277e-23, 3.9730884828147633e-23], [0.02963423542678356, 7.127055159386503e-18, 6.272506125615251e-11, 2.2310157858094467e-24, 1.11732333607506e-06, 4.892589146317895e-21, 0.002884110203012824, 0.967480480670929, 5.306514771969198e-16, 1.1840528557627295e-08], [0.9591719508171082, 4.119572460936638e-10, 2.5205019483109936e-05, 1.2466935320154212e-16, 0.02566063404083252, 3.692043240025104e-17, 2.8168726018407142e-08, 0.015142258256673813, 3.122478433956611e-17, 5.029533105098405e-13]], "matchingNumbers": {"bestMatchIndex": 3, "bestMatchSequence": [7, 2, 7], "matchingNumbers": [2, 7]}, "labels": [0, 1, 2, 3, 4, 5, 6, 7, 8, 9]}