{"currentPredictionRaw": [[1.358494961952937e-38, 2.3755162333743973e-13, 0.00014079376705922186, 2.666007250161471e-18, 3.3317624132531506e-33, 1.2537953197531595e-27, 5.894610094404442e-34, 0.9929527640342712, 3.830217884270186e-24, 0.00690652197226882], [0.9902201294898987, 4.5440446544420254e-11, 1.9957843656355334e-18, 9.830799285737157e-09, 0.0017971303313970566, 2.0117299754929263e-06, 0.007980747148394585, 1.4536209694282012e-20, 8.793495931413986e-10, 1.3399471859376587e-18], [0.0494488850235939, 1.2539585441118106e-05, 9.667962231566657e-14, 0.016898054629564285, 0.9336389899253845, 3.614243973548703e-11, 1.5241342907756916e-06, 1.6667397761777583e-18, 8.772441730279731e-14, 6.186408941438658e-18]], "currentPrediction": [[7, 0, 4], [9, 6, 0], [2, 4, 3], [1, 5, 1], [3, 3, 6], [8, 8, 5], [5, 1, 2], [4, 2, 8], [6, 9, 9], [0, 7, 7]], "realResult": [4, 1, 9], "newPrediction": [[7, 1, 0], [9, 3, 6], [2, 2, 4], [1, 7, 5], [3, 9, 3], [8, 4, 8], [5, 0, 1], [4, 6, 2], [6, 8, 9], [0, 5, 7]], "newPredictionRaw": [[0.0, 1.7784191952202252e-14, 6.491984822787344e-05, 4.4272128100515867e-20, 5.453750039169705e-37, 4.757533335179069e-30, 3.084235274995739e-37, 0.9942627549171448, 1.9345650438858905e-26, 0.005672279745340347], [2.569580059916531e-16, 0.9718453884124756, 0.004374696873128414, 0.02377980574965477, 7.929752687818592e-11, 6.234085460597106e-20, 1.246525821146226e-18, 6.973915134267372e-08, 8.62050669769142e-20, 1.2987534658837063e-10], [0.9949254989624023, 3.720736284178183e-13, 3.782212668961611e-21, 6.50957066028468e-11, 0.0001508763525635004, 3.410496844935551e-07, 0.00492331525310874, 1.9468844171695763e-23, 5.4786702952114297e-11, 3.1966517960630714e-21]], "matchingNumbers": {"bestMatchIndex": 0, "bestMatchSequence": [7, 0, 4], "matchingNumbers": [4]}, "labels": [0, 1, 2, 3, 4, 5, 6, 7, 8, 9]}