{"currentPredictionRaw": [[0.9357056617736816, 5.148809711919e-10, 3.475087942206301e-05, 1.114599140937807e-16, 0.017125090584158897, 1.0164038025026981e-16, 4.1883072299242485e-07, 0.04713395610451698, 6.547896613311947e-16, 9.727649241675351e-12], [0.0, 4.3876290874322876e-05, 2.5745242441692134e-15, 0.015165548771619797, 2.9708098328670577e-29, 0.9847906231880188, 7.377984415464333e-33, 2.118801016708326e-33, 1.2371426635365042e-22, 9.421369488840037e-26], [2.0999812999633605e-09, 2.432946188361943e-21, 3.159580912266073e-15, 2.001775668739585e-21, 5.466310184446682e-15, 1.3084609215346585e-15, 0.07157424837350845, 2.9588559300464112e-06, 0.012209474109113216, 0.9162132740020752]], "currentPrediction": [[0, 5, 9], [7, 3, 6], [4, 1, 8], [2, 2, 7], [6, 8, 0], [1, 9, 4], [9, 4, 2], [8, 6, 5], [3, 7, 1], [5, 0, 3]], "realResult": [0, 0, 4], "newPrediction": [[3, 5, 7], [1, 3, 0], [5, 1, 4], [2, 2, 6], [4, 8, 2], [8, 9, 9], [9, 4, 1], [7, 6, 8], [6, 7, 5], [0, 0, 3]], "newPredictionRaw": [[0.0, 0.0077311936765909195, 4.307925815117547e-13, 0.9922657608985901, 2.758556573159419e-31, 3.0296164368337486e-06, 0.0, 0.0, 4.1811757331832894e-33, 1.2135904992889306e-37], [0.0, 2.397191565250978e-05, 2.0493358647842878e-16, 0.012317691929638386, 1.9418345005032965e-31, 0.9876583218574524, 1.477092796081559e-34, 1.7533745196360688e-35, 7.388475182604523e-24, 4.926868531784739e-27], [0.266279399394989, 7.444056482341921e-11, 1.941369646374369e-06, 3.61967586844569e-15, 0.0011760727502405643, 1.24694972771823e-13, 0.0008069581817835569, 0.7317355871200562, 7.452504759142276e-12, 1.21465490110495e-07]], "matchingNumbers": {"bestMatchIndex": 0, "bestMatchSequence": [0, 5, 9], "matchingNumbers": [0]}, "labels": [0, 1, 2, 3, 4, 5, 6, 7, 8, 9]}