{"currentPredictionRaw": [[0.0, 0.0, 0.0, 0.019877897575497627, 1.1935071065541298e-25, 0.9799386262893677, 0.0001834145950851962, 0.0, 4.769176373264905e-12, 0.0], [3.639461995663673e-11, 0.8615837097167969, 0.06448469310998917, 0.0, 2.7810175959539847e-35, 0.0, 0.0, 1.3935744780368964e-09, 0.0, 0.07393164187669754], [0.0, 0.0, 0.0, 0.9999227523803711, 0.0, 3.9882256714918185e-06, 7.762495437014245e-23, 2.988750058378121e-30, 7.336115959333256e-05, 0.0]], "currentPrediction": [[5, 1, 3], [3, 9, 5], [4, 0, 2], [0, 2, 4], [0, 2, 4], [4, 4, 4], [9, 3, 4], [1, 5, 9]], "realResult": [4, 2, 4], "newPrediction": [[5, 1, 3], [3, 2, 5], [3, 1, 6], [7, 3, 6], [6, 1, 3], [3, 3, 4], [0, 2, 5], [1, 5, 9]], "newPredictionRaw": [[0.0, 0.0, 0.0, 0.023590967059135437, 1.9927922169919584e-24, 0.9763140082359314, 9.503609908279032e-05, 0.0, 7.153351262029206e-12, 0.0], [2.8195776269335227e-10, 0.924875020980835, 0.040339209139347076, 0.0, 5.233713007567581e-33, 0.0, 0.0, 4.746338322370036e-10, 0.0, 0.034785814583301544], [0.0, 0.0, 0.0, 0.9999457597732544, 0.0, 4.598082796292147e-06, 2.4117262670404393e-24, 4.2079884096159765e-29, 4.953103052685037e-05, 0.0]], "matchingNumbers": {"bestMatchIndex": 2, "bestMatchSequence": [4, 0, 2], "matchingNumbers": [2, 4]}, "labels": [0, 1, 2, 3, 4, 5, 6, 7, 8, 9], "numberFrequency": {"6": 0.10005482456140351, "4": 0.10142543859649122, "1": 0.10000913742690058, "0": 0.10220211988304094, "5": 0.09877558479532164, "3": 0.09781615497076024, "2": 0.10101425438596491, "8": 0.1006030701754386, "7": 0.09804459064327485, "9": 0.10005482456140351}}