{"currentPredictionRaw": [[3.556634619025362e-20, 1.9093811879795658e-34, 2.967831296985663e-25, 7.194291088755685e-32, 2.2875648193103652e-29, 4.5318138128642915e-24, 0.00013480609050020576, 9.417020928239456e-15, 0.961807370185852, 0.03805774822831154], [0.03249526768922806, 1.4881041423811032e-16, 5.335336061840223e-10, 3.5184723607569634e-22, 2.7273138130112784e-06, 1.4338156418501763e-18, 0.01075015775859356, 0.95675128698349, 3.392059040336487e-13, 6.144933308860345e-07], [2.8761655600575975e-13, 4.940294682946611e-30, 2.6407222048388646e-21, 5.613783356702213e-30, 1.7662412399732953e-21, 6.810869050545599e-22, 0.026434173807501793, 1.1227200502617052e-08, 0.007162954192608595, 0.9664028882980347]], "currentPrediction": [[8, 7, 9], [9, 0, 6], [6, 6, 8], [7, 4, 7], [0, 9, 0], [5, 2, 2], [2, 8, 4], [4, 1, 5], [3, 5, 3], [1, 3, 1]], "realResult": [5, 6, 6], "newPrediction": [[5, 6, 6], [3, 9, 9], [1, 7, 7], [2, 0, 0], [8, 8, 8], [9, 4, 4], [4, 2, 2], [6, 5, 5], [7, 1, 1], [0, 3, 3]], "newPredictionRaw": [[0.0, 4.374834679765627e-05, 2.161557989416589e-15, 0.01520337164402008, 3.993515346376245e-29, 0.9847529530525208, 9.853230951514486e-33, 4.2539862206152066e-33, 1.4347600195768026e-22, 1.0126601277346307e-25], [7.83747873356333e-06, 6.5992517737094565e-21, 2.2864153468747303e-14, 1.9512244143257402e-23, 1.4822325658525592e-11, 9.349399952102095e-18, 0.9565941095352173, 0.0071919444017112255, 1.0014282736392488e-07, 0.036206021904945374], [1.114818360292702e-06, 1.6886804893652032e-26, 7.220828489528577e-18, 4.392443221565087e-30, 7.266547254322284e-14, 9.312076370156501e-23, 0.9880222082138062, 0.005396982654929161, 2.354494932355067e-10, 0.006579757202416658]], "matchingNumbers": {"bestMatchIndex": 1, "bestMatchSequence": [9, 0, 6], "matchingNumbers": [6]}, "labels": [0, 1, 2, 3, 4, 5, 6, 7, 8, 9]}