{"currentPredictionRaw": [[0.0015319394879043102, 2.7964670579194717e-09, 5.8866879483762616e-36, 2.477837601751572e-37, 1.1849328984681051e-06, 0.0, 0.0, 2.067050923601401e-15, 0.9984667897224426, 0.0], [2.5439741043094675e-29, 0.020911524072289467, 9.216932264340203e-15, 8.70998243846301e-31, 7.025015946737767e-08, 0.0026485957205295563, 3.0786175386765535e-08, 0.9764397740364075, 3.6479316418320906e-19, 4.593882469270585e-32], [2.623399214474754e-28, 0.0, 1.9399982065237964e-08, 5.614100850870329e-10, 0.0, 4.406594269615481e-35, 2.029271734084409e-28, 0.0, 0.0, 1.0]], "currentPrediction": [[8, 7, 9], [0, 1, 2], [4, 5, 6], [7, 6, 2], [2, 4, 5], [5, 4, 6], [0, 1, 4], [1, 4, 9]], "realResult": [4, 3, 8], "newPrediction": [[5, 6, 2], [6, 5, 9], [3, 2, 7], [8, 3, 2], [2, 3, 7], [5, 3, 6], [9, 3, 4], [1, 5, 6]], "newPredictionRaw": [[1.2110973475618007e-29, 9.34756510006733e-17, 3.767125278386629e-09, 1.0999807831503034e-23, 8.073211971857116e-17, 0.9870703816413879, 0.01290668360888958, 2.28678691200912e-05, 8.517906076055944e-25, 3.918277922249028e-22], [0.0, 0.0, 0.000515358813572675, 4.459753814641158e-23, 0.0, 3.096670420088543e-10, 0.999484658241272, 0.0, 0.0, 1.4429968586129535e-14], [0.0, 0.0, 7.495193858630955e-05, 6.7413001054560595e-25, 0.0, 1.2018216422049477e-09, 0.9999250173568726, 0.0, 0.0, 3.9473151475259087e-17]], "matchingNumbers": {"bestMatchIndex": 0, "bestMatchSequence": [8, 7, 9], "matchingNumbers": [8]}, "labels": [0, 1, 2, 3, 4, 5, 6, 7, 8, 9], "numberFrequency": {"3": 0.09785890749382377, "2": 0.10101564644523744, "6": 0.10014639948760179, "8": 0.10064964772623296, "9": 0.10010064964772623, "0": 0.10206789276237534, "5": 0.09877390429133498, "4": 0.10133589532436636, "1": 0.10000914996797511, "7": 0.09804190685332602}}