{"currentPredictionRaw": [[0.0, 0.0, 3.585725789889693e-05, 6.10813076064173e-25, 0.0, 9.451773763657911e-08, 0.9999639987945557, 1.7112927016678588e-37, 0.0, 6.328859782677946e-18], [1.0216224036103847e-29, 0.023129094392061234, 1.238985796893203e-15, 5.641904522916574e-33, 2.156207479231398e-08, 0.0002719211333896965, 9.016011548457215e-11, 0.9765989780426025, 1.0889199454104123e-19, 9.078204016130336e-33], [0.0, 0.0, 0.9986467957496643, 7.704726252739954e-19, 0.0, 6.842272590916134e-20, 0.001033387496136129, 0.0, 0.0, 0.00031982638756744564]], "currentPrediction": [[6, 7, 2], [2, 1, 9], [7, 0, 6], [0, 6, 3], [7, 0, 6], [5, 4, 6], [0, 9, 4], [2, 6, 8]], "realResult": [8, 7, 9], "newPrediction": [[8, 1, 7], [0, 4, 1], [7, 6, 8], [6, 5, 0], [6, 8, 7], [5, 4, 6], [8, 9, 1], [2, 5, 9]], "newPredictionRaw": [[0.000145658414112404, 8.540779639076845e-09, 0.0, 0.0, 3.723169584191055e-06, 0.0, 0.0, 1.6539478994975749e-16, 0.9998506307601929, 0.0], [0.0, 0.9999977350234985, 0.0, 0.0, 2.0327843230916187e-06, 1.9698790997304653e-38, 0.0, 1.7916728722866537e-07, 5.562228583392211e-27, 0.0], [3.56886156105277e-24, 0.009249362163245678, 1.3957919889340253e-11, 2.9758501666948475e-24, 2.271733201553161e-08, 0.0056790257804095745, 3.0896910629962804e-07, 0.9850713014602661, 6.770027959704733e-17, 1.6461883105836036e-23]], "matchingNumbers": {"bestMatchIndex": 0, "bestMatchSequence": [6, 7, 2], "matchingNumbers": [7]}, "labels": [0, 1, 2, 3, 4, 5, 6, 7, 8, 9], "numberFrequency": {"3": 0.09785890749382377, "2": 0.10101564644523744, "6": 0.10014639948760179, "8": 0.10064964772623296, "9": 0.10010064964772623, "0": 0.10206789276237534, "5": 0.09877390429133498, "4": 0.10133589532436636, "1": 0.10000914996797511, "7": 0.09804190685332602}}