{"currentPredictionRaw": [[6.907743821393808e-10, 1.135476158289083e-20, 5.100725883012136e-20, 2.506428559004476e-17, 0.9977008700370789, 0.002064431319013238, 0.00023471328313462436, 8.79154124729323e-27, 5.458705861459412e-13, 2.818384310200904e-26], [0.9999829530715942, 2.8178032823733545e-11, 9.425086668523032e-32, 9.899480573949404e-06, 3.4654019237523315e-11, 2.8891965026550695e-18, 7.183854449976934e-06, 5.110241449578325e-30, 8.649660299406156e-27, 6.672184928487679e-30], [2.178823788057116e-11, 5.74235253680267e-22, 1.1266084428492164e-20, 1.0238312226589343e-18, 0.9986670017242432, 0.001305137062445283, 2.788441452139523e-05, 5.509641162557214e-28, 9.338627690157891e-14, 1.889221141868232e-27]], "currentPrediction": [[1, 5, 0], [4, 6, 0], [7, 0, 0], [1, 5, 0], [9, 2, 0], [4, 6, 0], [9, 3, 0], [2, 10, 0], [8, 10, 0], [8, 3, 0]], "realResult": [2, 4, 8], "newPrediction": [[1, 5, 6], [4, 5, 6], [9, 7, 0], [1, 5, 7], [9, 2, 3], [1, 4, 6], [9, 2, 3], [8, 2, 10], [8, 10, 0], [8, 3, 4]], "newPredictionRaw": [[6.828405063608045e-10, 1.087206130578779e-20, 5.985031071680193e-20, 2.2524912247039644e-17, 0.9976674914360046, 0.0020919947419315577, 0.00024053473316598684, 8.45449118107382e-27, 6.501498016169005e-13, 2.676438651067698e-26], [0.9999840259552002, 2.87470897780695e-11, 3.2214542584708573e-31, 8.574611456424464e-06, 5.4237926649935986e-11, 1.0611720580249868e-17, 7.38644257580745e-06, 1.1752038062345835e-29, 5.73707536598857e-26, 1.4284664527237662e-29], [1.0687192043030839e-16, 1.5249454578508957e-19, 2.154337402915374e-10, 4.88570361492744e-22, 0.0008435071795247495, 0.9986864924430847, 1.0686108664614835e-09, 4.853720058580999e-20, 0.0004700066056102514, 4.6397985505951416e-20]], "matchingNumbers": {"bestMatchIndex": 1, "bestMatchSequence": [4, 6, 0], "matchingNumbers": [4]}}