{"currentPredictionRaw": [[2.0657068069973583e-11, 0.010650323703885078, 0.9885879755020142, 4.743920367644705e-09, 0.0007616537041030824, 4.414163550333543e-15, 5.678327449775229e-23, 4.84898780792742e-16, 2.7747847864125277e-23, 3.9730884828147633e-23], [0.02963423542678356, 7.127055159386503e-18, 6.272506125615251e-11, 2.2310157858094467e-24, 1.11732333607506e-06, 4.892589146317895e-21, 0.002884110203012824, 0.967480480670929, 5.306514771969198e-16, 1.1840528557627295e-08], [0.9591719508171082, 4.119572460936638e-10, 2.5205019483109936e-05, 1.2466935320154212e-16, 0.02566063404083252, 3.692043240025104e-17, 2.8168726018407142e-08, 0.015142258256673813, 3.122478433956611e-17, 5.029533105098405e-13]], "currentPrediction": [[2, 7, 0], [1, 0, 4], [4, 6, 7], [3, 4, 2], [0, 9, 6], [5, 2, 1], [7, 8, 9], [6, 1, 3], [9, 5, 5], [8, 3, 8]], "realResult": [5, 4, 4], "newPrediction": [[5, 4, 4], [3, 2, 2], [1, 0, 0], [2, 1, 1], [8, 7, 7], [9, 3, 3], [4, 6, 6], [6, 5, 5], [7, 9, 9], [0, 8, 8]], "newPredictionRaw": [[0.0, 2.3755666916258633e-05, 3.403644403352776e-16, 0.011881652288138866, 6.499293219368737e-31, 0.9880946278572083, 1.1908985356126072e-35, 2.4562832996096115e-36, 1.4495022324520503e-24, 7.200910024730476e-28], [0.016800783574581146, 2.1097937406011624e-06, 0.018206167966127396, 1.757115910020965e-13, 0.9649903178215027, 1.5659627491482284e-16, 1.7211946657432614e-14, 5.4391381354435e-07, 1.4639349423144572e-19, 9.609228963033577e-18], [0.0027817983645945787, 1.0143352255909122e-06, 0.022522350773215294, 1.18758000259905e-14, 0.9746948480606079, 3.570670284282647e-18, 3.9052861667765383e-16, 2.8293380083255215e-08, 1.8862864322152287e-21, 1.4279683537988272e-19]], "matchingNumbers": {"bestMatchIndex": 1, "bestMatchSequence": [1, 0, 4], "matchingNumbers": [4]}, "labels": [0, 1, 2, 3, 4, 5, 6, 7, 8, 9]}