{"currentPredictionRaw": [[1.7509528549286557e-11, 0.005877016577869654, 0.9932635426521301, 1.0599071620376321e-09, 0.0008594630053266883, 1.7428726740832223e-15, 7.71379873779059e-23, 4.961723128646639e-16, 2.3116978759544646e-23, 5.0253276406393627e-23], [0.0023649930953979492, 1.395554818373057e-06, 0.02225142903625965, 1.3450386841091198e-14, 0.9753820896148682, 1.286538325813733e-17, 1.0436502160258206e-14, 9.136587664215767e-08, 1.428413124936788e-20, 3.5417855508826016e-18], [1.2497761239656766e-18, 8.82015846768027e-32, 2.7696978957513005e-23, 2.0442986520122137e-29, 4.7078302080936456e-27, 3.340270827969199e-22, 0.0002574350801296532, 1.1802311786299896e-13, 0.9518225193023682, 0.04791999235749245]], "currentPrediction": [[2, 4, 8], [1, 2, 9], [4, 0, 6], [3, 1, 7], [0, 7, 0], [5, 3, 5], [7, 6, 2], [6, 5, 4], [9, 9, 3], [8, 8, 1]], "realResult": [8, 5, 7], "newPrediction": [[2, 1, 1], [1, 2, 2], [4, 3, 3], [3, 5, 5], [0, 4, 4], [5, 8, 8], [7, 0, 0], [6, 9, 9], [9, 7, 7], [8, 6, 6]], "newPredictionRaw": [[1.5962710320227558e-11, 0.006616612896323204, 0.9927610158920288, 8.572847987053933e-10, 0.0006223278469406068, 1.5492228370116417e-15, 4.488832111131819e-22, 1.0474332133990241e-15, 7.745891492681153e-23, 2.8067044967749217e-22], [2.1729081951572103e-35, 0.999263346195221, 0.0004492968146223575, 0.00028731953352689743, 7.071060822180951e-18, 4.8307974577477784e-15, 0.0, 5.171391649620692e-38, 1.1676222120916245e-34, 4.972275545630921e-37], [9.81910120772233e-32, 0.9987936019897461, 0.0008818727801553905, 0.00032455421751365066, 2.103543855826195e-16, 3.0290602925225896e-14, 0.0, 4.161219237019685e-34, 1.7526489115393015e-31, 1.7626644319755744e-33]], "matchingNumbers": {"bestMatchIndex": 0, "bestMatchSequence": [2, 4, 8], "matchingNumbers": [8]}, "labels": [0, 1, 2, 3, 4, 5, 6, 7, 8, 9]}