{"currentPredictionRaw": [[0.002715054666623473, 4.068404640104671e-21, 4.1205064273159166e-30, 2.468085418550435e-19, 0.9728991389274597, 4.167868539184383e-08, 0.02438574656844139, 1.4191825111884294e-30, 3.302622195142924e-21, 1.4551429505793578e-10], [0.00013689338811673224, 0.0027362939435988665, 3.05778002918089e-09, 0.0, 2.609197726462248e-18, 3.927481791351571e-31, 6.094769690878111e-34, 2.2873693283194873e-16, 7.212416403492999e-34, 0.9971267580986023], [5.799712802804543e-34, 1.0825575103012852e-08, 0.9993191957473755, 0.0, 0.0, 0.0, 0.0, 0.0006808401085436344, 0.0, 1.3093965286291867e-32]], "currentPrediction": [[4, 9, 2], [6, 1, 7], [3, 8, 1], [6, 1, 7], [1, 8, 3], [4, 3, 4], [0, 1, 6], [1, 5, 9]], "realResult": [5, 1, 3], "newPrediction": [[5, 1, 3], [3, 9, 5], [4, 0, 2], [0, 2, 4], [0, 2, 4], [4, 4, 4], [9, 3, 4], [1, 5, 9]], "newPredictionRaw": [[0.0, 0.0, 0.0, 0.019877897575497627, 1.1935071065541298e-25, 0.9799386262893677, 0.0001834145950851962, 0.0, 4.769176373264905e-12, 0.0], [3.639461995663673e-11, 0.8615837097167969, 0.06448469310998917, 0.0, 2.7810175959539847e-35, 0.0, 0.0, 1.3935744780368964e-09, 0.0, 0.07393164187669754], [0.0, 0.0, 0.0, 0.9999227523803711, 0.0, 3.9882256714918185e-06, 7.762495437014245e-23, 2.988750058378121e-30, 7.336115959333256e-05, 0.0]], "matchingNumbers": {"bestMatchIndex": 2, "bestMatchSequence": [3, 8, 1], "matchingNumbers": [1, 3]}, "labels": [0, 1, 2, 3, 4, 5, 6, 7, 8, 9], "numberFrequency": {"6": 0.1000822593912805, "4": 0.10136184992231058, "1": 0.0999908600676355, "0": 0.10223014349693813, "5": 0.09875696919842793, "3": 0.09784297596197788, "2": 0.10095055296590805, "8": 0.10063065533315053, "7": 0.09807147427109039, "9": 0.1000822593912805}}