{"currentPredictionRaw": [[0.000878332881256938, 1.5363779311883263e-05, 1.7559185422458486e-36, 1.1821114427035814e-34, 0.012828848324716091, 0.0, 0.0, 2.1155458448228323e-22, 0.9862774014472961, 3.701964296037945e-38], [2.0415914097575853e-21, 0.9974426031112671, 1.2087050049312784e-26, 0.0, 0.0025519398041069508, 8.360579407363409e-20, 7.8289389277081405e-28, 5.482769665832166e-06, 1.5564983113156017e-12, 0.0], [1.892782871966464e-25, 0.9997819066047668, 5.215519978501698e-27, 0.0, 0.00019589772273320705, 1.9453559199766975e-18, 2.3758469009187247e-26, 2.2178726794663817e-05, 1.0500910969083897e-15, 0.0]], "currentPrediction": [[8, 1, 4], [4, 7, 8], [6, 5, 3], [7, 0, 2], [3, 9, 6], [6, 4, 7], [9, 5, 7], [1, 5, 9]], "realResult": [7, 1, 0], "newPrediction": [[7, 0, 4], [1, 8, 7], [6, 0, 3], [7, 3, 2], [0, 9, 6], [6, 4, 7], [1, 3, 4], [1, 5, 8]], "newPredictionRaw": [[1.9723824501994827e-26, 0.02799326181411743, 3.582647416580653e-13, 2.153970411785387e-32, 8.957709241030898e-09, 0.012180313467979431, 2.267815034429077e-06, 0.9598240852355957, 3.185602593705988e-21, 3.0614019663323875e-29], [0.9999997615814209, 2.066502995958321e-20, 2.1283606062382217e-22, 5.296899359831086e-15, 2.8866297127467034e-21, 3.30248730902735e-36, 0.0, 3.455076974058506e-23, 2.0505758868694102e-07, 1.6707194455023275e-18], [3.2851876601014407e-12, 0.03866969048976898, 7.439955245721605e-29, 6.08906288965389e-36, 0.9612886905670166, 1.7184235114241497e-28, 7.639111540148207e-37, 1.7804234475615743e-10, 4.163818812230602e-05, 0.0]], "matchingNumbers": {"bestMatchIndex": 3, "bestMatchSequence": [7, 0, 2], "matchingNumbers": [0, 7]}, "labels": [0, 1, 2, 3, 4, 5, 6, 7, 8, 9], "numberFrequency": {"3": 0.09785890749382377, "2": 0.10101564644523744, "6": 0.10014639948760179, "8": 0.10064964772623296, "9": 0.10010064964772623, "0": 0.10206789276237534, "5": 0.09877390429133498, "4": 0.10133589532436636, "1": 0.10000914996797511, "7": 0.09804190685332602}}