{"currentPredictionRaw": [[1.0976460435776315e-33, 3.328896674373999e-13, 0.9994692206382751, 3.31977690358098e-29, 2.4239986629176622e-20, 1.6002328493414097e-06, 2.2164945328737515e-25, 4.543077739072032e-05, 0.0004365406057331711, 4.719564094557427e-05], [0.011860796250402927, 0.002153361914679408, 3.9985766300847837e-29, 0.9859858751296997, 4.654281126027753e-19, 2.3194993947627383e-23, 6.075137815768697e-14, 2.698453151194922e-19, 8.648204450442595e-26, 3.4782692726261926e-20], [8.076517588051502e-08, 0.9959631562232971, 1.8130570829388848e-16, 0.004036703612655401, 8.056229623009157e-18, 1.7616640867831692e-17, 8.69099341376401e-15, 5.8483145437548956e-08, 3.25864030371672e-17, 1.4406898785068734e-08]], "currentPrediction": [[2, 3, 4], [9, 4, 1], [1, 10, 2], [8, 7, 0], [10, 5, 6], [8, 2, 7], [10, 3, 5], [9, 6, 7], [9, 4, 6], [1, 3, 5]], "realResult": [9, 1, 3], "newPrediction": [[4, 7, 0], [1, 0, 0], [2, 5, 0], [4, 6, 7], [4, 5, 6], [8, 2, 0], [9, 10, 0], [3, 6, 0], [9, 10, 0], [8, 3, 0]], "newPredictionRaw": [[0.005698324181139469, 6.746044618849921e-16, 4.7349865167257735e-24, 5.545836359588385e-11, 0.0006877591949887574, 2.6345609027700334e-10, 0.9936140179634094, 2.6873273895278395e-29, 1.112953936602082e-19, 1.152332274716736e-28], [0.00474493158981204, 1.1398608397984825e-17, 2.5387766453167983e-27, 4.51351412841805e-12, 0.0001124554401030764, 3.947087448552544e-12, 0.9951425790786743, 2.0612506500019898e-33, 1.5645764847529103e-22, 1.0077327194555247e-32], [0.01587872952222824, 0.0016622408293187618, 1.0065727446629087e-27, 0.9824590682983398, 2.2462455147708215e-17, 7.95993570955854e-22, 1.6162175764389275e-12, 8.291036006820603e-19, 9.308153404317882e-25, 1.563221043498285e-19]], "matchingNumbers": {"bestMatchIndex": 1, "bestMatchSequence": [9, 4, 1], "matchingNumbers": [9, 1]}}