{"currentPredictionRaw": [[1.9326889046231695e-24, 2.180478204064078e-17, 0.00020190946816001087, 3.7576896182137134e-28, 4.0477389777644757e-13, 0.007757706567645073, 1.6484748424310055e-17, 2.0796024272204047e-14, 0.9920403361320496, 1.0360194656105961e-14], [2.1616199941121295e-09, 0.9994698166847229, 7.650362779660233e-20, 0.0005301976343616843, 9.920748065544081e-22, 6.2970715483926116e-21, 4.640786398116986e-18, 1.8045720473480742e-09, 1.4094800593147e-20, 3.221699573785486e-10], [1.2556487405390726e-08, 0.9989506006240845, 3.5182482919885277e-17, 0.0010494092712178826, 4.977444047739969e-19, 2.1772409086597597e-18, 8.91721029122898e-16, 2.576748237004267e-08, 4.410311131992867e-18, 5.867085484112522e-09]], "currentPrediction": [[9, 2, 0], [4, 6, 0], [8, 1, 3], [8, 1, 5], [8, 10, 0], [10, 7, 0], [2, 3, 0], [9, 7, 0], [1, 6, 0], [4, 5, 0]], "realResult": [7, 1, 0], "newPrediction": [[8, 1, 5], [10, 4, 6], [3, 7, 0], [1, 2, 0], [9, 5, 0], [4, 6, 0], [9, 3, 4], [10, 2, 5], [8, 10, 7], [8, 1, 3]], "newPredictionRaw": [[4.127840383590471e-30, 1.6850540873747377e-07, 0.000178911053808406, 9.550880595820495e-22, 2.3756794809688096e-22, 1.372583602332611e-09, 3.281205305508578e-26, 0.49993932247161865, 8.926636319017689e-09, 0.4998816251754761], [0.9995980858802795, 1.401535509870655e-08, 5.714333985205246e-26, 0.0003708389704115689, 1.499932289483752e-09, 2.396786450407397e-15, 3.111152909696102e-05, 1.0404725874484133e-23, 3.787252795948377e-22, 1.1680688667156489e-23], [2.4208671178804764e-10, 3.4785634710432745e-21, 1.6081034111710147e-20, 8.282494126225074e-18, 0.9987518787384033, 0.0011134822852909565, 0.00013470830162987113, 1.3559321995288756e-27, 1.0894924692235117e-13, 4.822662625469768e-27]], "matchingNumbers": {"bestMatchIndex": 5, "bestMatchSequence": [10, 7, 0], "matchingNumbers": [0, 7]}}