{"currentPredictionRaw": [[0.030517728999257088, 5.62952985996234e-17, 2.138036692134193e-10, 5.493779436341653e-23, 1.715583721306757e-06, 1.1193718241797278e-19, 0.006442879792302847, 0.9630375504493713, 1.0082046823919541e-14, 7.41420933536574e-08], [1.6033092720135755e-07, 1.1417823765469195e-29, 3.525617284759184e-20, 1.246283998161248e-33, 1.0565758752734502e-15, 1.2983056754390275e-25, 0.9951695799827576, 0.0024966325145214796, 6.7093353442460035e-12, 0.0023335854057222605], [0.029681971296668053, 4.37933280446245e-18, 3.447567578640509e-11, 1.2159082319075098e-23, 1.1570996321097482e-06, 3.741411258233223e-20, 0.0029049133881926537, 0.9674119353294373, 1.3299188071874517e-15, 2.253825925890851e-08]], "currentPrediction": [[7, 6, 7], [0, 7, 0], [6, 9, 6], [4, 0, 4], [9, 8, 9], [2, 4, 2], [8, 2, 8], [1, 5, 1], [5, 1, 5], [3, 3, 3]], "realResult": [8, 1, 1], "newPrediction": [[0, 7, 8], [4, 0, 9], [7, 6, 6], [2, 4, 7], [6, 9, 0], [1, 2, 5], [9, 8, 2], [3, 1, 4], [8, 5, 3], [5, 3, 1]], "newPredictionRaw": [[0.9653316140174866, 5.944611469743677e-10, 5.159163993084803e-05, 4.838571486433009e-17, 0.02644759602844715, 1.038247491810631e-17, 7.3307822034962555e-09, 0.008169202134013176, 1.8757107865583053e-17, 1.5150475817481135e-13], [0.022841107100248337, 1.0391046990794196e-18, 1.8811013510755537e-11, 3.9655581645249433e-25, 4.940828262078867e-07, 2.0016785315631595e-21, 0.00328470254316926, 0.9738737940788269, 4.197872787279651e-16, 1.4456968955300908e-08], [3.856723660667839e-19, 4.446131057832679e-33, 4.24802070778058e-24, 1.0625196576348149e-30, 6.2422625059896885e-28, 4.099255425007829e-23, 0.0002032187912845984, 5.652484976934567e-14, 0.9562225937843323, 0.04357418790459633]], "matchingNumbers": {"bestMatchIndex": 4, "bestMatchSequence": [9, 8, 9], "matchingNumbers": [8]}, "labels": [0, 1, 2, 3, 4, 5, 6, 7, 8, 9]}