{"currentPredictionRaw": [], "currentPrediction": [{"name": "MarkovBayesian Model", "predictions": [[2, 7, 8, 10, 11, 12, 13, 14, 16, 18, 22, 23, 24, 25, 26, 27, 31, 32, 33, 34], [14, 27, 38, 40, 50], [14, 27, 38, 40, 50, 70], [14, 27, 38, 40, 50, 56, 70], [8, 14, 27, 38, 40, 50, 56, 70], [8, 14, 27, 35, 38, 40, 50, 56, 70], [8, 14, 22, 27, 35, 38, 40, 50, 56, 70]]}, {"name": "PoissonMonteCarlo Model", "predictions": [[1, 3, 8, 11, 15, 19, 23, 24, 30, 31, 39, 40, 45, 49, 52, 54, 62, 64, 67, 70], [15, 19, 23, 54, 64], [1, 3, 11, 40, 45, 67], [8, 24, 39, 40, 49, 67, 70], [3, 11, 19, 24, 30, 39, 40, 54], [3, 11, 15, 23, 24, 30, 31, 40, 49], [1, 8, 19, 30, 31, 39, 40, 54, 62, 70]]}], "realResult": [2, 8, 10, 11, 12, 14, 16, 22, 24, 26, 27, 31, 40, 43, 44, 52, 55, 56, 64, 69], "newPrediction": [{"name": "MarkovBayesian Model", "predictions": [[1, 3, 5, 10, 11, 14, 15, 16, 18, 19, 20, 29, 30, 31, 32, 33, 34, 35, 48, 49], [14, 35, 48, 56, 71], [14, 29, 35, 48, 56, 71], [14, 20, 29, 35, 48, 56, 71], [14, 20, 29, 35, 48, 56, 63, 71], [14, 20, 29, 35, 48, 51, 56, 63, 71], [14, 20, 29, 35, 48, 51, 56, 63, 64, 71]]}, {"name": "PoissonMonteCarlo Model", "predictions": [[1, 7, 8, 14, 17, 18, 23, 29, 30, 34, 37, 41, 44, 48, 50, 54, 57, 63, 67, 70], [8, 14, 18, 41, 50], [7, 8, 17, 29, 30, 57], [7, 14, 23, 30, 34, 54, 63], [1, 14, 29, 34, 37, 48, 54, 57], [1, 7, 8, 29, 34, 48, 54, 57, 63], [1, 7, 14, 18, 34, 41, 50, 54, 57, 67]]}], "newPredictionRaw": [], "matchingNumbers": {"model": "MarkovBayesian Model", "prediction": [2, 7, 8, 10, 11, 12, 13, 14, 16, 18, 22, 23, 24, 25, 26, 27, 31, 32, 33, 34], "matching_numbers": [2, 8, 10, 11, 12, 14, 16, 22, 24, 26, 27, 31], "match_count": 12}, "labels": [], "numberFrequency": {"1": 0.014396177237185056, "5": 0.014387489139878367, "6": 0.014578627280625542, "8": 0.014031277150304083, "11": 0.014378801042571677, "16": 0.014387489139878367, "17": 0.014022589052997393, "26": 0.014821894005212858, "27": 0.013840139009556907, "32": 0.014726324934839271, "35": 0.014048653344917464, "37": 0.014370112945264987, "43": 0.014109470026064292, "44": 0.01423110338835795, "49": 0.014300608166811469, "52": 0.014144222415291051, "56": 0.014013900955690703, "57": 0.014161598609904432, "59": 0.014378801042571677, "66": 0.014370112945264987, "7": 0.014352736750651606, "9": 0.014248479582971329, "10": 0.014569939183318854, "15": 0.014578627280625542, "20": 0.014135534317984361, "24": 0.014335360556038228, "30": 0.014317984361424847, "31": 0.014361424847958297, "34": 0.014578627280625542, "50": 0.013927019982623806, "54": 0.014396177237185056, "58": 0.01423110338835795, "67": 0.014500434404865335, "69": 0.014847958297132927, "70": 0.013961772371850565, "2": 0.014152910512597741, "3": 0.014569939183318854, "25": 0.014144222415291051, "38": 0.01370981754995656, "39": 0.014196350999131191, "40": 0.013753258036490008, "42": 0.014726324934839271, "55": 0.014465682015638574, "62": 0.014387489139878367, "4": 0.014048653344917464, "28": 0.014500434404865335, "36": 0.014005212858384014, "41": 0.01412684622067767, "51": 0.014161598609904432, "60": 0.014787141615986099, "64": 0.01420503909643788, "12": 0.014074717636837533, "13": 0.014378801042571677, "23": 0.014465682015638574, "47": 0.014378801042571677, "48": 0.014066029539530843, "61": 0.014344048653344918, "14": 0.013892267593397047, "29": 0.014118158123370982, "53": 0.013788010425716767, "19": 0.014317984361424847, "65": 0.014526498696785404, "22": 0.014083405734144223, "33": 0.01421372719374457, "68": 0.014630755864465682, "18": 0.014509122502172024, "46": 0.014283231972198088, "63": 0.014144222415291051, "21": 0.013727193744569939, "45": 0.013770634231103389, "74": 8.688097306689835e-05, "76": 0.00015638575152041704, "80": 0.00012163336229365769, "71": 0.00012163336229365769, "77": 0.00014769765421372718, "72": 0.00015638575152041704, "75": 0.00015638575152041704, "78": 0.00013900955690703736, "79": 0.00010425716768027802, "73": 0.00011294526498696786}}