{"currentPredictionRaw": [], "currentPrediction": [], "realResult": [], "newPrediction": [[6, 8, 12, 14, 18, 20, 21, 23, 24, 25, 30, 33, 37, 43, 44, 46, 48, 58, 61, 66], [8, 9, 10, 15, 15, 22, 23, 19, 26, 24, 26, 35, 36, 41, 47, 48, 52, 51, 62, 65], [9, 11, 19, 11, 27, 16, 19, 24, 25, 29, 24, 30, 38, 46, 45, 45, 45, 59, 51, 67], [11, 14, 16, 8, 28, 17, 16, 16, 19, 44, 32, 15, 31, 44, 25, 49, 51, 56, 60, 10], [7, 6, 9, 9, 14, 19, 26, 20, 27, 26, 28, 32, 35, 45, 26, 54, 61, 65, 59, 68], [5, 10, 11, 18, 17, 61, 24, 26, 23, 22, 33, 10, 34, 42, 42, 51, 46, 66, 47, 9], [13, 16, 7, 10, 19, 21, 20, 27, 22, 27, 35, 34, 33, 48, 29, 52, 49, 57, 58, 12], [10, 7, 21, 6, 21, 13, 18, 21, 28, 17, 18, 28, 29, 40, 22, 43, 54, 54, 12, 55], [16, 15, 8, 13, 26, 25, 12, 12, 18, 28, 27, 18, 15, 47, 24, 47, 62, 50, 16, 59], [14, 13, 23, 16, 30, 12, 27, 25, 17, 47, 15, 12, 28, 26, 27, 50, 47, 52, 19, 7]], "newPredictionRaw": [[5.2503657671509885e-11, 9.630335799851847e-16, 1.0649283538333165e-11, 1.23381261804556e-11, 3.967187694797758e-06, 0.9833283424377441, 0.001214253599755466, 0.009496639482676983, 0.004563382361084223, 1.2210891782160616e-06, 0.0013877927558496594, 1.935663015943214e-21, 3.697776037370204e-06, 2.2274944555533693e-08, 1.9606401224780967e-10, 5.755230745307927e-07, 3.070080404092221e-14, 4.501822239481882e-21, 0.0, 6.672140782443747e-15, 3.5042173791423556e-21, 2.216779016122622e-35, 0.0, 0.0, 0.0, 0.0, 0.0, 0.0, 0.0, 0.0, 0.0, 0.0, 0.0, 0.0, 0.0, 0.0, 0.0, 0.0, 0.0, 0.0, 0.0, 0.0, 0.0, 0.0, 0.0, 0.0, 0.0, 0.0, 0.0, 0.0, 0.0, 0.0, 0.0, 0.0, 0.0, 0.0, 0.0, 0.0, 0.0, 0.0, 4.768122764283508e-32, 4.362891679889285e-17, 1.8626998310928872e-16, 2.8765354738470443e-22, 5.1912756218578954e-15, 2.760162987058834e-09, 9.652988630648451e-09, 6.503401289714716e-11, 7.926404453049572e-18, 7.256780692048573e-23, 0.0, 0.0, 0.0, 0.0, 0.0, 0.0, 0.0, 0.0, 0.0, 0.0], [0.0, 0.0, 0.0, 0.0, 0.0, 2.9359029096731604e-11, 6.495852262054683e-16, 0.9999332427978516, 6.670360744465142e-05, 1.0342329206589063e-13, 1.3782332608514025e-08, 0.0, 2.748475000424184e-21, 4.163632633114034e-11, 6.718190329154352e-20, 1.1423082091506758e-15, 9.150787302544758e-35, 0.0, 0.0, 0.0, 0.0, 0.0, 0.0, 0.0, 0.0, 0.0, 0.0, 0.0, 0.0, 0.0, 0.0, 0.0, 0.0, 0.0, 0.0, 0.0, 0.0, 0.0, 0.0, 0.0, 0.0, 0.0, 0.0, 0.0, 0.0, 0.0, 0.0, 0.0, 0.0, 0.0, 0.0, 0.0, 0.0, 0.0, 0.0, 0.0, 0.0, 0.0, 0.0, 0.0, 0.0, 0.0, 0.0, 0.0, 0.0, 0.0, 0.0, 0.0, 0.0, 0.0, 0.0, 0.0, 0.0, 0.0, 0.0, 0.0, 0.0, 0.0, 0.0, 0.0], [0.0, 0.0, 0.0, 0.0, 0.0, 5.847833285974347e-25, 2.5724892051617876e-13, 1.1075675763355143e-15, 1.8044496528091258e-06, 0.012161223217844963, 9.131137512774501e-11, 0.9874123334884644, 0.0, 4.427243802350842e-33, 7.960925862320404e-35, 2.8350859793135896e-06, 1.5050618130111411e-37, 2.8953066301070704e-25, 0.00042178211151622236, 2.2059077789231094e-22, 3.66763436569946e-14, 7.055802807901129e-31, 2.1835094901368397e-17, 3.926637197271729e-23, 4.335499605025328e-36, 7.093618003557942e-22, 1.5052040593070276e-31, 4.509222149252612e-28, 0.0, 1.7723797469077763e-24, 0.0, 2.168838614792599e-19, 3.4110810023057545e-22, 0.0, 2.412155973367579e-30, 0.0, 0.0, 0.0, 0.0, 0.0, 0.0, 0.0, 0.0, 0.0, 0.0, 0.0, 0.0, 0.0, 0.0, 0.0, 2.6196692825024198e-30, 5.980967448932975e-31, 0.0, 0.0, 0.0, 0.0, 0.0, 2.7720573662297705e-37, 1.2725962068689042e-38, 0.0, 3.209112850843899e-36, 0.0, 0.0, 0.0, 0.0, 0.0, 0.0, 0.0, 0.0, 0.0, 0.0, 0.0, 0.0, 0.0, 0.0, 0.0, 0.0, 0.0, 0.0, 0.0], [0.0, 0.0, 0.0, 0.0, 0.0, 4.8704876937089026e-11, 3.8733178990557615e-12, 3.632645893958397e-05, 8.68918537122454e-09, 1.577721980838831e-10, 0.00012945098569616675, 1.7610404508348193e-13, 4.7794736918183034e-11, 0.9994710087776184, 0.00036310963332653046, 4.1099654062015656e-12, 2.5327478829495487e-12, 9.465646044759524e-10, 2.682436260977571e-31, 2.153531364645355e-32, 1.4183288562292288e-18, 0.0, 0.0, 0.0, 0.0, 0.0, 0.0, 0.0, 0.0, 3.4877256032289353e-37, 0.0, 3.779643233464473e-29, 2.47167766846471e-22, 3.242573329108507e-35, 1.569237857530974e-21, 0.0, 0.0, 0.0, 0.0, 0.0, 0.0, 0.0, 0.0, 0.0, 0.0, 0.0, 0.0, 0.0, 0.0, 0.0, 0.0, 0.0, 0.0, 0.0, 0.0, 0.0, 0.0, 0.0, 0.0, 0.0, 0.0, 0.0, 0.0, 0.0, 0.0, 0.0, 0.0, 0.0, 0.0, 0.0, 0.0, 0.0, 0.0, 0.0, 0.0, 0.0, 0.0, 0.0, 0.0, 0.0], [1.269308098361892e-34, 2.969158716918698e-36, 0.0, 0.0, 0.0, 3.3453338792538705e-24, 8.24711323328192e-19, 3.817274678996488e-15, 5.944757803494458e-17, 3.784787153821023e-12, 2.1263355520773075e-08, 1.612867883693525e-08, 8.93486187814041e-11, 2.2261259800870903e-05, 0.001554122194647789, 1.5324762570045891e-09, 1.4412396922125481e-05, 0.9983325600624084, 3.231877371945302e-06, 5.1436566811391415e-11, 5.330083467924851e-07, 4.141667631074597e-08, 6.189045109739055e-11, 3.88977206000618e-08, 1.7986998557262268e-07, 2.889231893732358e-07, 3.7799705751240253e-05, 3.413690865272656e-05, 2.982547350299282e-18, 2.5674015091681213e-07, 9.503126584264887e-12, 1.3916252328272094e-07, 9.687691537862975e-09, 1.2271776927974543e-09, 8.802524931184053e-09, 6.790818604472033e-22, 0.0, 0.0, 0.0, 0.0, 0.0, 0.0, 0.0, 5.956957290328729e-29, 1.1326300787932026e-26, 0.0, 1.3407355305113292e-23, 2.3310807538512417e-20, 0.0, 6.511236618131284e-30, 7.043609321363822e-21, 9.16043281591104e-19, 0.0, 1.9122372719100794e-33, 0.0, 6.120323376861553e-34, 1.5123895950446656e-37, 5.017481027445333e-31, 5.43420317876664e-30, 4.4260345125374336e-32, 2.829736407929891e-20, 1.3889826788592167e-26, 3.974483418690422e-33, 0.0, 3.385748166809015e-32, 0.0, 0.0, 0.0, 0.0, 0.0, 5.58783690349075e-27, 1.1173696262114603e-26, 2.7865779623553375e-27, 4.6437722065844915e-25, 1.7648705861139534e-26, 6.280262399249966e-23, 1.4124344966804267e-25, 5.252376915848305e-25, 2.2969939425546428e-24, 1.3187250934516405e-25], [0.0, 1.4275399504202447e-26, 0.0, 3.895129461628478e-23, 0.0, 0.0, 0.0, 0.0, 0.0, 2.352127825650992e-24, 9.443308765164082e-13, 1.0899246782880567e-11, 2.0575736670025435e-09, 0.0, 0.0, 9.592194692231715e-05, 1.2624668670468964e-06, 5.4600692456913125e-15, 1.4180474749991845e-07, 0.9997723698616028, 2.15245741230774e-08, 0.00013020947517361492, 2.3202272080632275e-14, 8.422639322103187e-12, 1.2299411489280487e-10, 4.5683336999622545e-20, 6.444804762697218e-16, 4.0052105044449103e-25, 3.034031924654589e-20, 0.0, 1.1951995752706584e-27, 0.0, 0.0, 0.0, 0.0, 0.0, 0.0, 0.0, 0.0, 0.0, 0.0, 1.672425183677603e-32, 0.0, 6.159154167435648e-18, 6.54378260895117e-21, 0.0, 1.2520708199201267e-20, 0.0, 0.0, 1.3867781244385367e-35, 1.3738876444003978e-28, 0.0, 0.0, 0.0, 0.0, 0.0, 4.3788407653406204e-32, 4.299015588838568e-31, 4.467778181561009e-17, 1.9838612767527145e-14, 5.838755967602083e-08, 1.6601743851180073e-12, 0.0, 0.0, 1.1253639248635325e-33, 0.0, 0.0, 0.0, 0.0, 0.0, 0.0, 0.0, 0.0, 0.0, 0.0, 0.0, 0.0, 0.0, 0.0, 0.0], [0.0, 0.0, 0.0, 0.0, 0.0, 3.9825128095305144e-28, 7.274827936293858e-23, 2.4919457231216413e-13, 1.808729208074844e-11, 2.119485420504219e-10, 6.639808702857408e-08, 1.7332186530438776e-07, 3.940825649513034e-24, 1.4357612876381154e-09, 5.4163045356143405e-17, 0.0011587246553972363, 6.692246016036779e-18, 2.8692576847788587e-07, 0.0015706216217949986, 1.7729481669448433e-06, 0.9897491335868835, 6.31270437339694e-21, 0.007500451523810625, 8.332070137839764e-06, 2.3625630734815995e-18, 1.0179792298004031e-05, 1.0121023308329313e-07, 1.2833880009069376e-12, 0.0, 7.97138355324023e-09, 0.0, 5.488145760068619e-08, 1.636845520236463e-11, 5.6097427388270015e-25, 8.995002855895998e-17, 0.0, 0.0, 0.0, 0.0, 0.0, 0.0, 0.0, 0.0, 0.0, 0.0, 0.0, 0.0, 0.0, 0.0, 0.0, 3.378101502588519e-33, 1.7410898053899256e-31, 0.0, 0.0, 0.0, 0.0, 0.0, 0.0, 0.0, 0.0, 0.0, 0.0, 0.0, 0.0, 0.0, 0.0, 0.0, 0.0, 0.0, 0.0, 0.0, 0.0, 0.0, 0.0, 0.0, 0.0, 0.0, 0.0, 0.0, 0.0], [0.0, 0.0, 0.0, 0.0, 0.0, 0.0, 0.0, 0.0, 0.0, 3.523833488200109e-32, 5.052576600245252e-22, 1.366754474353693e-12, 5.148706398903898e-32, 0.0, 0.0, 5.786825568065979e-06, 3.0484776162329334e-21, 4.4227687337430315e-21, 0.004060796927660704, 9.199535497828037e-07, 8.423977071458921e-09, 