{"currentPredictionRaw": [], "currentPrediction": [{"name": "PoissonMonteCarlo Model", "predictions": [[1, 5, 9, 15, 18, 19, 24, 26, 33, 34, 37, 39, 47, 49, 50, 57, 58, 62, 68, 70], [9, 47, 50, 62, 70], [9, 18, 24, 33, 39, 58], [15, 18, 19, 24, 47, 62, 68]]}, {"name": "xgboost", "predictions": [[3, 5, 14, 7, 18, 27, 21, 29, 33, 33, 32, 40, 47, 45, 49, 57, 60, 56, 66, 68], [3, 5, 33, 49, 57], [33, 3, 5, 49, 57, 60], [33, 3, 5, 49, 57, 60, 56]]}], "realResult": [2, 8, 10, 15, 16, 17, 20, 23, 28, 31, 34, 41, 42, 43, 45, 49, 51, 55, 57, 69], "newPrediction": [{"name": "Markov Model", "predictions": [[17, 18, 22, 23, 29, 30, 34, 37, 38, 44, 45, 48, 50, 52, 53, 59, 64, 68, 69, 70], [17, 18, 23, 30, 37, 48, 69], [22, 23, 30, 34, 37, 45, 50, 59, 68], [18, 22, 30, 34, 44, 48, 50, 52, 59, 70]]}, {"name": "PoissonMonteCarlo Model", "predictions": [[1, 5, 7, 11, 15, 21, 24, 26, 32, 36, 38, 40, 48, 51, 55, 58, 60, 64, 66, 70], [1, 7, 11, 21, 24, 26, 48], [7, 15, 21, 26, 32, 51, 55, 64, 66], [1, 7, 21, 24, 26, 36, 38, 51, 58, 70]]}, {"name": "PoissonMarkov Model", "predictions": [[42, 47, 49, 57, 70, 1, 4, 8, 12, 13, 19, 21, 30, 31, 32, 37, 53, 55, 62, 66], [4, 13, 21, 31, 32, 49, 62], [1, 4, 8, 13, 19, 30, 42, 47, 66], [1, 4, 8, 21, 30, 32, 37, 47, 57, 70]]}], "newPredictionRaw": [], "matchingNumbers": {"model": "PoissonMonteCarlo Model", "prediction": [1, 5, 9, 15, 18, 19, 24, 26, 33, 34, 37, 39, 47, 49, 50, 57, 58, 62, 68, 70], "matching_numbers": [49, 34, 57, 15], "match_count": 4}, "labels": [], "numberFrequency": {"1": 0.014423243712055507, "5": 0.01437987857762359, "6": 0.014570685169124024, "8": 0.014024284475281873, "11": 0.014362532523850825, "16": 0.014388551604509974, "17": 0.01404163052905464, "26": 0.014813529921942759, "27": 0.013842150910667823, "32": 0.014735472679965307, "35": 0.014032957502168257, "37": 0.014362532523850825, "43": 0.014111014744145707, "44": 0.01422376409366869, "49": 0.014293148308759758, "52": 0.014137033824804857, "56": 0.01401561144839549, "57": 0.014163052905464006, "59": 0.014371205550737207, "66": 0.014362532523850825, "7": 0.014362532523850825, "9": 0.014258456201214223, "10": 0.014570685169124024, "15": 0.014588031222896791, "20": 0.014145706851691241, "24": 0.01432784041630529, "30": 0.01430182133564614, "31": 0.014371205550737207, "34": 0.014579358196010408, "50": 0.01391153512575889, "54": 0.01440589765828274, "58": 0.01422376409366869, "67": 0.014475281873373807, "69": 0.014865568083261059, "70": 0.013954900260190807, "2": 0.014171725932350391, "3": 0.014570685169124024, "25": 0.014145706851691241, "38": 0.013720728534258457, "39": 0.014189071986123156, "40": 0.013738074588031222, "42": 0.014726799653078925, "55": 0.014475281873373807, "62": 0.014397224631396357, "4": 0.014032957502168257, "28": 0.014518647007805724, "36": 0.013998265394622723, "41": 0.014128360797918474, "51": 0.014154379878577624, "60": 0.014787510841283607, "64": 0.01422376409366869, "12": 0.014050303555941024, "13": 0.01437987857762359, "23": 0.014492627927146574, "47": 0.014388551604509974, "48": 0.014084995663486557, "61": 0.01432784041630529, "14": 0.01388551604509974, "29": 0.014102341717259324, "53": 0.013772766695576756, "19": 0.014310494362532523, "65": 0.014509973980919341, "22": 0.014084995663486557, "33": 0.014241110147441458, "68": 0.014622723330442325, "18": 0.014527320034692108, "46": 0.014284475281873373, "63": 0.014154379878577624, "21": 0.013712055507372072, "45": 0.013790112749349524, "74": 8.673026886383348e-05, "76": 0.00015611448395490027, "80": 0.00012142237640936687, "71": 0.00012142237640936687, "77": 0.0001474414570685169, "72": 0.00015611448395490027, "75": 0.00015611448395490027, "78": 0.00013876843018213356, "79": 0.00010407632263660017, "73": 0.00011274934952298353}}