{
  "currentPredictionRaw": [],
  "currentPrediction": [
    {
      "name": "HybridStatisticalModel",
      "predictions": [
        [
          8,
          1,
          3,
          9,
          15,
          24,
          2
        ]
      ]
    }
  ],
  "realResult": [
    13,
    35,
    39,
    44,
    47,
    3,
    5
  ],
  "newPrediction": [
    {
      "name": "HybridStatisticalModel",
      "predictions": [
        [
          3,
          5,
          23,
          39,
          1,
          2,
          4
        ]
      ]
    }
  ],
  "newPredictionRaw": [],
  "matchingNumbers": {
    "model": "HybridStatisticalModel",
    "prediction": [
      8,
      1,
      3,
      9,
      15,
      24,
      2
    ],
    "matching_numbers": [
      3
    ],
    "match_count": 1
  },
  "labels": [],
  "numberFrequency": {
    "3": 0.14285714285714285,
    "5": 0.14285714285714285,
    "23": 0.14285714285714285,
    "39": 0.14285714285714285,
    "1": 0.14285714285714285,
    "2": 0.14285714285714285,
    "4": 0.14285714285714285
  }
}