{"currentPredictionRaw": [], "currentPrediction": [], "realResult": [8, 15, 24, 35, 42, 6, 8], "newPrediction": [[18, 20, 29, 41, 48, 5, 9], [39, 48, 23, 43, 12, 42, 28], [8, 16, 26, 33, 45, 4, 8], [32, 38, 7, 9, 44, 17, 19]], "newPredictionRaw": [[2.3741839050295255e-10, 5.686588895083278e-14, 3.4757622178501054e-15, 2.083965853216796e-07, 5.322376247412011e-14, 1.9607453681513842e-12, 2.7340527845171048e-12, 5.411488623913608e-16, 1.7987072942204918e-09, 4.069807609509395e-18, 4.57982133120205e-12, 1.9132827646425182e-13, 3.06952237878657e-14, 1.5369633056495566e-14, 2.9442683846525597e-09, 1.079979340548945e-13, 3.1260217525641565e-08, 0.9999947547912598, 2.058436976426492e-08, 2.302167721826959e-19, 1.178308473015477e-08, 1.030616962418066e-15, 2.2123561649323165e-08, 1.8694329489301709e-16, 3.2080492928798776e-08, 3.0743555612389173e-07, 2.0072030149087539e-10, 1.0430983854448073e-10, 1.4310310748888444e-11, 1.7129433445006725e-06, 4.49064006466382e-12, 2.164002488314054e-08, 1.3049496772055136e-07, 9.424483500263003e-16, 2.396887376077128e-11, 8.420284025589808e-09, 5.146369441710874e-10, 5.026373273153695e-08, 2.6101361072505824e-06, 8.767203074633301e-10, 6.684069096818401e-12, 6.949619352214498e-11, 4.2509770118055734e-13, 1.8769583072709333e-15, 2.251708153266918e-09, 4.3743112430882913e-14, 7.241771099975983e-20, 6.405947820808944e-13, 3.98904237278782e-15, 4.8369117600088885e-09], [1.0742552951793077e-13, 1.4547314741708561e-10, 6.705908606186028e-10, 6.86966550408144e-17, 1.2200620288366215e-12, 9.138431678046288e-10, 3.491181033155044e-08, 3.510123633532203e-06, 1.9809201154408207e-11, 2.558172695898975e-07, 2.0192805760821386e-12, 1.653993564332268e-08, 9.226047185885607e-15, 4.909111339657102e-06, 5.74456905655385e-11, 1.1431801685835019e-11, 3.0971173976129807e-12, 2.933068267652449e-24, 1.6420594267999022e-14, 0.9999275207519531, 1.664578197502209e-10, 1.040801635099342e-06, 5.5983471330955936e-11, 1.0677208592824172e-05, 2.17799512962618e-14, 1.3737888405174588e-17, 2.2607281380260247e-08, 1.4800213463637968e-13, 2.3431384477134998e-07, 7.306244400351722e-19, 2.2145532749175828e-13, 6.02699411476101e-17, 2.099445786970672e-21, 2.475045732808212e-07, 8.402609850154512e-18, 1.6852517225990316e-16, 2.0933091831943008e-16, 7.368693641467331e-18, 1.356459737556718e-15, 5.997813726330522e-19, 8.232102999272684e-08, 2.378139697611914e-06, 3.6083788734764255e-11, 1.5961786337115313e-09, 1.6469343012581867e-17, 7.693317343182571e-07, 1.2679039173235651e-05, 3.546191510395147e-05, 4.4300613177838954e-10, 1.2883373774715868e-16], [2.9335983642297947e-10, 1.058389598185272e-09, 9.033533920899117e-10, 4.819605543653072e-13, 1.6746564204805914e-11, 4.854442750001908e-07, 6.463880453111415e-08, 1.546753836123571e-09, 1.2518773517822268e-10, 6.262151387714798e-12, 4.499644336601258e-14, 1.3363232742591435e-09, 3.529938995727906e-14, 4.0640421161697304e-07, 2.0745577131164872e-11, 3.497071989627676e-12, 2.2031283151591197e-05, 1.3451814261013911e-13, 1.0587891988344053e-17, 5.651378387483419e-07, 1.554301161377225e-05, 2.0806943211937323e-05, 2.9588709367089905e-05, 3.49665847491909e-12, 1.3846985780219256e-09, 1.9624345280310623e-13, 4.698847533290973e-08, 2.8318830613827117e-10, 0.9998798370361328, 3.760783686007547e-18, 6.670698878257636e-14, 3.0206575562792375e-15, 2.116679086906843e-17, 5.338855103994254e-14, 5.2814886117953305e-14, 8.497659464978824e-09, 6.6686222075808526e-15, 1.0516471249388815e-08, 4.896343205017251e-13, 5.922355661436285e-11, 2.886602715079789e-06, 3.2576749631196833e-10, 8.985787644633092e-06, 5.243738542048959e-06, 5.304635311738359e-15, 3.3081435049098218e-06, 4.583367996247034e-08, 1.0151786227652337e-05, 3.2371407637787897e-11, 3.633471301611735e-10], [1.49793502254858e-12, 6.216149806772696e-16, 3.6770796185692234e-08, 1.5590338293881474e-18, 7.960141488183581e-07, 1.425150220057958e-08, 6.085843634595633e-13, 7.643459554174115e-08, 1.6493741838985443e-07, 7.167803243307569e-12, 5.430992616315322e-16, 9.052525710376985e-15, 7.171576776315876e-31, 7.218940139587695e-19, 6.393495241149901e-22, 1.3573986295515513e-25, 7.562785467318811e-12, 4.119749173855117e-32, 1.422889122345901e-25, 4.9948389174714336e-11, 2.464711648750978e-13, 1.192070553379665e-09, 3.505611426146693e-11, 3.0767187842589694e-12, 1.308678595454422e-32, 2.3248745360461424e-28, 2.988449902376844e-25, 1.792328774286034e-08, 1.2339062461876374e-15, 4.5932691525819166e-38, 2.839784390550423e-20, 2.0185785334914108e-11, 2.447980640281556e-21, 9.089918357027886e-18, 1.805650904780779e-17, 5.308172651430354e-11, 6.152701178402387e-12, 2.1186959115677863e-21, 5.717034892970669e-20, 6.835995050370812e-30, 0.9999912977218628, 3.9835055076764547e-07, 6.1448090491467156e-06, 1.1572453225012339e-19, 8.746895633547368e-25, 7.918980480582129e-15, 1.0632512612573919e-06, 7.701523863090642e-09, 1.6017761661317464e-13, 5.646083398380751e-18], [7.565350584674803e-20, 6.761241279308258e-14, 1.058655333535663e-12, 1.0282003023814957e-26, 1.0231902791701941e-07, 4.746619453044332e-08, 8.163964793084233e-08, 8.736336667425348e-07, 7.726687907929405e-15, 4.486667385931116e-20, 1.789991057466049e-20, 1.4683385529679072e-07, 0.0, 4.503785436343503e-18, 5.904108907180345e-23, 1.0629744887252427e-32, 6.950906111892508e-30, 0.0, 0.0, 8.466774644669967e-14, 7.697798155197402e-15, 2.616739217733012e-21, 1.7572132984811084e-11, 5.43659641755644e-28, 3.541081219348813e-42, 1.401298464324817e-45, 5.628875663495387e-19, 3.6960796158215795e-30, 5.33507428773089e-13, 0.0, 6.134576391151898e-40, 1.2639298709110936e-36, 0.0, 3.5116771133710804e-32, 3.6433760072445244e-44, 1.8782440186240883e-34, 2.6676819407774692e-33, 8.441964251598392e-39, 1.541690304606128e-22, 0.0, 5.457060359148613e-10, 1.3735249049240394e-10, 1.0204656076107247e-22, 3.1402174876289334e-18, 1.0034249367359441e-33, 2.010561854305422e-27, 9.605457922112759e-12, 0.9999988079071045, 4.402546666040066e-32, 4.94825232693509e-18], [0.0, 0.0, 1.061501867606099e-30, 0.0, 1.0, 2.758457372269928e-37, 0.0, 6.144693766064323e-42, 3.44301565608955e-29, 0.0, 0.0, 2.4816094502369553e-33, 0.0, 0.0, 0.0, 0.0, 0.0, 0.0, 0.0, 0.0, 0.0, 0.0, 1.8551930499042686e-40, 0.0, 0.0, 0.0, 0.0, 0.0, 0.0, 0.0, 0.0, 0.0, 0.0, 0.0, 0.0, 0.0, 1.1363129247209942e-41, 0.0, 0.0, 0.0, 6.538411309090655e-28, 1.403675039885263e-27, 0.0, 0.0, 0.0, 0.0, 0.0, 3.202182381237431e-32, 0.0, 9.511044322141096e-36], [0.0, 0.0, 0.0, 0.0, 0.0, 0.0, 0.0, 0.0, 1.0, 0.0, 0.0, 0.0, 0.0, 0.0, 0.0, 0.0, 0.0, 0.0, 0.0, 0.0, 0.0, 0.0, 0.0, 0.0, 0.0, 0.0, 0.0, 4.736570417698858e-37, 0.0, 0.0, 0.0, 0.0, 0.0, 0.0, 0.0, 0.0, 0.0, 0.0, 0.0, 0.0, 0.0, 0.0, 0.0, 0.0, 0.0, 0.0, 0.0, 0.0, 0.0, 0.0]], "matchingNumbers": [], "labels": [1, 2, 3, 4, 5, 6, 7, 8, 9, 10, 11, 12, 13, 14, 15, 16, 17, 18, 19, 20, 21, 22, 23, 24, 25, 26, 27, 28, 29, 30, 31, 32, 33, 34, 35, 36, 37, 38, 39, 40, 41, 42, 43, 44, 45, 46, 47, 48, 49, 50], "numberFrequency": {"3": 0.04284139234525122, "21": 0.015908017010552843, "36": 0.013387935107891007, "41": 0.012679162072767364, "46": 0.012364151834934636, "1": 0.03851000157505119, "6": 0.03945503228854938, "10": 0.035359899196723894, "23": 0.01638053236730194, "24": 0.01417546070247283, "29": 0.015593006772720113, "45": 0.014726728618680107, "8": 0.040793825799338476, "4": 0.03764372342101118, "39": 0.014017955583556466, "43": 0.013072924870058277, "5": 0.039297527169633015, "22": 0.011419121121436447, "30": 0.014332965821389196, "44": 0.01606552212946921, "49": 0.014254213261931013, "2": 0.04181760907229485, "7": 0.04032131044258938, "9": 0.039612537407465745, "37": 0.015277996534887385, "42": 0.01582926445109466, "11": 0.03362734288864388, "19": 0.015986769570011026, "14": 0.01449047094030556, "27": 0.015041738856512837, "15": 0.014962986297054654, "35": 0.014884233737596472, "18": 0.012679162072767364, "20": 0.015277996534887385, "48": 0.0138604504646401, "12": 0.026145849740116554, "33": 0.012442904394392818, "47": 0.012915419751141912,