{
  "currentPredictionRaw": [],
  "currentPrediction": [
    {
      "name": "HybridStatisticalModel",
      "predictions": [
        [
          3,
          5,
          6,
          17,
          34,
          39,
          47
        ]
      ]
    }
  ],
  "realResult": [
    7,
    8,
    25,
    31,
    45,
    7,
    12
  ],
  "newPrediction": [
    {
      "name": "HybridStatisticalModel",
      "predictions": [
        [
          5,
          6,
          3,
          17,
          34,
          2,
          4
        ]
      ]
    }
  ],
  "newPredictionRaw": [],
  "matchingNumbers": {
    "model": null,
    "prediction": null,
    "matching_numbers": [],
    "match_count": 0
  },
  "labels": [
    1,
    2,
    3,
    4,
    5,
    6,
    7,
    8,
    9,
    10,
    11,
    12,
    13,
    14,
    15,
    16,
    17,
    18,
    19,
    20,
    21,
    22,
    23,
    24,
    25,
    26,
    27,
    28,
    29,
    30,
    31,
    32,
    33,
    34,
    35,
    36,
    37,
    38,
    39,
    40,
    41,
    42,
    43,
    44,
    45,
    46,
    47,
    48,
    49,
    50
  ],
  "numberFrequency": {
    "5": 0.14285714285714285,
    "6": 0.14285714285714285,
    "3": 0.14285714285714285,
    "17": 0.14285714285714285,
    "34": 0.14285714285714285,
    "2": 0.14285714285714285,
    "4": 0.14285714285714285
  }
}