{"currentPredictionRaw": [], "currentPrediction": [], "realResult": [], "newPrediction": [[1, 35, 3, 37, 9, 19, 29], [8, 42, 46, 14, 25, 31, 0], [1, 3, 46, 15, 49, 28, 0], [37, 9, 10, 12, 14, 20, 21], [35, 39, 15, 16, 50, 19, 0], [2, 7, 13, 47, 18, 22, 28], [4, 5, 45, 16, 17, 25, 28], [10, 11, 46, 24, 29, 0, 0], [4, 42, 44, 46, 14, 17, 23], [37, 39, 8, 7, 50, 20, 22]], "newPredictionRaw": [[9.246997698802994e-14, 6.020853901797439e-26, 1.0, 9.009017892067465e-39, 4.112175136478049e-22, 1.5868163680167796e-40, 1.1983341300248704e-20, 1.1444685544571971e-24, 0.0, 0.0, 0.0, 4.8786884888273e-16, 0.0, 2.92932358437841e-23, 0.0, 2.802596928649634e-45, 0.0, 0.0, 0.0, 0.0, 0.0, 0.0, 0.0, 0.0, 0.0, 0.0, 0.0, 0.0, 0.0, 0.0, 0.0, 9.93512250014849e-33, 0.0, 0.0, 0.0, 0.0, 0.0, 0.0, 0.0, 0.0, 0.0, 7.110331204027154e-13, 0.0, 0.0, 0.0, 1.5191459221123599e-22, 0.0, 0.0, 0.0, 4.627929478157286e-20], [7.051287866488565e-06, 5.514655138788571e-12, 9.335122952425223e-12, 1.4569711675026828e-24, 2.0685142209942584e-18, 1.3128455028828256e-14, 2.482373154174699e-18, 1.1155837418807604e-22, 7.902954221030265e-30, 1.2636796212707123e-20, 2.3564268551300345e-14, 7.138297656965331e-14, 4.272564240181964e-07, 1.6662064808770083e-05, 1.1085330924365122e-22, 5.750789000558143e-07, 2.1805875860536617e-07, 3.729444453502275e-24, 0.9999681711196899, 1.171021946078099e-09, 1.6819069167135955e-27, 6.663794343851058e-30, 6.583276810110128e-28, 1.5476997461405517e-08, 1.0081255826880973e-24, 1.846457968448549e-21, 3.3233923832321974e-14, 1.9094217534401344e-36, 4.1577340983075883e-32, 1.3040176654532289e-19, 1.1548447202865131e-14, 1.6441208614715469e-16, 4.6987093069207054e-18, 7.983573802050614e-10, 1.8458099045312347e-29, 3.769000898212649e-18, 6.8151034611219075e-06, 1.5171736480837107e-31, 2.0179117190622434e-30, 5.485993603837613e-12, 8.506665319653956e-20, 2.0569219071064904e-12, 2.7444934289439214e-30, 2.0202933265198704e-21, 3.7453010189188694e-15, 6.757918669109131e-09, 4.799575233777054e-12, 4.992209177245395e-22, 2.5599055444897469e-23, 1.3470106879834022e-16], [0.0, 5.7525782258815596e-39, 0.0, 4.8956997310278805e-12, 2.379488870331399e-40, 4.182012716155555e-39, 7.671702250168421e-33, 4.05004530228921e-28, 7.785444511299033e-10, 1.0815051111612295e-11, 0.0, 0.0, 0.0, 0.0, 8.57085780125999e-09, 0.0, 0.0, 6.883333336353003e-31, 0.0, 0.0, 5.441772017914272e-34, 2.466160886616109e-10, 0.0, 0.0, 3.745162189261464e-07, 0.0, 4.035739577255473e-43, 2.5096154321335717e-11, 0.9999996423721313, 1.0618173151510598e-15, 1.0047972182915984e-25, 0.0, 0.0, 0.0, 2.5601007425102296e-10, 0.0, 0.0, 4.684811216841478e-39, 3.088485847277389e-12, 0.0, 3.395864635274865e-19, 0.0, 1.181573349327904e-30, 1.8996048953373646e-32, 0.0, 0.0, 0.0, 0.0, 3.1518900544417374e-30, 0.0], [6.235502010402403e-28, 6.092057256952045e-20, 1.7853138708667348e-23, 3.790073317038248e-14, 6.662193303611809e-19, 1.6207486823499295e-22, 4.9744426412646244e-23, 2.9641460971875805e-18, 5.356282366426879e-13, 3.0958820441051235e-14, 7.579814381242011e-26, 3.306165142143232e-32, 8.766597033537087e-15, 1.601688729662069e-30, 3.952092811232433e-06, 2.7428723881975016e-18, 2.3607083277531024e-19, 2.4348089482373325e-06, 8.75827896863208e-29, 5.476763869689362e-19, 5.287672138365451e-06, 2.1783687742527036e-08, 1.6479462772167608e-07, 5.799634693247771e-21, 2.001572511289851e-06, 9.325553228397253e-15, 8.168949024167649e-12, 7.551182989118388e-06, 1.1555193850654177e-06, 3.89212663834404e-12, 3.393626684555784e-05, 9.13472352548501e-22, 3.082423450749363e-26, 2.0902916550435968e-11, 0.9999434947967529, 1.6123439863509163e-14, 4.726983400740605e-32, 2.3742544388860587e-12, 1.661897876259477e-11, 4.82804768386913e-12, 1.2370367317299236e-13, 4.284814661991475e-33, 1.2157648206310295e-13, 2.8652382283778104e-22, 1.3129189616334172e-28, 3.5284857186824714e-30, 5.828079913084773e-24, 3.2137075090458976e-20, 3.8186001340814915e-20, 4.5665130581421974e-30], [3.2937051913320024e-15, 1.3110950286307359e-23, 4.3150908044654966e-19, 5.324934164434305e-44, 1.593897129157013e-39, 6.767525242043393e-17, 7.475664527192141e-25, 3.505642364146249e-34, 8.870219279176092e-43, 4.7909857001164644e-27, 2.51414965235508e-11, 9.609052773563103e-18, 1.4032985732432822e-30, 1.3188309765013034e-14, 0.0, 1.5765023055827065e-29, 2.5322823265366834e-12, 2.77771715467524e-38, 2.894262607355813e-09, 6.201570101893594e-08, 0.0, 0.0, 0.0, 4.805951863822442e-15, 1.798848239952232e-39, 1.3442660991783913e-32, 4.7866778971141885e-18, 0.0, 0.0, 6.180000653658908e-33, 1.636827308910068e-38, 0.0, 1.3208630352110765e-32, 1.2178504831868109e-21, 0.0, 5.004218850192545e-19, 0.999996542930603, 0.0, 1.3816676741380907e-39, 1.202314082390693e-42, 1.5131670885137046e-21, 2.9044535949651618e-06, 1.8216880036222622e-44, 1.2917265370325151e-19, 1.476170963243817e-09, 5.145444674781174e-07, 1.9421342312142542e-09, 1.0527348896783442e-31, 6.25130014025416e-25, 1.8223863715825794e-13], [1.0, 1.5817766541024728e-24, 1.9789287656728362e-16, 0.0, 0.0, 2.897083681502128e-39, 1.401298464324817e-45, 0.0, 0.0, 0.0, 0.0, 0.0, 0.0, 5.5679687878735874e-21, 0.0, 7.822357062123197e-26, 0.0, 0.0, 7.528240351309607e-23, 0.0, 0.0, 0.0, 0.0, 5.1430721754871865e-28, 0.0, 0.0, 0.0, 0.0, 0.0, 0.0, 0.0, 0.0, 0.0, 0.0, 0.0, 0.0, 4.151559697928848e-39, 0.0, 0.0, 0.0, 0.0, 4.100164258714485e-28, 0.0, 0.0, 0.0, 1.008245136685515e-11, 0.0, 0.0, 0.0, 0.0], [0.0, 0.0, 0.0, 1.4906187548996521e-18, 0.0, 0.0, 2.4801514148468486e-26, 9.868380391282391e-14, 1.0, 1.142167178164958e-14, 0.0, 0.0, 0.0, 0.0, 0.0, 0.0, 0.0, 0.0, 0.0, 0.0, 0.0, 2.0330307160016156e-27, 0.0, 0.0, 8.407790785948902e-45, 0.0, 0.0, 5.3805323655619335e-18, 1.4615471045305638e-19, 0.0, 0.0, 0.0, 0.0, 0.0, 0.0, 0.0, 0.0, 0.0, 6.1267709960575404e-15, 0.0, 2.9201658698064863e-40, 0.0, 2.6581709542715126e-30, 1.2378025803936014e-21, 0.0, 0.0, 0.0, 7.447480948347105e-41, 3.893968684282566e-14, 1.0930128021733573e-43]], "matchingNumbers": []}