{"currentPredictionRaw": [], "currentPrediction": [{"name": "PoissonMonteCarlo Model", "predictions": [[1, 3, 8, 19, 26, 35, 50]]}], "realResult": [4, 7, 14, 33, 36, 1, 5], "newPrediction": [{"name": "Markov Model", "predictions": [[2, 4, 12, 15, 21, 22, 48]]}, {"name": "PoissonMonteCarlo Model", "predictions": [[1, 5, 12, 21, 27, 30, 50]]}, {"name": "PoissonMarkov Model", "predictions": [[2, 40, 1, 9, 17, 29, 50, 4, 7, 13, 25, 31]]}], "newPredictionRaw": [], "matchingNumbers": {"model": "PoissonMonteCarlo Model", "prediction": [1, 3, 8, 19, 26, 35, 50], "matching_numbers": [1], "match_count": 1}, "labels": [], "numberFrequency": {"17": 0.015331010452961672, "24": 0.014246999612853271, "26": 0.014789005032907473, "27": 0.015021293070073558, "49": 0.014479287650019358, "3": 0.042818428184281845, "5": 0.03933410762679056, "14": 0.014634146341463415, "18": 0.012698412698412698, "20": 0.015253581107239645, "23": 0.016260162601626018, "32": 0.013317847464188928, "10": 0.03523035230352303, "22": 0.011382113821138212, "40": 0.012853271389856756, "42": 0.015795586527293844, "35": 0.01494386372435153, "44": 0.01602787456445993, "2": 0.04157955865272939, "11": 0.03352690669763841, "29": 0.01564072783584979, "43": 0.013085559427022843, "1": 0.038559814169570265, "4": 0.03747580332946187, "9": 0.04003097173828881, "50": 0.015795586527293844, "6": 0.03933410762679056, "8": 0.04065040650406504, "16": 0.014169570267131244, "31": 0.013472706155632985, "28": 0.013627564847077042, "7": 0.0402632597754549, "30": 0.014401858304297329, "45": 0.014634146341463415, "15": 0.01494386372435153, "19": 0.015873015873015872, "41": 0.012775842044134728, "21": 0.015873015873015872, "47": 0.01316298877274487, "25": 0.015021293070073558, "38": 0.014789005032907473, "37": 0.015253581107239645, "36": 0.013472706155632985, "33": 0.01262098335269067, "48": 0.013937282229965157, "34": 0.014324428958575301, "39": 0.014014711575687186, "13": 0.014246999612853271, "12": 0.02640340689121177, "46": 0.01262098335269067}}