{
  "currentPredictionRaw": [],
  "currentPrediction": [
    {
      "name": "MarkovBayesian Model",
      "predictions": [
        [
          32,
          35,
          4,
          37,
          8,
          9,
          47
        ]
      ]
    },
    {
      "name": "PoissonMonteCarlo Model",
      "predictions": [
        [
          2,
          3,
          11,
          12,
          24,
          40,
          50
        ]
      ]
    }
  ],
  "realResult": [
    9,
    19,
    44,
    47,
    50,
    2,
    9
  ],
  "newPrediction": [
    {
      "name": "MarkovBayesian Model",
      "predictions": [
        [
          1,
          2,
          35,
          6,
          40,
          9,
          11
        ]
      ]
    },
    {
      "name": "PoissonMonteCarlo Model",
      "predictions": [
        [
          2,
          3,
          9,
          16,
          21,
          38,
          50
        ]
      ]
    }
  ],
  "newPredictionRaw": [],
  "matchingNumbers": {
    "model": "MarkovBayesian Model",
    "prediction": [
      32,
      35,
      4,
      37,
      8,
      9,
      47
    ],
    "matching_numbers": [
      9,
      47
    ],
    "match_count": 2
  },
  "labels": [],
  "numberFrequency": {
    "17": 0.015372670807453416,
    "24": 0.014285714285714285,
    "26": 0.01482919254658385,
    "27": 0.015062111801242235,
    "49": 0.014440993788819875,
    "3": 0.042934782608695654,
    "5": 0.039285714285714285,
    "14": 0.014596273291925466,
    "18": 0.012732919254658385,
    "20": 0.015295031055900622,
    "23": 0.016304347826086956,
    "32": 0.013354037267080746,
    "10": 0.03524844720496895,
    "22": 0.01141304347826087,
    "40": 0.01281055900621118,
    "42": 0.015838509316770187,
    "35": 0.01498447204968944,
    "44": 0.01607142857142857,
    "2": 0.04169254658385093,
    "11": 0.03361801242236025,
    "29": 0.015527950310559006,
    "43": 0.013043478260869565,
    "1": 0.03850931677018633,
    "4": 0.0374223602484472,
    "9": 0.04006211180124224,
    "50": 0.015838509316770187,
    "6": 0.03920807453416149,
    "8": 0.040683229813664595,
    "16": 0.01420807453416149,
    "31": 0.013509316770186335,
    "28": 0.013664596273291925,
    "7": 0.04021739130434782,
    "30": 0.01436335403726708,
    "45": 0.014673913043478261,
    "15": 0.01498447204968944,
    "19": 0.01591614906832298,
    "41": 0.012732919254658385,
    "21": 0.01591614906832298,
    "47": 0.013121118012422361,
    "25": 0.01498447204968944,
    "38": 0.014751552795031056,
    "37": 0.015217391304347827,
    "36": 0.01343167701863354,
    "33": 0.012577639751552796,
    "48": 0.013975155279503106,
    "34": 0.01436335403726708,
    "39": 0.0140527950310559,
    "13": 0.01420807453416149,
    "12": 0.026164596273291926,
    "46": 0.0125
  }
}