{
  "currentPredictionRaw": [],
  "currentPrediction": [
    {
      "name": "HybridStatisticalModel",
      "predictions": [
        [
          2,
          3,
          5,
          6,
          7,
          8,
          17
        ]
      ]
    }
  ],
  "realResult": [
    6,
    9,
    25,
    28,
    45,
    1,
    4
  ],
  "newPrediction": [
    {
      "name": "HybridStatisticalModel",
      "predictions": [
        [
          5,
          3,
          6,
          7,
          17,
          34,
          2
        ]
      ]
    }
  ],
  "newPredictionRaw": [],
  "matchingNumbers": {
    "model": "HybridStatisticalModel",
    "prediction": [
      2,
      3,
      5,
      6,
      7,
      8,
      17
    ],
    "matching_numbers": [
      6
    ],
    "match_count": 1
  },
  "labels": [
    1,
    2,
    3,
    4,
    5,
    6,
    7,
    8,
    9,
    10,
    11,
    12,
    13,
    14,
    15,
    16,
    17,
    18,
    19,
    20,
    21,
    22,
    23,
    24,
    25,
    26,
    27,
    28,
    29,
    30,
    31,
    32,
    33,
    34,
    35,
    36,
    37,
    38,
    39,
    40,
    41,
    42,
    43,
    44,
    45,
    46,
    47,
    48,
    49,
    50
  ],
  "numberFrequency": {
    "5": 0.14285714285714285,
    "3": 0.14285714285714285,
    "6": 0.14285714285714285,
    "7": 0.14285714285714285,
    "17": 0.14285714285714285,
    "34": 0.14285714285714285,
    "2": 0.14285714285714285
  }
}