{"currentPredictionRaw": [], "currentPrediction": [], "realResult": [], "newPrediction": [[3, 19, 29, 35, 37, 1, 9], [31, 29, 23, 10, 30, 8, 8], [7, 24, 19, 3, 32, 4, 11], [35, 30, 46, 31, 28, 48, 7], [6, 14, 13, 34, 44, 42, 38], [44, 37, 20, 28, 31, 45, 40], [10, 13, 16, 48, 14, 50, 6], [4, 23, 36, 39, 19, 27, 12], [8, 32, 24, 5, 24, 7, 49], [1, 44, 14, 6, 7, 31, 50]], "newPredictionRaw": [[3.4936961640337273e-32, 0.0, 1.0, 6.179637041988049e-28, 0.0, 2.0712762329992775e-22, 2.130780332594055e-16, 1.043881395366369e-30, 2.7079059799301655e-34, 1.7843233721837586e-25, 0.0, 0.0, 0.0, 0.0, 0.0, 0.0, 0.0, 0.0, 0.0, 0.0, 0.0, 0.0, 0.0, 0.0, 0.0, 0.0, 0.0, 1.042616055786871e-37, 0.0, 2.802596928649634e-45, 1.0385362546067728e-13, 0.0, 0.0, 0.0, 1.0427147634267848e-16, 0.0, 0.0, 0.0, 0.0, 0.0, 0.0, 0.0, 0.0, 8.434123407566e-23, 0.0, 0.0, 0.0, 2.802596928649634e-45, 0.0, 0.0], [1.7603811958080514e-40, 0.0, 0.0, 0.0, 0.0, 0.0, 1.989146149783497e-30, 0.0, 1.4843954632592787e-41, 0.0, 0.0, 8.32050390460611e-40, 1.899533698737632e-12, 5.903435074117169e-09, 0.0, 1.0417701736580548e-27, 0.0, 0.0, 0.9999995231628418, 2.5467145581755847e-27, 0.0, 0.0, 3.03800810673433e-22, 2.0921203258694732e-07, 0.0, 0.0, 0.0, 3.7343440996530985e-39, 2.8359102088870713e-07, 5.777451761446173e-08, 1.3153933001294687e-29, 1.6592886080922468e-23, 2.473291789533302e-42, 0.0, 0.0, 1.0365288600993949e-36, 3.8111985789512914e-11, 2.206826795961235e-25, 2.7554152093558176e-40, 4.0145874273802717e-29, 0.0, 0.0, 0.0, 8.923365790197571e-25, 0.0, 6.311532594044168e-33, 0.0, 0.0, 0.0, 0.0], [1.0698382914815655e-27, 4.777986074071671e-38, 1.6190854690532515e-39, 0.0, 0.0, 4.511499196655953e-33, 5.998893909311151e-27, 1.7008154293650752e-34, 1.0637979372116731e-29, 0.0, 4.624284932271896e-44, 1.0173254471412047e-18, 4.180545332133079e-08, 3.4574407893218765e-16, 4.950460131138312e-38, 2.8641926608230506e-09, 0.0, 1.401298464324817e-45, 5.929998110332235e-07, 1.467092491935773e-08, 6.223255839250713e-24, 3.084831505958966e-29, 1.9950707610405516e-06, 7.149423197558291e-13, 1.1968988099069755e-31, 0.0, 0.0, 1.8528604484805535e-38, 0.9999972581863403, 1.1856463620380889e-17, 5.935557320483524e-23, 1.933858997968278e-28, 1.141481248372318e-27, 0.0, 0.0, 4.473416862632584e-12, 1.518853531133384e-20, 2.3328577381398102e-20, 7.006924929947893e-33, 1.5972041035698252e-16, 0.0, 5.415771735913014e-33, 1.3885023531347927e-29, 2.5411798207014047e-25, 6.784374037107785e-27, 1.3528855902222858e-07, 1.2742311697221816e-34, 0.0, 5.721399491858568e-24, 8.310708828340479e-40], [9.745869437808758e-31, 6.554738807994245e-37, 3.326661515701268e-11, 5.150722445778398e-23, 3.194787006229363e-18, 1.3804222706832206e-19, 4.924084330923405e-39, 2.6989008422895977e-42, 1.7794822893458614e-34, 6.148396791694211e-10, 0.0, 0.0, 0.0, 0.0, 0.0, 0.0, 0.0, 0.0, 0.0, 0.0, 0.0, 0.0, 0.0, 0.0, 5.921887310236677e-41, 9.952275491155527e-24, 0.0, 1.0590357394204067e-13, 0.0, 0.0, 2.640050504598701e-12, 1.505357907376653e-38, 0.0, 7.346399421952199e-13, 1.0, 0.0, 1.401298464324817e-45, 0.0, 2.5829300932586467e-16, 0.0, 0.0, 0.0, 0.0, 1.3387730416276476e-34, 0.0, 0.0, 0.0, 3.398096962235059e-14, 0.0, 2.661937012476632e-29], [1.1191303701589236e-17, 5.498060666065936e-38, 1.784296203291957e-18, 2.8109483912730568e-34, 3.824087457203853e-40, 1.561129635081636e-27, 2.6731160416692407e-14, 1.0642696576403643e-26, 3.1748261798443604e-26, 1.5062920068793625e-34, 0.0, 2.4531429112783456e-37, 1.740483005335043e-20, 8.364466452803754e-09, 0.0, 6.956045576908392e-42, 0.0, 0.0, 9.062871286769081e-11, 5.264117811082608e-41, 0.0, 0.0, 8.183583031656932e-43, 8.693073387869288e-13, 6.690281557489413e-34, 5.605193857299268e-45, 0.0, 2.38459819001946e-07, 1.106486956838056e-28, 9.794140169105958e-06, 6.089408799425655e-08, 4.526642442215234e-06, 3.354961026807623e-26, 1.711899629368234e-34, 2.61584006949911e-17, 0.0, 0.9999850988388062, 2.7414089887026676e-24, 3.768830356834795e-20, 1.5785579924710093e-32, 0.0, 1.960192343836127e-40, 2.3177476599932474e-42, 1.8862428419197386e-07, 8.949672902103309e-41, 0.0, 0.0, 4.951682966256925e-31, 0.0, 4.682788496584745e-27], [1.0, 0.0, 0.0, 2.1090014457048056e-10, 0.0, 0.0, 1.432687549925693e-41, 1.1813610090172233e-09, 0.0, 0.0, 8.407790785948902e-44, 0.0, 0.0, 0.0, 0.0, 0.0, 0.0, 0.0, 0.0, 0.0, 0.0, 0.0, 0.0, 0.0, 0.0, 0.0, 2.4845896182720745e-36, 0.0, 0.0, 0.0, 9.010349125608574e-43, 0.0, 0.0, 0.0, 0.0, 0.0, 0.0, 0.0, 0.0, 0.0, 4.484155085839415e-44, 2.214983877880605e-17, 0.0, 2.2420775429197073e-44, 1.647934848627763e-23, 0.0, 5.156778348715327e-43, 1.972869784205855e-11, 0.0, 3.042826408129959e-27], [0.0, 0.0, 0.0, 0.0, 0.0, 4.285996236856594e-37, 4.804145040166078e-26, 5.397175378426994e-21, 1.0, 0.0, 4.159959869107919e-25, 6.806748435922297e-39, 0.0, 0.0, 0.0, 0.0, 0.0, 0.0, 0.0, 0.0, 0.0, 0.0, 0.0, 0.0, 0.0, 0.0, 0.0, 0.0, 0.0, 0.0, 0.0, 0.0, 0.0, 0.0, 0.0, 0.0, 0.0, 2.1245201305983857e-26, 0.0, 1.2570892618111693e-28, 0.0, 0.0, 0.0, 0.0, 0.0, 0.0, 0.0, 0.0, 0.0, 0.0]], "matchingNumbers": [], "labels": [1, 2, 3, 4, 5, 6, 7, 8, 9, 10, 11, 12, 13, 14, 15, 16, 17, 18, 19, 20, 21, 22, 23, 24, 25, 26, 27, 28, 29, 30, 31, 32, 33, 34, 35, 36, 37, 38, 39, 40, 41, 42, 43, 44, 45, 46, 47, 48, 49, 50]}