{"currentPredictionRaw": [], "currentPrediction": [], "realResult": [], "newPrediction": [[18, 20, 29, 41, 48, 5, 9], [35, 14, 10, 37, 50, 2, 8], [19, 42, 6, 45, 3, 6, 6], [21, 13, 7, 4, 38, 23, 24], [30, 32, 2, 40, 44, 11, 11], [20, 19, 36, 50, 45, 4, 10], [40, 36, 14, 44, 47, 1, 38], [14, 18, 5, 39, 37, 7, 3], [23, 40, 42, 43, 49, 29, 4], [25, 25, 20, 48, 8, 10, 12]], "newPredictionRaw": [[1.3954188062074427e-15, 6.004259406045839e-22, 1.888745167778671e-17, 2.885889394121932e-08, 2.603771214848747e-18, 1.9192694308833858e-12, 1.5336556419905285e-15, 9.100872936062124e-22, 1.335278892664049e-12, 1.0515247255040239e-19, 3.2591293328948615e-17, 7.988182733559626e-14, 3.2556216836981955e-12, 5.328242309587949e-07, 4.15296540268173e-07, 2.5593605013085607e-09, 4.100287444398475e-21, 0.9999769926071167, 4.153549525653943e-06, 1.8704006379266502e-06, 4.034998255519895e-06, 3.014029997805423e-13, 4.915005433758779e-07, 8.599547740573144e-09, 4.2673286770877894e-07, 4.22940571453978e-09, 2.5346830412331656e-08, 8.683574748147294e-09, 7.956200802350377e-15, 3.3301516850769985e-06, 7.446616724119772e-21, 9.156581270985953e-09, 2.2489208574821146e-13, 5.820221149650806e-13, 6.70071813146933e-06, 2.724059483029135e-14, 4.346441873082085e-09, 1.4816918647423717e-15, 3.224995559481738e-17, 6.160132670629537e-07, 1.920987280357167e-08, 3.766184306641662e-07, 1.324809506542124e-08, 2.8400948546987686e-17, 9.776642822690008e-20, 3.386517926554886e-16, 4.0626233120331343e-22, 4.3153684269585847e-19, 1.4771285323372796e-12, 2.997298255367787e-19], [1.4867649647786831e-24, 1.1261980231326901e-23, 7.158219010322153e-25, 8.00284097752504e-15, 2.6738047845279757e-22, 3.5329963780916795e-12, 8.179039077146986e-15, 5.309784789111567e-25, 7.356938544695116e-16, 1.8331240544655027e-17, 1.0150641065987209e-20, 4.172677203762021e-10, 2.6044403966807295e-06, 1.0172106158279348e-05, 5.98169125343162e-10, 5.3734186122939774e-18, 4.628555705579777e-18, 5.522277390923591e-08, 1.0311050857580994e-07, 0.9999816417694092, 2.365562910147472e-15, 1.2460928003673607e-16, 2.970491013538565e-14, 1.9686932205970065e-13, 5.879248643481105e-09, 3.7209076098054794e-11, 6.900149939273459e-13, 8.453374285288806e-12, 2.55122173387079e-10, 9.186107430281254e-11, 1.187317577674021e-22, 2.2484416604129365e-06, 1.0375945572573333e-13, 7.25059931799138e-14, 4.2964683322387254e-18, 5.650948509128284e-08, 6.021007995914512e-22, 5.317645856095013e-19, 3.2887195014536478e-24, 8.192116318639364e-09, 5.951411995893595e-20, 3.1694114568381337e-06, 3.992861885987126e-20, 1.2826202856743556e-24, 1.6051848010770078e-26, 1.002195072966691e-18, 8.610181354810942e-26, 1.0501584652343362e-27, 7.314926074470772e-18, 3.514702530201566e-30], [1.935117576377825e-36, 2.0561925773154854e-10, 1.2891945871788317e-43, 1.9953759583236868e-25, 7.762360632740384e-13, 2.492759954009216e-08, 4.819500354358297e-10, 1.2901383400274758e-29, 3.9165239496222453e-28, 3.6514936141429644e-07, 6.59092342203424e-20, 2.555274573409912e-15, 1.9503880145344136e-32, 1.946765665339356e-12, 0.0, 0.0, 2.395856474659529e-30, 6.866362475191604e-44, 0.0, 9.320884382791987e-15, 0.0, 8.433160341762547e-37, 5.773465337122331e-23, 0.0, 5.023654994604469e-42, 0.0, 4.27967004691343e-38, 1.3709109147623634e-37, 0.9999996423721313, 0.0, 3.464897680913158e-30, 1.8460673862464725e-34, 0.0, 0.0, 0.0, 6.8511520241731905e-12, 0.0, 0.0, 9.450632618944345e-38, 5.278560567127438e-16, 0.0, 1.5960584226872368e-14, 0.0, 0.0, 7.810557380453665e-40, 8.407790785948902e-45, 2.802596928649634e-45, 0.0, 0.0, 0.0], [1.3744646532032334e-09, 1.7346779568327975e-09, 1.0105196679432993e-08, 1.0729157111200038e-05, 1.128983733757194e-12, 2.468172269619621e-15, 8.939845129161982e-16, 6.018672227270372e-10, 1.1873964034236906e-09, 1.840293759394762e-12, 5.653198517489334e-14, 4.3315464977572004e-15, 4.7232979653128934e-14, 1.848947688711397e-17, 7.756700905758805e-18, 3.710227871461802e-12, 3.981211044970685e-14, 1.1268894845040123e-10, 3.912953945237052e-13, 6.893254074643272e-15, 2.407155204331435e-12, 7.641818428050229e-11, 7.634854554128268e-11, 3.639551835366191e-14, 8.634763713895685e-17, 6.190384738147259e-08, 4.2681721872106504e-13, 1.9664393972144696e-16, 7.16897176930402e-15, 2.4408409515785934e-08, 8.035698328967555e-08, 4.3070554168987916e-18, 1.3022145139984787e-07, 2.723489619591013e-12, 3.001398596325089e-08, 2.932418630835487e-12, 4.170000829617493e-05, 7.84855513913385e-10, 1.4833126442681532e-06, 8.772848559601698e-06, 0.9999097585678101, 3.785938455230438e-20, 7.958779519867676e-07, 1.9327414975123247e-06, 1.9705599697772413e-05, 1.5867510683165165e-07, 3.518854319040088e-09, 2.7162960236637446e-07, 1.5380617612859027e-10, 4.438326868694276e-06], [3.707275217217736e-41, 3.615350037958028e-43, 6.090216221957268e-13, 2.513811027431215e-35, 0.0, 0.0, 0.0, 1.5515746686396749e-22, 8.079697531429224e-32, 0.0, 0.0, 0.0, 0.0, 0.0, 0.0, 1.471363387541058e-42, 4.045548666505747e-42, 0.0, 0.0, 0.0, 0.0, 0.0, 0.0, 0.0, 0.0, 0.0, 0.0, 0.0, 0.0, 0.0, 7.802316848652418e-37, 0.0, 0.0, 9.704412254988656e-41, 1.7095841264762768e-43, 0.0, 3.339319654275294e-18, 4.0148189406254836e-14, 7.877914995036831e-39, 0.0, 3.277540646010398e-27, 0.0, 0.0, 1.4402258750293058e-14, 2.5789146276930693e-15, 3.897274745676506e-33, 7.391412984171713e-18, 1.0, 2.4025048916883546e-20, 2.609219784677208e-11], [4.60479693431797e-32, 1.2386372867391902e-23, 0.0, 2.5632122636629347e-30, 1.0, 7.97333192456995e-24, 4.188742177375976e-36, 0.0, 0.0, 1.1909943933958772e-39, 4.3732305657370555e-30, 0.0, 0.0, 0.0, 0.0, 0.0, 0.0, 0.0, 0.0, 0.0, 0.0, 0.0, 5.317069834830365e-28, 0.0, 0.0, 0.0, 0.0, 0.0, 5.510044290273149e-39, 0.0, 0.0, 0.0, 0.0, 0.0, 0.0, 0.0, 0.0, 0.0, 0.0, 0.0, 0.0, 0.0, 0.0, 0.0, 0.0, 0.0, 0.0, 0.0, 0.0, 0.0], [1.401298464324817e-45, 7.504657156076882e-34, 1.6005789756536232e-19, 1.39913671505435e-19, 5.861687193399104e-28, 1.3398756117197902e-13, 9.703431346063628e-41, 8.525845827944689e-12, 1.0, 8.70037563872436e-19, 6.7364407475357154e-15, 7.740957151310689e-20, 0.0, 0.0, 0.0, 0.0, 2.0297196632597561e-29, 0.0, 0.0, 0.0, 0.0, 0.0, 0.0, 3.1258615894270633e-14, 0.0, 0.0, 0.0, 2.938382380862183e-20, 0.0, 0.0, 0.0, 5.972712966057124e-37, 0.0, 0.0, 1.401298464324817e-45, 0.0, 0.0, 1.767527804709435e-19, 0.0, 0.0, 0.0, 1.14906474074635e-43, 0.0, 0.0, 0.0, 0.0, 0.0, 7.95798799188528e-40, 8.142359633433424e-38, 0.0]], "matchingNumbers": [], "labels": [1, 2, 3, 4, 5, 6, 7, 8, 9, 10, 11, 12, 13, 14, 15, 16, 17, 18, 19, 20, 21, 22, 23, 24, 25, 26, 27, 28, 29, 30, 31, 32, 33, 34, 35, 36, 37, 38, 39, 40, 41, 42, 43, 44, 45, 46, 47, 48, 49, 50]}