{
  "currentPredictionRaw": [],
  "currentPrediction": [
    {
      "name": "MarkovBayesian Model",
      "predictions": [
        [
          1,
          2,
          35,
          6,
          40,
          9,
          11
        ]
      ]
    },
    {
      "name": "PoissonMonteCarlo Model",
      "predictions": [
        [
          2,
          3,
          9,
          16,
          21,
          38,
          50
        ]
      ]
    }
  ],
  "realResult": [
    6,
    9,
    25,
    37,
    46,
    6,
    12
  ],
  "newPrediction": [
    {
      "name": "MarkovBayesian Model",
      "predictions": [
        [
          36,
          5,
          37,
          6,
          9,
          11,
          12
        ]
      ]
    },
    {
      "name": "PoissonMonteCarlo Model",
      "predictions": [
        [
          2,
          3,
          11,
          20,
          29,
          38,
          50
        ]
      ]
    }
  ],
  "newPredictionRaw": [],
  "matchingNumbers": {
    "model": "MarkovBayesian Model",
    "prediction": [
      1,
      2,
      35,
      6,
      40,
      9,
      11
    ],
    "matching_numbers": [
      9,
      6
    ],
    "match_count": 2
  },
  "labels": [],
  "numberFrequency": {
    "17": 0.015364320633196244,
    "24": 0.014277954527818732,
    "26": 0.014821137580507487,
    "27": 0.015053930317374098,
    "49": 0.014433149685729806,
    "3": 0.042911461162411735,
    "5": 0.039264374951501514,
    "14": 0.014588344843640879,
    "18": 0.012726002948708,
    "20": 0.015286723054240708,
    "23": 0.016295491580662683,
    "32": 0.013346783580352293,
    "10": 0.03522930084581361,
    "22": 0.011406844106463879,
    "40": 0.012803600527663536,
    "42": 0.015829906106929463,
    "35": 0.01497633273841856,
    "44": 0.016062698843796075,
    "2": 0.04166989989912315,
    "11": 0.03359975168774734,
    "29": 0.015519515791107318,
    "43": 0.013036393264530146,
    "1": 0.03848839916194615,
    "4": 0.03740203305656863,
    "9": 0.04011794832001241,
    "50": 0.015829906106929463,
    "6": 0.03934197253045705,
    "8": 0.04066113137270117,
    "16": 0.014200356948863195,
    "31": 0.013501978738263367,
    "28": 0.01365717389617444,
    "7": 0.040195545898967955,
    "30": 0.014355552106774269,
    "45": 0.014665942422596416,
    "15": 0.01497633273841856,
    "19": 0.015907503685885,
    "41": 0.012726002948708,
    "21": 0.015907503685885,
    "47": 0.013113990843485683,
    "25": 0.015053930317374098,
    "38": 0.014743540001551952,
    "37": 0.015286723054240708,
    "36": 0.01342438115930783,
    "33": 0.012570807790796928,
    "48": 0.013967564211996585,
    "34": 0.014355552106774269,
    "39": 0.014045161790952122,
    "13": 0.014200356948863195,
    "12": 0.026227981686971366,
    "46": 0.012570807790796928
  }
}