{
  "currentPredictionRaw": [],
  "currentPrediction": [
    {
      "name": "HybridStatisticalModel",
      "predictions": [
        [
          1,
          2,
          6,
          7,
          8,
          10,
          11
        ]
      ]
    }
  ],
  "realResult": [
    5,
    8,
    14,
    16,
    18,
    3,
    10
  ],
  "newPrediction": [
    {
      "name": "HybridStatisticalModel",
      "predictions": [
        [
          8,
          1,
          3,
          9,
          15,
          24,
          2
        ]
      ]
    }
  ],
  "newPredictionRaw": [],
  "matchingNumbers": {
    "model": "HybridStatisticalModel",
    "prediction": [
      1,
      2,
      6,
      7,
      8,
      10,
      11
    ],
    "matching_numbers": [
      8,
      10
    ],
    "match_count": 2
  },
  "labels": [],
  "numberFrequency": {
    "8": 0.14285714285714285,
    "1": 0.14285714285714285,
    "3": 0.14285714285714285,
    "9": 0.14285714285714285,
    "15": 0.14285714285714285,
    "24": 0.14285714285714285,
    "2": 0.14285714285714285
  }
}