{
  "currentPredictionRaw": [],
  "currentPrediction": [
    {
      "name": "HybridStatisticalModel",
      "predictions": [
        [
          3,
          2,
          5,
          7,
          8,
          9,
          10
        ]
      ]
    }
  ],
  "realResult": [
    5,
    10,
    23,
    31,
    37,
    3,
    11
  ],
  "newPrediction": [
    {
      "name": "HybridStatisticalModel",
      "predictions": [
        [
          3,
          2,
          7,
          8,
          9,
          10,
          39
        ]
      ]
    }
  ],
  "newPredictionRaw": [],
  "matchingNumbers": {
    "model": "HybridStatisticalModel",
    "prediction": [
      3,
      2,
      5,
      7,
      8,
      9,
      10
    ],
    "matching_numbers": [
      10,
      3,
      5
    ],
    "match_count": 3
  },
  "labels": [
    1,
    2,
    3,
    4,
    5,
    6,
    7,
    8,
    9,
    10,
    11,
    12,
    13,
    14,
    15,
    16,
    17,
    18,
    19,
    20,
    21,
    22,
    23,
    24,
    25,
    26,
    27,
    28,
    29,
    30,
    31,
    32,
    33,
    34,
    35,
    36,
    37,
    38,
    39,
    40,
    41,
    42,
    43,
    44,
    45,
    46,
    47,
    48,
    49,
    50
  ],
  "numberFrequency": {
    "3": 0.14285714285714285,
    "2": 0.14285714285714285,
    "7": 0.14285714285714285,
    "8": 0.14285714285714285,
    "9": 0.14285714285714285,
    "10": 0.14285714285714285,
    "39": 0.14285714285714285
  }
}