{
  "currentPredictionRaw": [],
  "currentPrediction": [
    {
      "name": "HybridStatisticalModel",
      "predictions": [
        [
          6,
          2,
          3,
          5,
          7,
          24,
          8
        ]
      ]
    }
  ],
  "realResult": [
    7,
    8,
    25,
    31,
    45,
    7,
    12
  ],
  "newPrediction": [
    {
      "name": "HybridStatisticalModel",
      "predictions": [
        [
          7,
          2,
          3,
          4,
          6,
          8,
          15
        ]
      ]
    }
  ],
  "newPredictionRaw": [],
  "matchingNumbers": {
    "model": "HybridStatisticalModel",
    "prediction": [
      6,
      2,
      3,
      5,
      7,
      24,
      8
    ],
    "matching_numbers": [
      8,
      7
    ],
    "match_count": 2
  },
  "labels": [],
  "numberFrequency": {
    "7": 0.14285714285714285,
    "2": 0.14285714285714285,
    "3": 0.14285714285714285,
    "4": 0.14285714285714285,
    "6": 0.14285714285714285,
    "8": 0.14285714285714285,
    "15": 0.14285714285714285
  }
}