{
  "currentPredictionRaw": [],
  "currentPrediction": [
    {
      "name": "HybridStatisticalModel",
      "predictions": [
        [
          2,
          3,
          5,
          7,
          9,
          10,
          6
        ]
      ]
    }
  ],
  "realResult": [
    3,
    8,
    15,
    17,
    48,
    2,
    8
  ],
  "newPrediction": [
    {
      "name": "HybridStatisticalModel",
      "predictions": [
        [
          1,
          8,
          2,
          3,
          6,
          7,
          9
        ]
      ]
    }
  ],
  "newPredictionRaw": [],
  "matchingNumbers": {
    "model": "HybridStatisticalModel",
    "prediction": [
      2,
      3,
      5,
      7,
      9,
      10,
      6
    ],
    "matching_numbers": [
      2,
      3
    ],
    "match_count": 2
  },
  "labels": [],
  "numberFrequency": {
    "1": 0.14285714285714285,
    "8": 0.14285714285714285,
    "2": 0.14285714285714285,
    "3": 0.14285714285714285,
    "6": 0.14285714285714285,
    "7": 0.14285714285714285,
    "9": 0.14285714285714285
  }
}