{"currentPredictionRaw": [], "currentPrediction": [], "realResult": [], "newPrediction": [[12, 18, 26, 28, 33, 44], [11, 17, 24, 26, 29, 40], [6, 19, 21, 24, 37, 43], [14, 16, 25, 27, 34, 42], [10, 20, 28, 23, 38, 41], [13, 22, 23, 25, 39, 45], [15, 21, 27, 32, 30, 37], [8, 25, 19, 21, 45, 39], [9, 23, 32, 19, 41, 38], [16, 31, 31, 36, 40, 33]], "newPredictionRaw": [[0.00023760450130794197, 1.996887277755377e-07, 2.2310626945909462e-07, 4.1084454096562695e-06, 2.329602648387663e-05, 0.16544386744499207, 1.0398358426755294e-05, 0.0279090479016304, 0.004045338369905949, 0.06079598888754845, 0.2502387762069702, 0.25293824076652527, 0.045889053493738174, 0.140237957239151, 0.04581058770418167, 0.003933081869035959, 0.001005662023089826, 0.0001891103747766465, 7.281740545295179e-05, 0.0006030710646882653, 2.159558789571747e-06, 0.0005931429332122207, 1.431647547178727e-07, 2.163747758743284e-08, 2.4526903530386335e-07, 6.21718010407335e-09, 7.316311445570989e-10, 5.878807163295363e-11, 5.192895287109422e-07, 1.427258121111663e-05, 9.035563834913773e-07, 4.033359202182396e-10, 1.6802756519496143e-08, 3.7465014202098246e-08, 1.2179679487189787e-09, 1.9511009474726393e-10, 3.749281701076468e-12, 8.469108081499144e-09, 1.8527543408031416e-15, 1.3807547585153757e-20, 6.037714075646725e-20, 1.729455261256759e-23, 4.541440676921156e-25, 4.445201618636456e-24, 6.680227626189248e-22], [1.7679605194314738e-16, 1.3629972974894848e-18, 1.5009679217360328e-18, 9.830609791912981e-18, 2.463537887667397e-16, 2.4336104242905776e-09, 3.497440398243634e-17, 7.432022255645168e-14, 9.641439766515641e-15, 1.2193526743864425e-10, 2.094266271512879e-08, 2.1116743482707534e-06, 0.0011462951079010963, 2.8595677576959133e-06, 0.0024556340649724007, 0.1514625996351242, 0.23010000586509705, 0.257257342338562, 0.20602278411388397, 0.07415304332971573, 0.028856152668595314, 0.02928621508181095, 0.005010037682950497, 0.0012651713332161307, 0.005420615430921316, 0.0013664579018950462, 0.0001858193863881752, 7.644806464668363e-05, 1.6546286474294902e-07, 0.001695886137895286, 0.004132753238081932, 6.984101491980255e-05, 2.7846470018744185e-08, 2.215181069686878e-07, 1.7445940102334134e-05, 1.3873015632270835e-05, 5.268670916214191e-12, 1.6795573287708976e-07, 2.974716013879469e-14, 4.255248152148697e-16, 6.309418192781643e-16, 2.9492549022871865e-17, 1.0084252939428638e-18, 7.023047950705923e-18, 4.178931343868922e-17], [2.6609874543842636e-26, 2.5384251245833487e-26, 5.679399773055599e-26, 4.838133851824624e-26, 1.3477734911279168e-24, 2.9690905692991162e-18, 1.1854101889191348e-25, 1.1028021047347811e-24, 8.021716510976454e-25, 7.206126077923483e-20, 4.328531589860567e-17, 1.2930486488395981e-14, 1.2034629959245535e-09, 5.922980882882081e-14, 3.687189664702828e-09, 8.082987187663093e-05, 0.0006295558996498585, 0.0091147031635046, 0.04700741544365883, 0.00011726786033250391, 0.12157225608825684, 0.00011771729623433203, 0.11265845596790314, 0.14951811730861664, 0.11780098080635071, 0.19210684299468994, 0.08683676272630692, 0.11563415080308914, 1.869075560989586e-09, 0.00016857216542121023, 0.014211034402251244, 0.027082493528723717, 1.6970999050514024e-09, 4.9529976564599565e-08, 0.0015697533963248134, 0.0037729903124272823, 3.252149244348246e-11, 3.188029040757101e-08, 2.11428422512705e-12, 2.6682196382910028e-11, 4.530359594412392e-12, 5.7949738757612224e-11, 5.2699038709247414e-12, 8.596078709954824e-12, 1.4038903720092755e-11], [4.6375536407205376e-26, 1.4418470522720757e-25, 5.595112327263546e-25, 2.6988366308382185e-25, 4.628844493067381e-24, 2.55507871110293e-19, 4.933339379063968e-25, 2.8503440236998016e-25, 5.634092902818911e-25, 9.184559541804195e-21, 3.7280997120540455e-18, 6.849634101321162e-16, 9.836068765034511e-11, 5.540492059417793e-15, 2.720585146054333e-10, 1.3486261195794214e-05, 0.00012646862887777388, 0.0028001083992421627, 0.016160672530531883, 2.602596032375004e-05, 0.04682540521025658, 3.630412902566604e-05, 0.0739239901304245, 0.14454512298107147, 0.06538787484169006, 0.20865663886070251, 0.1262320876121521, 0.24531342089176178, 5.967134786288852e-09, 7.775423728162423e-05, 0.007844546809792519, 0.04853811487555504, 8.863609401998929e-09, 8.603174705967831e-08, 0.0024712143931537867, 0.011020096950232983, 7.562855341980423e-10, 1.799594571139096e-07, 1.6910808864345483e-10, 3.0174710730079823e-08, 2.875798266188667e-09, 1.4619399735238403e-07, 3.955797822641216e-08, 5.942435166161886e-08, 1.0349474166559958e-08], [1.1754511142214596e-08, 2.0179839339107275e-05, 1.7616852346691303e-05, 8.828747866118647e-08, 5.185856366551889e-07, 4.745491244970493e-14, 1.2280993111346561e-08, 1.2485044736335743e-13, 1.738378191395995e-11, 2.049264417555187e-14, 3.3653377088901145e-15, 1.0168673730468186e-14, 4.4252670511292155e-14, 3.118176272742801e-10, 4.7512403733573905e-11, 3.880868196248777e-11, 2.429246690957565e-12, 1.9989443433843235e-09, 1.7019398113049533e-09, 4.2374576736392555e-08, 1.1151650436413973e-10, 6.0973902691330295e-06, 8.927414363313346e-09, 4.959672850191055e-08, 1.2349168909686625e-10, 2.7891522424994264e-09, 1.1203233896139864e-08, 5.663278290768403e-09, 0.2328067421913147, 0.005357450805604458, 1.1517637176439166e-05, 2.079885234707035e-06, 0.256495863199234, 0.15789783000946045, 0.00033609126694500446, 0.00010837995068868622, 0.16089433431625366, 0.10270112752914429, 0.08154115080833435, 0.0003880599106196314, 0.0006581590278074145, 4.809921301784925e-05, 3.2477495551574975e-05, 1.195467575598741e-05, 0.0006639834027737379], [1.3783089524311426e-16, 4.661081243195753e-11, 4.95351606955019e-11, 4.156513915470677e-15, 9.995318104010636e-14, 3.4075022748557905e-21, 6.043480552288131e-16, 5.28370350536189e-22, 1.0770442167535651e-19, 7.494516863155771e-22, 8.531006886324176e-22, 8.483140068772813e-22, 4.2189723526633494e-20, 4.000092976375936e-16, 1.1865188556045976e-16, 7.294895075374633e-15, 5.068797092904647e-16, 2.2524592867972926e-12, 8.966079614869393e-12, 1.909907128283539e-11, 1.1824044618847368e-13, 3.7334931590748965e-08, 1.8698867454425283e-10, 1.7915295913439877e-09, 1.3375042176230756e-12, 1.4444624663045857e-10, 1.5346142134831098e-09, 8.637697224145313e-10, 0.0010723690502345562, 6.822580326115713e-05, 1.7531554021843476e-06, 1.4959808822823106e-06, 0.003099530702456832, 0.0021524219773709774, 7.479109626729041e-05, 0.00012447222252376378, 0.01582467183470726, 0.0067985947243869305, 0.014091688208281994, 0.18972058594226837, 0.0904729962348938, 0.18173234164714813, 0.18652991950511932, 0.21847577393054962, 0.08975831419229507]], "matchingNumbers": [], "labels": [1, 2, 3, 4, 5, 6, 7, 8, 9, 10, 11, 12, 13, 14, 15, 16, 17, 18, 19, 20, 21, 22, 23, 24, 25, 26, 27, 28, 29, 30, 31, 32, 33, 34, 35, 36, 37, 38, 39, 40, 41, 42, 43, 44, 45]}