{"currentPredictionRaw": [], "currentPrediction": [{"name": "MarkovBayesian Model", "predictions": [[35, 36, 5, 4, 7, 8, 9]]}, {"name": "PoissonMonteCarlo Model", "predictions": [[1, 10, 18, 20, 28, 36, 42]]}], "realResult": [7, 9, 11, 12, 14, 25, 41], "newPrediction": [{"name": "MarkovBayesian Model", "predictions": [[1, 3, 7, 9, 42, 11, 41]]}, {"name": "PoissonMonteCarlo Model", "predictions": [[2, 12, 14, 17, 30, 36, 42]]}], "newPredictionRaw": [], "matchingNumbers": {"model": "MarkovBayesian Model", "prediction": [35, 36, 5, 4, 7, 8, 9], "matching_numbers": [9, 7], "match_count": 2}, "labels": [], "numberFrequency": {"4": 0.022660719917105915, "5": 0.02347164031175384, "8": 0.022345361985853945, "14": 0.023336486912645855, "27": 0.023336486912645855, "40": 0.022210208586745956, "23": 0.022750822183177907, "16": 0.025363787899265668, "17": 0.022795873316213904, "20": 0.022885975582285896, "34": 0.02261566878406992, "35": 0.02315628238050187, "9": 0.02293102671532189, "19": 0.02459791863765374, "28": 0.023741947109969817, "33": 0.023651844843897825, "39": 0.021894850655493986, "3": 0.023381538045681848, "24": 0.02401225390818579, "32": 0.02076857232959409, "15": 0.02099382799477407, "29": 0.023201333513537866, "41": 0.023561742577825832, "2": 0.02315628238050187, "12": 0.02531873676622967, "37": 0.021444339325134027, "42": 0.023741947109969817, "7": 0.02360679371086183, "1": 0.023561742577825832, "25": 0.02423750957336577, "26": 0.023426589178717844, "30": 0.021669594990314005, "31": 0.02139928819209803, "6": 0.022435464251925937, "18": 0.023246384646573862, "21": 0.023246384646573862, "22": 0.024102356174257784, "10": 0.021939901788529982, "38": 0.024733072036761724, "13": 0.022435464251925937, "11": 0.022345361985853945, "36": 0.02315628238050187, "44": 0.010316709465243051, "43": 0.01108257872685498, "45": 0.009731044735775105}}