{"currentPredictionRaw": [], "currentPrediction": [], "realResult": [], "newPrediction": [[37, 40, 43, 44, 17, 21], [36, 39, 42, 45, 18, 22], [38, 40, 41, 43, 16, 25], [36, 41, 45, 19, 20, 0], [36, 40, 43, 23, 26, 27], [35, 37, 41, 44, 19, 24], [38, 39, 41, 15, 23, 0], [34, 36, 37, 38, 14, 20], [39, 42, 14, 21, 29, 0], [33, 37, 38, 44, 13, 17]], "newPredictionRaw": [[1.1033956214329317e-15, 8.625687093830401e-27, 3.2843232070812106e-20, 8.495801978591899e-11, 6.575490961500022e-17, 8.219668501396882e-08, 1.8355902735300855e-12, 1.4391315830003526e-12, 7.630840404004857e-11, 5.985441031697292e-10, 8.096665027323979e-08, 1.4826606275164522e-05, 0.0002511302300263196, 0.002150637097656727, 0.016316697001457214, 0.13910865783691406, 0.40775254368782043, 0.2908026874065399, 0.030345449224114418, 0.06456537544727325, 0.0018826344748958945, 0.00020705178030766547, 0.04653095453977585, 4.31286906632522e-07, 2.2693609935231507e-05, 4.803893534699455e-05, 2.392931408579102e-10, 1.7217154351517605e-12, 1.0511859928718343e-15, 1.0183975592418571e-15, 1.4148638173227595e-17, 6.477747329853816e-17, 1.7582588258931236e-21, 2.80768198221119e-24, 7.754794207078928e-26, 1.1998382906846994e-36, 1.0147328970478989e-30, 1.57589906843442e-23, 3.0970412999532733e-30, 0.0, 0.0, 2.2449120913031123e-22, 2.2994850595117696e-34, 3.653117427756711e-24, 3.2215307991023386e-38], [3.6186267315940768e-09, 1.3288429065995938e-18, 3.639379231227364e-16, 1.385850555379875e-05, 1.3480120238638666e-14, 5.121115691508749e-07, 4.638809684607168e-17, 7.504977881018539e-15, 5.067925922827118e-18, 2.130952518510364e-16, 6.425019767115252e-15, 2.6583126810919566e-09, 3.2337008071259277e-10, 0.0026349511463195086, 7.474045382593886e-09, 7.775314543323475e-07, 0.000288811803329736, 0.00013444067735690624, 0.13151401281356812, 0.019419869408011436, 0.3156692683696747, 0.2531220614910126, 0.0264580138027668, 0.0522407665848732, 0.13933275640010834, 0.05907467007637024, 2.995108843606431e-06, 9.145479998551309e-05, 5.554549176167711e-08, 6.1004465123915e-07, 1.235032964785887e-09, 8.244192173378906e-08, 1.728930150088348e-12, 4.307338719641146e-15, 2.7438366739965853e-17, 1.0284354936361122e-30, 3.0857558457320493e-24, 3.0342549894164005e-17, 2.7533578648340503e-24, 1.932198570783147e-36, 6.27434530794152e-36, 4.5330150113646715e-23, 2.1022491599343055e-31, 6.683248817516977e-25, 1.8353342274273775e-33], [1.1123284515690557e-08, 3.001007442549053e-08, 2.9114732623727044e-16, 3.3252464367097834e-13, 7.542851933749331e-26, 1.24239512991689e-13, 9.005293925585431e-25, 2.2040926223656907e-16, 1.3742346981781567e-22, 8.810733176783202e-23, 3.4300736427034045e-21, 1.6755739590951224e-12, 3.2998453546733447e-18, 1.2282948269604077e-10, 2.8069215912960385e-22, 1.7665426325998844e-18, 2.5796165069864328e-18, 9.869234990616145e-18, 3.1755531364197065e-12, 4.5766918087362246e-14, 7.982958044605581e-12, 5.752729022312497e-12, 2.931258480300819e-13, 7.218880604398237e-09, 2.1610035982888576e-09, 7.092467058100738e-07, 1.131750650529284e-06, 1.6310643786709988e-06, 0.004039648454636335, 4.3121948692714795e-05, 0.0030881694983690977, 0.00017697474686428905, 0.0037358268164098263, 0.005178220570087433, 0.01398230530321598, 0.09250158071517944, 0.4537140727043152, 0.14415091276168823, 0.25689128041267395, 0.015026607550680637, 0.005703900009393692, 8.162779704434797e-05, 0.0006471821689046919, 3.792634515775717e-06, 0.001031334511935711], [1.1177179841392881e-11, 6.072165339987556e-12, 2.8557428371415874e-20, 4.998855266344144e-17, 4.595737105482595e-32, 4.3664228146626e-16, 1.8947514256294155e-28, 6.453957822231944e-19, 2.647487147697296e-26, 1.6855629480456247e-26, 4.40069950978261e-25, 1.1941930429281485e-14, 1.0181565423213831e-21, 7.235590598897446e-12, 1.6941492059608896e-26, 2.5796421059645693e-21, 6.733301178150559e-22, 6.4009655141086286e-21, 2.5624876095271983e-14, 9.867733988676606e-17, 2.698301109459178e-13, 2.5741279767454994e-13, 1.0104699026027963e-14, 3.741013332447807e-10, 2.886801561685637e-11, 1.3007954180466186e-07, 2.306897113157902e-05, 1.1771616215128233e-07, 0.00032739504240453243, 5.167754011381476e-07, 5.4302978242048994e-05, 3.835398274532054e-06, 0.000147982471389696, 0.00015972592518664896, 0.0006639528437517583, 0.20050148665905, 0.03379383310675621, 0.00683488929644227, 0.023484863340854645, 0.351005882024765, 0.1714916229248047, 0.004730578046292067, 0.09244346618652344, 0.004586118273437023, 0.10974626243114471], [3.4618908434369544e-11, 9.518823446477698e-13, 2.32440337066815e-18, 3.769993299880753e-15, 5.011174189170346e-27, 1.8685974642607128e-11, 6.527304831875816e-20, 2.151700584200611e-13, 6.0078764818798066e-18, 1.068693445898809e-17, 1.0919692660884794e-16, 3.53789197937715e-09, 4.402840668004532e-14, 2.62935145656229e-07, 1.0922395556254372e-17, 1.839190827629747e-13, 1.5075336541169743e-13, 6.211290162760896e-13, 3.0747017376597796e-08, 7.511172794849585e-10, 7.702381310537021e-08, 1.3360755168889682e-08, 4.539731790487167e-08, 1.4500785994187027e-07, 5.230603150607749e-08, 0.0001698471896816045, 0.003097143955528736, 8.475184927192458e-07, 7.904309313744307e-05, 2.2126667431621172e-07, 1.2944226000399794e-05, 1.997195340663893e-06, 1.9129851352772675e-05, 6.3312218117062e-06, 1.9933202565880492e-05, 0.0002999475400429219, 0.00022516658646054566, 0.00041872734436765313, 0.0002607944479677826, 0.00012352979683782905, 0.0005351267172954977, 0.2783423960208893, 0.058324072510004044, 0.6537485718727112, 0.004313668701797724], [1.8070992564758054e-13, 3.686008882017658e-14, 6.008653171961303e-23, 2.24169668314627e-19, 3.91928901128196e-35, 5.02694797430767e-17, 4.8741146143060507e-29, 5.911513456034982e-20, 7.595343847718385e-27, 7.987836814804837e-27, 2.0456810019520485e-25, 4.463379552700807e-15, 5.729236493630358e-22, 4.2170086866910594e-12, 1.8467434087938103e-26, 7.332365633185153e-21, 1.869821781785337e-21, 2.047224033130867e-20, 4.7936819986584e-14, 2.3254662233090256e-16, 6.323681812567261e-13, 3.146792722230618e-13, 4.5480299078670336e-14, 1.7648062178299284e-10, 8.056675986078954e-12, 1.1681886036285505e-07, 3.0495260944007896e-05, 5.740795572251045e-08, 0.00011234698467887938, 1.6069289188180846e-07, 2.476302870491054e-05, 3.1727217901789118e-06, 0.00021510603255592287, 0.00021656158787664026, 0.001085624098777771, 0.0912986546754837, 0.013341140933334827, 0.005455792415887117, 0.0176861435174942, 0.22512318193912506, 0.1615079641342163, 0.009461223147809505, 0.2305935025215149, 0.01792745292186737, 0.22591657936573029]], "matchingNumbers": []}