{"currentPredictionRaw": [], "currentPrediction": [{"name": "MarkovBayesian Model", "predictions": [[33, 36, 38, 6, 39, 9, 45]]}, {"name": "MarkovBayesianEnhanched Model", "predictions": [[7, 8, 9, 10, 23, 29, 30, 31, 32, 34, 38, 42, 43, 45]]}, {"name": "PoissonMarkov Model", "predictions": [[33, 2, 10, 12, 20, 28, 42, 6, 21, 22, 32, 36, 43]]}, {"name": "LaplaceMonteCarlo Model", "predictions": [[6, 14, 17, 26, 32, 38, 19]]}], "realResult": [1, 3, 6, 34, 40, 44, 45], "newPrediction": [{"name": "PoissonMonteCarlo Model", "predictions": [[1, 12, 13, 22, 25, 36, 42]]}], "newPredictionRaw": [], "matchingNumbers": {"model": "MarkovBayesian Model", "prediction": [33, 36, 38, 6, 39, 9, 45], "matching_numbers": [45, 6], "match_count": 2}, "labels": [], "numberFrequency": {"4": 0.022646436450407457, "5": 0.023456845707082077, "8": 0.022331277295033994, "14": 0.023321777497636306, "27": 0.023321777497636306, "40": 0.022241231822070145, "23": 0.022736481923371302, "16": 0.02534780063932286, "17": 0.022781504659853225, "20": 0.022871550132817074, "34": 0.022646436450407457, "35": 0.023141686551708614, "9": 0.022916572869298997, "19": 0.024627436855612084, "28": 0.02377200486245554, "33": 0.023681959389491695, "39": 0.021926072666696682, "3": 0.023411822970600155, "24": 0.023997118544865158, "32": 0.020755481518166675, "15": 0.021025617937058216, "29": 0.023186709288190537, "41": 0.023546891180045923, "2": 0.023141686551708614, "12": 0.025302777902840936, "37": 0.021430822565395524, "42": 0.023726982125973618, "7": 0.023591913916527846, "1": 0.023591913916527846, "25": 0.024222232227274775, "26": 0.023411822970600155, "30": 0.02165593624780514, "31": 0.0213857998289136, "6": 0.022466345504479762, "18": 0.02323173202467246, "21": 0.02323173202467246, "22": 0.024087164017829003, "10": 0.021926072666696682, "38": 0.02471748232857593, "13": 0.02242132276799784, "11": 0.022331277295033994, "36": 0.023186709288190537, "44": 0.010355229390842375, "43": 0.01107559317455315, "45": 0.009814956553059294}}