{"currentPredictionRaw": [], "currentPrediction": [], "realResult": [1, 8, 16, 19, 28, 42, 24], "newPrediction": [[1, 16, 18, 19, 28, 30, 6], [8, 17, 18, 20, 27, 33, 19], [6, 20, 23, 29, 34, 43, 24], [35, 3, 41, 42, 43, 19, 29], [1, 12, 16, 26, 36, 42, 5]], "newPredictionRaw": [[0.8127499222755432, 0.0005029393942095339, 3.373938568529411e-07, 0.006241277791559696, 0.00269318837672472, 0.003991132136434317, 1.1860914810313261e-06, 0.17240087687969208, 0.0013949123676866293, 2.3912991764518665e-07, 2.0791246502227523e-09, 2.3265982235898264e-05, 7.773327297400101e-07, 1.1074233974284198e-08, 1.4029568305706785e-11, 3.986096021620355e-17, 3.429694636947786e-17, 4.1965845155141456e-20, 4.954555876679478e-09, 5.249991413824873e-12, 1.2390583018043067e-24, 1.1775028858356232e-22, 2.017782566260358e-25, 4.909163959595479e-22, 6.099266652978327e-20, 8.670838792661842e-24, 1.5733329387458336e-19, 3.300844071865426e-19, 4.412126913821979e-11, 4.673716242419891e-23, 8.19872584932221e-21, 5.881781644451243e-21, 3.0392373097968452e-24, 2.4241502049908213e-20, 2.0140688208447425e-17, 2.1485985213232084e-10, 2.657729722063684e-13, 5.90314082338228e-12, 1.9551738590159874e-16, 3.9391190979095984e-15, 2.2595387204078082e-13, 2.4489437746840013e-16, 2.2956617279335477e-15, 1.2649881913133576e-22, 2.7070226699626678e-17], [2.998482179309234e-26, 0.0, 0.0, 1.2161173700268404e-26, 0.0, 2.7604914924091975e-16, 0.0, 3.556785577936189e-16, 3.2999601061310018e-15, 5.285465339489298e-30, 2.0355885035067383e-18, 3.0117705591692356e-06, 8.586348854144887e-10, 0.00010183361155213788, 0.022413792088627815, 0.5020025372505188, 0.2654237151145935, 0.2080213874578476, 1.900089614537137e-07, 0.0008624709444120526, 6.47464839858003e-05, 0.0009904142934828997, 0.0001151957840193063, 2.2585628922655587e-09, 2.5395889818174977e-12, 6.747260972161939e-09, 4.0351966686881144e-16, 2.3165671672235956e-21, 1.4417341810676805e-22, 5.665589743731653e-30, 0.0, 0.0, 6.162312373027551e-31, 0.0, 0.0, 0.0, 0.0, 7.980713296060103e-23, 0.0, 0.0, 0.0, 0.0, 7.113620767995599e-07, 3.2041296507639593e-25, 0.0], [2.6266168463735424e-26, 0.0, 0.0, 6.177500107158954e-26, 0.0, 1.7661423102706332e-16, 0.0, 1.253352666818718e-16, 7.578570475168245e-14, 7.073320777033468e-29, 1.4549840209060208e-18, 2.9846682991774287e-06, 4.025678124186527e-10, 6.911396485520527e-05, 0.01307617500424385, 0.40361297130584717, 0.2547551393508911, 0.31400153040885925, 1.2954087651451118e-06, 0.0013374941190704703, 0.0017158376285806298, 0.00945506151765585, 0.0019671781919896603, 5.538701088880771e-07, 1.3592043046628532e-09, 1.5238002788464655e-06, 5.854023862883473e-13, 3.905328783121697e-17, 1.834373303985611e-19, 1.5940614863718664e-24, 7.792922723113788e-36, 0.0, 9.110340122838858e-26, 0.0, 0.0, 0.0, 0.0, 9.726607604477213e-21, 0.0, 0.0, 0.0, 0.0, 3.216506684111664e-06, 3.991224079481432e-23, 0.0], [9.014821110756034e-19, 5.3023561048959756e-17, 2.4261058208360343e-24, 7.872877324296024e-15, 4.329144007829888e-24, 4.960617872029616e-08, 1.893597569841268e-21, 5.177735323824706e-11, 2.406546445854474e-05, 8.595520942147189e-16, 1.6678680124829724e-14, 0.0010123642859980464, 1.2675325677946603e-08, 1.5955579328874592e-06, 1.0132812633401045e-07, 2.725784753465632e-08, 3.443842189199131e-08, 1.5596576474763424e-07, 0.7459746599197388, 0.25113385915756226, 2.0522772370412667e-09, 1.1148002521110811e-08, 1.4380069357500247e-09, 6.193617991812062e-07, 5.596228220383637e-06, 3.018332677129365e-07, 1.5908606656012125e-05, 9.155935913440771e-06, 0.001792734139598906, 7.271864888025448e-08, 3.498024370163222e-10, 1.933384008445671e-11, 2.902837747953413e-09, 7.394998784333862e-14, 3.149834819847926e-24, 1.4862091708594177e-16, 1.4164492517238974e-29, 2.8505797672551125e-05, 2.644067625322455e-35, 6.600110400789045e-28, 6.1842654368304e-27, 4.260505624363391e-21, 1.0604200184616275e-07, 2.0376450813046982e-18, 1.2177086063636803e-18], [5.369540530326757e-35, 3.96827888723878e-27, 4.565173006268327e-37, 3.794627028617116e-27, 0.0, 1.3587905339995453e-16, 1.2007743670271785e-34, 2.5949431802483726e-22, 2.9946611163067516e-11, 5.18280776565493e-25, 1.1234056827201484e-21, 2.474088933723806e-09, 4.7540770250337466e-15, 2.2121296114341327e-11, 1.5194356189907054e-12, 2.0516463528075235e-10, 8.01729849175814e-10, 2.167783890172359e-07, 0.0015549063682556152, 0.0011384690878912807, 0.00016349846555385739, 6.279885565163568e-05, 0.00014585736789740622, 0.048641618341207504, 0.14776775240898132, 0.03452016040682793, 0.3159674108028412, 0.3778844475746155, 0.00014857026690151542, 0.07164017856121063, 5.463686836293391e-09, 2.6751315052031543e-10, 0.00036383947008289397, 2.4947489341913497e-17, 2.691711616702169e-31, 2.4353760088301742e-26, 0.0, 1.4121799285504721e-09, 0.0, 0.0, 6.851486290694331e-38, 1.3121785378662975e-27, 1.1119319509589332e-07, 8.209592837684398e-19, 6.986662471035345e-26], [9.103282475520454e-28, 7.176401942317334e-17, 3.6118239983088996e-26, 2.3463476445832112e-23, 3.407983065632785e-30, 3.1151691351918477e-17, 1.425759620779653e-26, 1.8831558670206195e-18, 2.6414340936753433e-07, 1.4817483024595432e-24, 4.760851155759123e-28, 3.17956971862543e-09, 7.850576677049865e-20, 1.579137420200483e-16, 1.2425658345843326e-16, 1.6837629033755546e-15, 2.6007213215135418e-14, 5.697015125274985e-13, 0.0019950433634221554, 2.6510456336836796e-06, 2.3936001835103693e-13, 9.630602522056608e-13, 1.5474480149959419e-13, 3.7323975021763545e-09, 5.441231678560143e-06, 8.44840086777765e-10, 0.00949079543352127, 0.015046551823616028, 0.012298604473471642, 0.8025612235069275, 0.0010711199138313532, 0.0002579781867098063, 0.15726809203624725, 4.66107437091523e-08, 2.283726764045855e-18, 3.1438235583483012e-15, 2.011064136834918e-27, 2.05497940442001e-06, 2.9536517248733028e-31, 5.941789388310465e-29, 2.835797921645592e-25, 1.0018010413733954e-26, 9.680371094837343e-15, 1.5678772996614085e-23, 6.5243957669084376e-18], [2.7288922865409404e-05, 3.599036846324566e-09, 1.9956929975251114e-07, 0.01974017731845379, 3.1252745884557953e-06, 0.26341521739959717, 0.0001655240630498156, 0.00043093986460007727, 0.006998837925493717, 0.008141662925481796, 0.01296285167336464, 0.07916979491710663, 0.06835184246301651, 0.042011041194200516, 0.004484524019062519, 0.003056340152397752, 0.0010297736153006554, 0.002568296156823635, 0.23306694626808167, 0.11692048609256744, 0.0001540192897664383, 0.00098348967730999, 0.00021126479259692132, 9.684349788585678e-05, 4.6047141950111836e-05, 0.000101270001323428, 1.6073603546828963e-05, 6.807432328059804e-06, 0.0012176732998341322, 2.2790301201780494e-08, 7.0275527619401146e-09, 9.661237143632206e-09, 1.0586246190769089e-07, 9.22329732588878e-08, 7.396525614211669e-10, 1.2270650586287957e-05, 3.386015912099083e-09, 0.08576137572526932, 3.593957076386545e-11, 4.100879493762477e-07, 5.5706756540985225e-08, 7.906642713351175e-05, 0.047578997910022736, 0.0006857187254354358, 0.0005034186760894954]], "matchingNumbers": [], "labels": [1, 2, 3, 4, 5, 6, 7, 8, 9, 10, 11, 12, 13, 14, 15, 16, 17, 18, 19, 20, 21, 22, 23, 24, 25, 26, 27, 28, 29, 30, 31, 32, 33, 34, 35, 36, 37, 38, 39, 40, 41, 42, 43, 44, 45], "numberFrequency": {"8": 0.022355507088331516, "9": 0.022900763358778626, "18": 0.02317339149400218, "22": 0.024173027989821884, "32": 0.020765176299527444, "41": 0.023536895674300253, "26": 0.023400581606688477, "1": 0.023582333696837515, "4": 0.022582697201017812, "5": 0.023627771719374774, "29": 0.023037077426390405, "44": 0.010268993093420574, "16": 0.02544529262086514, "34": 0.02267357324609233, "35": 0.023127953471464922, "40": 0.022355507088331516, "30": 0.021673936750272627, "2": 0.02335514358415122, "3": 0.023400581606688477, "10": 0.02194656488549618, "13": 0.022446383133406033, "28": 0.023809523809523808, "37": 0.02153762268266085, "17": 0.02267357324609233, "24": 0.023991275899672846, "33": 0.02371864776444929, "38": 0.02485459832788077, "19": 0.024627408215194473, "15": 0.020901490367139224,