{"currentPredictionRaw": [], "currentPrediction": [], "realResult": [17, 21, 22, 35, 41, 48, 1], "newPrediction": [[9, 24, 32, 37, 45, 48, 2], [7, 25, 29, 36, 44, 47, 5], [10, 20, 24, 30, 40, 43, 3], [2, 35, 36, 4, 39, 43, 26], [10, 16, 23, 28, 35, 42, 36]], "newPredictionRaw": [[0.0013832281110808253, 0.0013847148511558771, 0.005344646982848644, 0.00831650197505951, 0.002086600288748741, 0.053664322942495346, 0.24568501114845276, 0.22942329943180084, 0.3911031186580658, 0.04900446906685829, 0.008634806610643864, 0.0012906222837045789, 0.0026256090495735407, 4.7003319195937365e-05, 4.210367933410453e-06, 1.2115211802665726e-06, 4.327163765083242e-07, 2.7849551997860544e-07, 6.190158607921603e-09, 2.741763971414457e-08, 8.157616804282952e-09, 2.132634335794137e-08, 9.19278431155135e-09, 1.0823625329337005e-09, 3.926994285308183e-10, 1.5393583976952563e-11, 6.896385555449271e-15, 1.7212946562886189e-12, 1.0584612647349199e-14, 4.3010332708565135e-13, 2.1998851037260264e-13, 7.38399531812926e-15, 7.386552307309113e-13, 4.016372060237569e-14, 2.4965218694411595e-13, 7.624827960857339e-15, 1.3300073221304397e-15, 1.4101643369180718e-14, 4.1015407889796035e-16, 2.635615476403415e-17, 1.3085785532352084e-15, 4.0368611943085875e-15, 1.7819723290273676e-14, 3.8873809490627665e-16, 7.527473805548192e-16, 2.966180632276577e-13, 2.0939853854779616e-14, 1.297599939824312e-12], [8.277456053917831e-09, 1.4478915844051699e-09, 7.05853264726386e-10, 1.012373407327516e-09, 1.617754818994399e-10, 2.4126548566311263e-18, 5.988421028436437e-17, 4.671616763715333e-19, 1.1254036846311197e-13, 5.723637867380253e-17, 3.7163666513733484e-17, 8.20537015510357e-16, 2.6973226339391688e-15, 4.0221506680815367e-11, 9.68702185133452e-09, 3.3743123850626944e-08, 1.1789060408773366e-05, 5.390318733589083e-07, 0.0001604495191713795, 0.0012355000944808125, 0.0034953264985233545, 0.03415629267692566, 0.09964805096387863, 0.25053906440734863, 0.24877387285232544, 0.20800867676734924, 0.0036883093416690826, 0.02666173316538334, 0.0006664727698080242, 0.06743431091308594, 0.05500837415456772, 0.00029673954122699797, 0.0001680376153672114, 2.197897447331343e-05, 2.431215762044303e-05, 5.188648444232058e-08, 4.087006733044518e-09, 7.478889330059246e-08, 1.4713195939375368e-11, 2.377096186990252e-13, 1.4105485009185958e-11, 2.35155644956464e-11, 7.504484533793487e-11, 3.503645127928695e-13, 2.559243346284272e-16, 9.04024627374064e-15, 1.3557964048798994e-16, 1.0279362090191246e-15], [8.76664788939524e-13, 9.212984243773051e-14, 6.720538550983963e-15, 2.9579180376343482e-15, 7.825905959238984e-15, 5.079690700536051e-36, 3.510186586534238e-32, 1.9256389406587852e-34, 2.6253383370392603e-26, 2.6375066334498764e-32, 6.879612279598116e-33, 3.6068203330828504e-31, 3.1969534297166684e-31, 3.7610846783345584e-25, 1.734452947526824e-21, 9.390825590156103e-21, 3.4260999995188447e-18, 4.945996579555264e-20, 2.017838779204514e-17, 3.7190746765862134e-14, 8.78190681524553e-14, 8.547842121620075e-12, 6.674895358660393e-11, 1.553344119997746e-08, 1.4048781338260596e-07, 1.6702293805792578e-06, 0.030695712193846703, 0.0051741935312747955, 0.21924802660942078, 0.00034657830838114023, 8.190116932382807e-05, 0.40220415592193604, 0.1564980447292328, 0.10359407961368561, 0.07576596736907959, 0.003118675434961915, 0.0007214407087303698, 0.002502838149666786, 2.992603367601987e-05, 2.3502032320266153e-07, 2.258859240100719e-06, 1.1197291314601898e-05, 2.9631185043399455e-06, 3.068786114113209e-08, 8.17313786094509e-11, 1.3900732778390767e-12, 4.933972609817705e-13, 5.5330614628880045e-14], [4.573033575080987e-13, 9.689383355989539e-14, 4.271027687741775e-15, 1.0999746671172084e-15, 2.6856299370253862e-14, 0.0, 1.8142439698681373e-37, 0.0, 1.9935363860849482e-31, 3.445026043571945e-36, 4.358192030569625e-37, 2.2271211279196392e-35, 6.048330977248566e-36, 1.395727449228506e-30, 1.1249194064085544e-27, 7.094727632810078e-27, 2.7833768818984912e-25, 1.0810082229358249e-26, 3.180800876755036e-26, 1.2509035784107285e-21, 2.7823406854893518e-22, 7.634561045021056e-20, 1.4670264006069034e-19, 6.28189676883637e-17, 3.019440052296678e-16, 1.5788004652001093e-14, 4.373679374225503e-08, 2.831678891368483e-09, 1.2086023559731984e-07, 1.1285482964806803e-10, 8.030521560231652e-12, 0.00022370262013282627, 0.006988620385527611, 0.08048579841852188, 0.05643459036946297, 0.2273145169019699, 0.2617596983909607, 0.18617403507232666, 0.10786636918783188, 0.001991116674616933, 0.001938316971063614, 0.06750407814979553, 0.001138198422268033, 0.0001717496052151546, 9.136819244304206e-06, 4.401670139486669e-09, 1.2074957034258205e-08, 1.8492760101018746e-10], [4.6264407416174436e-08, 1.4281039284469443e-07, 2.3815537986138224e-08, 8.79406059084431e-09, 2.0006659440241492e-07, 2.2082166259722326e-28, 8.993555385463286e-29, 1.6152575832050232e-28, 4.578974998495943e-28, 4.2596368818251856e-26, 4.3737497532851574e-24, 1.3493853903370776e-23, 2.699352644477846e-24, 4.12647989837122e-22, 2.708195787847148e-21, 1.350391575479711e-20, 1.2568226655776885e-20, 2.332090435225407e-22, 9.881476171545027e-23, 1.9491973952090078e-21, 1.352616722377044e-23, 5.0334138183275636e-21, 3.995570071980476e-23, 1.4105731655694919e-21, 4.4176867024649805e-22, 9.078381943674421e-22, 2.1191407764098008e-18, 6.649958268376384e-19, 9.422471710934791e-21, 5.008235742644679e-18, 5.302675890335849e-20, 7.988509180057498e-15, 2.862919068480352e-10, 2.7412652148228744e-09, 1.5323757818208605e-09, 3.0650920734842657e-07, 1.7119687981903553e-05, 1.3700947931738483e-07, 0.006272809114307165, 0.1626158058643341, 0.17601314187049866, 0.0003704698756337166, 0.19836096465587616, 0.20164135098457336, 0.22745665907859802, 0.004560707602649927, 0.021115904673933983, 0.001574209425598383], [0.00044969242298975587, 0.0018756951903924346, 0.0002321976498933509, 0.00021463530720211565, 0.0008003663388080895, 2.0016003965994856e-17, 1.7141938483749154e-20, 4.242846045299594e-21, 4.832687113386795e-22, 7.335460290340124e-20, 1.2586188294704757e-17, 4.2411230836598437e-17, 1.9357224091267824e-17, 1.755826772462056e-15, 1.12035406806991e-15, 4.1024153504976436e-16, 2.9120143576073223e-15, 3.474137396899035e-17, 4.714809136773131e-18, 7.477493534617044e-18, 2.5437566441568678e-20, 1.1239064448413557e-16, 3.337782132311711e-18, 2.0926228135374227e-18, 1.6568279035420826e-19, 6.221061243358518e-20, 8.034198696522811e-22, 3.2936241422110305e-20, 9.735495750191791e-27, 1.1909728261565016e-17, 2.744503523741971e-20, 3.715518501732267e-19, 6.516171066270338e-13, 2.7847002048025926e-12, 1.6192777370707678e-12, 3.2964186935657835e-10, 7.89944110124452e-09, 2.3955373795736534e-10, 9.570961992722005e-06, 0.00020576671522576362, 0.00019275349040981382, 9.711970960779581e-06, 0.0008097572135739028, 0.001486808410845697, 0.007757436018437147, 0.2142372727394104, 0.37716424465179443, 0.3945540487766266], [0.17533285915851593, 0.33844807744026184, 0.12497853487730026, 0.16960299015045166, 0.19129757583141327, 3.0061480060794565e-07, 2.481153060784891e-10, 2.2067904795197713e-11, 8.669069151770459e-13, 3.6708650340635824e-15, 1.4400726891207949e-15, 8.280684751353176e-17, 6.844950670867336e-17, 4.5577531810483005e-18, 5.353836041869974e-19, 5.709396397001625e-20, 4.871825801418866e-18, 7.948539256941865e-21, 8.787762052094145e-22, 6.98985712183208e-20, 1.848245009767026e-21, 1.528329869395108e-16, 1.9310248173408693e-16, 3.663155446056792e-16, 7.124767343248304e-17, 5.95914611394145e-17, 8.045237195615133e-22, 6.021339776927296e-19, 7.75721970399159e-28, 6.073693158725507e-16, 5.516372896333581e-19, 8.828123215328548e-20, 1.415537609003592e-13, 3.736251488316994e-13, 6.033382886176664e-13, 1.3102181015481329e-12, 3.788885438033018e-12, 2.2558194461702596e-12, 1.544546296416982e-10, 1.8344834332162385e-11, 1.7540892349732218e-11, 1.0966907382226054e-08, 1.9990503696831752e-10, 1.847493824591595e-10, 2.7670039592919693e-09, 1.337660796707496e-05, 3.394897476027836e-06, 0.00032282128813676536]],