{"currentPredictionRaw": [], "currentPrediction": [], "realResult": [], "newPrediction": [[2, 9, 41, 45, 15, 26, 28], [5, 40, 10, 44, 14, 28, 30], [4, 8, 43, 13, 31, 0, 0], [1, 11, 12, 44, 47, 27, 30], [3, 41, 42, 12, 16, 26, 27], [4, 45, 46, 48, 17, 24, 29], [32, 7, 40, 11, 47, 23, 0], [10, 42, 13, 46, 24, 25, 0], [3, 39, 45, 48, 18, 25, 29], [32, 37, 6, 39, 19, 23, 0]], "newPredictionRaw": [[0.002355882665142417, 0.006447863299399614, 0.01518992055207491, 0.01970965601503849, 0.007801561616361141, 0.011045918799936771, 0.019128849729895592, 0.2043701708316803, 0.31483912467956543, 0.21988937258720398, 0.13250263035297394, 0.029114652425050735, 0.017543744295835495, 9.492934623267502e-06, 5.118664194014855e-05, 2.3667332982313383e-08, 8.502531456677787e-10, 4.632108238644683e-11, 5.745831870192231e-13, 2.4996701214995143e-14, 2.0685496160526695e-16, 2.352440040453898e-15, 5.4746326802001497e-17, 1.345896723852477e-17, 5.612871765914502e-16, 2.7976948999882805e-17, 2.983077986662235e-16, 4.37269297605465e-16, 3.998590975202217e-15, 1.5429847305226894e-16, 3.8160118058116913e-16, 1.4248238990785105e-17, 5.78772442980035e-18, 6.181673580585976e-17, 6.323875192306702e-17, 7.128965636408771e-19, 7.407238241759559e-20, 4.827733352457033e-18, 2.342022938100989e-18, 2.4962205712191428e-18, 8.083702607257758e-17, 2.40607550339791e-17, 4.844600177260642e-16, 6.350882043736517e-16, 2.110147282331342e-14, 5.467482816858861e-14, 5.428588419173659e-14, 2.5339287078643934e-15], [4.108195561514094e-09, 3.834457729112728e-08, 4.3783805381281127e-07, 1.1807138662334182e-06, 1.4098080214353104e-07, 1.199073551561014e-07, 1.3905213336329325e-07, 0.0003989280667155981, 0.0004690231289714575, 0.012702125124633312, 0.021577225998044014, 0.08891379088163376, 0.19970834255218506, 0.230871319770813, 0.343593955039978, 0.07211443781852722, 0.02250048890709877, 0.006312134675681591, 0.0006784545257687569, 0.0001320148294325918, 2.1857287720195018e-05, 3.3315270684397547e-06, 6.416097164674284e-08, 4.175352330548776e-08, 3.760624736059981e-07, 3.239941426258497e-09, 4.9625614728654455e-09, 1.858852516356535e-10, 8.23500989621806e-11, 2.36224720340239e-11, 2.470671722765161e-10, 5.90793893299156e-14, 9.68461693218875e-14, 4.796061822427006e-14, 1.68591879280873e-14, 3.205911443958956e-16, 4.249587457431976e-17, 1.5550389209813276e-13, 3.729276624629586e-17, 2.8778356680801423e-20, 4.8894284116491474e-20, 1.1521940923918905e-19, 5.179084314698372e-19, 1.6741446711719388e-19, 1.6161063835974653e-20, 2.416811149695991e-17, 1.8727879852228798e-18, 2.395745010163858e-17], [5.305442744861354e-21, 1.6361508439207004e-19, 2.132153981806485e-18, 1.2448853979144415e-17, 5.348755808740403e-18, 3.806683008023822e-23, 2.5336439168819452e-21, 7.919560856969676e-17, 1.3397117786071323e-15, 5.548885732408609e-15, 4.8695314273927703e-14, 4.821985350481018e-15, 3.588651728211878e-13, 1.957699275042732e-13, 2.93956102948717e-13, 6.045870184698265e-13, 2.5860643487751744e-11, 1.260895970967013e-10, 3.0491797531340126e-08, 5.930353381700115e-07, 3.254901457694359e-06, 0.0018473269883543253, 0.015301411040127277, 0.01984870806336403, 0.014639412984251976, 0.24799956381320953, 0.14390325546264648, 0.22621247172355652, 0.00811194907873869, 0.1561070680618286, 0.16368480026721954, 0.0022619864903390408, 2.6709301891969517e-05, 5.091937964607496e-06, 1.109048355374398e-07, 6.980413047585898e-08, 2.3489437062096385e-09, 4.617335071088746e-05, 2.602791315808872e-10, 1.8670210226128642e-16, 3.131003026477338e-17, 3.122129032865869e-17, 2.3758533016654277e-16, 1.062696882766167e-17, 2.0077896918455e-21, 1.622372910047711e-18, 1.9460844011400668e-20, 6.453166036677802e-16], [2.3928094301804382e-20, 4.0831687477512343e-19, 3.1100593096758626e-18, 1.9658804216437308e-17, 1.7670033722010764e-17, 1.6180035726175052e-23, 2.001455984435466e-21, 1.651999128148849e-17, 2.4758526879292903e-16, 4.3785359152039287e-16, 3.0462239752426876e-15, 1.0108070984781643e-16, 6.4948004588924295e-15, 1.777694092665728e-15, 2.599884410610007e-15, 2.203498825799886e-15, 8.681133611444791e-14, 5.446960699324876e-13, 1.6164596050582958e-10, 3.0558062746877113e-09, 2.2017882628233565e-08, 3.205094617442228e-05, 0.0010154122719541192, 0.0014913001796230674, 0.0010783307952806354, 0.07300900667905807, 0.08980954438447952, 0.28615084290504456, 0.036256223917007446, 0.25619909167289734, 0.23378214240074158, 0.019652655348181725, 0.0005444993148557842, 0.0001634288637433201, 5.886063263460528e-06, 7.001548510743305e-06, 3.6399163150235836e-07, 0.0008021319517865777, 5.8438448746755967e-08, 1.1944861332685575e-13, 1.9699446948359157e-14, 2.3770682010216745e-14, 1.1012353274284306e-13, 6.155819143950679e-15, 3.082656470343206e-18, 4.742062074435181e-16, 8.89943355120795e-18, 1.647056785663431e-13], [7.969197350632395e-12, 2.6992168916661896e-11, 8.27217287724391e-12, 2.1104283251527356e-11, 5.432370664415487e-10, 4.0458537902136576e-20, 1.5706700755251699e-21, 1.020781100234631e-27, 5.258907944586436e-26, 1.046292016426233e-28, 5.659152924745646e-30, 5.798005925314077e-35, 3.630398633870514e-30, 7.602185747700058e-31, 5.71026191448663e-31, 1.2377645477523658e-32, 2.0977110088277018e-29, 8.860714969402284e-29, 7.298338487274652e-28, 2.764838835515072e-27, 4.7422476855354935e-25, 1.6478394229639576e-20, 1.4663822471465627e-16, 1.4215532269364758e-17, 3.055164130068271e-17, 2.7907533326366335e-15, 8.213814014796511e-15, 1.8906525800967692e-16, 7.622801044895877e-13, 9.2601626236824e-14, 2.261128350528052e-12, 2.553723010834119e-09, 6.969859214223106e-07, 3.48191533703357e-05, 0.004574778955429792, 9.904528997140005e-05, 0.007085941731929779, 6.45342254301795e-07, 0.01290977094322443, 0.20812831819057465, 0.24581649899482727, 0.11748310923576355, 0.16406124830245972, 0.1249406635761261, 0.07646878808736801, 0.015582984313368797, 0.022692859172821045, 0.00011981652642134577], [4.425607187386049e-07, 1.1769608363465522e-06, 3.985891225966043e-07, 8.669158546581457e-07, 6.895358637848403e-06, 1.6644002257155954e-13, 4.5505918648951226e-17, 8.131484040747629e-25, 1.153554851578759e-23, 5.044926650706117e-26, 4.3812171414288586e-27, 1.0960120307575397e-30, 6.072496557698216e-26, 1.4884583471563774e-26, 4.362656877517601e-26, 6.9717652873597135e-28, 3.5869421543928227e-25, 2.6735321916700243e-25, 4.070744877627113e-25, 1.0006508297882887e-25, 4.01790682628399e-24, 1.5443242316514817e-20, 5.1036974311350353e-17, 1.828176687221823e-18, 1.937188545403502e-18, 5.642300205131178e-17, 1.556409143945486e-17, 4.770264320240361e-20, 1.4693462338046872e-17, 7.397562906589922e-17, 1.81964255234555e-15, 6.859345990511967e-13, 2.001371290916154e-10, 6.663601226364335e-08, 8.914579666452482e-06, 1.1147540845968251e-07, 5.511989911610726e-06, 1.5887900717270753e-10, 3.187016409356147e-05, 0.05695248022675514, 0.12135907262563705, 0.018272746354341507, 0.1729869842529297, 0.20047350227832794, 0.20708470046520233, 0.0798950120806694, 0.14281685650348663, 0.00010236219532089308], [0.1624240279197693, 0.28992462158203125, 0.15410223603248596, 0.18134750425815582, 0.21200378239154816, 1.926047161759925e-06, 1.8697444981174982e-10, 5.849212173641982e-13, 4.4180933596923294e-15, 3.3718314869802396e-15, 3.031624091847339e-15, 8.570188039579385e-17, 6.898536510915529e-14, 5.607769451198479e-16, 2.743110058694184e-15, 3.160799292232901e-20, 7.988202289432796e-17, 6.528110945232143e-19, 3.241957988786571e-20, 8.928888031104285e-21, 3.4291308668314215e-20, 1.1068331723004652e-16, 2.990225864770053e-14, 4.0893255150890124e-16, 5.971853858081531e-16, 1.0939037490501763e-14, 1.497913710352594e-16, 6.605861544570995e-21, 8.296885591429063e-24, 1.2710487898172488e-17, 2.644641737422043e-16, 1.741184997331765e-18, 3.461228021859816e-14, 2.3312247965368016e-11, 6.296825040552623e-12, 1.9999288683458794e-11, 1.7731393610331825e-12, 2.444963312754969e-14, 1.1271115291089373e-10, 6.242781847021206e-09, 9.368219089367358e-09, 2.8731736989584533e-09, 3.8368602872651536e-07, 