{"currentPredictionRaw": [], "currentPrediction": [], "realResult": [], "newPrediction": [[10, 14, 26, 30, 40, 44, 5], [9, 13, 27, 31, 42, 41, 4], [8, 15, 28, 28, 36, 43, 2], [7, 16, 31, 29, 41, 45, 1], [11, 12, 30, 32, 37, 42, 3], [6, 17, 25, 27, 43, 40, 48], [12, 18, 24, 26, 44, 47, 47], [4, 10, 23, 35, 39, 36, 45], [3, 11, 29, 34, 45, 48, 46], [13, 9, 22, 33, 46, 37, 43]], "newPredictionRaw": [[0.002022672211751342, 0.003711769124493003, 0.008105536922812462, 0.015052655711770058, 0.005975962616503239, 0.02172078937292099, 0.11279193311929703, 0.1614891141653061, 0.2618384063243866, 0.26604965329170227, 0.10988493263721466, 0.02129928581416607, 0.006405525840818882, 0.0036163788754493, 3.0794057238381356e-05, 4.370005171949742e-06, 9.060060790488933e-08, 1.333339980646997e-07, 2.291151490751986e-09, 1.2340237720565028e-09, 2.9977356152954826e-09, 1.9254692062986578e-08, 4.97278107580712e-10, 6.96138008349223e-11, 2.631565798605351e-10, 4.239527826022105e-11, 2.1417700946102514e-11, 2.4285176300486988e-11, 7.359540928064678e-12, 3.227545661288467e-11, 1.7972952293110467e-10, 1.803198432584474e-13, 1.4280372403249059e-13, 1.0582229943668572e-14, 1.4022874387283751e-13, 8.018422836804053e-17, 2.113168532387168e-17, 8.118301520872932e-16, 6.475981398507689e-16, 1.99386791223334e-15, 7.984733107178638e-15, 5.466256715491887e-16, 2.168056045023098e-13, 2.146437053703737e-14, 4.674775566648748e-10, 1.4832862368918676e-11, 1.3931526071653266e-11, 1.7403145591288194e-10], [5.701164695892658e-07, 1.6264416444755625e-06, 1.037850324792089e-05, 2.899505489040166e-05, 5.330827661964577e-06, 2.764662349363789e-05, 0.0003589406260289252, 0.0006690528243780136, 0.003348788246512413, 0.013834930956363678, 0.011403635144233704, 0.04726468026638031, 0.2556908428668976, 0.2753671407699585, 0.24889416992664337, 0.10105442255735397, 0.019709115847945213, 0.019473139196634293, 0.0019109627464786172, 0.0005551622016355395, 0.00036873327917419374, 2.0959994799341075e-05, 3.155278136546258e-07, 2.2391137122212967e-07, 1.4214116106359143e-07, 1.2907015012331158e-08, 9.763783559435524e-09, 2.010295041543486e-09, 2.0247175047671817e-09, 6.42444264453701e-10, 4.123583252635399e-09, 9.438254214635955e-13, 2.3094776823362126e-14, 2.9714506595161566e-15, 9.379852444887579e-14, 1.440266203062018e-19, 1.3793906213630022e-19, 1.3055992471921394e-16, 2.914730368752693e-17, 2.7719120111672476e-18, 1.386005636420377e-18, 2.9834485377272644e-20, 5.1135188774201224e-18, 1.1993140740944557e-18, 1.1690275246586338e-14, 4.534803782485497e-11, 1.3125097290963667e-17, 1.3337592545703027e-16], [1.9708352335129234e-17, 8.931713612868341e-16, 1.3037083043709093e-14, 3.2791089078266795e-15, 5.143513975061067e-15, 7.762888100418428e-21, 2.0419121441933413e-20, 2.648797717127627e-21, 2.4495926482437124e-17, 4.140590074911017e-19, 5.285415522852837e-21, 3.5877046214321047e-19, 1.3806538784423214e-14, 2.6782111142535647e-14, 1.601180939139052e-13, 1.578180728462053e-12, 3.6929334590318774e-10, 1.4149759142156881e-10, 1.3493320238922024e-07, 1.5967005992933991e-06, 1.8114715203410015e-05, 0.0054677859880030155, 0.05009066313505173, 0.061622969806194305, 0.09040027111768723, 0.19831061363220215, 0.15304379165172577, 0.15173907577991486, 0.042961303144693375, 0.09662164747714996, 0.14453589916229248, 0.0027760143857449293, 5.630758823826909e-05, 4.554925180855207e-05, 5.654732740367763e-05, 3.037701201691334e-10, 7.142142433025356e-10, 2.930732762251864e-06, 6.160168481983419e-07, 2.151663736071896e-09, 4.7916955125959504e-11, 8.831277722998188e-12, 1.982642175435423e-11, 4.618333059730473e-12, 1.4621755412350113e-12, 0.0022481440100818872, 7.58692916569834e-16, 1.5830005190972282e-17], [4.173907710572765e-17, 2.4158038223809136e-15, 2.514216048896123e-14, 1.935718041613148e-15, 5.469347644595536e-15, 2.7555799992293583e-22, 1.0814131399876194e-21, 7.784309018765417e-23, 7.494771269661745e-19, 9.197043991381351e-21, 4.241096402298912e-23, 1.3011183489386165e-21, 1.0209694258936846e-17, 1.633353980833536e-17, 6.7695952615263065e-18, 1.7187741102778046e-17, 3.0612804093966065e-15, 1.3208609544868694e-15, 2.1166189460852802e-12, 2.6376300449326706e-11, 7.17280845830004e-10, 1.236912567037507e-06, 0.0002026777801802382, 0.0003033557441085577, 0.0012443256564438343, 0.00831552967429161, 0.05471637845039368, 0.20323523879051208, 0.20148159563541412, 0.22393804788589478, 0.21179170906543732, 0.07767833024263382, 0.0043922308832407, 0.004718007519841194, 0.005341502372175455, 8.136073574860347e-07, 1.269013409910258e-06, 0.0006240051588974893, 0.0001456226164009422, 1.200884298668825e-06, 2.4129436226871803e-08, 1.6602321295522415e-08, 7.73618591409786e-09, 1.7929959739149126e-09, 1.399671073487596e-10, 0.0018668834818527102, 2.788080096655099e-13, 2.980173616565218e-15], [1.1348674821068383e-12, 2.336615276266052e-11, 2.7137908240049136e-11, 1.9015570368319246e-12, 9.204475723278982e-12, 1.0561883785565177e-26, 1.423889373321818e-25, 4.9991613166980274e-26, 4.366490063589635e-25, 4.050620096081112e-27, 1.895260280394847e-27, 1.6847663449020273e-27, 3.1014017184957503e-24, 5.697180720539032e-22, 9.115974068816334e-25, 2.5479701874621274e-26, 3.2032213760392104e-24, 8.153197437163837e-25, 1.3696351342297389e-23, 2.729815297193861e-23, 3.2543382531884293e-22, 3.4097664394445844e-20, 2.2379677198576563e-16, 6.044261013739687e-17, 9.204672309461644e-15, 6.774622366995803e-14, 1.0213953814675047e-11, 9.855203458863926e-12, 2.456197571720775e-12, 8.107327031936507e-10, 4.10853306931358e-09, 6.608311764466634e-08, 4.656253076973371e-05, 0.00011630124208750203, 0.00014454971824306995, 0.13971559703350067, 0.11024662852287292, 0.0004438547184690833, 0.018963472917675972, 0.31788524985313416, 0.13152280449867249, 0.16845187544822693, 0.0555618517100811, 0.055034756660461426, 0.0012643395457416773, 0.0005768819246441126, 2.471743027854245e-05, 5.673837790709513e-07], [5.6424354077933e-10, 2.4511539464810994e-09, 1.1199897675950865e-09, 8.564767783880711e-10, 1.5361648619816037e-09, 3.5507784236362985e-23, 1.0799317728035847e-22, 1.4041558452143914e-23, 1.0360979001339423e-24, 4.0555566397145655e-27, 3.480182218452561e-26, 3.48419254385716e-27, 1.997817694831714e-23, 7.338061385625691e-20, 1.0950819411516629e-22, 3.944214201531411e-24, 1.224937962969002e-21, 2.7479466024572053e-22, 9.787907170766228e-23, 1.5541646567636965e-22, 9.326975743845591e-23, 1.9814399958062396e-22, 2.855040056738344e-20, 1.25792946393344e-21, 3.6514308743171313e-19, 2.1651680008243951e-19, 4.163931250640885e-18, 2.4673383710597233e-19, 7.352741418117806e-21, 9.939685467078919e-17, 2.3389760282408172e-15, 2.9445531282760963e-15, 4.3259582027666e-10, 9.612433071737314e-10, 9.87435910815293e-10, 0.000598786398768425, 0.0002317407779628411, 8.520989247529087e-09, 1.5342531696660444e-05, 0.02205805480480194, 0.2927103042602539, 0.04824087768793106, 0.2386474609375, 0.33445146679878235, 0.06051257997751236, 2.9823162549291737e-05, 0.0022158108185976744, 0.0002876909857150167], [0.1518123596906662, 0.20965833961963654, 0.13970918953418732, 0.238424614071846, 0.26039406657218933, 1.5763883254305e-11, 1.1523648354994087e-11, 3.7763711602245564e-10, 7.422207379953472e-13, 6.597598918470053e-16, 1.9597831793808848e-14, 2.266973304345196e-16, 7.33872985095821e-17, 1.3529959021980399e-15, 2.5293940293001225e-18, 3.100258977175911e-19, 1.513745153183471e-17, 3.659219968856449e-18, 4.6063160242331e-19, 1.8507994152306583e-17, 1.2973916832217025e-15, 2.3870916094487216e-12, 3.2860235257663184e-13, 9.399179873271438e-15, 5.912963803485216e-13, 7.588165664394741e-14, 3.042470772253404e-15, 2.4558905036426706e-16, 1.572897893442419e-19, 8.642876013129335e-15, 1.9690201075520108e-13, 1.1000019839297573e-17, 5.796846835014191e-14, 7.493454505990912e-14, 2.682432006484675e-15, 1.7518731826532755e-14, 2.6895340812858708e-14, 1.7022411177023203e-14, 7.32233371159019e-12, 8.00630881037101e-11, 5.204612296694222e-10, 7.975536203685962e-11, 2.574242685682293e-08, 