date;model;symbol;predicted_bin;actual_bin;return;hit_exact;hit_adjacent;hit_direction;pnl
2026-08-19;Autoencoder Model;NVDA;8;3;-0.00997035;0;0;0;-0.01097035
2026-08-19;Autoencoder Model;AAPL;1;9;0.02169629;0;0;0;0.00000000
2026-08-19;Autoencoder Model;MSFT;1;6;0.00554901;0;0;0;0.00000000
2026-08-19;Autoencoder Model;ASML;0;0;-0.02883698;1;1;1;0.00000000
2026-08-19;CatBoost Model;NVDA;5;3;-0.00997035;0;0;0;-0.01097035
2026-08-19;CatBoost Model;AAPL;1;9;0.02169629;0;0;0;0.00000000
2026-08-19;CatBoost Model;MSFT;0;6;0.00554901;0;0;0;0.00000000
2026-08-19;CatBoost Model;ASML;0;0;-0.02883698;1;1;1;0.00000000
2026-08-19;GARCH Model;NVDA;4;3;-0.00997035;0;1;1;0.00000000
2026-08-19;GARCH Model;AAPL;1;9;0.02169629;0;0;0;0.00000000
2026-08-19;GARCH Model;MSFT;9;6;0.00554901;0;0;1;0.00454901
2026-08-19;GARCH Model;ASML;9;0;-0.02883698;0;0;0;-0.02983698
2026-08-19;GNN Model;NVDA;0;3;-0.00997035;0;0;1;0.00000000
2026-08-19;GNN Model;AAPL;0;9;0.02169629;0;0;0;0.00000000
2026-08-19;GNN Model;MSFT;0;6;0.00554901;0;0;0;0.00000000
2026-08-19;GNN Model;ASML;0;0;-0.02883698;1;1;1;0.00000000
2026-08-19;LaplaceMonteCarlo Model;NVDA;4;3;-0.00997035;0;1;1;0.00000000
2026-08-19;LaplaceMonteCarlo Model;AAPL;5;9;0.02169629;0;0;1;0.02069629
2026-08-19;LaplaceMonteCarlo Model;MSFT;4;6;0.00554901;0;0;0;0.00000000
2026-08-19;LaplaceMonteCarlo Model;ASML;4;0;-0.02883698;0;0;1;0.00000000
2026-08-19;LightGBM Model;NVDA;0;3;-0.00997035;0;0;1;0.00000000
2026-08-19;LightGBM Model;AAPL;2;9;0.02169629;0;0;0;0.00000000
2026-08-19;LightGBM Model;MSFT;7;6;0.00554901;0;1;1;0.00454901
2026-08-19;LightGBM Model;ASML;4;0;-0.02883698;0;0;1;0.00000000
2026-08-19;Markov Model;NVDA;2;3;-0.00997035;0;1;1;0.00000000
2026-08-19;Markov Model;AAPL;2;9;0.02169629;0;0;0;0.00000000
2026-08-19;Markov Model;MSFT;9;6;0.00554901;0;0;1;0.00454901
2026-08-19;Markov Model;ASML;9;0;-0.02883698;0;0;0;-0.02983698
2026-08-19;MarkovMonteCarlo Model;NVDA;1;3;-0.00997035;0;0;1;0.00000000
2026-08-19;MarkovMonteCarlo Model;AAPL;0;9;0.02169629;0;0;0;0.00000000
2026-08-19;MarkovMonteCarlo Model;MSFT;9;6;0.00554901;0;0;1;0.00454901
2026-08-19;MarkovMonteCarlo Model;ASML;9;0;-0.02883698;0;0;0;-0.02983698
2026-08-19;OrderStatistics Baseline;NVDA;0;3;-0.00997035;0;0;1;0.00000000
2026-08-19;OrderStatistics Baseline;AAPL;9;9;0.02169629;1;1;1;0.02069629
2026-08-19;OrderStatistics Baseline;MSFT;1;6;0.00554901;0;0;0;0.00000000
2026-08-19;OrderStatistics Baseline;ASML;8;0;-0.02883698;0;0;0;-0.02983698
2026-08-19;PoissonMonteCarlo Model;NVDA;2;3;-0.00997035;0;1;1;0.00000000
2026-08-19;PoissonMonteCarlo Model;AAPL;1;9;0.02169629;0;0;0;0.00000000
2026-08-19;PoissonMonteCarlo Model;MSFT;9;6;0.00554901;0;0;1;0.00454901
2026-08-19;PoissonMonteCarlo Model;ASML;9;0;-0.02883698;0;0;0;-0.02983698
2026-08-19;Regime HMM Model;NVDA;8;3;-0.00997035;0;0;0;-0.01097035
2026-08-19;Regime HMM Model;AAPL;1;9;0.02169629;0;0;0;0.00000000
2026-08-19;Regime HMM Model;MSFT;1;6;0.00554901;0;0;0;0.00000000
2026-08-19;Regime HMM Model;ASML;7;0;-0.02883698;0;0;0;-0.02983698
2026-08-19;Regime HMM Single Model;NVDA;9;3;-0.00997035;0;0;0;-0.01097035
2026-08-19;Regime HMM Single Model;AAPL;0;9;0.02169629;0;0;0;0.00000000
2026-08-19;Regime HMM Single Model;MSFT;0;6;0.00554901;0;0;0;0.00000000
2026-08-19;Regime HMM Single Model;ASML;9;0;-0.02883698;0;0;0;-0.02983698
2026-08-19;Regime HMM ZeroMean Model;NVDA;0;3;-0.00997035;0;0;1;0.00000000
2026-08-19;Regime HMM ZeroMean Model;AAPL;0;9;0.02169629;0;0;0;0.00000000
2026-08-19;Regime HMM ZeroMean Model;MSFT;0;6;0.00554901;0;0;0;0.00000000
2026-08-19;Regime HMM ZeroMean Model;ASML;0;0;-0.02883698;1;1;1;0.00000000
2026-08-19;Transformer Model;NVDA;8;3;-0.00997035;0;0;0;-0.01097035
2026-08-19;Transformer Model;AAPL;2;9;0.02169629;0;0;0;0.00000000
2026-08-19;Transformer Model;MSFT;1;6;0.00554901;0;0;0;0.00000000
2026-08-19;Transformer Model;ASML;1;0;-0.02883698;0;1;1;0.00000000
2026-08-19;WeightedEnsemble Model;NVDA;0;3;-0.00997035;0;0;1;0.00000000
2026-08-19;WeightedEnsemble Model;AAPL;2;9;0.02169629;0;0;0;0.00000000
2026-08-19;WeightedEnsemble Model;MSFT;9;6;0.00554901;0;0;1;0.00454901
2026-08-19;WeightedEnsemble Model;ASML;4;0;-0.02883698;0;0;1;0.00000000
2026-08-19;XGBoost Model;NVDA;0;3;-0.00997035;0;0;1;0.00000000
2026-08-19;XGBoost Model;AAPL;2;9;0.02169629;0;0;0;0.00000000
2026-08-19;XGBoost Model;MSFT;7;6;0.00554901;0;1;1;0.00454901
2026-08-19;XGBoost Model;ASML;4;0;-0.02883698;0;0;1;0.00000000
2026-08-20;Autoencoder Model;NVDA;8;4;-0.00326880;0;0;0;-0.00426880
2026-08-20;Autoencoder Model;AAPL;1;1;-0.01760827;1;1;1;0.00000000
2026-08-20;Autoencoder Model;MSFT;1;2;-0.00654613;0;1;1;0.00000000
2026-08-20;Autoencoder Model;ASML;0;4;-0.00081096;0;0;1;0.00000000
2026-08-20;CatBoost Model;NVDA;1;4;-0.00326880;0;0;1;0.00000000
2026-08-20;CatBoost Model;AAPL;1;1;-0.01760827;1;1;1;0.00000000
2026-08-20;CatBoost Model;MSFT;4;2;-0.00654613;0;0;1;0.00000000
2026-08-20;CatBoost Model;ASML;0;4;-0.00081096;0;0;1;0.00000000
2026-08-20;GARCH Model;NVDA;4;4;-0.00326880;1;1;1;0.00000000
2026-08-20;GARCH Model;AAPL;1;1;-0.01760827;1;1;1;0.00000000
2026-08-20;GARCH Model;MSFT;9;2;-0.00654613;0;0;0;-0.00754613
2026-08-20;GARCH Model;ASML;9;4;-0.00081096;0;0;0;-0.00181096
2026-08-20;GNN Model;NVDA;0;4;-0.00326880;0;0;1;0.00000000
2026-08-20;GNN Model;AAPL;0;1;-0.01760827;0;1;1;0.00000000
2026-08-20;GNN Model;MSFT;0;2;-0.00654613;0;0;1;0.00000000
2026-08-20;GNN Model;ASML;0;4;-0.00081096;0;0;1;0.00000000
2026-08-20;LaplaceMonteCarlo Model;NVDA;4;4;-0.00326880;1;1;1;0.00000000
2026-08-20;LaplaceMonteCarlo Model;AAPL;3;1;-0.01760827;0;0;1;0.00000000
2026-08-20;LaplaceMonteCarlo Model;MSFT;5;2;-0.00654613;0;0;0;-0.00754613
2026-08-20;LaplaceMonteCarlo Model;ASML;0;4;-0.00081096;0;0;1;0.00000000
2026-08-20;LightGBM Model;NVDA;1;4;-0.00326880;0;0;1;0.00000000
2026-08-20;LightGBM Model;AAPL;4;1;-0.01760827;0;0;1;0.00000000
2026-08-20;LightGBM Model;MSFT;2;2;-0.00654613;1;1;1;0.00000000
2026-08-20;LightGBM Model;ASML;6;4;-0.00081096;0;0;0;-0.00181096
2026-08-20;Markov Model;NVDA;8;4;-0.00326880;0;0;0;-0.00426880
2026-08-20;Markov Model;AAPL;7;1;-0.01760827;0;0;0;-0.01860827
2026-08-20;Markov Model;MSFT;8;2;-0.00654613;0;0;0;-0.00754613
2026-08-20;Markov Model;ASML;9;4;-0.00081096;0;0;0;-0.00181096
2026-08-20;MarkovMonteCarlo Model;NVDA;0;4;-0.00326880;0;0;1;0.00000000
2026-08-20;MarkovMonteCarlo Model;AAPL;0;1;-0.01760827;0;1;1;0.00000000
2026-08-20;MarkovMonteCarlo Model;MSFT;0;2;-0.00654613;0;0;1;0.00000000
2026-08-20;MarkovMonteCarlo Model;ASML;9;4;-0.00081096;0;0;0;-0.00181096
2026-08-20;OrderStatistics Baseline;NVDA;0;4;-0.00326880;0;0;1;0.00000000
2026-08-20;OrderStatistics Baseline;AAPL;9;1;-0.01760827;0;0;0;-0.01860827
2026-08-20;OrderStatistics Baseline;MSFT;1;2;-0.00654613;0;1;1;0.00000000
2026-08-20;OrderStatistics Baseline;ASML;8;4;-0.00081096;0;0;0;-0.00181096
2026-08-20;PoissonMonteCarlo Model;NVDA;2;4;-0.00326880;0;0;1;0.00000000
2026-08-20;PoissonMonteCarlo Model;AAPL;1;1;-0.01760827;1;1;1;0.00000000
2026-08-20;PoissonMonteCarlo Model;MSFT;9;2;-0.00654613;0;0;0;-0.00754613
2026-08-20;PoissonMonteCarlo Model;ASML;9;4;-0.00081096;0;0;0;-0.00181096
2026-08-20;Regime HMM Model;NVDA;0;4;-0.00326880;0;0;1;0.00000000
2026-08-20;Regime HMM Model;AAPL;0;1;-0.01760827;0;1;1;0.00000000
2026-08-20;Regime HMM Model;MSFT;0;2;-0.00654613;0;0;1;0.00000000
2026-08-20;Regime HMM Model;ASML;9;4;-0.00081096;0;0;0;-0.00181096
2026-08-20;Regime HMM Single Model;NVDA;9;4;-0.00326880;0;0;0;-0.00426880
2026-08-20;Regime HMM Single Model;AAPL;0;1;-0.01760827;0;1;1;0.00000000
2026-08-20;Regime HMM Single Model;MSFT;0;2;-0.00654613;0;0;1;0.00000000
2026-08-20;Regime HMM Single Model;ASML;9;4;-0.00081096;0;0;0;-0.00181096
2026-08-20;Regime HMM ZeroMean Model;NVDA;1;4;-0.00326880;0;0;1;0.00000000
2026-08-20;Regime HMM ZeroMean Model;AAPL;1;1;-0.01760827;1;1;1;0.00000000
2026-08-20;Regime HMM ZeroMean Model;MSFT;1;2;-0.00654613;0;1;1;0.00000000
2026-08-20;Regime HMM ZeroMean Model;ASML;1;4;-0.00081096;0;0;1;0.00000000
2026-08-20;Transformer Model;NVDA;4;4;-0.00326880;1;1;1;0.00000000
2026-08-20;Transformer Model;AAPL;6;1;-0.01760827;0;0;0;-0.01860827
2026-08-20;Transformer Model;MSFT;2;2;-0.00654613;1;1;1;0.00000000
2026-08-20;Transformer Model;ASML;2;4;-0.00081096;0;0;1;0.00000000
2026-08-20;WeightedEnsemble Model;NVDA;1;4;-0.00326880;0;0;1;0.00000000
2026-08-20;WeightedEnsemble Model;AAPL;1;1;-0.01760827;1;1;1;0.00000000
2026-08-20;WeightedEnsemble Model;MSFT;0;2;-0.00654613;0;0;1;0.00000000
2026-08-20;WeightedEnsemble Model;ASML;9;4;-0.00081096;0;0;0;-0.00181096
2026-08-20;XGBoost Model;NVDA;1;4;-0.00326880;0;0;1;0.00000000
2026-08-20;XGBoost Model;AAPL;9;1;-0.01760827;0;0;0;-0.01860827
2026-08-20;XGBoost Model;MSFT;3;2;-0.00654613;0;1;1;0.00000000
2026-08-20;XGBoost Model;ASML;6;4;-0.00081096;0;0;0;-0.00181096
2026-08-21;Autoencoder Model;NVDA;2;3;-0.00987102;0;1;1;0.00000000
2026-08-21;Autoencoder Model;AAPL;2;2;-0.00628376;1;1;1;0.00000000
2026-08-21;Autoencoder Model;MSFT;8;6;0.00433435;0;0;1;0.00333435
2026-08-21;Autoencoder Model;ASML;0;6;0.00765498;0;0;0;0.00000000
2026-08-21;CatBoost Model;NVDA;6;3;-0.00987102;0;0;0;-0.01087102
2026-08-21;CatBoost Model;AAPL;5;2;-0.00628376;0;0;0;-0.00728376
2026-08-21;CatBoost Model;MSFT;1;6;0.00433435;0;0;0;0.00000000
2026-08-21;CatBoost Model;ASML;9;6;0.00765498;0;0;1;0.00665498
2026-08-21;GARCH Model;NVDA;4;3;-0.00987102;0;1;1;0.00000000
2026-08-21;GARCH Model;AAPL;1;2;-0.00628376;0;1;1;0.00000000
2026-08-21;GARCH Model;MSFT;9;6;0.00433435;0;0;1;0.00333435
2026-08-21;GARCH Model;ASML;9;6;0.00765498;0;0;1;0.00665498
2026-08-21;GNN Model;NVDA;0;3;-0.00987102;0;0;1;0.00000000
2026-08-21;GNN Model;AAPL;0;2;-0.00628376;0;0;1;0.00000000
2026-08-21;GNN Model;MSFT;0;6;0.00433435;0;0;0;0.00000000
2026-08-21;GNN Model;ASML;9;6;0.00765498;0;0;1;0.00665498
2026-08-21;LaplaceMonteCarlo Model;NVDA;4;3;-0.00987102;0;1;1;0.00000000
2026-08-21;LaplaceMonteCarlo Model;AAPL;4;2;-0.00628376;0;0;1;0.00000000
2026-08-21;LaplaceMonteCarlo Model;MSFT;3;6;0.00433435;0;0;0;0.00000000
2026-08-21;LaplaceMonteCarlo Model;ASML;0;6;0.00765498;0;0;0;0.00000000
2026-08-21;LightGBM Model;NVDA;2;3;-0.00987102;0;1;1;0.00000000
2026-08-21;LightGBM Model;AAPL;1;2;-0.00628376;0;1;1;0.00000000
2026-08-21;LightGBM Model;MSFT;1;6;0.00433435;0;0;0;0.00000000
2026-08-21;LightGBM Model;ASML;3;6;0.00765498;0;0;0;0.00000000
2026-08-21;Markov Model;NVDA;8;3;-0.00987102;0;0;0;-0.01087102
2026-08-21;Markov Model;AAPL;2;2;-0.00628376;1;1;1;0.00000000
2026-08-21;Markov Model;MSFT;1;6;0.00433435;0;0;0;0.00000000
2026-08-21;Markov Model;ASML;9;6;0.00765498;0;0;1;0.00665498
2026-08-21;MarkovMonteCarlo Model;NVDA;9;3;-0.00987102;0;0;0;-0.01087102
2026-08-21;MarkovMonteCarlo Model;AAPL;0;2;-0.00628376;0;0;1;0.00000000
2026-08-21;MarkovMonteCarlo Model;MSFT;0;6;0.00433435;0;0;0;0.00000000
2026-08-21;MarkovMonteCarlo Model;ASML;9;6;0.00765498;0;0;1;0.00665498
2026-08-21;OrderStatistics Baseline;NVDA;0;3;-0.00987102;0;0;1;0.00000000
2026-08-21;OrderStatistics Baseline;AAPL;9;2;-0.00628376;0;0;0;-0.00728376
2026-08-21;OrderStatistics Baseline;MSFT;1;6;0.00433435;0;0;0;0.00000000
2026-08-21;OrderStatistics Baseline;ASML;8;6;0.00765498;0;0;1;0.00665498
2026-08-21;PoissonMonteCarlo Model;NVDA;2;3;-0.00987102;0;1;1;0.00000000
2026-08-21;PoissonMonteCarlo Model;AAPL;9;2;-0.00628376;0;0;0;-0.00728376
2026-08-21;PoissonMonteCarlo Model;MSFT;9;6;0.00433435;0;0;1;0.00333435
2026-08-21;PoissonMonteCarlo Model;ASML;9;6;0.00765498;0;0;1;0.00665498
2026-08-21;Regime HMM Model;NVDA;0;3;-0.00987102;0;0;1;0.00000000
2026-08-21;Regime HMM Model;AAPL;0;2;-0.00628376;0;0;1;0.00000000
2026-08-21;Regime HMM Model;MSFT;0;6;0.00433435;0;0;0;0.00000000
2026-08-21;Regime HMM Model;ASML;9;6;0.00765498;0;0;1;0.00665498
2026-08-21;Regime HMM Single Model;NVDA;9;3;-0.00987102;0;0;0;-0.01087102
2026-08-21;Regime HMM Single Model;AAPL;0;2;-0.00628376;0;0;1;0.00000000
2026-08-21;Regime HMM Single Model;MSFT;0;6;0.00433435;0;0;0;0.00000000
2026-08-21;Regime HMM Single Model;ASML;9;6;0.00765498;0;0;1;0.00665498
2026-08-21;Regime HMM ZeroMean Model;NVDA;0;3;-0.00987102;0;0;1;0.00000000
2026-08-21;Regime HMM ZeroMean Model;AAPL;0;2;-0.00628376;0;0;1;0.00000000
2026-08-21;Regime HMM ZeroMean Model;MSFT;0;6;0.00433435;0;0;0;0.00000000
2026-08-21;Regime HMM ZeroMean Model;ASML;0;6;0.00765498;0;0;0;0.00000000
2026-08-21;Transformer Model;NVDA;4;3;-0.00987102;0;1;1;0.00000000
2026-08-21;Transformer Model;AAPL;5;2;-0.00628376;0;0;0;-0.00728376
2026-08-21;Transformer Model;MSFT;3;6;0.00433435;0;0;0;0.00000000
2026-08-21;Transformer Model;ASML;2;6;0.00765498;0;0;0;0.00000000
2026-08-21;WeightedEnsemble Model;NVDA;2;3;-0.00987102;0;1;1;0.00000000
2026-08-21;WeightedEnsemble Model;AAPL;1;2;-0.00628376;0;1;1;0.00000000
2026-08-21;WeightedEnsemble Model;MSFT;1;6;0.00433435;0;0;0;0.00000000
2026-08-21;WeightedEnsemble Model;ASML;9;6;0.00765498;0;0;1;0.00665498
2026-08-21;XGBoost Model;NVDA;2;3;-0.00987102;0;1;1;0.00000000
2026-08-21;XGBoost Model;AAPL;1;2;-0.00628376;0;1;1;0.00000000
2026-08-21;XGBoost Model;MSFT;1;6;0.00433435;0;0;0;0.00000000
2026-08-21;XGBoost Model;ASML;3;6;0.00765498;0;0;0;0.00000000
2026-08-24;Autoencoder Model;NVDA;2;1;-0.02949174;0;1;1;0.00000000
2026-08-24;Autoencoder Model;AAPL;2;5;0.00319515;0;0;0;0.00000000
2026-08-24;Autoencoder Model;MSFT;8;7;0.00838705;0;1;1;0.00738705
2026-08-24;Autoencoder Model;ASML;0;2;-0.01348807;0;0;1;0.00000000
2026-08-24;CatBoost Model;NVDA;8;1;-0.02949174;0;0;0;-0.03049174
2026-08-24;CatBoost Model;AAPL;1;5;0.00319515;0;0;0;0.00000000
2026-08-24;CatBoost Model;MSFT;6;7;0.00838705;0;1;1;0.00738705
2026-08-24;CatBoost Model;ASML;1;2;-0.01348807;0;1;1;0.00000000
2026-08-24;GARCH Model;NVDA;4;1;-0.02949174;0;0;1;0.00000000
2026-08-24;GARCH Model;AAPL;1;5;0.00319515;0;0;0;0.00000000
2026-08-24;GARCH Model;MSFT;9;7;0.00838705;0;0;1;0.00738705
2026-08-24;GARCH Model;ASML;9;2;-0.01348807;0;0;0;-0.01448807
2026-08-24;GNN Model;NVDA;9;1;-0.02949174;0;0;0;-0.03049174
2026-08-24;GNN Model;AAPL;0;5;0.00319515;0;0;0;0.00000000
2026-08-24;GNN Model;MSFT;0;7;0.00838705;0;0;0;0.00000000
2026-08-24;GNN Model;ASML;9;2;-0.01348807;0;0;0;-0.01448807
2026-08-24;LaplaceMonteCarlo Model;NVDA;5;1;-0.02949174;0;0;0;-0.03049174
2026-08-24;LaplaceMonteCarlo Model;AAPL;4;5;0.00319515;0;1;0;0.00000000
2026-08-24;LaplaceMonteCarlo Model;MSFT;4;7;0.00838705;0;0;0;0.00000000
2026-08-24;LaplaceMonteCarlo Model;ASML;5;2;-0.01348807;0;0;0;-0.01448807
2026-08-24;LightGBM Model;NVDA;3;1;-0.02949174;0;0;1;0.00000000
2026-08-24;LightGBM Model;AAPL;5;5;0.00319515;1;1;1;0.00219515
2026-08-24;LightGBM Model;MSFT;2;7;0.00838705;0;0;0;0.00000000
2026-08-24;LightGBM Model;ASML;3;2;-0.01348807;0;1;1;0.00000000
2026-08-24;Markov Model;NVDA;1;1;-0.02949174;1;1;1;0.00000000
2026-08-24;Markov Model;AAPL;0;5;0.00319515;0;0;0;0.00000000
2026-08-24;Markov Model;MSFT;9;7;0.00838705;0;0;1;0.00738705
2026-08-24;Markov Model;ASML;9;2;-0.01348807;0;0;0;-0.01448807
2026-08-24;MarkovMonteCarlo Model;NVDA;1;1;-0.02949174;1;1;1;0.00000000
2026-08-24;MarkovMonteCarlo Model;AAPL;0;5;0.00319515;0;0;0;0.00000000
2026-08-24;MarkovMonteCarlo Model;MSFT;0;7;0.00838705;0;0;0;0.00000000
2026-08-24;MarkovMonteCarlo Model;ASML;9;2;-0.01348807;0;0;0;-0.01448807
2026-08-24;OrderStatistics Baseline;NVDA;0;1;-0.02949174;0;1;1;0.00000000
2026-08-24;OrderStatistics Baseline;AAPL;9;5;0.00319515;0;0;1;0.00219515
2026-08-24;OrderStatistics Baseline;MSFT;1;7;0.00838705;0;0;0;0.00000000
2026-08-24;OrderStatistics Baseline;ASML;8;2;-0.01348807;0;0;0;-0.01448807
2026-08-24;PoissonMonteCarlo Model;NVDA;2;1;-0.02949174;0;1;1;0.00000000
2026-08-24;PoissonMonteCarlo Model;AAPL;7;5;0.00319515;0;0;1;0.00219515
2026-08-24;PoissonMonteCarlo Model;MSFT;9;7;0.00838705;0;0;1;0.00738705
2026-08-24;PoissonMonteCarlo Model;ASML;9;2;-0.01348807;0;0;0;-0.01448807
2026-08-24;Regime HMM Model;NVDA;0;1;-0.02949174;0;1;1;0.00000000
2026-08-24;Regime HMM Model;AAPL;0;5;0.00319515;0;0;0;0.00000000
2026-08-24;Regime HMM Model;MSFT;0;7;0.00838705;0;0;0;0.00000000
2026-08-24;Regime HMM Model;ASML;9;2;-0.01348807;0;0;0;-0.01448807
2026-08-24;Regime HMM Single Model;NVDA;9;1;-0.02949174;0;0;0;-0.03049174
2026-08-24;Regime HMM Single Model;AAPL;0;5;0.00319515;0;0;0;0.00000000
2026-08-24;Regime HMM Single Model;MSFT;0;7;0.00838705;0;0;0;0.00000000
2026-08-24;Regime HMM Single Model;ASML;9;2;-0.01348807;0;0;0;-0.01448807
2026-08-24;Regime HMM ZeroMean Model;NVDA;0;1;-0.02949174;0;1;1;0.00000000
2026-08-24;Regime HMM ZeroMean Model;AAPL;0;5;0.00319515;0;0;0;0.00000000
2026-08-24;Regime HMM ZeroMean Model;MSFT;0;7;0.00838705;0;0;0;0.00000000
2026-08-24;Regime HMM ZeroMean Model;ASML;0;2;-0.01348807;0;0;1;0.00000000
2026-08-24;Transformer Model;NVDA;4;1;-0.02949174;0;0;1;0.00000000
2026-08-24;Transformer Model;AAPL;6;5;0.00319515;0;1;1;0.00219515
2026-08-24;Transformer Model;MSFT;3;7;0.00838705;0;0;0;0.00000000
2026-08-24;Transformer Model;ASML;2;2;-0.01348807;1;1;1;0.00000000
2026-08-24;WeightedEnsemble Model;NVDA;1;1;-0.02949174;1;1;1;0.00000000
2026-08-24;WeightedEnsemble Model;AAPL;0;5;0.00319515;0;0;0;0.00000000
2026-08-24;WeightedEnsemble Model;MSFT;9;7;0.00838705;0;0;1;0.00738705
2026-08-24;WeightedEnsemble Model;ASML;9;2;-0.01348807;0;0;0;-0.01448807
2026-08-24;XGBoost Model;NVDA;0;1;-0.02949174;0;1;1;0.00000000
2026-08-24;XGBoost Model;AAPL;5;5;0.00319515;1;1;1;0.00219515
2026-08-24;XGBoost Model;MSFT;9;7;0.00838705;0;0;1;0.00738705
2026-08-24;XGBoost Model;ASML;3;2;-0.01348807;0;1;1;0.00000000
2026-08-25;Autoencoder Model;NVDA;2;7;0.02168377;0;0;0;0.00000000
2026-08-25;Autoencoder Model;AAPL;2;4;-0.00141881;0;0;1;0.00000000
2026-08-25;Autoencoder Model;MSFT;8;7;0.00898864;0;1;1;0.00798864
2026-08-25;Autoencoder Model;ASML;1;5;0.00231324;0;0;0;0.00000000
2026-08-25;CatBoost Model;NVDA;5;7;0.02168377;0;0;1;0.02068377
2026-08-25;CatBoost Model;AAPL;7;4;-0.00141881;0;0;0;-0.00241881
2026-08-25;CatBoost Model;MSFT;6;7;0.00898864;0;1;1;0.00798864
2026-08-25;CatBoost Model;ASML;3;5;0.00231324;0;0;0;0.00000000
2026-08-25;GARCH Model;NVDA;4;7;0.02168377;0;0;0;0.00000000
2026-08-25;GARCH Model;AAPL;1;4;-0.00141881;0;0;1;0.00000000
2026-08-25;GARCH Model;MSFT;9;7;0.00898864;0;0;1;0.00798864
2026-08-25;GARCH Model;ASML;9;5;0.00231324;0;0;1;0.00131324
2026-08-25;GNN Model;NVDA;0;7;0.02168377;0;0;0;0.00000000
2026-08-25;GNN Model;AAPL;0;4;-0.00141881;0;0;1;0.00000000
2026-08-25;GNN Model;MSFT;0;7;0.00898864;0;0;0;0.00000000
2026-08-25;GNN Model;ASML;9;5;0.00231324;0;0;1;0.00131324
2026-08-25;LaplaceMonteCarlo Model;NVDA;4;7;0.02168377;0;0;0;0.00000000
2026-08-25;LaplaceMonteCarlo Model;AAPL;3;4;-0.00141881;0;1;1;0.00000000
2026-08-25;LaplaceMonteCarlo Model;MSFT;5;7;0.00898864;0;0;1;0.00798864
2026-08-25;LaplaceMonteCarlo Model;ASML;4;5;0.00231324;0;1;0;0.00000000
2026-08-25;LightGBM Model;NVDA;8;7;0.02168377;0;1;1;0.02068377
2026-08-25;LightGBM Model;AAPL;6;4;-0.00141881;0;0;0;-0.00241881
2026-08-25;LightGBM Model;MSFT;4;7;0.00898864;0;0;0;0.00000000
2026-08-25;LightGBM Model;ASML;7;5;0.00231324;0;0;1;0.00131324
2026-08-25;Markov Model;NVDA;9;7;0.02168377;0;0;1;0.02068377
2026-08-25;Markov Model;AAPL;0;4;-0.00141881;0;0;1;0.00000000
2026-08-25;Markov Model;MSFT;6;7;0.00898864;0;1;1;0.00798864
2026-08-25;Markov Model;ASML;6;5;0.00231324;0;1;1;0.00131324
2026-08-25;MarkovMonteCarlo Model;NVDA;0;7;0.02168377;0;0;0;0.00000000
2026-08-25;MarkovMonteCarlo Model;AAPL;0;4;-0.00141881;0;0;1;0.00000000
2026-08-25;MarkovMonteCarlo Model;MSFT;0;7;0.00898864;0;0;0;0.00000000
2026-08-25;MarkovMonteCarlo Model;ASML;0;5;0.00231324;0;0;0;0.00000000
2026-08-25;OrderStatistics Baseline;NVDA;0;7;0.02168377;0;0;0;0.00000000
2026-08-25;OrderStatistics Baseline;AAPL;9;4;-0.00141881;0;0;0;-0.00241881
2026-08-25;OrderStatistics Baseline;MSFT;1;7;0.00898864;0;0;0;0.00000000
2026-08-25;OrderStatistics Baseline;ASML;8;5;0.00231324;0;0;1;0.00131324
2026-08-25;PoissonMonteCarlo Model;NVDA;4;7;0.02168377;0;0;0;0.00000000
2026-08-25;PoissonMonteCarlo Model;AAPL;9;4;-0.00141881;0;0;0;-0.00241881
2026-08-25;PoissonMonteCarlo Model;MSFT;9;7;0.00898864;0;0;1;0.00798864
2026-08-25;PoissonMonteCarlo Model;ASML;9;5;0.00231324;0;0;1;0.00131324
2026-08-25;Regime HMM Model;NVDA;9;7;0.02168377;0;0;1;0.02068377
2026-08-25;Regime HMM Model;AAPL;0;4;-0.00141881;0;0;1;0.00000000
2026-08-25;Regime HMM Model;MSFT;0;7;0.00898864;0;0;0;0.00000000
2026-08-25;Regime HMM Model;ASML;9;5;0.00231324;0;0;1;0.00131324
2026-08-25;Regime HMM Single Model;NVDA;9;7;0.02168377;0;0;1;0.02068377
2026-08-25;Regime HMM Single Model;AAPL;0;4;-0.00141881;0;0;1;0.00000000
2026-08-25;Regime HMM Single Model;MSFT;0;7;0.00898864;0;0;0;0.00000000
2026-08-25;Regime HMM Single Model;ASML;9;5;0.00231324;0;0;1;0.00131324
2026-08-25;Regime HMM ZeroMean Model;NVDA;0;7;0.02168377;0;0;0;0.00000000
2026-08-25;Regime HMM ZeroMean Model;AAPL;0;4;-0.00141881;0;0;1;0.00000000
2026-08-25;Regime HMM ZeroMean Model;MSFT;0;7;0.00898864;0;0;0;0.00000000
2026-08-25;Regime HMM ZeroMean Model;ASML;0;5;0.00231324;0;0;0;0.00000000
2026-08-25;Transformer Model;NVDA;1;7;0.02168377;0;0;0;0.00000000
2026-08-25;Transformer Model;AAPL;5;4;-0.00141881;0;1;0;-0.00241881
2026-08-25;Transformer Model;MSFT;6;7;0.00898864;0;1;1;0.00798864
2026-08-25;Transformer Model;ASML;7;5;0.00231324;0;0;1;0.00131324
2026-08-25;WeightedEnsemble Model;NVDA;4;7;0.02168377;0;0;0;0.00000000
2026-08-25;WeightedEnsemble Model;AAPL;0;4;-0.00141881;0;0;1;0.00000000
2026-08-25;WeightedEnsemble Model;MSFT;4;7;0.00898864;0;0;0;0.00000000
2026-08-25;WeightedEnsemble Model;ASML;7;5;0.00231324;0;0;1;0.00131324
2026-08-25;XGBoost Model;NVDA;2;7;0.02168377;0;0;0;0.00000000
2026-08-25;XGBoost Model;AAPL;6;4;-0.00141881;0;0;0;-0.00241881
2026-08-25;XGBoost Model;MSFT;4;7;0.00898864;0;0;0;0.00000000
2026-08-25;XGBoost Model;ASML;7;5;0.00231324;0;0;1;0.00131324
2026-08-26;Autoencoder Model;NVDA;8;2;-0.01603971;0;0;0;-0.01703971
2026-08-26;Autoencoder Model;AAPL;1;7;0.01139019;0;0;0;0.00000000
2026-08-26;Autoencoder Model;MSFT;1;7;0.00943250;0;0;0;0.00000000
2026-08-26;Autoencoder Model;ASML;0;4;0.00084819;0;0;0;0.00000000
2026-08-26;CatBoost Model;NVDA;1;2;-0.01603971;0;1;1;0.00000000
2026-08-26;CatBoost Model;AAPL;6;7;0.01139019;0;1;1;0.01039019
2026-08-26;CatBoost Model;MSFT;4;7;0.00943250;0;0;0;0.00000000
2026-08-26;CatBoost Model;ASML;8;4;0.00084819;0;0;1;-0.00015181
2026-08-26;GARCH Model;NVDA;4;2;-0.01603971;0;0;1;0.00000000
2026-08-26;GARCH Model;AAPL;1;7;0.01139019;0;0;0;0.00000000
2026-08-26;GARCH Model;MSFT;9;7;0.00943250;0;0;1;0.00843250
2026-08-26;GARCH Model;ASML;9;4;0.00084819;0;0;1;-0.00015181
2026-08-26;GNN Model;NVDA;0;2;-0.01603971;0;0;1;0.00000000
2026-08-26;GNN Model;AAPL;0;7;0.01139019;0;0;0;0.00000000
2026-08-26;GNN Model;MSFT;0;7;0.00943250;0;0;0;0.00000000
2026-08-26;GNN Model;ASML;9;4;0.00084819;0;0;1;-0.00015181
2026-08-26;LaplaceMonteCarlo Model;NVDA;3;2;-0.01603971;0;1;1;0.00000000
2026-08-26;LaplaceMonteCarlo Model;AAPL;4;7;0.01139019;0;0;0;0.00000000
2026-08-26;LaplaceMonteCarlo Model;MSFT;5;7;0.00943250;0;0;1;0.00843250
2026-08-26;LaplaceMonteCarlo Model;ASML;4;4;0.00084819;1;1;0;0.00000000
2026-08-26;LightGBM Model;NVDA;0;2;-0.01603971;0;0;1;0.00000000
2026-08-26;LightGBM Model;AAPL;6;7;0.01139019;0;1;1;0.01039019
2026-08-26;LightGBM Model;MSFT;4;7;0.00943250;0;0;0;0.00000000
2026-08-26;LightGBM Model;ASML;9;4;0.00084819;0;0;1;-0.00015181
2026-08-26;Markov Model;NVDA;0;2;-0.01603971;0;0;1;0.00000000
2026-08-26;Markov Model;AAPL;0;7;0.01139019;0;0;0;0.00000000
2026-08-26;Markov Model;MSFT;6;7;0.00943250;0;1;1;0.00843250
2026-08-26;Markov Model;ASML;9;4;0.00084819;0;0;1;-0.00015181
2026-08-26;MarkovMonteCarlo Model;NVDA;0;2;-0.01603971;0;0;1;0.00000000
2026-08-26;MarkovMonteCarlo Model;AAPL;0;7;0.01139019;0;0;0;0.00000000
2026-08-26;MarkovMonteCarlo Model;MSFT;9;7;0.00943250;0;0;1;0.00843250
2026-08-26;MarkovMonteCarlo Model;ASML;9;4;0.00084819;0;0;1;-0.00015181
2026-08-26;OrderStatistics Baseline;NVDA;0;2;-0.01603971;0;0;1;0.00000000
2026-08-26;OrderStatistics Baseline;AAPL;9;7;0.01139019;0;0;1;0.01039019
2026-08-26;OrderStatistics Baseline;MSFT;1;7;0.00943250;0;0;0;0.00000000
2026-08-26;OrderStatistics Baseline;ASML;8;4;0.00084819;0;0;1;-0.00015181
2026-08-26;PoissonMonteCarlo Model;NVDA;4;2;-0.01603971;0;0;1;0.00000000
2026-08-26;PoissonMonteCarlo Model;AAPL;1;7;0.01139019;0;0;0;0.00000000
2026-08-26;PoissonMonteCarlo Model;MSFT;9;7;0.00943250;0;0;1;0.00843250
2026-08-26;PoissonMonteCarlo Model;ASML;9;4;0.00084819;0;0;1;-0.00015181
2026-08-26;Regime HMM Model;NVDA;9;2;-0.01603971;0;0;0;-0.01703971
2026-08-26;Regime HMM Model;AAPL;0;7;0.01139019;0;0;0;0.00000000
2026-08-26;Regime HMM Model;MSFT;0;7;0.00943250;0;0;0;0.00000000
2026-08-26;Regime HMM Model;ASML;9;4;0.00084819;0;0;1;-0.00015181
2026-08-26;Regime HMM Single Model;NVDA;9;2;-0.01603971;0;0;0;-0.01703971
2026-08-26;Regime HMM Single Model;AAPL;0;7;0.01139019;0;0;0;0.00000000
2026-08-26;Regime HMM Single Model;MSFT;0;7;0.00943250;0;0;0;0.00000000
2026-08-26;Regime HMM Single Model;ASML;9;4;0.00084819;0;0;1;-0.00015181
2026-08-26;Regime HMM ZeroMean Model;NVDA;0;2;-0.01603971;0;0;1;0.00000000
2026-08-26;Regime HMM ZeroMean Model;AAPL;0;7;0.01139019;0;0;0;0.00000000
2026-08-26;Regime HMM ZeroMean Model;MSFT;0;7;0.00943250;0;0;0;0.00000000
2026-08-26;Regime HMM ZeroMean Model;ASML;0;4;0.00084819;0;0;0;0.00000000
2026-08-26;Transformer Model;NVDA;4;2;-0.01603971;0;0;1;0.00000000
2026-08-26;Transformer Model;AAPL;6;7;0.01139019;0;1;1;0.01039019
2026-08-26;Transformer Model;MSFT;4;7;0.00943250;0;0;0;0.00000000
2026-08-26;Transformer Model;ASML;7;4;0.00084819;0;0;1;-0.00015181
2026-08-26;WeightedEnsemble Model;NVDA;0;2;-0.01603971;0;0;1;0.00000000
2026-08-26;WeightedEnsemble Model;AAPL;6;7;0.01139019;0;1;1;0.01039019
2026-08-26;WeightedEnsemble Model;MSFT;4;7;0.00943250;0;0;0;0.00000000
2026-08-26;WeightedEnsemble Model;ASML;9;4;0.00084819;0;0;1;-0.00015181
2026-08-26;XGBoost Model;NVDA;0;2;-0.01603971;0;0;1;0.00000000
2026-08-26;XGBoost Model;AAPL;6;7;0.01139019;0;1;1;0.01039019
2026-08-26;XGBoost Model;MSFT;0;7;0.00943250;0;0;0;0.00000000
2026-08-26;XGBoost Model;ASML;7;4;0.00084819;0;0;1;-0.00015181
2026-08-27;Autoencoder Model;NVDA;0;9;0.08377073;0;0;0;0.00000000
2026-08-27;Autoencoder Model;AAPL;9;5;0.00359856;0;0;1;0.00259856
2026-08-27;Autoencoder Model;MSFT;0;8;0.01735562;0;0;0;0.00000000
2026-08-27;Autoencoder Model;ASML;9;3;-0.00610807;0;0;0;-0.00710807
2026-08-27;CatBoost Model;NVDA;5;9;0.08377073;0;0;1;0.08277073
2026-08-27;CatBoost Model;AAPL;9;5;0.00359856;0;0;1;0.00259856
2026-08-27;CatBoost Model;MSFT;6;8;0.01735562;0;0;1;0.01635562
2026-08-27;CatBoost Model;ASML;7;3;-0.00610807;0;0;0;-0.00710807
2026-08-27;GARCH Model;NVDA;4;9;0.08377073;0;0;0;0.00000000
2026-08-27;GARCH Model;AAPL;1;5;0.00359856;0;0;0;0.00000000
2026-08-27;GARCH Model;MSFT;9;8;0.01735562;0;1;1;0.01635562
2026-08-27;GARCH Model;ASML;9;3;-0.00610807;0;0;0;-0.00710807
2026-08-27;GNN Model;NVDA;9;9;0.08377073;1;1;1;0.08277073
2026-08-27;GNN Model;AAPL;9;5;0.00359856;0;0;1;0.00259856
2026-08-27;GNN Model;MSFT;0;8;0.01735562;0;0;0;0.00000000
2026-08-27;GNN Model;ASML;9;3;-0.00610807;0;0;0;-0.00710807
2026-08-27;LaplaceMonteCarlo Model;NVDA;4;9;0.08377073;0;0;0;0.00000000
2026-08-27;LaplaceMonteCarlo Model;AAPL;3;5;0.00359856;0;0;0;0.00000000
2026-08-27;LaplaceMonteCarlo Model;MSFT;4;8;0.01735562;0;0;0;0.00000000
2026-08-27;LaplaceMonteCarlo Model;ASML;0;3;-0.00610807;0;0;1;0.00000000
2026-08-27;LightGBM Model;NVDA;4;9;0.08377073;0;0;0;0.00000000
2026-08-27;LightGBM Model;AAPL;6;5;0.00359856;0;1;1;0.00259856
2026-08-27;LightGBM Model;MSFT;6;8;0.01735562;0;0;1;0.01635562
2026-08-27;LightGBM Model;ASML;7;3;-0.00610807;0;0;0;-0.00710807
2026-08-27;Markov Model;NVDA;4;9;0.08377073;0;0;0;0.00000000
2026-08-27;Markov Model;AAPL;8;5;0.00359856;0;0;1;0.00259856
2026-08-27;Markov Model;MSFT;1;8;0.01735562;0;0;0;0.00000000
2026-08-27;Markov Model;ASML;9;3;-0.00610807;0;0;0;-0.00710807
2026-08-27;MarkovMonteCarlo Model;NVDA;9;9;0.08377073;1;1;1;0.08277073
2026-08-27;MarkovMonteCarlo Model;AAPL;0;5;0.00359856;0;0;0;0.00000000
2026-08-27;MarkovMonteCarlo Model;MSFT;0;8;0.01735562;0;0;0;0.00000000
2026-08-27;MarkovMonteCarlo Model;ASML;9;3;-0.00610807;0;0;0;-0.00710807
2026-08-27;OrderStatistics Baseline;NVDA;0;9;0.08377073;0;0;0;0.00000000
2026-08-27;OrderStatistics Baseline;AAPL;9;5;0.00359856;0;0;1;0.00259856
2026-08-27;OrderStatistics Baseline;MSFT;1;8;0.01735562;0;0;0;0.00000000
2026-08-27;OrderStatistics Baseline;ASML;8;3;-0.00610807;0;0;0;-0.00710807
2026-08-27;PoissonMonteCarlo Model;NVDA;4;9;0.08377073;0;0;0;0.00000000
2026-08-27;PoissonMonteCarlo Model;AAPL;1;5;0.00359856;0;0;0;0.00000000
2026-08-27;PoissonMonteCarlo Model;MSFT;9;8;0.01735562;0;1;1;0.01635562
2026-08-27;PoissonMonteCarlo Model;ASML;9;3;-0.00610807;0;0;0;-0.00710807
2026-08-27;Regime HMM Model;NVDA;8;9;0.08377073;0;1;1;0.08277073
2026-08-27;Regime HMM Model;AAPL;1;5;0.00359856;0;0;0;0.00000000
2026-08-27;Regime HMM Model;MSFT;1;8;0.01735562;0;0;0;0.00000000
2026-08-27;Regime HMM Model;ASML;1;3;-0.00610807;0;0;1;0.00000000
2026-08-27;Regime HMM Single Model;NVDA;9;9;0.08377073;1;1;1;0.08277073
2026-08-27;Regime HMM Single Model;AAPL;0;5;0.00359856;0;0;0;0.00000000
2026-08-27;Regime HMM Single Model;MSFT;0;8;0.01735562;0;0;0;0.00000000
2026-08-27;Regime HMM Single Model;ASML;9;3;-0.00610807;0;0;0;-0.00710807
2026-08-27;Regime HMM ZeroMean Model;NVDA;0;9;0.08377073;0;0;0;0.00000000
2026-08-27;Regime HMM ZeroMean Model;AAPL;0;5;0.00359856;0;0;0;0.00000000
2026-08-27;Regime HMM ZeroMean Model;MSFT;0;8;0.01735562;0;0;0;0.00000000
2026-08-27;Regime HMM ZeroMean Model;ASML;0;3;-0.00610807;0;0;1;0.00000000
2026-08-27;Transformer Model;NVDA;1;9;0.08377073;0;0;0;0.00000000
2026-08-27;Transformer Model;AAPL;2;5;0.00359856;0;0;0;0.00000000
2026-08-27;Transformer Model;MSFT;1;8;0.01735562;0;0;0;0.00000000
2026-08-27;Transformer Model;ASML;7;3;-0.00610807;0;0;0;-0.00710807
2026-08-27;WeightedEnsemble Model;NVDA;4;9;0.08377073;0;0;0;0.00000000
2026-08-27;WeightedEnsemble Model;AAPL;6;5;0.00359856;0;1;1;0.00259856
2026-08-27;WeightedEnsemble Model;MSFT;6;8;0.01735562;0;0;1;0.01635562
2026-08-27;WeightedEnsemble Model;ASML;7;3;-0.00610807;0;0;0;-0.00710807
2026-08-27;XGBoost Model;NVDA;5;9;0.08377073;0;0;1;0.08277073
2026-08-27;XGBoost Model;AAPL;6;5;0.00359856;0;1;1;0.00259856
2026-08-27;XGBoost Model;MSFT;6;8;0.01735562;0;0;1;0.01635562
2026-08-27;XGBoost Model;ASML;7;3;-0.00610807;0;0;0;-0.00710807
2026-08-28;Autoencoder Model;NVDA;8;0;-0.04682920;0;0;0;-0.04782920
2026-08-28;Autoencoder Model;AAPL;1;8;0.01614464;0;0;0;0.00000000
2026-08-28;Autoencoder Model;MSFT;1;8;0.01663122;0;0;0;0.00000000
2026-08-28;Autoencoder Model;ASML;0;1;-0.02264630;0;1;1;0.00000000
2026-08-28;CatBoost Model;NVDA;5;0;-0.04682920;0;0;0;-0.04782920
2026-08-28;CatBoost Model;AAPL;6;8;0.01614464;0;0;1;0.01514464
2026-08-28;CatBoost Model;MSFT;5;8;0.01663122;0;0;1;0.01563122
2026-08-28;CatBoost Model;ASML;1;1;-0.02264630;1;1;1;0.00000000
2026-08-28;GARCH Model;NVDA;4;0;-0.04682920;0;0;1;0.00000000
2026-08-28;GARCH Model;AAPL;1;8;0.01614464;0;0;0;0.00000000
2026-08-28;GARCH Model;MSFT;9;8;0.01663122;0;1;1;0.01563122
2026-08-28;GARCH Model;ASML;2;1;-0.02264630;0;1;1;0.00000000
2026-08-28;GNN Model;NVDA;9;0;-0.04682920;0;0;0;-0.04782920
2026-08-28;GNN Model;AAPL;9;8;0.01614464;0;1;1;0.01514464
2026-08-28;GNN Model;MSFT;0;8;0.01663122;0;0;0;0.00000000
2026-08-28;GNN Model;ASML;9;1;-0.02264630;0;0;0;-0.02364630
2026-08-28;LaplaceMonteCarlo Model;NVDA;3;0;-0.04682920;0;0;1;0.00000000
2026-08-28;LaplaceMonteCarlo Model;AAPL;5;8;0.01614464;0;0;1;0.01514464
2026-08-28;LaplaceMonteCarlo Model;MSFT;3;8;0.01663122;0;0;0;0.00000000
2026-08-28;LaplaceMonteCarlo Model;ASML;5;1;-0.02264630;0;0;0;-0.02364630
2026-08-28;LightGBM Model;NVDA;5;0;-0.04682920;0;0;0;-0.04782920
2026-08-28;LightGBM Model;AAPL;6;8;0.01614464;0;0;1;0.01514464
2026-08-28;LightGBM Model;MSFT;8;8;0.01663122;1;1;1;0.01563122
2026-08-28;LightGBM Model;ASML;1;1;-0.02264630;1;1;1;0.00000000
2026-08-28;Markov Model;NVDA;1;0;-0.04682920;0;1;1;0.00000000
2026-08-28;Markov Model;AAPL;0;8;0.01614464;0;0;0;0.00000000
2026-08-28;Markov Model;MSFT;1;8;0.01663122;0;0;0;0.00000000
2026-08-28;Markov Model;ASML;9;1;-0.02264630;0;0;0;-0.02364630
2026-08-28;MarkovMonteCarlo Model;NVDA;1;0;-0.04682920;0;1;1;0.00000000
2026-08-28;MarkovMonteCarlo Model;AAPL;9;8;0.01614464;0;1;1;0.01514464
2026-08-28;MarkovMonteCarlo Model;MSFT;0;8;0.01663122;0;0;0;0.00000000
2026-08-28;MarkovMonteCarlo Model;ASML;9;1;-0.02264630;0;0;0;-0.02364630
2026-08-28;OrderStatistics Baseline;NVDA;0;0;-0.04682920;1;1;1;0.00000000
2026-08-28;OrderStatistics Baseline;AAPL;9;8;0.01614464;0;1;1;0.01514464
2026-08-28;OrderStatistics Baseline;MSFT;1;8;0.01663122;0;0;0;0.00000000
2026-08-28;OrderStatistics Baseline;ASML;8;1;-0.02264630;0;0;0;-0.02364630
2026-08-28;PoissonMonteCarlo Model;NVDA;2;0;-0.04682920;0;0;1;0.00000000
2026-08-28;PoissonMonteCarlo Model;AAPL;7;8;0.01614464;0;1;1;0.01514464
2026-08-28;PoissonMonteCarlo Model;MSFT;9;8;0.01663122;0;1;1;0.01563122
2026-08-28;PoissonMonteCarlo Model;ASML;9;1;-0.02264630;0;0;0;-0.02364630
2026-08-28;Regime HMM Model;NVDA;0;0;-0.04682920;1;1;1;0.00000000
2026-08-28;Regime HMM Model;AAPL;0;8;0.01614464;0;0;0;0.00000000
2026-08-28;Regime HMM Model;MSFT;0;8;0.01663122;0;0;0;0.00000000
2026-08-28;Regime HMM Model;ASML;9;1;-0.02264630;0;0;0;-0.02364630
2026-08-28;Regime HMM Single Model;NVDA;9;0;-0.04682920;0;0;0;-0.04782920
2026-08-28;Regime HMM Single Model;AAPL;0;8;0.01614464;0;0;0;0.00000000
2026-08-28;Regime HMM Single Model;MSFT;0;8;0.01663122;0;0;0;0.00000000
2026-08-28;Regime HMM Single Model;ASML;9;1;-0.02264630;0;0;0;-0.02364630
2026-08-28;Regime HMM ZeroMean Model;NVDA;0;0;-0.04682920;1;1;1;0.00000000
2026-08-28;Regime HMM ZeroMean Model;AAPL;0;8;0.01614464;0;0;0;0.00000000
2026-08-28;Regime HMM ZeroMean Model;MSFT;0;8;0.01663122;0;0;0;0.00000000
2026-08-28;Regime HMM ZeroMean Model;ASML;0;1;-0.02264630;0;1;1;0.00000000
2026-08-28;Transformer Model;NVDA;1;0;-0.04682920;0;1;1;0.00000000
2026-08-28;Transformer Model;AAPL;2;8;0.01614464;0;0;0;0.00000000
2026-08-28;Transformer Model;MSFT;1;8;0.01663122;0;0;0;0.00000000
2026-08-28;Transformer Model;ASML;1;1;-0.02264630;1;1;1;0.00000000
2026-08-28;WeightedEnsemble Model;NVDA;1;0;-0.04682920;0;1;1;0.00000000
2026-08-28;WeightedEnsemble Model;AAPL;6;8;0.01614464;0;0;1;0.01514464
2026-08-28;WeightedEnsemble Model;MSFT;1;8;0.01663122;0;0;0;0.00000000
2026-08-28;WeightedEnsemble Model;ASML;9;1;-0.02264630;0;0;0;-0.02364630
2026-08-28;XGBoost Model;NVDA;1;0;-0.04682920;0;1;1;0.00000000
2026-08-28;XGBoost Model;AAPL;6;8;0.01614464;0;0;1;0.01514464
2026-08-28;XGBoost Model;MSFT;1;8;0.01663122;0;0;0;0.00000000
2026-08-28;XGBoost Model;ASML;6;1;-0.02264630;0;0;0;-0.02364630
2026-08-31;Autoencoder Model;NVDA;2;6;0.01473802;0;0;0;0.00000000
2026-08-31;Autoencoder Model;AAPL;1;2;-0.00895458;0;1;1;0.00000000
2026-08-31;Autoencoder Model;MSFT;1;1;-0.01222562;1;1;1;0.00000000
2026-08-31;Autoencoder Model;ASML;0;4;-0.00008844;0;0;1;0.00000000
2026-08-31;CatBoost Model;NVDA;2;6;0.01473802;0;0;0;0.00000000
2026-08-31;CatBoost Model;AAPL;6;2;-0.00895458;0;0;0;-0.00995458
2026-08-31;CatBoost Model;MSFT;5;1;-0.01222562;0;0;0;-0.01322562
2026-08-31;CatBoost Model;ASML;1;4;-0.00008844;0;0;1;0.00000000
2026-08-31;GARCH Model;NVDA;9;6;0.01473802;0;0;1;0.01373802
2026-08-31;GARCH Model;AAPL;7;2;-0.00895458;0;0;0;-0.00995458
2026-08-31;GARCH Model;MSFT;9;1;-0.01222562;0;0;0;-0.01322562
2026-08-31;GARCH Model;ASML;2;4;-0.00008844;0;0;1;0.00000000
2026-08-31;GNN Model;NVDA;9;6;0.01473802;0;0;1;0.01373802
2026-08-31;GNN Model;AAPL;9;2;-0.00895458;0;0;0;-0.00995458
2026-08-31;GNN Model;MSFT;0;1;-0.01222562;0;1;1;0.00000000
2026-08-31;GNN Model;ASML;9;4;-0.00008844;0;0;0;-0.00108844
2026-08-31;LaplaceMonteCarlo Model;NVDA;4;6;0.01473802;0;0;0;0.00000000
2026-08-31;LaplaceMonteCarlo Model;AAPL;6;2;-0.00895458;0;0;0;-0.00995458
2026-08-31;LaplaceMonteCarlo Model;MSFT;4;1;-0.01222562;0;0;1;0.00000000
2026-08-31;LaplaceMonteCarlo Model;ASML;0;4;-0.00008844;0;0;1;0.00000000
2026-08-31;LightGBM Model;NVDA;1;6;0.01473802;0;0;0;0.00000000
2026-08-31;LightGBM Model;AAPL;0;2;-0.00895458;0;0;1;0.00000000
2026-08-31;LightGBM Model;MSFT;5;1;-0.01222562;0;0;0;-0.01322562
2026-08-31;LightGBM Model;ASML;0;4;-0.00008844;0;0;1;0.00000000
2026-08-31;Markov Model;NVDA;9;6;0.01473802;0;0;1;0.01373802
2026-08-31;Markov Model;AAPL;1;2;-0.00895458;0;1;1;0.00000000
2026-08-31;Markov Model;MSFT;1;1;-0.01222562;1;1;1;0.00000000
2026-08-31;Markov Model;ASML;9;4;-0.00008844;0;0;0;-0.00108844
2026-08-31;MarkovMonteCarlo Model;NVDA;0;6;0.01473802;0;0;0;0.00000000
2026-08-31;MarkovMonteCarlo Model;AAPL;0;2;-0.00895458;0;0;1;0.00000000
2026-08-31;MarkovMonteCarlo Model;MSFT;0;1;-0.01222562;0;1;1;0.00000000
2026-08-31;MarkovMonteCarlo Model;ASML;9;4;-0.00008844;0;0;0;-0.00108844
2026-08-31;OrderStatistics Baseline;NVDA;0;6;0.01473802;0;0;0;0.00000000
2026-08-31;OrderStatistics Baseline;AAPL;9;2;-0.00895458;0;0;0;-0.00995458
2026-08-31;OrderStatistics Baseline;MSFT;1;1;-0.01222562;1;1;1;0.00000000
2026-08-31;OrderStatistics Baseline;ASML;8;4;-0.00008844;0;0;0;-0.00108844
2026-08-31;PoissonMonteCarlo Model;NVDA;2;6;0.01473802;0;0;0;0.00000000
2026-08-31;PoissonMonteCarlo Model;AAPL;7;2;-0.00895458;0;0;0;-0.00995458
2026-08-31;PoissonMonteCarlo Model;MSFT;9;1;-0.01222562;0;0;0;-0.01322562
2026-08-31;PoissonMonteCarlo Model;ASML;9;4;-0.00008844;0;0;0;-0.00108844
2026-08-31;Regime HMM Model;NVDA;0;6;0.01473802;0;0;0;0.00000000
2026-08-31;Regime HMM Model;AAPL;9;2;-0.00895458;0;0;0;-0.00995458
2026-08-31;Regime HMM Model;MSFT;0;1;-0.01222562;0;1;1;0.00000000
2026-08-31;Regime HMM Model;ASML;9;4;-0.00008844;0;0;0;-0.00108844
2026-08-31;Regime HMM Single Model;NVDA;9;6;0.01473802;0;0;1;0.01373802
2026-08-31;Regime HMM Single Model;AAPL;9;2;-0.00895458;0;0;0;-0.00995458
2026-08-31;Regime HMM Single Model;MSFT;9;1;-0.01222562;0;0;0;-0.01322562
2026-08-31;Regime HMM Single Model;ASML;9;4;-0.00008844;0;0;0;-0.00108844
2026-08-31;Regime HMM ZeroMean Model;NVDA;0;6;0.01473802;0;0;0;0.00000000
2026-08-31;Regime HMM ZeroMean Model;AAPL;0;2;-0.00895458;0;0;1;0.00000000
2026-08-31;Regime HMM ZeroMean Model;MSFT;0;1;-0.01222562;0;1;1;0.00000000
2026-08-31;Regime HMM ZeroMean Model;ASML;0;4;-0.00008844;0;0;1;0.00000000
2026-08-31;Transformer Model;NVDA;2;6;0.01473802;0;0;0;0.00000000
2026-08-31;Transformer Model;AAPL;0;2;-0.00895458;0;0;1;0.00000000
2026-08-31;Transformer Model;MSFT;6;1;-0.01222562;0;0;0;-0.01322562
2026-08-31;Transformer Model;ASML;2;4;-0.00008844;0;0;1;0.00000000
2026-08-31;WeightedEnsemble Model;NVDA;2;6;0.01473802;0;0;0;0.00000000
2026-08-31;WeightedEnsemble Model;AAPL;0;2;-0.00895458;0;0;1;0.00000000
2026-08-31;WeightedEnsemble Model;MSFT;5;1;-0.01222562;0;0;0;-0.01322562
2026-08-31;WeightedEnsemble Model;ASML;0;4;-0.00008844;0;0;1;0.00000000
2026-08-31;XGBoost Model;NVDA;4;6;0.01473802;0;0;0;0.00000000
2026-08-31;XGBoost Model;AAPL;5;2;-0.00895458;0;0;0;-0.00995458
2026-08-31;XGBoost Model;MSFT;5;1;-0.01222562;0;0;0;-0.01322562
2026-08-31;XGBoost Model;ASML;0;4;-0.00008844;0;0;1;0.00000000
2026-09-01;Autoencoder Model;NVDA;2;2;-0.01524378;1;1;1;0.00000000
2026-09-01;Autoencoder Model;AAPL;2;9;0.02579663;0;0;0;0.00000000
2026-09-01;Autoencoder Model;MSFT;8;1;-0.01243681;0;0;0;-0.01343681
2026-09-01;Autoencoder Model;ASML;8;1;-0.01836923;0;0;0;-0.01936923
2026-09-01;CatBoost Model;NVDA;6;2;-0.01524378;0;0;0;-0.01624378
2026-09-01;CatBoost Model;AAPL;1;9;0.02579663;0;0;0;0.00000000
2026-09-01;CatBoost Model;MSFT;2;1;-0.01243681;0;1;1;0.00000000
2026-09-01;CatBoost Model;ASML;2;1;-0.01836923;0;1;1;0.00000000
2026-09-01;GARCH Model;NVDA;9;2;-0.01524378;0;0;0;-0.01624378
2026-09-01;GARCH Model;AAPL;7;9;0.02579663;0;0;1;0.02479663
2026-09-01;GARCH Model;MSFT;1;1;-0.01243681;1;1;1;0.00000000
2026-09-01;GARCH Model;ASML;2;1;-0.01836923;0;1;1;0.00000000
2026-09-01;GNN Model;NVDA;9;2;-0.01524378;0;0;0;-0.01624378
2026-09-01;GNN Model;AAPL;0;9;0.02579663;0;0;0;0.00000000
2026-09-01;GNN Model;MSFT;0;1;-0.01243681;0;1;1;0.00000000
2026-09-01;GNN Model;ASML;9;1;-0.01836923;0;0;0;-0.01936923
2026-09-01;LaplaceMonteCarlo Model;NVDA;3;2;-0.01524378;0;1;1;0.00000000
2026-09-01;LaplaceMonteCarlo Model;AAPL;4;9;0.02579663;0;0;0;0.00000000
2026-09-01;LaplaceMonteCarlo Model;MSFT;4;1;-0.01243681;0;0;1;0.00000000
2026-09-01;LaplaceMonteCarlo Model;ASML;4;1;-0.01836923;0;0;1;0.00000000
2026-09-01;LightGBM Model;NVDA;6;2;-0.01524378;0;0;0;-0.01624378
2026-09-01;LightGBM Model;AAPL;6;9;0.02579663;0;0;1;0.02479663
2026-09-01;LightGBM Model;MSFT;2;1;-0.01243681;0;1;1;0.00000000
2026-09-01;LightGBM Model;ASML;4;1;-0.01836923;0;0;1;0.00000000
2026-09-01;Markov Model;NVDA;9;2;-0.01524378;0;0;0;-0.01624378
2026-09-01;Markov Model;AAPL;5;9;0.02579663;0;0;1;0.02479663
2026-09-01;Markov Model;MSFT;1;1;-0.01243681;1;1;1;0.00000000
2026-09-01;Markov Model;ASML;8;1;-0.01836923;0;0;0;-0.01936923
2026-09-01;MarkovMonteCarlo Model;NVDA;9;2;-0.01524378;0;0;0;-0.01624378
2026-09-01;MarkovMonteCarlo Model;AAPL;0;9;0.02579663;0;0;0;0.00000000
2026-09-01;MarkovMonteCarlo Model;MSFT;0;1;-0.01243681;0;1;1;0.00000000
2026-09-01;MarkovMonteCarlo Model;ASML;9;1;-0.01836923;0;0;0;-0.01936923
2026-09-01;OrderStatistics Baseline;NVDA;0;2;-0.01524378;0;0;1;0.00000000
2026-09-01;OrderStatistics Baseline;AAPL;9;9;0.02579663;1;1;1;0.02479663
2026-09-01;OrderStatistics Baseline;MSFT;1;1;-0.01243681;1;1;1;0.00000000
2026-09-01;OrderStatistics Baseline;ASML;8;1;-0.01836923;0;0;0;-0.01936923
2026-09-01;PoissonMonteCarlo Model;NVDA;7;2;-0.01524378;0;0;0;-0.01624378
2026-09-01;PoissonMonteCarlo Model;AAPL;1;9;0.02579663;0;0;0;0.00000000
2026-09-01;PoissonMonteCarlo Model;MSFT;9;1;-0.01243681;0;0;0;-0.01343681
2026-09-01;PoissonMonteCarlo Model;ASML;9;1;-0.01836923;0;0;0;-0.01936923
2026-09-01;Regime HMM Model;NVDA;8;2;-0.01524378;0;0;0;-0.01624378
2026-09-01;Regime HMM Model;AAPL;1;9;0.02579663;0;0;0;0.00000000
2026-09-01;Regime HMM Model;MSFT;1;1;-0.01243681;1;1;1;0.00000000
2026-09-01;Regime HMM Model;ASML;2;1;-0.01836923;0;1;1;0.00000000
2026-09-01;Regime HMM Single Model;NVDA;9;2;-0.01524378;0;0;0;-0.01624378
2026-09-01;Regime HMM Single Model;AAPL;9;9;0.02579663;1;1;1;0.02479663
2026-09-01;Regime HMM Single Model;MSFT;0;1;-0.01243681;0;1;1;0.00000000
2026-09-01;Regime HMM Single Model;ASML;9;1;-0.01836923;0;0;0;-0.01936923
2026-09-01;Regime HMM ZeroMean Model;NVDA;0;2;-0.01524378;0;0;1;0.00000000
2026-09-01;Regime HMM ZeroMean Model;AAPL;0;9;0.02579663;0;0;0;0.00000000
2026-09-01;Regime HMM ZeroMean Model;MSFT;0;1;-0.01243681;0;1;1;0.00000000
2026-09-01;Regime HMM ZeroMean Model;ASML;0;1;-0.01836923;0;1;1;0.00000000
2026-09-01;Transformer Model;NVDA;1;2;-0.01524378;0;1;1;0.00000000
2026-09-01;Transformer Model;AAPL;2;9;0.02579663;0;0;0;0.00000000
2026-09-01;Transformer Model;MSFT;1;1;-0.01243681;1;1;1;0.00000000
2026-09-01;Transformer Model;ASML;1;1;-0.01836923;1;1;1;0.00000000
2026-09-01;WeightedEnsemble Model;NVDA;6;2;-0.01524378;0;0;0;-0.01624378
2026-09-01;WeightedEnsemble Model;AAPL;1;9;0.02579663;0;0;0;0.00000000
2026-09-01;WeightedEnsemble Model;MSFT;1;1;-0.01243681;1;1;1;0.00000000
2026-09-01;WeightedEnsemble Model;ASML;9;1;-0.01836923;0;0;0;-0.01936923
2026-09-01;XGBoost Model;NVDA;6;2;-0.01524378;0;0;0;-0.01624378
2026-09-01;XGBoost Model;AAPL;6;9;0.02579663;0;0;1;0.02479663
2026-09-01;XGBoost Model;MSFT;1;1;-0.01243681;1;1;1;0.00000000
2026-09-01;XGBoost Model;ASML;9;1;-0.01836923;0;0;0;-0.01936923
2026-09-02;Autoencoder Model;NVDA;2;8;0.03155179;0;0;0;0.00000000
2026-09-02;Autoencoder Model;AAPL;2;4;-0.00052300;0;0;1;0.00000000
2026-09-02;Autoencoder Model;MSFT;8;2;-0.00841823;0;0;0;-0.00941823
2026-09-02;Autoencoder Model;ASML;3;6;0.01025270;0;0;0;0.00000000
2026-09-02;CatBoost Model;NVDA;1;8;0.03155179;0;0;0;0.00000000
2026-09-02;CatBoost Model;AAPL;2;4;-0.00052300;0;0;1;0.00000000
2026-09-02;CatBoost Model;MSFT;8;2;-0.00841823;0;0;0;-0.00941823
2026-09-02;CatBoost Model;ASML;7;6;0.01025270;0;1;1;0.00925270
2026-09-02;GARCH Model;NVDA;9;8;0.03155179;0;1;1;0.03055179
2026-09-02;GARCH Model;AAPL;7;4;-0.00052300;0;0;0;-0.00152300
2026-09-02;GARCH Model;MSFT;1;2;-0.00841823;0;1;1;0.00000000
2026-09-02;GARCH Model;ASML;2;6;0.01025270;0;0;0;0.00000000
2026-09-02;GNN Model;NVDA;0;8;0.03155179;0;0;0;0.00000000
2026-09-02;GNN Model;AAPL;0;4;-0.00052300;0;0;1;0.00000000
2026-09-02;GNN Model;MSFT;0;2;-0.00841823;0;0;1;0.00000000
2026-09-02;GNN Model;ASML;9;6;0.01025270;0;0;1;0.00925270
2026-09-02;LaplaceMonteCarlo Model;NVDA;5;8;0.03155179;0;0;1;0.03055179
2026-09-02;LaplaceMonteCarlo Model;AAPL;5;4;-0.00052300;0;1;0;-0.00152300
2026-09-02;LaplaceMonteCarlo Model;MSFT;3;2;-0.00841823;0;1;1;0.00000000
2026-09-02;LaplaceMonteCarlo Model;ASML;3;6;0.01025270;0;0;0;0.00000000
2026-09-02;LightGBM Model;NVDA;8;8;0.03155179;1;1;1;0.03055179
2026-09-02;LightGBM Model;AAPL;2;4;-0.00052300;0;0;1;0.00000000
2026-09-02;LightGBM Model;MSFT;2;2;-0.00841823;1;1;1;0.00000000
2026-09-02;LightGBM Model;ASML;2;6;0.01025270;0;0;0;0.00000000
2026-09-02;Markov Model;NVDA;2;8;0.03155179;0;0;0;0.00000000
2026-09-02;Markov Model;AAPL;0;4;-0.00052300;0;0;1;0.00000000
2026-09-02;Markov Model;MSFT;9;2;-0.00841823;0;0;0;-0.00941823
2026-09-02;Markov Model;ASML;9;6;0.01025270;0;0;1;0.00925270
2026-09-02;MarkovMonteCarlo Model;NVDA;0;8;0.03155179;0;0;0;0.00000000
2026-09-02;MarkovMonteCarlo Model;AAPL;0;4;-0.00052300;0;0;1;0.00000000
2026-09-02;MarkovMonteCarlo Model;MSFT;0;2;-0.00841823;0;0;1;0.00000000
2026-09-02;MarkovMonteCarlo Model;ASML;9;6;0.01025270;0;0;1;0.00925270
2026-09-02;OrderStatistics Baseline;NVDA;0;8;0.03155179;0;0;0;0.00000000
2026-09-02;OrderStatistics Baseline;AAPL;9;4;-0.00052300;0;0;0;-0.00152300
2026-09-02;OrderStatistics Baseline;MSFT;1;2;-0.00841823;0;1;1;0.00000000
2026-09-02;OrderStatistics Baseline;ASML;8;6;0.01025270;0;0;1;0.00925270
2026-09-02;PoissonMonteCarlo Model;NVDA;2;8;0.03155179;0;0;0;0.00000000
2026-09-02;PoissonMonteCarlo Model;AAPL;1;4;-0.00052300;0;0;1;0.00000000
2026-09-02;PoissonMonteCarlo Model;MSFT;9;2;-0.00841823;0;0;0;-0.00941823
2026-09-02;PoissonMonteCarlo Model;ASML;9;6;0.01025270;0;0;1;0.00925270
2026-09-02;Regime HMM Model;NVDA;1;8;0.03155179;0;0;0;0.00000000
2026-09-02;Regime HMM Model;AAPL;1;4;-0.00052300;0;0;1;0.00000000
2026-09-02;Regime HMM Model;MSFT;1;2;-0.00841823;0;1;1;0.00000000
2026-09-02;Regime HMM Model;ASML;1;6;0.01025270;0;0;0;0.00000000
2026-09-02;Regime HMM Single Model;NVDA;9;8;0.03155179;0;1;1;0.03055179
2026-09-02;Regime HMM Single Model;AAPL;9;4;-0.00052300;0;0;0;-0.00152300
2026-09-02;Regime HMM Single Model;MSFT;9;2;-0.00841823;0;0;0;-0.00941823
2026-09-02;Regime HMM Single Model;ASML;9;6;0.01025270;0;0;1;0.00925270
2026-09-02;Regime HMM ZeroMean Model;NVDA;0;8;0.03155179;0;0;0;0.00000000
2026-09-02;Regime HMM ZeroMean Model;AAPL;0;4;-0.00052300;0;0;1;0.00000000
2026-09-02;Regime HMM ZeroMean Model;MSFT;0;2;-0.00841823;0;0;1;0.00000000
2026-09-02;Regime HMM ZeroMean Model;ASML;0;6;0.01025270;0;0;0;0.00000000
2026-09-02;Transformer Model;NVDA;4;8;0.03155179;0;0;0;0.00000000
2026-09-02;Transformer Model;AAPL;2;4;-0.00052300;0;0;1;0.00000000
2026-09-02;Transformer Model;MSFT;4;2;-0.00841823;0;0;1;0.00000000
2026-09-02;Transformer Model;ASML;4;6;0.01025270;0;0;0;0.00000000
2026-09-02;WeightedEnsemble Model;NVDA;2;8;0.03155179;0;0;0;0.00000000
2026-09-02;WeightedEnsemble Model;AAPL;0;4;-0.00052300;0;0;1;0.00000000
2026-09-02;WeightedEnsemble Model;MSFT;9;2;-0.00841823;0;0;0;-0.00941823
2026-09-02;WeightedEnsemble Model;ASML;9;6;0.01025270;0;0;1;0.00925270
2026-09-02;XGBoost Model;NVDA;8;8;0.03155179;1;1;1;0.03055179
2026-09-02;XGBoost Model;AAPL;0;4;-0.00052300;0;0;1;0.00000000
2026-09-02;XGBoost Model;MSFT;1;2;-0.00841823;0;1;1;0.00000000
2026-09-02;XGBoost Model;ASML;2;6;0.01025270;0;0;0;0.00000000
2026-09-03;Autoencoder Model;NVDA;2;7;0.01784263;0;0;0;0.00000000
2026-09-03;Autoencoder Model;AAPL;2;7;0.00995155;0;0;0;0.00000000
2026-09-03;Autoencoder Model;MSFT;8;9;0.02641820;0;1;1;0.02541820
2026-09-03;Autoencoder Model;ASML;8;1;-0.02169838;0;0;0;-0.02269838
2026-09-03;CatBoost Model;NVDA;1;7;0.01784263;0;0;0;0.00000000
2026-09-03;CatBoost Model;AAPL;1;7;0.00995155;0;0;0;0.00000000
2026-09-03;CatBoost Model;MSFT;8;9;0.02641820;0;1;1;0.02541820
2026-09-03;CatBoost Model;ASML;9;1;-0.02169838;0;0;0;-0.02269838
2026-09-03;GARCH Model;NVDA;9;7;0.01784263;0;0;1;0.01684263
2026-09-03;GARCH Model;AAPL;1;7;0.00995155;0;0;0;0.00000000
2026-09-03;GARCH Model;MSFT;1;9;0.02641820;0;0;0;0.00000000
2026-09-03;GARCH Model;ASML;2;1;-0.02169838;0;1;1;0.00000000
2026-09-03;GNN Model;NVDA;9;7;0.01784263;0;0;1;0.01684263
2026-09-03;GNN Model;AAPL;9;7;0.00995155;0;0;1;0.00895155
2026-09-03;GNN Model;MSFT;0;9;0.02641820;0;0;0;0.00000000
2026-09-03;GNN Model;ASML;9;1;-0.02169838;0;0;0;-0.02269838
2026-09-03;LaplaceMonteCarlo Model;NVDA;5;7;0.01784263;0;0;1;0.01684263
2026-09-03;LaplaceMonteCarlo Model;AAPL;4;7;0.00995155;0;0;0;0.00000000
2026-09-03;LaplaceMonteCarlo Model;MSFT;5;9;0.02641820;0;0;1;0.02541820
2026-09-03;LaplaceMonteCarlo Model;ASML;3;1;-0.02169838;0;0;1;0.00000000
2026-09-03;LightGBM Model;NVDA;6;7;0.01784263;0;1;1;0.01684263
2026-09-03;LightGBM Model;AAPL;9;7;0.00995155;0;0;1;0.00895155
2026-09-03;LightGBM Model;MSFT;6;9;0.02641820;0;0;1;0.02541820
2026-09-03;LightGBM Model;ASML;9;1;-0.02169838;0;0;0;-0.02269838
2026-09-03;Markov Model;NVDA;5;7;0.01784263;0;0;1;0.01684263
2026-09-03;Markov Model;AAPL;9;7;0.00995155;0;0;1;0.00895155
2026-09-03;Markov Model;MSFT;1;9;0.02641820;0;0;0;0.00000000
2026-09-03;Markov Model;ASML;9;1;-0.02169838;0;0;0;-0.02269838
2026-09-03;MarkovMonteCarlo Model;NVDA;1;7;0.01784263;0;0;0;0.00000000
2026-09-03;MarkovMonteCarlo Model;AAPL;9;7;0.00995155;0;0;1;0.00895155
2026-09-03;MarkovMonteCarlo Model;MSFT;0;9;0.02641820;0;0;0;0.00000000
2026-09-03;MarkovMonteCarlo Model;ASML;9;1;-0.02169838;0;0;0;-0.02269838
2026-09-03;OrderStatistics Baseline;NVDA;0;7;0.01784263;0;0;0;0.00000000
2026-09-03;OrderStatistics Baseline;AAPL;9;7;0.00995155;0;0;1;0.00895155
2026-09-03;OrderStatistics Baseline;MSFT;1;9;0.02641820;0;0;0;0.00000000
2026-09-03;OrderStatistics Baseline;ASML;8;1;-0.02169838;0;0;0;-0.02269838
2026-09-03;PoissonMonteCarlo Model;NVDA;2;7;0.01784263;0;0;0;0.00000000
2026-09-03;PoissonMonteCarlo Model;AAPL;1;7;0.00995155;0;0;0;0.00000000
2026-09-03;PoissonMonteCarlo Model;MSFT;9;9;0.02641820;1;1;1;0.02541820
2026-09-03;PoissonMonteCarlo Model;ASML;9;1;-0.02169838;0;0;0;-0.02269838
2026-09-03;Regime HMM Model;NVDA;0;7;0.01784263;0;0;0;0.00000000
2026-09-03;Regime HMM Model;AAPL;9;7;0.00995155;0;0;1;0.00895155
2026-09-03;Regime HMM Model;MSFT;9;9;0.02641820;1;1;1;0.02541820
2026-09-03;Regime HMM Model;ASML;9;1;-0.02169838;0;0;0;-0.02269838
2026-09-03;Regime HMM Single Model;NVDA;9;7;0.01784263;0;0;1;0.01684263
2026-09-03;Regime HMM Single Model;AAPL;9;7;0.00995155;0;0;1;0.00895155
2026-09-03;Regime HMM Single Model;MSFT;9;9;0.02641820;1;1;1;0.02541820
2026-09-03;Regime HMM Single Model;ASML;9;1;-0.02169838;0;0;0;-0.02269838
2026-09-03;Regime HMM ZeroMean Model;NVDA;0;7;0.01784263;0;0;0;0.00000000
2026-09-03;Regime HMM ZeroMean Model;AAPL;0;7;0.00995155;0;0;0;0.00000000
2026-09-03;Regime HMM ZeroMean Model;MSFT;0;9;0.02641820;0;0;0;0.00000000
2026-09-03;Regime HMM ZeroMean Model;ASML;0;1;-0.02169838;0;1;1;0.00000000
2026-09-03;Transformer Model;NVDA;1;7;0.01784263;0;0;0;0.00000000
2026-09-03;Transformer Model;AAPL;0;7;0.00995155;0;0;0;0.00000000
2026-09-03;Transformer Model;MSFT;1;9;0.02641820;0;0;0;0.00000000
2026-09-03;Transformer Model;ASML;1;1;-0.02169838;1;1;1;0.00000000
2026-09-03;WeightedEnsemble Model;NVDA;1;7;0.01784263;0;0;0;0.00000000
2026-09-03;WeightedEnsemble Model;AAPL;9;7;0.00995155;0;0;1;0.00895155
2026-09-03;WeightedEnsemble Model;MSFT;6;9;0.02641820;0;0;1;0.02541820
2026-09-03;WeightedEnsemble Model;ASML;9;1;-0.02169838;0;0;0;-0.02269838
2026-09-03;XGBoost Model;NVDA;1;7;0.01784263;0;0;0;0.00000000
2026-09-03;XGBoost Model;AAPL;9;7;0.00995155;0;0;1;0.00895155
2026-09-03;XGBoost Model;MSFT;6;9;0.02641820;0;0;1;0.02541820
2026-09-03;XGBoost Model;ASML;9;1;-0.02169838;0;0;0;-0.02269838
2026-09-04;Autoencoder Model;NVDA;2;6;0.00832593;0;0;0;0.00000000
2026-09-04;Autoencoder Model;AAPL;2;0;-0.02542641;0;0;1;0.00000000
2026-09-04;Autoencoder Model;MSFT;8;0;-0.02063807;0;0;0;-0.02163807
2026-09-04;Autoencoder Model;ASML;8;9;0.04087958;0;1;1;0.03987958
2026-09-04;CatBoost Model;NVDA;2;6;0.00832593;0;0;0;0.00000000
2026-09-04;CatBoost Model;AAPL;2;0;-0.02542641;0;0;1;0.00000000
2026-09-04;CatBoost Model;MSFT;4;0;-0.02063807;0;0;1;0.00000000
2026-09-04;CatBoost Model;ASML;0;9;0.04087958;0;0;0;0.00000000
2026-09-04;GARCH Model;NVDA;9;6;0.00832593;0;0;1;0.00732593
2026-09-04;GARCH Model;AAPL;1;0;-0.02542641;0;1;1;0.00000000
2026-09-04;GARCH Model;MSFT;1;0;-0.02063807;0;1;1;0.00000000
2026-09-04;GARCH Model;ASML;2;9;0.04087958;0;0;0;0.00000000
2026-09-04;GNN Model;NVDA;0;6;0.00832593;0;0;0;0.00000000
2026-09-04;GNN Model;AAPL;0;0;-0.02542641;1;1;1;0.00000000
2026-09-04;GNN Model;MSFT;0;0;-0.02063807;1;1;1;0.00000000
2026-09-04;GNN Model;ASML;9;9;0.04087958;1;1;1;0.03987958
2026-09-04;LaplaceMonteCarlo Model;NVDA;3;6;0.00832593;0;0;0;0.00000000
2026-09-04;LaplaceMonteCarlo Model;AAPL;5;0;-0.02542641;0;0;0;-0.02642641
2026-09-04;LaplaceMonteCarlo Model;MSFT;0;0;-0.02063807;1;1;1;0.00000000
2026-09-04;LaplaceMonteCarlo Model;ASML;4;9;0.04087958;0;0;0;0.00000000
2026-09-04;LightGBM Model;NVDA;0;6;0.00832593;0;0;0;0.00000000
2026-09-04;LightGBM Model;AAPL;5;0;-0.02542641;0;0;0;-0.02642641
2026-09-04;LightGBM Model;MSFT;4;0;-0.02063807;0;0;1;0.00000000
2026-09-04;LightGBM Model;ASML;0;9;0.04087958;0;0;0;0.00000000
2026-09-04;Markov Model;NVDA;0;6;0.00832593;0;0;0;0.00000000
2026-09-04;Markov Model;AAPL;0;0;-0.02542641;1;1;1;0.00000000
2026-09-04;Markov Model;MSFT;3;0;-0.02063807;0;0;1;0.00000000
2026-09-04;Markov Model;ASML;0;9;0.04087958;0;0;0;0.00000000
2026-09-04;MarkovMonteCarlo Model;NVDA;0;6;0.00832593;0;0;0;0.00000000
2026-09-04;MarkovMonteCarlo Model;AAPL;0;0;-0.02542641;1;1;1;0.00000000
2026-09-04;MarkovMonteCarlo Model;MSFT;0;0;-0.02063807;1;1;1;0.00000000
2026-09-04;MarkovMonteCarlo Model;ASML;0;9;0.04087958;0;0;0;0.00000000
2026-09-04;OrderStatistics Baseline;NVDA;0;6;0.00832593;0;0;0;0.00000000
2026-09-04;OrderStatistics Baseline;AAPL;9;0;-0.02542641;0;0;0;-0.02642641
2026-09-04;OrderStatistics Baseline;MSFT;1;0;-0.02063807;0;1;1;0.00000000
2026-09-04;OrderStatistics Baseline;ASML;8;9;0.04087958;0;1;1;0.03987958
2026-09-04;PoissonMonteCarlo Model;NVDA;4;6;0.00832593;0;0;0;0.00000000
2026-09-04;PoissonMonteCarlo Model;AAPL;1;0;-0.02542641;0;1;1;0.00000000
2026-09-04;PoissonMonteCarlo Model;MSFT;9;0;-0.02063807;0;0;0;-0.02163807
2026-09-04;PoissonMonteCarlo Model;ASML;9;9;0.04087958;1;1;1;0.03987958
2026-09-04;Regime HMM Model;NVDA;0;6;0.00832593;0;0;0;0.00000000
2026-09-04;Regime HMM Model;AAPL;0;0;-0.02542641;1;1;1;0.00000000
2026-09-04;Regime HMM Model;MSFT;9;0;-0.02063807;0;0;0;-0.02163807
2026-09-04;Regime HMM Model;ASML;9;9;0.04087958;1;1;1;0.03987958
2026-09-04;Regime HMM Single Model;NVDA;9;6;0.00832593;0;0;1;0.00732593
2026-09-04;Regime HMM Single Model;AAPL;9;0;-0.02542641;0;0;0;-0.02642641
2026-09-04;Regime HMM Single Model;MSFT;9;0;-0.02063807;0;0;0;-0.02163807
2026-09-04;Regime HMM Single Model;ASML;9;9;0.04087958;1;1;1;0.03987958
2026-09-04;Regime HMM ZeroMean Model;NVDA;0;6;0.00832593;0;0;0;0.00000000
2026-09-04;Regime HMM ZeroMean Model;AAPL;0;0;-0.02542641;1;1;1;0.00000000
2026-09-04;Regime HMM ZeroMean Model;MSFT;0;0;-0.02063807;1;1;1;0.00000000
2026-09-04;Regime HMM ZeroMean Model;ASML;0;9;0.04087958;0;0;0;0.00000000
2026-09-04;Transformer Model;NVDA;1;6;0.00832593;0;0;0;0.00000000
2026-09-04;Transformer Model;AAPL;2;0;-0.02542641;0;0;1;0.00000000
2026-09-04;Transformer Model;MSFT;4;0;-0.02063807;0;0;1;0.00000000
2026-09-04;Transformer Model;ASML;0;9;0.04087958;0;0;0;0.00000000
2026-09-04;WeightedEnsemble Model;NVDA;0;6;0.00832593;0;0;0;0.00000000
2026-09-04;WeightedEnsemble Model;AAPL;5;0;-0.02542641;0;0;0;-0.02642641
2026-09-04;WeightedEnsemble Model;MSFT;4;0;-0.02063807;0;0;1;0.00000000
2026-09-04;WeightedEnsemble Model;ASML;0;9;0.04087958;0;0;0;0.00000000
2026-09-04;XGBoost Model;NVDA;0;6;0.00832593;0;0;0;0.00000000
2026-09-04;XGBoost Model;AAPL;5;0;-0.02542641;0;0;0;-0.02642641
2026-09-04;XGBoost Model;MSFT;4;0;-0.02063807;0;0;1;0.00000000
2026-09-04;XGBoost Model;ASML;0;9;0.04087958;0;0;0;0.00000000
2026-09-08;Autoencoder Model;NVDA;2;1;-0.02030371;0;1;1;0.00000000
2026-09-08;Autoencoder Model;AAPL;2;1;-0.01178907;0;1;1;0.00000000
2026-09-08;Autoencoder Model;MSFT;6;1;-0.01157362;0;0;0;-0.01257362
2026-09-08;Autoencoder Model;ASML;8;9;0.02872259;0;1;1;0.02772259
2026-09-08;CatBoost Model;NVDA;1;1;-0.02030371;1;1;1;0.00000000
2026-09-08;CatBoost Model;AAPL;1;1;-0.01178907;1;1;1;0.00000000
2026-09-08;CatBoost Model;MSFT;8;1;-0.01157362;0;0;0;-0.01257362
2026-09-08;CatBoost Model;ASML;0;9;0.02872259;0;0;0;0.00000000
2026-09-08;GARCH Model;NVDA;8;1;-0.02030371;0;0;0;-0.02130371
2026-09-08;GARCH Model;AAPL;1;1;-0.01178907;1;1;1;0.00000000
2026-09-08;GARCH Model;MSFT;9;1;-0.01157362;0;0;0;-0.01257362
2026-09-08;GARCH Model;ASML;2;9;0.02872259;0;0;0;0.00000000
2026-09-08;GNN Model;NVDA;9;1;-0.02030371;0;0;0;-0.02130371
2026-09-08;GNN Model;AAPL;0;1;-0.01178907;0;1;1;0.00000000
2026-09-08;GNN Model;MSFT;0;1;-0.01157362;0;1;1;0.00000000
2026-09-08;GNN Model;ASML;9;9;0.02872259;1;1;1;0.02772259
2026-09-08;LaplaceMonteCarlo Model;NVDA;5;1;-0.02030371;0;0;0;-0.02130371
2026-09-08;LaplaceMonteCarlo Model;AAPL;5;1;-0.01178907;0;0;0;-0.01278907
2026-09-08;LaplaceMonteCarlo Model;MSFT;4;1;-0.01157362;0;0;1;0.00000000
2026-09-08;LaplaceMonteCarlo Model;ASML;5;9;0.02872259;0;0;1;0.02772259
2026-09-08;LightGBM Model;NVDA;0;1;-0.02030371;0;1;1;0.00000000
2026-09-08;LightGBM Model;AAPL;1;1;-0.01178907;1;1;1;0.00000000
2026-09-08;LightGBM Model;MSFT;6;1;-0.01157362;0;0;0;-0.01257362
2026-09-08;LightGBM Model;ASML;0;9;0.02872259;0;0;0;0.00000000
2026-09-08;Markov Model;NVDA;4;1;-0.02030371;0;0;1;0.00000000
2026-09-08;Markov Model;AAPL;8;1;-0.01178907;0;0;0;-0.01278907
2026-09-08;Markov Model;MSFT;0;1;-0.01157362;0;1;1;0.00000000
2026-09-08;Markov Model;ASML;0;9;0.02872259;0;0;0;0.00000000
2026-09-08;MarkovMonteCarlo Model;NVDA;9;1;-0.02030371;0;0;0;-0.02130371
2026-09-08;MarkovMonteCarlo Model;AAPL;9;1;-0.01178907;0;0;0;-0.01278907
2026-09-08;MarkovMonteCarlo Model;MSFT;0;1;-0.01157362;0;1;1;0.00000000
2026-09-08;MarkovMonteCarlo Model;ASML;9;9;0.02872259;1;1;1;0.02772259
2026-09-08;OrderStatistics Baseline;NVDA;0;1;-0.02030371;0;1;1;0.00000000
2026-09-08;OrderStatistics Baseline;AAPL;9;1;-0.01178907;0;0;0;-0.01278907
2026-09-08;OrderStatistics Baseline;MSFT;1;1;-0.01157362;1;1;1;0.00000000
2026-09-08;OrderStatistics Baseline;ASML;8;9;0.02872259;0;1;1;0.02772259
2026-09-08;PoissonMonteCarlo Model;NVDA;2;1;-0.02030371;0;1;1;0.00000000
2026-09-08;PoissonMonteCarlo Model;AAPL;7;1;-0.01178907;0;0;0;-0.01278907
2026-09-08;PoissonMonteCarlo Model;MSFT;9;1;-0.01157362;0;0;0;-0.01257362
2026-09-08;PoissonMonteCarlo Model;ASML;9;9;0.02872259;1;1;1;0.02772259
2026-09-08;Regime HMM Model;NVDA;0;1;-0.02030371;0;1;1;0.00000000
2026-09-08;Regime HMM Model;AAPL;0;1;-0.01178907;0;1;1;0.00000000
2026-09-08;Regime HMM Model;MSFT;9;1;-0.01157362;0;0;0;-0.01257362
2026-09-08;Regime HMM Model;ASML;9;9;0.02872259;1;1;1;0.02772259
2026-09-08;Regime HMM Single Model;NVDA;9;1;-0.02030371;0;0;0;-0.02130371
2026-09-08;Regime HMM Single Model;AAPL;9;1;-0.01178907;0;0;0;-0.01278907
2026-09-08;Regime HMM Single Model;MSFT;9;1;-0.01157362;0;0;0;-0.01257362
2026-09-08;Regime HMM Single Model;ASML;9;9;0.02872259;1;1;1;0.02772259
2026-09-08;Regime HMM ZeroMean Model;NVDA;0;1;-0.02030371;0;1;1;0.00000000
2026-09-08;Regime HMM ZeroMean Model;AAPL;0;1;-0.01178907;0;1;1;0.00000000
2026-09-08;Regime HMM ZeroMean Model;MSFT;0;1;-0.01157362;0;1;1;0.00000000
2026-09-08;Regime HMM ZeroMean Model;ASML;0;9;0.02872259;0;0;0;0.00000000
2026-09-08;Transformer Model;NVDA;1;1;-0.02030371;1;1;1;0.00000000
2026-09-08;Transformer Model;AAPL;2;1;-0.01178907;0;1;1;0.00000000
2026-09-08;Transformer Model;MSFT;1;1;-0.01157362;1;1;1;0.00000000
2026-09-08;Transformer Model;ASML;1;9;0.02872259;0;0;0;0.00000000
2026-09-08;WeightedEnsemble Model;NVDA;0;1;-0.02030371;0;1;1;0.00000000
2026-09-08;WeightedEnsemble Model;AAPL;1;1;-0.01178907;1;1;1;0.00000000
2026-09-08;WeightedEnsemble Model;MSFT;0;1;-0.01157362;0;1;1;0.00000000
2026-09-08;WeightedEnsemble Model;ASML;0;9;0.02872259;0;0;0;0.00000000
2026-09-08;XGBoost Model;NVDA;8;1;-0.02030371;0;0;0;-0.02130371
2026-09-08;XGBoost Model;AAPL;1;1;-0.01178907;1;1;1;0.00000000
2026-09-08;XGBoost Model;MSFT;6;1;-0.01157362;0;0;0;-0.01257362
2026-09-08;XGBoost Model;ASML;0;9;0.02872259;0;0;0;0.00000000
2026-09-09;Autoencoder Model;NVDA;2;3;-0.00916784;0;1;1;0.00000000
2026-09-09;Autoencoder Model;AAPL;2;3;-0.00278675;0;1;1;0.00000000
2026-09-09;Autoencoder Model;MSFT;6;3;-0.00466722;0;0;0;-0.00566722
2026-09-09;Autoencoder Model;ASML;2;1;-0.02022179;0;1;1;0.00000000
2026-09-09;CatBoost Model;NVDA;7;3;-0.00916784;0;0;0;-0.01016784
2026-09-09;CatBoost Model;AAPL;4;3;-0.00278675;0;1;1;0.00000000
2026-09-09;CatBoost Model;MSFT;9;3;-0.00466722;0;0;0;-0.00566722
2026-09-09;CatBoost Model;ASML;0;1;-0.02022179;0;1;1;0.00000000
2026-09-09;GARCH Model;NVDA;8;3;-0.00916784;0;0;0;-0.01016784
2026-09-09;GARCH Model;AAPL;1;3;-0.00278675;0;0;1;0.00000000
2026-09-09;GARCH Model;MSFT;9;3;-0.00466722;0;0;0;-0.00566722
2026-09-09;GARCH Model;ASML;9;1;-0.02022179;0;0;0;-0.02122179
2026-09-09;GNN Model;NVDA;9;3;-0.00916784;0;0;0;-0.01016784
2026-09-09;GNN Model;AAPL;0;3;-0.00278675;0;0;1;0.00000000
2026-09-09;GNN Model;MSFT;0;3;-0.00466722;0;0;1;0.00000000
2026-09-09;GNN Model;ASML;9;1;-0.02022179;0;0;0;-0.02122179
2026-09-09;LaplaceMonteCarlo Model;NVDA;4;3;-0.00916784;0;1;1;0.00000000
2026-09-09;LaplaceMonteCarlo Model;AAPL;3;3;-0.00278675;1;1;1;0.00000000
2026-09-09;LaplaceMonteCarlo Model;MSFT;0;3;-0.00466722;0;0;1;0.00000000
2026-09-09;LaplaceMonteCarlo Model;ASML;4;1;-0.02022179;0;0;1;0.00000000
2026-09-09;LightGBM Model;NVDA;7;3;-0.00916784;0;0;0;-0.01016784
2026-09-09;LightGBM Model;AAPL;4;3;-0.00278675;0;1;1;0.00000000
2026-09-09;LightGBM Model;MSFT;0;3;-0.00466722;0;0;1;0.00000000
2026-09-09;LightGBM Model;ASML;5;1;-0.02022179;0;0;0;-0.02122179
2026-09-09;Markov Model;NVDA;2;3;-0.00916784;0;1;1;0.00000000
2026-09-09;Markov Model;AAPL;0;3;-0.00278675;0;0;1;0.00000000
2026-09-09;Markov Model;MSFT;0;3;-0.00466722;0;0;1;0.00000000
2026-09-09;Markov Model;ASML;0;1;-0.02022179;0;1;1;0.00000000
2026-09-09;MarkovMonteCarlo Model;NVDA;0;3;-0.00916784;0;0;1;0.00000000
2026-09-09;MarkovMonteCarlo Model;AAPL;9;3;-0.00278675;0;0;0;-0.00378675
2026-09-09;MarkovMonteCarlo Model;MSFT;9;3;-0.00466722;0;0;0;-0.00566722
2026-09-09;MarkovMonteCarlo Model;ASML;0;1;-0.02022179;0;1;1;0.00000000
2026-09-09;OrderStatistics Baseline;NVDA;0;3;-0.00916784;0;0;1;0.00000000
2026-09-09;OrderStatistics Baseline;AAPL;9;3;-0.00278675;0;0;0;-0.00378675
2026-09-09;OrderStatistics Baseline;MSFT;1;3;-0.00466722;0;0;1;0.00000000
2026-09-09;OrderStatistics Baseline;ASML;8;1;-0.02022179;0;0;0;-0.02122179
2026-09-09;PoissonMonteCarlo Model;NVDA;2;3;-0.00916784;0;1;1;0.00000000
2026-09-09;PoissonMonteCarlo Model;AAPL;1;3;-0.00278675;0;0;1;0.00000000
2026-09-09;PoissonMonteCarlo Model;MSFT;9;3;-0.00466722;0;0;0;-0.00566722
2026-09-09;PoissonMonteCarlo Model;ASML;9;1;-0.02022179;0;0;0;-0.02122179
2026-09-09;Regime HMM Model;NVDA;0;3;-0.00916784;0;0;1;0.00000000
2026-09-09;Regime HMM Model;AAPL;0;3;-0.00278675;0;0;1;0.00000000
2026-09-09;Regime HMM Model;MSFT;0;3;-0.00466722;0;0;1;0.00000000
2026-09-09;Regime HMM Model;ASML;0;1;-0.02022179;0;1;1;0.00000000
2026-09-09;Regime HMM Single Model;NVDA;9;3;-0.00916784;0;0;0;-0.01016784
2026-09-09;Regime HMM Single Model;AAPL;9;3;-0.00278675;0;0;0;-0.00378675
2026-09-09;Regime HMM Single Model;MSFT;9;3;-0.00466722;0;0;0;-0.00566722
2026-09-09;Regime HMM Single Model;ASML;9;1;-0.02022179;0;0;0;-0.02122179
2026-09-09;Regime HMM ZeroMean Model;NVDA;0;3;-0.00916784;0;0;1;0.00000000
2026-09-09;Regime HMM ZeroMean Model;AAPL;0;3;-0.00278675;0;0;1;0.00000000
2026-09-09;Regime HMM ZeroMean Model;MSFT;0;3;-0.00466722;0;0;1;0.00000000
2026-09-09;Regime HMM ZeroMean Model;ASML;0;1;-0.02022179;0;1;1;0.00000000
2026-09-09;Transformer Model;NVDA;1;3;-0.00916784;0;0;1;0.00000000
2026-09-09;Transformer Model;AAPL;0;3;-0.00278675;0;0;1;0.00000000
2026-09-09;Transformer Model;MSFT;0;3;-0.00466722;0;0;1;0.00000000
2026-09-09;Transformer Model;ASML;1;1;-0.02022179;1;1;1;0.00000000
2026-09-09;WeightedEnsemble Model;NVDA;7;3;-0.00916784;0;0;0;-0.01016784
2026-09-09;WeightedEnsemble Model;AAPL;4;3;-0.00278675;0;1;1;0.00000000
2026-09-09;WeightedEnsemble Model;MSFT;0;3;-0.00466722;0;0;1;0.00000000
2026-09-09;WeightedEnsemble Model;ASML;0;1;-0.02022179;0;1;1;0.00000000
2026-09-09;XGBoost Model;NVDA;7;3;-0.00916784;0;0;0;-0.01016784
2026-09-09;XGBoost Model;AAPL;4;3;-0.00278675;0;1;1;0.00000000
2026-09-09;XGBoost Model;MSFT;0;3;-0.00466722;0;0;1;0.00000000
2026-09-09;XGBoost Model;ASML;5;1;-0.02022179;0;0;0;-0.02122179
2026-09-10;Autoencoder Model;NVDA;2;1;-0.02402667;0;1;1;0.00000000
2026-09-10;Autoencoder Model;AAPL;2;9;0.03499290;0;0;0;0.00000000
2026-09-10;Autoencoder Model;MSFT;6;5;0.00160554;0;1;1;0.00060554
2026-09-10;Autoencoder Model;ASML;8;1;-0.02463725;0;0;0;-0.02563725
2026-09-10;CatBoost Model;NVDA;4;1;-0.02402667;0;0;1;0.00000000
2026-09-10;CatBoost Model;AAPL;5;9;0.03499290;0;0;1;0.03399290
2026-09-10;CatBoost Model;MSFT;4;5;0.00160554;0;1;0;0.00000000
2026-09-10;CatBoost Model;ASML;1;1;-0.02463725;1;1;1;0.00000000
2026-09-10;GARCH Model;NVDA;8;1;-0.02402667;0;0;0;-0.02502667
2026-09-10;GARCH Model;AAPL;1;9;0.03499290;0;0;0;0.00000000
2026-09-10;GARCH Model;MSFT;9;5;0.00160554;0;0;1;0.00060554
2026-09-10;GARCH Model;ASML;9;1;-0.02463725;0;0;0;-0.02563725
2026-09-10;GNN Model;NVDA;0;1;-0.02402667;0;1;1;0.00000000
2026-09-10;GNN Model;AAPL;0;9;0.03499290;0;0;0;0.00000000
2026-09-10;GNN Model;MSFT;0;5;0.00160554;0;0;0;0.00000000
2026-09-10;GNN Model;ASML;0;1;-0.02463725;0;1;1;0.00000000
2026-09-10;LaplaceMonteCarlo Model;NVDA;3;1;-0.02402667;0;0;1;0.00000000
2026-09-10;LaplaceMonteCarlo Model;AAPL;5;9;0.03499290;0;0;1;0.03399290
2026-09-10;LaplaceMonteCarlo Model;MSFT;4;5;0.00160554;0;1;0;0.00000000
2026-09-10;LaplaceMonteCarlo Model;ASML;4;1;-0.02463725;0;0;1;0.00000000
2026-09-10;LightGBM Model;NVDA;8;1;-0.02402667;0;0;0;-0.02502667
2026-09-10;LightGBM Model;AAPL;9;9;0.03499290;1;1;1;0.03399290
2026-09-10;LightGBM Model;MSFT;4;5;0.00160554;0;1;0;0.00000000
2026-09-10;LightGBM Model;ASML;1;1;-0.02463725;1;1;1;0.00000000
2026-09-10;Markov Model;NVDA;8;1;-0.02402667;0;0;0;-0.02502667
2026-09-10;Markov Model;AAPL;0;9;0.03499290;0;0;0;0.00000000
2026-09-10;Markov Model;MSFT;0;5;0.00160554;0;0;0;0.00000000
2026-09-10;Markov Model;ASML;0;1;-0.02463725;0;1;1;0.00000000
2026-09-10;MarkovMonteCarlo Model;NVDA;0;1;-0.02402667;0;1;1;0.00000000
2026-09-10;MarkovMonteCarlo Model;AAPL;0;9;0.03499290;0;0;0;0.00000000
2026-09-10;MarkovMonteCarlo Model;MSFT;0;5;0.00160554;0;0;0;0.00000000
2026-09-10;MarkovMonteCarlo Model;ASML;0;1;-0.02463725;0;1;1;0.00000000
2026-09-10;OrderStatistics Baseline;NVDA;0;1;-0.02402667;0;1;1;0.00000000
2026-09-10;OrderStatistics Baseline;AAPL;9;9;0.03499290;1;1;1;0.03399290
2026-09-10;OrderStatistics Baseline;MSFT;1;5;0.00160554;0;0;0;0.00000000
2026-09-10;OrderStatistics Baseline;ASML;8;1;-0.02463725;0;0;0;-0.02563725
2026-09-10;PoissonMonteCarlo Model;NVDA;2;1;-0.02402667;0;1;1;0.00000000
2026-09-10;PoissonMonteCarlo Model;AAPL;1;9;0.03499290;0;0;0;0.00000000
2026-09-10;PoissonMonteCarlo Model;MSFT;9;5;0.00160554;0;0;1;0.00060554
2026-09-10;PoissonMonteCarlo Model;ASML;9;1;-0.02463725;0;0;0;-0.02563725
2026-09-10;Regime HMM Model;NVDA;0;1;-0.02402667;0;1;1;0.00000000
2026-09-10;Regime HMM Model;AAPL;0;9;0.03499290;0;0;0;0.00000000
2026-09-10;Regime HMM Model;MSFT;0;5;0.00160554;0;0;0;0.00000000
2026-09-10;Regime HMM Model;ASML;0;1;-0.02463725;0;1;1;0.00000000
2026-09-10;Regime HMM Single Model;NVDA;9;1;-0.02402667;0;0;0;-0.02502667
2026-09-10;Regime HMM Single Model;AAPL;9;9;0.03499290;1;1;1;0.03399290
2026-09-10;Regime HMM Single Model;MSFT;9;5;0.00160554;0;0;1;0.00060554
2026-09-10;Regime HMM Single Model;ASML;9;1;-0.02463725;0;0;0;-0.02563725
2026-09-10;Regime HMM ZeroMean Model;NVDA;1;1;-0.02402667;1;1;1;0.00000000
2026-09-10;Regime HMM ZeroMean Model;AAPL;1;9;0.03499290;0;0;0;0.00000000
2026-09-10;Regime HMM ZeroMean Model;MSFT;1;5;0.00160554;0;0;0;0.00000000
2026-09-10;Regime HMM ZeroMean Model;ASML;1;1;-0.02463725;1;1;1;0.00000000
2026-09-10;Transformer Model;NVDA;1;1;-0.02402667;1;1;1;0.00000000
2026-09-10;Transformer Model;AAPL;2;9;0.03499290;0;0;0;0.00000000
2026-09-10;Transformer Model;MSFT;5;5;0.00160554;1;1;1;0.00060554
2026-09-10;Transformer Model;ASML;0;1;-0.02463725;0;1;1;0.00000000
2026-09-10;WeightedEnsemble Model;NVDA;8;1;-0.02402667;0;0;0;-0.02502667
2026-09-10;WeightedEnsemble Model;AAPL;0;9;0.03499290;0;0;0;0.00000000
2026-09-10;WeightedEnsemble Model;MSFT;4;5;0.00160554;0;1;0;0.00000000
2026-09-10;WeightedEnsemble Model;ASML;1;1;-0.02463725;1;1;1;0.00000000
2026-09-10;XGBoost Model;NVDA;8;1;-0.02402667;0;0;0;-0.02502667
2026-09-10;XGBoost Model;AAPL;9;9;0.03499290;1;1;1;0.03399290
2026-09-10;XGBoost Model;MSFT;4;5;0.00160554;0;1;0;0.00000000
2026-09-10;XGBoost Model;ASML;1;1;-0.02463725;1;1;1;0.00000000
2026-09-11;Autoencoder Model;NVDA;2;4;-0.00032062;0;0;1;0.00000000
2026-09-11;Autoencoder Model;AAPL;2;8;0.01730357;0;0;0;0.00000000
2026-09-11;Autoencoder Model;MSFT;8;6;0.00645705;0;0;1;0.00545705
2026-09-11;Autoencoder Model;ASML;1;6;0.00642109;0;0;0;0.00000000
2026-09-11;CatBoost Model;NVDA;9;4;-0.00032062;0;0;0;-0.00132062
2026-09-11;CatBoost Model;AAPL;9;8;0.01730357;0;1;1;0.01630357
2026-09-11;CatBoost Model;MSFT;9;6;0.00645705;0;0;1;0.00545705
2026-09-11;CatBoost Model;ASML;9;6;0.00642109;0;0;1;0.00542109
2026-09-11;GARCH Model;NVDA;8;4;-0.00032062;0;0;0;-0.00132062
2026-09-11;GARCH Model;AAPL;1;8;0.01730357;0;0;0;0.00000000
2026-09-11;GARCH Model;MSFT;1;6;0.00645705;0;0;0;0.00000000
2026-09-11;GARCH Model;ASML;9;6;0.00642109;0;0;1;0.00542109
2026-09-11;GNN Model;NVDA;9;4;-0.00032062;0;0;0;-0.00132062
2026-09-11;GNN Model;AAPL;0;8;0.01730357;0;0;0;0.00000000
2026-09-11;GNN Model;MSFT;0;6;0.00645705;0;0;0;0.00000000
2026-09-11;GNN Model;ASML;9;6;0.00642109;0;0;1;0.00542109
2026-09-11;LaplaceMonteCarlo Model;NVDA;3;4;-0.00032062;0;1;1;0.00000000
2026-09-11;LaplaceMonteCarlo Model;AAPL;4;8;0.01730357;0;0;0;0.00000000
2026-09-11;LaplaceMonteCarlo Model;MSFT;3;6;0.00645705;0;0;0;0.00000000
2026-09-11;LaplaceMonteCarlo Model;ASML;5;6;0.00642109;0;1;1;0.00542109
2026-09-11;LightGBM Model;NVDA;7;4;-0.00032062;0;0;0;-0.00132062
2026-09-11;LightGBM Model;AAPL;8;8;0.01730357;1;1;1;0.01630357
2026-09-11;LightGBM Model;MSFT;9;6;0.00645705;0;0;1;0.00545705
2026-09-11;LightGBM Model;ASML;9;6;0.00642109;0;0;1;0.00542109
2026-09-11;Markov Model;NVDA;2;4;-0.00032062;0;0;1;0.00000000
2026-09-11;Markov Model;AAPL;9;8;0.01730357;0;1;1;0.01630357
2026-09-11;Markov Model;MSFT;1;6;0.00645705;0;0;0;0.00000000
2026-09-11;Markov Model;ASML;9;6;0.00642109;0;0;1;0.00542109
2026-09-11;MarkovMonteCarlo Model;NVDA;0;4;-0.00032062;0;0;1;0.00000000
2026-09-11;MarkovMonteCarlo Model;AAPL;9;8;0.01730357;0;1;1;0.01630357
2026-09-11;MarkovMonteCarlo Model;MSFT;0;6;0.00645705;0;0;0;0.00000000
2026-09-11;MarkovMonteCarlo Model;ASML;9;6;0.00642109;0;0;1;0.00542109
2026-09-11;OrderStatistics Baseline;NVDA;0;4;-0.00032062;0;0;1;0.00000000
2026-09-11;OrderStatistics Baseline;AAPL;9;8;0.01730357;0;1;1;0.01630357
2026-09-11;OrderStatistics Baseline;MSFT;1;6;0.00645705;0;0;0;0.00000000
2026-09-11;OrderStatistics Baseline;ASML;8;6;0.00642109;0;0;1;0.00542109
2026-09-11;PoissonMonteCarlo Model;NVDA;2;4;-0.00032062;0;0;1;0.00000000
2026-09-11;PoissonMonteCarlo Model;AAPL;1;8;0.01730357;0;0;0;0.00000000
2026-09-11;PoissonMonteCarlo Model;MSFT;9;6;0.00645705;0;0;1;0.00545705
2026-09-11;PoissonMonteCarlo Model;ASML;9;6;0.00642109;0;0;1;0.00542109
2026-09-11;Regime HMM Model;NVDA;0;4;-0.00032062;0;0;1;0.00000000
2026-09-11;Regime HMM Model;AAPL;0;8;0.01730357;0;0;0;0.00000000
2026-09-11;Regime HMM Model;MSFT;0;6;0.00645705;0;0;0;0.00000000
2026-09-11;Regime HMM Model;ASML;0;6;0.00642109;0;0;0;0.00000000
2026-09-11;Regime HMM Single Model;NVDA;9;4;-0.00032062;0;0;0;-0.00132062
2026-09-11;Regime HMM Single Model;AAPL;9;8;0.01730357;0;1;1;0.01630357
2026-09-11;Regime HMM Single Model;MSFT;9;6;0.00645705;0;0;1;0.00545705
2026-09-11;Regime HMM Single Model;ASML;9;6;0.00642109;0;0;1;0.00542109
2026-09-11;Regime HMM ZeroMean Model;NVDA;1;4;-0.00032062;0;0;1;0.00000000
2026-09-11;Regime HMM ZeroMean Model;AAPL;1;8;0.01730357;0;0;0;0.00000000
2026-09-11;Regime HMM ZeroMean Model;MSFT;1;6;0.00645705;0;0;0;0.00000000
2026-09-11;Regime HMM ZeroMean Model;ASML;1;6;0.00642109;0;0;0;0.00000000
2026-09-11;Transformer Model;NVDA;1;4;-0.00032062;0;0;1;0.00000000
2026-09-11;Transformer Model;AAPL;2;8;0.01730357;0;0;0;0.00000000
2026-09-11;Transformer Model;MSFT;5;6;0.00645705;0;1;1;0.00545705
2026-09-11;Transformer Model;ASML;0;6;0.00642109;0;0;0;0.00000000
2026-09-11;WeightedEnsemble Model;NVDA;2;4;-0.00032062;0;0;1;0.00000000
2026-09-11;WeightedEnsemble Model;AAPL;9;8;0.01730357;0;1;1;0.01630357
2026-09-11;WeightedEnsemble Model;MSFT;9;6;0.00645705;0;0;1;0.00545705
2026-09-11;WeightedEnsemble Model;ASML;9;6;0.00642109;0;0;1;0.00542109
2026-09-11;XGBoost Model;NVDA;7;4;-0.00032062;0;0;0;-0.00132062
2026-09-11;XGBoost Model;AAPL;0;8;0.01730357;0;0;0;0.00000000
2026-09-11;XGBoost Model;MSFT;9;6;0.00645705;0;0;1;0.00545705
2026-09-11;XGBoost Model;ASML;0;6;0.00642109;0;0;0;0.00000000
2026-09-14;Autoencoder Model;NVDA;2;0;-0.03415591;0;0;1;0.00000000
2026-09-14;Autoencoder Model;AAPL;2;5;0.00243481;0;0;0;0.00000000
2026-09-14;Autoencoder Model;MSFT;6;9;0.01954030;0;0;1;0.01854030
2026-09-14;Autoencoder Model;ASML;8;0;-0.07527724;0;0;0;-0.07627724
2026-09-14;CatBoost Model;NVDA;3;0;-0.03415591;0;0;1;0.00000000
2026-09-14;CatBoost Model;AAPL;1;5;0.00243481;0;0;0;0.00000000
2026-09-14;CatBoost Model;MSFT;1;9;0.01954030;0;0;0;0.00000000
2026-09-14;CatBoost Model;ASML;1;0;-0.07527724;0;1;1;0.00000000
2026-09-14;GARCH Model;NVDA;8;0;-0.03415591;0;0;0;-0.03515591
2026-09-14;GARCH Model;AAPL;1;5;0.00243481;0;0;0;0.00000000
2026-09-14;GARCH Model;MSFT;1;9;0.01954030;0;0;0;0.00000000
2026-09-14;GARCH Model;ASML;9;0;-0.07527724;0;0;0;-0.07627724
2026-09-14;GNN Model;NVDA;9;0;-0.03415591;0;0;0;-0.03515591
2026-09-14;GNN Model;AAPL;0;5;0.00243481;0;0;0;0.00000000
2026-09-14;GNN Model;MSFT;0;9;0.01954030;0;0;0;0.00000000
2026-09-14;GNN Model;ASML;9;0;-0.07527724;0;0;0;-0.07627724
2026-09-14;LaplaceMonteCarlo Model;NVDA;4;0;-0.03415591;0;0;1;0.00000000
2026-09-14;LaplaceMonteCarlo Model;AAPL;3;5;0.00243481;0;0;0;0.00000000
2026-09-14;LaplaceMonteCarlo Model;MSFT;5;9;0.01954030;0;0;1;0.01854030
2026-09-14;LaplaceMonteCarlo Model;ASML;5;0;-0.07527724;0;0;0;-0.07627724
2026-09-14;LightGBM Model;NVDA;2;0;-0.03415591;0;0;1;0.00000000
2026-09-14;LightGBM Model;AAPL;2;5;0.00243481;0;0;0;0.00000000
2026-09-14;LightGBM Model;MSFT;3;9;0.01954030;0;0;0;0.00000000
2026-09-14;LightGBM Model;ASML;0;0;-0.07527724;1;1;1;0.00000000
2026-09-14;Markov Model;NVDA;8;0;-0.03415591;0;0;0;-0.03515591
2026-09-14;Markov Model;AAPL;8;5;0.00243481;0;0;1;0.00143481
2026-09-14;Markov Model;MSFT;0;9;0.01954030;0;0;0;0.00000000
2026-09-14;Markov Model;ASML;8;0;-0.07527724;0;0;0;-0.07627724
2026-09-14;MarkovMonteCarlo Model;NVDA;0;0;-0.03415591;1;1;1;0.00000000
2026-09-14;MarkovMonteCarlo Model;AAPL;0;5;0.00243481;0;0;0;0.00000000
2026-09-14;MarkovMonteCarlo Model;MSFT;0;9;0.01954030;0;0;0;0.00000000
2026-09-14;MarkovMonteCarlo Model;ASML;9;0;-0.07527724;0;0;0;-0.07627724
2026-09-14;OrderStatistics Baseline;NVDA;0;0;-0.03415591;1;1;1;0.00000000
2026-09-14;OrderStatistics Baseline;AAPL;9;5;0.00243481;0;0;1;0.00143481
2026-09-14;OrderStatistics Baseline;MSFT;1;9;0.01954030;0;0;0;0.00000000
2026-09-14;OrderStatistics Baseline;ASML;8;0;-0.07527724;0;0;0;-0.07627724
2026-09-14;PoissonMonteCarlo Model;NVDA;2;0;-0.03415591;0;0;1;0.00000000
2026-09-14;PoissonMonteCarlo Model;AAPL;7;5;0.00243481;0;0;1;0.00143481
2026-09-14;PoissonMonteCarlo Model;MSFT;1;9;0.01954030;0;0;0;0.00000000
2026-09-14;PoissonMonteCarlo Model;ASML;9;0;-0.07527724;0;0;0;-0.07627724
2026-09-14;Regime HMM Model;NVDA;9;0;-0.03415591;0;0;0;-0.03515591
2026-09-14;Regime HMM Model;AAPL;0;5;0.00243481;0;0;0;0.00000000
2026-09-14;Regime HMM Model;MSFT;0;9;0.01954030;0;0;0;0.00000000
2026-09-14;Regime HMM Model;ASML;9;0;-0.07527724;0;0;0;-0.07627724
2026-09-14;Regime HMM Single Model;NVDA;9;0;-0.03415591;0;0;0;-0.03515591
2026-09-14;Regime HMM Single Model;AAPL;9;5;0.00243481;0;0;1;0.00143481
2026-09-14;Regime HMM Single Model;MSFT;9;9;0.01954030;1;1;1;0.01854030
2026-09-14;Regime HMM Single Model;ASML;9;0;-0.07527724;0;0;0;-0.07627724
2026-09-14;Regime HMM ZeroMean Model;NVDA;1;0;-0.03415591;0;1;1;0.00000000
2026-09-14;Regime HMM ZeroMean Model;AAPL;1;5;0.00243481;0;0;0;0.00000000
2026-09-14;Regime HMM ZeroMean Model;MSFT;1;9;0.01954030;0;0;0;0.00000000
2026-09-14;Regime HMM ZeroMean Model;ASML;1;0;-0.07527724;0;1;1;0.00000000
2026-09-14;Transformer Model;NVDA;1;0;-0.03415591;0;1;1;0.00000000
2026-09-14;Transformer Model;AAPL;2;5;0.00243481;0;0;0;0.00000000
2026-09-14;Transformer Model;MSFT;4;9;0.01954030;0;0;0;0.00000000
2026-09-14;Transformer Model;ASML;0;0;-0.07527724;1;1;1;0.00000000
2026-09-14;WeightedEnsemble Model;NVDA;2;0;-0.03415591;0;0;1;0.00000000
2026-09-14;WeightedEnsemble Model;AAPL;2;5;0.00243481;0;0;0;0.00000000
2026-09-14;WeightedEnsemble Model;MSFT;0;9;0.01954030;0;0;0;0.00000000
2026-09-14;WeightedEnsemble Model;ASML;0;0;-0.07527724;1;1;1;0.00000000
2026-09-14;XGBoost Model;NVDA;2;0;-0.03415591;0;0;1;0.00000000
2026-09-14;XGBoost Model;AAPL;2;5;0.00243481;0;0;0;0.00000000
2026-09-14;XGBoost Model;MSFT;3;9;0.01954030;0;0;0;0.00000000
2026-09-14;XGBoost Model;ASML;0;0;-0.07527724;1;1;1;0.00000000
2026-09-15;Autoencoder Model;NVDA;2;5;0.00571930;0;0;0;0.00000000
2026-09-15;Autoencoder Model;AAPL;8;2;-0.00523766;0;0;0;-0.00623766
2026-09-15;Autoencoder Model;MSFT;1;1;-0.01653854;1;1;1;0.00000000
2026-09-15;Autoencoder Model;ASML;9;6;0.01031390;0;0;1;0.00931390
2026-09-15;CatBoost Model;NVDA;9;5;0.00571930;0;0;1;0.00471930
2026-09-15;CatBoost Model;AAPL;5;2;-0.00523766;0;0;0;-0.00623766
2026-09-15;CatBoost Model;MSFT;0;1;-0.01653854;0;1;1;0.00000000
2026-09-15;CatBoost Model;ASML;9;6;0.01031390;0;0;1;0.00931390
2026-09-15;GARCH Model;NVDA;8;5;0.00571930;0;0;1;0.00471930
2026-09-15;GARCH Model;AAPL;1;2;-0.00523766;0;1;1;0.00000000
2026-09-15;GARCH Model;MSFT;1;1;-0.01653854;1;1;1;0.00000000
2026-09-15;GARCH Model;ASML;2;6;0.01031390;0;0;0;0.00000000
2026-09-15;GNN Model;NVDA;0;5;0.00571930;0;0;0;0.00000000
2026-09-15;GNN Model;AAPL;0;2;-0.00523766;0;0;1;0.00000000
2026-09-15;GNN Model;MSFT;0;1;-0.01653854;0;1;1;0.00000000
2026-09-15;GNN Model;ASML;9;6;0.01031390;0;0;1;0.00931390
2026-09-15;LaplaceMonteCarlo Model;NVDA;4;5;0.00571930;0;1;0;0.00000000
2026-09-15;LaplaceMonteCarlo Model;AAPL;5;2;-0.00523766;0;0;0;-0.00623766
2026-09-15;LaplaceMonteCarlo Model;MSFT;4;1;-0.01653854;0;0;1;0.00000000
2026-09-15;LaplaceMonteCarlo Model;ASML;3;6;0.01031390;0;0;0;0.00000000
2026-09-15;LightGBM Model;NVDA;6;5;0.00571930;0;1;1;0.00471930
2026-09-15;LightGBM Model;AAPL;5;2;-0.00523766;0;0;0;-0.00623766
2026-09-15;LightGBM Model;MSFT;3;1;-0.01653854;0;0;1;0.00000000
2026-09-15;LightGBM Model;ASML;7;6;0.01031390;0;1;1;0.00931390
2026-09-15;Markov Model;NVDA;1;5;0.00571930;0;0;0;0.00000000
2026-09-15;Markov Model;AAPL;0;2;-0.00523766;0;0;1;0.00000000
2026-09-15;Markov Model;MSFT;8;1;-0.01653854;0;0;0;-0.01753854
2026-09-15;Markov Model;ASML;0;6;0.01031390;0;0;0;0.00000000
2026-09-15;MarkovMonteCarlo Model;NVDA;1;5;0.00571930;0;0;0;0.00000000
2026-09-15;MarkovMonteCarlo Model;AAPL;0;2;-0.00523766;0;0;1;0.00000000
2026-09-15;MarkovMonteCarlo Model;MSFT;0;1;-0.01653854;0;1;1;0.00000000
2026-09-15;MarkovMonteCarlo Model;ASML;0;6;0.01031390;0;0;0;0.00000000
2026-09-15;OrderStatistics Baseline;NVDA;0;5;0.00571930;0;0;0;0.00000000
2026-09-15;OrderStatistics Baseline;AAPL;9;2;-0.00523766;0;0;0;-0.00623766
2026-09-15;OrderStatistics Baseline;MSFT;1;1;-0.01653854;1;1;1;0.00000000
2026-09-15;OrderStatistics Baseline;ASML;8;6;0.01031390;0;0;1;0.00931390
2026-09-15;PoissonMonteCarlo Model;NVDA;2;5;0.00571930;0;0;0;0.00000000
2026-09-15;PoissonMonteCarlo Model;AAPL;9;2;-0.00523766;0;0;0;-0.00623766
2026-09-15;PoissonMonteCarlo Model;MSFT;9;1;-0.01653854;0;0;0;-0.01753854
2026-09-15;PoissonMonteCarlo Model;ASML;9;6;0.01031390;0;0;1;0.00931390
2026-09-15;Regime HMM Model;NVDA;9;5;0.00571930;0;0;1;0.00471930
2026-09-15;Regime HMM Model;AAPL;0;2;-0.00523766;0;0;1;0.00000000
2026-09-15;Regime HMM Model;MSFT;0;1;-0.01653854;0;1;1;0.00000000
2026-09-15;Regime HMM Model;ASML;9;6;0.01031390;0;0;1;0.00931390
2026-09-15;Regime HMM Single Model;NVDA;9;5;0.00571930;0;0;1;0.00471930
2026-09-15;Regime HMM Single Model;AAPL;9;2;-0.00523766;0;0;0;-0.00623766
2026-09-15;Regime HMM Single Model;MSFT;9;1;-0.01653854;0;0;0;-0.01753854
2026-09-15;Regime HMM Single Model;ASML;9;6;0.01031390;0;0;1;0.00931390
2026-09-15;Regime HMM ZeroMean Model;NVDA;0;5;0.00571930;0;0;0;0.00000000
2026-09-15;Regime HMM ZeroMean Model;AAPL;0;2;-0.00523766;0;0;1;0.00000000
2026-09-15;Regime HMM ZeroMean Model;MSFT;0;1;-0.01653854;0;1;1;0.00000000
2026-09-15;Regime HMM ZeroMean Model;ASML;0;6;0.01031390;0;0;0;0.00000000
2026-09-15;Transformer Model;NVDA;1;5;0.00571930;0;0;0;0.00000000
2026-09-15;Transformer Model;AAPL;2;2;-0.00523766;1;1;1;0.00000000
2026-09-15;Transformer Model;MSFT;4;1;-0.01653854;0;0;1;0.00000000
2026-09-15;Transformer Model;ASML;0;6;0.01031390;0;0;0;0.00000000
2026-09-15;WeightedEnsemble Model;NVDA;1;5;0.00571930;0;0;0;0.00000000
2026-09-15;WeightedEnsemble Model;AAPL;5;2;-0.00523766;0;0;0;-0.00623766
2026-09-15;WeightedEnsemble Model;MSFT;0;1;-0.01653854;0;1;1;0.00000000
2026-09-15;WeightedEnsemble Model;ASML;0;6;0.01031390;0;0;0;0.00000000
2026-09-15;XGBoost Model;NVDA;1;5;0.00571930;0;0;0;0.00000000
2026-09-15;XGBoost Model;AAPL;5;2;-0.00523766;0;0;0;-0.00623766
2026-09-15;XGBoost Model;MSFT;3;1;-0.01653854;0;0;1;0.00000000
2026-09-15;XGBoost Model;ASML;7;6;0.01031390;0;1;1;0.00931390
2026-09-16;Autoencoder Model;NVDA;8;5;0.00812078;0;0;1;0.00712078
2026-09-16;Autoencoder Model;AAPL;8;5;0.00322411;0;0;1;0.00222411
2026-09-16;Autoencoder Model;MSFT;1;1;-0.01381400;1;1;1;0.00000000
2026-09-16;Autoencoder Model;ASML;0;6;0.00672577;0;0;0;0.00000000
2026-09-16;CatBoost Model;NVDA;8;5;0.00812078;0;0;1;0.00712078
2026-09-16;CatBoost Model;AAPL;8;5;0.00322411;0;0;1;0.00222411
2026-09-16;CatBoost Model;MSFT;1;1;-0.01381400;1;1;1;0.00000000
2026-09-16;CatBoost Model;ASML;9;6;0.00672577;0;0;1;0.00572577
2026-09-16;GARCH Model;NVDA;8;5;0.00812078;0;0;1;0.00712078
2026-09-16;GARCH Model;AAPL;1;5;0.00322411;0;0;0;0.00000000
2026-09-16;GARCH Model;MSFT;1;1;-0.01381400;1;1;1;0.00000000
2026-09-16;GARCH Model;ASML;9;6;0.00672577;0;0;1;0.00572577
2026-09-16;GNN Model;NVDA;9;5;0.00812078;0;0;1;0.00712078
2026-09-16;GNN Model;AAPL;0;5;0.00322411;0;0;0;0.00000000
2026-09-16;GNN Model;MSFT;0;1;-0.01381400;0;1;1;0.00000000
2026-09-16;GNN Model;ASML;0;6;0.00672577;0;0;0;0.00000000
2026-09-16;LaplaceMonteCarlo Model;NVDA;3;5;0.00812078;0;0;0;0.00000000
2026-09-16;LaplaceMonteCarlo Model;AAPL;3;5;0.00322411;0;0;0;0.00000000
2026-09-16;LaplaceMonteCarlo Model;MSFT;5;1;-0.01381400;0;0;0;-0.01481400
2026-09-16;LaplaceMonteCarlo Model;ASML;4;6;0.00672577;0;0;0;0.00000000
2026-09-16;LightGBM Model;NVDA;8;5;0.00812078;0;0;1;0.00712078
2026-09-16;LightGBM Model;AAPL;7;5;0.00322411;0;0;1;0.00222411
2026-09-16;LightGBM Model;MSFT;8;1;-0.01381400;0;0;0;-0.01481400
2026-09-16;LightGBM Model;ASML;9;6;0.00672577;0;0;1;0.00572577
2026-09-16;Markov Model;NVDA;9;5;0.00812078;0;0;1;0.00712078
2026-09-16;Markov Model;AAPL;0;5;0.00322411;0;0;0;0.00000000
2026-09-16;Markov Model;MSFT;0;1;-0.01381400;0;1;1;0.00000000
2026-09-16;Markov Model;ASML;9;6;0.00672577;0;0;1;0.00572577
2026-09-16;MarkovMonteCarlo Model;NVDA;9;5;0.00812078;0;0;1;0.00712078
2026-09-16;MarkovMonteCarlo Model;AAPL;0;5;0.00322411;0;0;0;0.00000000
2026-09-16;MarkovMonteCarlo Model;MSFT;0;1;-0.01381400;0;1;1;0.00000000
2026-09-16;MarkovMonteCarlo Model;ASML;9;6;0.00672577;0;0;1;0.00572577
2026-09-16;OrderStatistics Baseline;NVDA;0;5;0.00812078;0;0;0;0.00000000
2026-09-16;OrderStatistics Baseline;AAPL;9;5;0.00322411;0;0;1;0.00222411
2026-09-16;OrderStatistics Baseline;MSFT;1;1;-0.01381400;1;1;1;0.00000000
2026-09-16;OrderStatistics Baseline;ASML;8;6;0.00672577;0;0;1;0.00572577
2026-09-16;PoissonMonteCarlo Model;NVDA;7;5;0.00812078;0;0;1;0.00712078
2026-09-16;PoissonMonteCarlo Model;AAPL;1;5;0.00322411;0;0;0;0.00000000
2026-09-16;PoissonMonteCarlo Model;MSFT;9;1;-0.01381400;0;0;0;-0.01481400
2026-09-16;PoissonMonteCarlo Model;ASML;9;6;0.00672577;0;0;1;0.00572577
2026-09-16;Regime HMM Model;NVDA;9;5;0.00812078;0;0;1;0.00712078
2026-09-16;Regime HMM Model;AAPL;0;5;0.00322411;0;0;0;0.00000000
2026-09-16;Regime HMM Model;MSFT;9;1;-0.01381400;0;0;0;-0.01481400
2026-09-16;Regime HMM Model;ASML;9;6;0.00672577;0;0;1;0.00572577
2026-09-16;Regime HMM Single Model;NVDA;9;5;0.00812078;0;0;1;0.00712078
2026-09-16;Regime HMM Single Model;AAPL;9;5;0.00322411;0;0;1;0.00222411
2026-09-16;Regime HMM Single Model;MSFT;9;1;-0.01381400;0;0;0;-0.01481400
2026-09-16;Regime HMM Single Model;ASML;9;6;0.00672577;0;0;1;0.00572577
2026-09-16;Regime HMM ZeroMean Model;NVDA;0;5;0.00812078;0;0;0;0.00000000
2026-09-16;Regime HMM ZeroMean Model;AAPL;0;5;0.00322411;0;0;0;0.00000000
2026-09-16;Regime HMM ZeroMean Model;MSFT;0;1;-0.01381400;0;1;1;0.00000000
2026-09-16;Regime HMM ZeroMean Model;ASML;0;6;0.00672577;0;0;0;0.00000000
2026-09-16;Transformer Model;NVDA;1;5;0.00812078;0;0;0;0.00000000
2026-09-16;Transformer Model;AAPL;2;5;0.00322411;0;0;0;0.00000000
2026-09-16;Transformer Model;MSFT;1;1;-0.01381400;1;1;1;0.00000000
2026-09-16;Transformer Model;ASML;0;6;0.00672577;0;0;0;0.00000000
2026-09-16;WeightedEnsemble Model;NVDA;8;5;0.00812078;0;0;1;0.00712078
2026-09-16;WeightedEnsemble Model;AAPL;0;5;0.00322411;0;0;0;0.00000000
2026-09-16;WeightedEnsemble Model;MSFT;0;1;-0.01381400;0;1;1;0.00000000
2026-09-16;WeightedEnsemble Model;ASML;9;6;0.00672577;0;0;1;0.00572577
2026-09-16;XGBoost Model;NVDA;6;5;0.00812078;0;1;1;0.00712078
2026-09-16;XGBoost Model;AAPL;7;5;0.00322411;0;0;1;0.00222411
2026-09-16;XGBoost Model;MSFT;8;1;-0.01381400;0;0;0;-0.01481400
2026-09-16;XGBoost Model;ASML;9;6;0.00672577;0;0;1;0.00572577
2026-09-17;Autoencoder Model;NVDA;2;8;0.02511442;0;0;0;0.00000000
2026-09-17;Autoencoder Model;AAPL;8;8;0.01371378;1;1;1;0.01271378
2026-09-17;Autoencoder Model;MSFT;1;8;0.01508049;0;0;0;0.00000000
2026-09-17;Autoencoder Model;ASML;9;7;0.01698737;0;0;1;0.01598737
2026-09-17;CatBoost Model;NVDA;5;8;0.02511442;0;0;1;0.02411442
2026-09-17;CatBoost Model;AAPL;5;8;0.01371378;0;0;1;0.01271378
2026-09-17;CatBoost Model;MSFT;9;8;0.01508049;0;1;1;0.01408049
2026-09-17;CatBoost Model;ASML;7;7;0.01698737;1;1;1;0.01598737
2026-09-17;GARCH Model;NVDA;8;8;0.02511442;1;1;1;0.02411442
2026-09-17;GARCH Model;AAPL;1;8;0.01371378;0;0;0;0.00000000
2026-09-17;GARCH Model;MSFT;1;8;0.01508049;0;0;0;0.00000000
2026-09-17;GARCH Model;ASML;9;7;0.01698737;0;0;1;0.01598737
2026-09-17;GNN Model;NVDA;0;8;0.02511442;0;0;0;0.00000000
2026-09-17;GNN Model;AAPL;0;8;0.01371378;0;0;0;0.00000000
2026-09-17;GNN Model;MSFT;0;8;0.01508049;0;0;0;0.00000000
2026-09-17;GNN Model;ASML;9;7;0.01698737;0;0;1;0.01598737
2026-09-17;LaplaceMonteCarlo Model;NVDA;3;8;0.02511442;0;0;0;0.00000000
2026-09-17;LaplaceMonteCarlo Model;AAPL;3;8;0.01371378;0;0;0;0.00000000
2026-09-17;LaplaceMonteCarlo Model;MSFT;5;8;0.01508049;0;0;1;0.01408049
2026-09-17;LaplaceMonteCarlo Model;ASML;5;7;0.01698737;0;0;1;0.01598737
2026-09-17;LightGBM Model;NVDA;5;8;0.02511442;0;0;1;0.02411442
2026-09-17;LightGBM Model;AAPL;7;8;0.01371378;0;1;1;0.01271378
2026-09-17;LightGBM Model;MSFT;9;8;0.01508049;0;1;1;0.01408049
2026-09-17;LightGBM Model;ASML;9;7;0.01698737;0;0;1;0.01598737
2026-09-17;Markov Model;NVDA;2;8;0.02511442;0;0;0;0.00000000
2026-09-17;Markov Model;AAPL;0;8;0.01371378;0;0;0;0.00000000
2026-09-17;Markov Model;MSFT;0;8;0.01508049;0;0;0;0.00000000
2026-09-17;Markov Model;ASML;0;7;0.01698737;0;0;0;0.00000000
2026-09-17;MarkovMonteCarlo Model;NVDA;2;8;0.02511442;0;0;0;0.00000000
2026-09-17;MarkovMonteCarlo Model;AAPL;0;8;0.01371378;0;0;0;0.00000000
2026-09-17;MarkovMonteCarlo Model;MSFT;0;8;0.01508049;0;0;0;0.00000000
2026-09-17;MarkovMonteCarlo Model;ASML;0;7;0.01698737;0;0;0;0.00000000
2026-09-17;OrderStatistics Baseline;NVDA;0;8;0.02511442;0;0;0;0.00000000
2026-09-17;OrderStatistics Baseline;AAPL;9;8;0.01371378;0;1;1;0.01271378
2026-09-17;OrderStatistics Baseline;MSFT;1;8;0.01508049;0;0;0;0.00000000
2026-09-17;OrderStatistics Baseline;ASML;8;7;0.01698737;0;1;1;0.01598737
2026-09-17;PoissonMonteCarlo Model;NVDA;7;8;0.02511442;0;1;1;0.02411442
2026-09-17;PoissonMonteCarlo Model;AAPL;1;8;0.01371378;0;0;0;0.00000000
2026-09-17;PoissonMonteCarlo Model;MSFT;9;8;0.01508049;0;1;1;0.01408049
2026-09-17;PoissonMonteCarlo Model;ASML;9;7;0.01698737;0;0;1;0.01598737
2026-09-17;Regime HMM Model;NVDA;9;8;0.02511442;0;1;1;0.02411442
2026-09-17;Regime HMM Model;AAPL;0;8;0.01371378;0;0;0;0.00000000
2026-09-17;Regime HMM Model;MSFT;9;8;0.01508049;0;1;1;0.01408049
2026-09-17;Regime HMM Model;ASML;9;7;0.01698737;0;0;1;0.01598737
2026-09-17;Regime HMM Single Model;NVDA;9;8;0.02511442;0;1;1;0.02411442
2026-09-17;Regime HMM Single Model;AAPL;9;8;0.01371378;0;1;1;0.01271378
2026-09-17;Regime HMM Single Model;MSFT;9;8;0.01508049;0;1;1;0.01408049
2026-09-17;Regime HMM Single Model;ASML;9;7;0.01698737;0;0;1;0.01598737
2026-09-17;Regime HMM ZeroMean Model;NVDA;0;8;0.02511442;0;0;0;0.00000000
2026-09-17;Regime HMM ZeroMean Model;AAPL;0;8;0.01371378;0;0;0;0.00000000
2026-09-17;Regime HMM ZeroMean Model;MSFT;0;8;0.01508049;0;0;0;0.00000000
2026-09-17;Regime HMM ZeroMean Model;ASML;0;7;0.01698737;0;0;0;0.00000000
2026-09-17;Transformer Model;NVDA;1;8;0.02511442;0;0;0;0.00000000
2026-09-17;Transformer Model;AAPL;2;8;0.01371378;0;0;0;0.00000000
2026-09-17;Transformer Model;MSFT;2;8;0.01508049;0;0;0;0.00000000
2026-09-17;Transformer Model;ASML;7;7;0.01698737;1;1;1;0.01598737
2026-09-17;WeightedEnsemble Model;NVDA;2;8;0.02511442;0;0;0;0.00000000
2026-09-17;WeightedEnsemble Model;AAPL;0;8;0.01371378;0;0;0;0.00000000
2026-09-17;WeightedEnsemble Model;MSFT;9;8;0.01508049;0;1;1;0.01408049
2026-09-17;WeightedEnsemble Model;ASML;0;7;0.01698737;0;0;0;0.00000000
2026-09-17;XGBoost Model;NVDA;2;8;0.02511442;0;0;0;0.00000000
2026-09-17;XGBoost Model;AAPL;6;8;0.01371378;0;0;1;0.01271378
2026-09-17;XGBoost Model;MSFT;9;8;0.01508049;0;1;1;0.01408049
2026-09-17;XGBoost Model;ASML;7;7;0.01698737;1;1;1;0.01598737
2026-09-18;Autoencoder Model;NVDA;2;6;0.01326982;0;0;0;0.00000000
2026-09-18;Autoencoder Model;AAPL;8;3;-0.00258494;0;0;0;-0.00358494
2026-09-18;Autoencoder Model;MSFT;8;2;-0.00800787;0;0;0;-0.00900787
2026-09-18;Autoencoder Model;ASML;8;9;0.03036863;0;1;1;0.02936863
2026-09-18;CatBoost Model;NVDA;5;6;0.01326982;0;1;1;0.01226982
2026-09-18;CatBoost Model;AAPL;2;3;-0.00258494;0;1;1;0.00000000
2026-09-18;CatBoost Model;MSFT;8;2;-0.00800787;0;0;0;-0.00900787
2026-09-18;CatBoost Model;ASML;9;9;0.03036863;1;1;1;0.02936863
2026-09-18;GARCH Model;NVDA;2;6;0.01326982;0;0;0;0.00000000
2026-09-18;GARCH Model;AAPL;1;3;-0.00258494;0;0;1;0.00000000
2026-09-18;GARCH Model;MSFT;1;2;-0.00800787;0;1;1;0.00000000
2026-09-18;GARCH Model;ASML;9;9;0.03036863;1;1;1;0.02936863
2026-09-18;GNN Model;NVDA;0;6;0.01326982;0;0;0;0.00000000
2026-09-18;GNN Model;AAPL;0;3;-0.00258494;0;0;1;0.00000000
2026-09-18;GNN Model;MSFT;0;2;-0.00800787;0;0;1;0.00000000
2026-09-18;GNN Model;ASML;0;9;0.03036863;0;0;0;0.00000000
2026-09-18;LaplaceMonteCarlo Model;NVDA;5;6;0.01326982;0;1;1;0.01226982
2026-09-18;LaplaceMonteCarlo Model;AAPL;3;3;-0.00258494;1;1;1;0.00000000
2026-09-18;LaplaceMonteCarlo Model;MSFT;3;2;-0.00800787;0;1;1;0.00000000
2026-09-18;LaplaceMonteCarlo Model;ASML;5;9;0.03036863;0;0;1;0.02936863
2026-09-18;LightGBM Model;NVDA;1;6;0.01326982;0;0;0;0.00000000
2026-09-18;LightGBM Model;AAPL;9;3;-0.00258494;0;0;0;-0.00358494
2026-09-18;LightGBM Model;MSFT;6;2;-0.00800787;0;0;0;-0.00900787
2026-09-18;LightGBM Model;ASML;4;9;0.03036863;0;0;0;0.00000000
2026-09-18;Markov Model;NVDA;2;6;0.01326982;0;0;0;0.00000000
2026-09-18;Markov Model;AAPL;5;3;-0.00258494;0;0;0;-0.00358494
2026-09-18;Markov Model;MSFT;0;2;-0.00800787;0;0;1;0.00000000
2026-09-18;Markov Model;ASML;0;9;0.03036863;0;0;0;0.00000000
2026-09-18;MarkovMonteCarlo Model;NVDA;2;6;0.01326982;0;0;0;0.00000000
2026-09-18;MarkovMonteCarlo Model;AAPL;0;3;-0.00258494;0;0;1;0.00000000
2026-09-18;MarkovMonteCarlo Model;MSFT;0;2;-0.00800787;0;0;1;0.00000000
2026-09-18;MarkovMonteCarlo Model;ASML;0;9;0.03036863;0;0;0;0.00000000
2026-09-18;OrderStatistics Baseline;NVDA;0;6;0.01326982;0;0;0;0.00000000
2026-09-18;OrderStatistics Baseline;AAPL;9;3;-0.00258494;0;0;0;-0.00358494
2026-09-18;OrderStatistics Baseline;MSFT;1;2;-0.00800787;0;1;1;0.00000000
2026-09-18;OrderStatistics Baseline;ASML;8;9;0.03036863;0;1;1;0.02936863
2026-09-18;PoissonMonteCarlo Model;NVDA;2;6;0.01326982;0;0;0;0.00000000
2026-09-18;PoissonMonteCarlo Model;AAPL;7;3;-0.00258494;0;0;0;-0.00358494
2026-09-18;PoissonMonteCarlo Model;MSFT;1;2;-0.00800787;0;1;1;0.00000000
2026-09-18;PoissonMonteCarlo Model;ASML;9;9;0.03036863;1;1;1;0.02936863
2026-09-18;Regime HMM Model;NVDA;9;6;0.01326982;0;0;1;0.01226982
2026-09-18;Regime HMM Model;AAPL;1;3;-0.00258494;0;0;1;0.00000000
2026-09-18;Regime HMM Model;MSFT;9;2;-0.00800787;0;0;0;-0.00900787
2026-09-18;Regime HMM Model;ASML;9;9;0.03036863;1;1;1;0.02936863
2026-09-18;Regime HMM Single Model;NVDA;9;6;0.01326982;0;0;1;0.01226982
2026-09-18;Regime HMM Single Model;AAPL;9;3;-0.00258494;0;0;0;-0.00358494
2026-09-18;Regime HMM Single Model;MSFT;9;2;-0.00800787;0;0;0;-0.00900787
2026-09-18;Regime HMM Single Model;ASML;9;9;0.03036863;1;1;1;0.02936863
2026-09-18;Regime HMM ZeroMean Model;NVDA;0;6;0.01326982;0;0;0;0.00000000
2026-09-18;Regime HMM ZeroMean Model;AAPL;0;3;-0.00258494;0;0;1;0.00000000
2026-09-18;Regime HMM ZeroMean Model;MSFT;0;2;-0.00800787;0;0;1;0.00000000
2026-09-18;Regime HMM ZeroMean Model;ASML;0;9;0.03036863;0;0;0;0.00000000
2026-09-18;Transformer Model;NVDA;1;6;0.01326982;0;0;0;0.00000000
2026-09-18;Transformer Model;AAPL;2;3;-0.00258494;0;1;1;0.00000000
2026-09-18;Transformer Model;MSFT;4;2;-0.00800787;0;0;1;0.00000000
2026-09-18;Transformer Model;ASML;0;9;0.03036863;0;0;0;0.00000000
2026-09-18;WeightedEnsemble Model;NVDA;2;6;0.01326982;0;0;0;0.00000000
2026-09-18;WeightedEnsemble Model;AAPL;9;3;-0.00258494;0;0;0;-0.00358494
2026-09-18;WeightedEnsemble Model;MSFT;0;2;-0.00800787;0;0;1;0.00000000
2026-09-18;WeightedEnsemble Model;ASML;0;9;0.03036863;0;0;0;0.00000000
2026-09-18;XGBoost Model;NVDA;1;6;0.01326982;0;0;0;0.00000000
2026-09-18;XGBoost Model;AAPL;9;3;-0.00258494;0;0;0;-0.00358494
2026-09-18;XGBoost Model;MSFT;6;2;-0.00800787;0;0;0;-0.00900787
2026-09-18;XGBoost Model;ASML;4;9;0.03036863;0;0;0;0.00000000
2026-09-21;Autoencoder Model;NVDA;2;7;0.02272977;0;0;0;0.00000000
2026-09-21;Autoencoder Model;AAPL;8;7;0.00844312;0;1;1;0.00744312
2026-09-21;Autoencoder Model;MSFT;8;8;0.01573285;1;1;1;0.01473285
2026-09-21;Autoencoder Model;ASML;1;7;0.01851883;0;0;0;0.00000000
2026-09-21;CatBoost Model;NVDA;2;7;0.02272977;0;0;0;0.00000000
2026-09-21;CatBoost Model;AAPL;1;7;0.00844312;0;0;0;0.00000000
2026-09-21;CatBoost Model;MSFT;2;8;0.01573285;0;0;0;0.00000000
2026-09-21;CatBoost Model;ASML;0;7;0.01851883;0;0;0;0.00000000
2026-09-21;GARCH Model;NVDA;2;7;0.02272977;0;0;0;0.00000000
2026-09-21;GARCH Model;AAPL;1;7;0.00844312;0;0;0;0.00000000
2026-09-21;GARCH Model;MSFT;1;8;0.01573285;0;0;0;0.00000000
2026-09-21;GARCH Model;ASML;9;7;0.01851883;0;0;1;0.01751883
2026-09-21;GNN Model;NVDA;9;7;0.02272977;0;0;1;0.02172977
2026-09-21;GNN Model;AAPL;0;7;0.00844312;0;0;0;0.00000000
2026-09-21;GNN Model;MSFT;0;8;0.01573285;0;0;0;0.00000000
2026-09-21;GNN Model;ASML;0;7;0.01851883;0;0;0;0.00000000
2026-09-21;LaplaceMonteCarlo Model;NVDA;5;7;0.02272977;0;0;1;0.02172977
2026-09-21;LaplaceMonteCarlo Model;AAPL;5;7;0.00844312;0;0;1;0.00744312
2026-09-21;LaplaceMonteCarlo Model;MSFT;5;8;0.01573285;0;0;1;0.01473285
2026-09-21;LaplaceMonteCarlo Model;ASML;3;7;0.01851883;0;0;0;0.00000000
2026-09-21;LightGBM Model;NVDA;2;7;0.02272977;0;0;0;0.00000000
2026-09-21;LightGBM Model;AAPL;6;7;0.00844312;0;1;1;0.00744312
2026-09-21;LightGBM Model;MSFT;0;8;0.01573285;0;0;0;0.00000000
2026-09-21;LightGBM Model;ASML;7;7;0.01851883;1;1;1;0.01751883
2026-09-21;Markov Model;NVDA;7;7;0.02272977;1;1;1;0.02172977
2026-09-21;Markov Model;AAPL;0;7;0.00844312;0;0;0;0.00000000
2026-09-21;Markov Model;MSFT;3;8;0.01573285;0;0;0;0.00000000
2026-09-21;Markov Model;ASML;9;7;0.01851883;0;0;1;0.01751883
2026-09-21;MarkovMonteCarlo Model;NVDA;0;7;0.02272977;0;0;0;0.00000000
2026-09-21;MarkovMonteCarlo Model;AAPL;0;7;0.00844312;0;0;0;0.00000000
2026-09-21;MarkovMonteCarlo Model;MSFT;0;8;0.01573285;0;0;0;0.00000000
2026-09-21;MarkovMonteCarlo Model;ASML;9;7;0.01851883;0;0;1;0.01751883
2026-09-21;OrderStatistics Baseline;NVDA;0;7;0.02272977;0;0;0;0.00000000
2026-09-21;OrderStatistics Baseline;AAPL;9;7;0.00844312;0;0;1;0.00744312
2026-09-21;OrderStatistics Baseline;MSFT;1;8;0.01573285;0;0;0;0.00000000
2026-09-21;OrderStatistics Baseline;ASML;8;7;0.01851883;0;1;1;0.01751883
2026-09-21;PoissonMonteCarlo Model;NVDA;2;7;0.02272977;0;0;0;0.00000000
2026-09-21;PoissonMonteCarlo Model;AAPL;1;7;0.00844312;0;0;0;0.00000000
2026-09-21;PoissonMonteCarlo Model;MSFT;1;8;0.01573285;0;0;0;0.00000000
2026-09-21;PoissonMonteCarlo Model;ASML;9;7;0.01851883;0;0;1;0.01751883
2026-09-21;Regime HMM Model;NVDA;8;7;0.02272977;0;1;1;0.02172977
2026-09-21;Regime HMM Model;AAPL;1;7;0.00844312;0;0;0;0.00000000
2026-09-21;Regime HMM Model;MSFT;9;8;0.01573285;0;1;1;0.01473285
2026-09-21;Regime HMM Model;ASML;9;7;0.01851883;0;0;1;0.01751883
2026-09-21;Regime HMM Single Model;NVDA;9;7;0.02272977;0;0;1;0.02172977
2026-09-21;Regime HMM Single Model;AAPL;9;7;0.00844312;0;0;1;0.00744312
2026-09-21;Regime HMM Single Model;MSFT;9;8;0.01573285;0;1;1;0.01473285
2026-09-21;Regime HMM Single Model;ASML;9;7;0.01851883;0;0;1;0.01751883
2026-09-21;Regime HMM ZeroMean Model;NVDA;0;7;0.02272977;0;0;0;0.00000000
2026-09-21;Regime HMM ZeroMean Model;AAPL;0;7;0.00844312;0;0;0;0.00000000
2026-09-21;Regime HMM ZeroMean Model;MSFT;0;8;0.01573285;0;0;0;0.00000000
2026-09-21;Regime HMM ZeroMean Model;ASML;0;7;0.01851883;0;0;0;0.00000000
2026-09-21;Transformer Model;NVDA;1;7;0.02272977;0;0;0;0.00000000
2026-09-21;Transformer Model;AAPL;2;7;0.00844312;0;0;0;0.00000000
2026-09-21;Transformer Model;MSFT;5;8;0.01573285;0;0;1;0.01473285
2026-09-21;Transformer Model;ASML;4;7;0.01851883;0;0;0;0.00000000
2026-09-21;WeightedEnsemble Model;NVDA;2;7;0.02272977;0;0;0;0.00000000
2026-09-21;WeightedEnsemble Model;AAPL;0;7;0.00844312;0;0;0;0.00000000
2026-09-21;WeightedEnsemble Model;MSFT;0;8;0.01573285;0;0;0;0.00000000
2026-09-21;WeightedEnsemble Model;ASML;9;7;0.01851883;0;0;1;0.01751883
2026-09-21;XGBoost Model;NVDA;2;7;0.02272977;0;0;0;0.00000000
2026-09-21;XGBoost Model;AAPL;5;7;0.00844312;0;0;1;0.00744312
2026-09-21;XGBoost Model;MSFT;0;8;0.01573285;0;0;0;0.00000000
2026-09-21;XGBoost Model;ASML;0;7;0.01851883;0;0;0;0.00000000
2026-09-22;Autoencoder Model;NVDA;2;5;0.00653153;0;0;0;0.00000000
2026-09-22;Autoencoder Model;AAPL;8;5;0.00226894;0;0;1;0.00126894
2026-09-22;Autoencoder Model;MSFT;6;2;-0.00722285;0;0;0;-0.00822285
2026-09-22;Autoencoder Model;ASML;9;8;0.02115006;0;1;1;0.02015006
2026-09-22;CatBoost Model;NVDA;6;5;0.00653153;0;1;1;0.00553153
2026-09-22;CatBoost Model;AAPL;2;5;0.00226894;0;0;0;0.00000000
2026-09-22;CatBoost Model;MSFT;0;2;-0.00722285;0;0;1;0.00000000
2026-09-22;CatBoost Model;ASML;5;8;0.02115006;0;0;1;0.02015006
2026-09-22;GARCH Model;NVDA;2;5;0.00653153;0;0;0;0.00000000
2026-09-22;GARCH Model;AAPL;1;5;0.00226894;0;0;0;0.00000000
2026-09-22;GARCH Model;MSFT;1;2;-0.00722285;0;1;1;0.00000000
2026-09-22;GARCH Model;ASML;9;8;0.02115006;0;1;1;0.02015006
2026-09-22;GNN Model;NVDA;9;5;0.00653153;0;0;1;0.00553153
2026-09-22;GNN Model;AAPL;0;5;0.00226894;0;0;0;0.00000000
2026-09-22;GNN Model;MSFT;0;2;-0.00722285;0;0;1;0.00000000
2026-09-22;GNN Model;ASML;9;8;0.02115006;0;1;1;0.02015006
2026-09-22;LaplaceMonteCarlo Model;NVDA;4;5;0.00653153;0;1;0;0.00000000
2026-09-22;LaplaceMonteCarlo Model;AAPL;5;5;0.00226894;1;1;1;0.00126894
2026-09-22;LaplaceMonteCarlo Model;MSFT;4;2;-0.00722285;0;0;1;0.00000000
2026-09-22;LaplaceMonteCarlo Model;ASML;5;8;0.02115006;0;0;1;0.02015006
2026-09-22;LightGBM Model;NVDA;0;5;0.00653153;0;0;0;0.00000000
2026-09-22;LightGBM Model;AAPL;3;5;0.00226894;0;0;0;0.00000000
2026-09-22;LightGBM Model;MSFT;8;2;-0.00722285;0;0;0;-0.00822285
2026-09-22;LightGBM Model;ASML;8;8;0.02115006;1;1;1;0.02015006
2026-09-22;Markov Model;NVDA;0;5;0.00653153;0;0;0;0.00000000
2026-09-22;Markov Model;AAPL;2;5;0.00226894;0;0;0;0.00000000
2026-09-22;Markov Model;MSFT;9;2;-0.00722285;0;0;0;-0.00822285
2026-09-22;Markov Model;ASML;0;8;0.02115006;0;0;0;0.00000000
2026-09-22;MarkovMonteCarlo Model;NVDA;8;5;0.00653153;0;0;1;0.00553153
2026-09-22;MarkovMonteCarlo Model;AAPL;9;5;0.00226894;0;0;1;0.00126894
2026-09-22;MarkovMonteCarlo Model;MSFT;0;2;-0.00722285;0;0;1;0.00000000
2026-09-22;MarkovMonteCarlo Model;ASML;0;8;0.02115006;0;0;0;0.00000000
2026-09-22;OrderStatistics Baseline;NVDA;0;5;0.00653153;0;0;0;0.00000000
2026-09-22;OrderStatistics Baseline;AAPL;9;5;0.00226894;0;0;1;0.00126894
2026-09-22;OrderStatistics Baseline;MSFT;1;2;-0.00722285;0;1;1;0.00000000
2026-09-22;OrderStatistics Baseline;ASML;8;8;0.02115006;1;1;1;0.02015006
2026-09-22;PoissonMonteCarlo Model;NVDA;2;5;0.00653153;0;0;0;0.00000000
2026-09-22;PoissonMonteCarlo Model;AAPL;1;5;0.00226894;0;0;0;0.00000000
2026-09-22;PoissonMonteCarlo Model;MSFT;1;2;-0.00722285;0;1;1;0.00000000
2026-09-22;PoissonMonteCarlo Model;ASML;9;8;0.02115006;0;1;1;0.02015006
2026-09-22;Regime HMM Model;NVDA;8;5;0.00653153;0;0;1;0.00553153
2026-09-22;Regime HMM Model;AAPL;9;5;0.00226894;0;0;1;0.00126894
2026-09-22;Regime HMM Model;MSFT;9;2;-0.00722285;0;0;0;-0.00822285
2026-09-22;Regime HMM Model;ASML;9;8;0.02115006;0;1;1;0.02015006
2026-09-22;Regime HMM Single Model;NVDA;9;5;0.00653153;0;0;1;0.00553153
2026-09-22;Regime HMM Single Model;AAPL;9;5;0.00226894;0;0;1;0.00126894
2026-09-22;Regime HMM Single Model;MSFT;9;2;-0.00722285;0;0;0;-0.00822285
2026-09-22;Regime HMM Single Model;ASML;9;8;0.02115006;0;1;1;0.02015006
2026-09-22;Regime HMM ZeroMean Model;NVDA;1;5;0.00653153;0;0;0;0.00000000
2026-09-22;Regime HMM ZeroMean Model;AAPL;1;5;0.00226894;0;0;0;0.00000000
2026-09-22;Regime HMM ZeroMean Model;MSFT;1;2;-0.00722285;0;1;1;0.00000000
2026-09-22;Regime HMM ZeroMean Model;ASML;1;8;0.02115006;0;0;0;0.00000000
2026-09-22;Transformer Model;NVDA;1;5;0.00653153;0;0;0;0.00000000
2026-09-22;Transformer Model;AAPL;2;5;0.00226894;0;0;0;0.00000000
2026-09-22;Transformer Model;MSFT;5;2;-0.00722285;0;0;0;-0.00822285
2026-09-22;Transformer Model;ASML;4;8;0.02115006;0;0;0;0.00000000
2026-09-22;WeightedEnsemble Model;NVDA;0;5;0.00653153;0;0;0;0.00000000
2026-09-22;WeightedEnsemble Model;AAPL;2;5;0.00226894;0;0;0;0.00000000
2026-09-22;WeightedEnsemble Model;MSFT;0;2;-0.00722285;0;0;1;0.00000000
2026-09-22;WeightedEnsemble Model;ASML;0;8;0.02115006;0;0;0;0.00000000
2026-09-22;XGBoost Model;NVDA;0;5;0.00653153;0;0;0;0.00000000
2026-09-22;XGBoost Model;AAPL;8;5;0.00226894;0;0;1;0.00126894
2026-09-22;XGBoost Model;MSFT;8;2;-0.00722285;0;0;0;-0.00822285
2026-09-22;XGBoost Model;ASML;8;8;0.02115006;1;1;1;0.02015006
2026-09-23;Autoencoder Model;NVDA;2;2;-0.01478965;1;1;1;0.00000000
2026-09-23;Autoencoder Model;AAPL;2;2;-0.00806778;1;1;1;0.00000000
2026-09-23;Autoencoder Model;MSFT;6;6;0.00518733;1;1;1;0.00418733
2026-09-23;Autoencoder Model;ASML;3;4;-0.00188403;0;1;1;0.00000000
2026-09-23;CatBoost Model;NVDA;7;2;-0.01478965;0;0;0;-0.01578965
2026-09-23;CatBoost Model;AAPL;6;2;-0.00806778;0;0;0;-0.00906778
2026-09-23;CatBoost Model;MSFT;7;6;0.00518733;0;1;1;0.00418733
2026-09-23;CatBoost Model;ASML;1;4;-0.00188403;0;0;1;0.00000000
2026-09-23;GARCH Model;NVDA;2;2;-0.01478965;1;1;1;0.00000000
2026-09-23;GARCH Model;AAPL;7;2;-0.00806778;0;0;0;-0.00906778
2026-09-23;GARCH Model;MSFT;1;6;0.00518733;0;0;0;0.00000000
2026-09-23;GARCH Model;ASML;9;4;-0.00188403;0;0;0;-0.00288403
2026-09-23;GNN Model;NVDA;9;2;-0.01478965;0;0;0;-0.01578965
2026-09-23;GNN Model;AAPL;9;2;-0.00806778;0;0;0;-0.00906778
2026-09-23;GNN Model;MSFT;0;6;0.00518733;0;0;0;0.00000000
2026-09-23;GNN Model;ASML;9;4;-0.00188403;0;0;0;-0.00288403
2026-09-23;LaplaceMonteCarlo Model;NVDA;5;2;-0.01478965;0;0;0;-0.01578965
2026-09-23;LaplaceMonteCarlo Model;AAPL;5;2;-0.00806778;0;0;0;-0.00906778
2026-09-23;LaplaceMonteCarlo Model;MSFT;5;6;0.00518733;0;1;1;0.00418733
2026-09-23;LaplaceMonteCarlo Model;ASML;3;4;-0.00188403;0;1;1;0.00000000
2026-09-23;LightGBM Model;NVDA;7;2;-0.01478965;0;0;0;-0.01578965
2026-09-23;LightGBM Model;AAPL;6;2;-0.00806778;0;0;0;-0.00906778
2026-09-23;LightGBM Model;MSFT;7;6;0.00518733;0;1;1;0.00418733
2026-09-23;LightGBM Model;ASML;6;4;-0.00188403;0;0;0;-0.00288403
2026-09-23;Markov Model;NVDA;9;2;-0.01478965;0;0;0;-0.01578965
2026-09-23;Markov Model;AAPL;3;2;-0.00806778;0;1;1;0.00000000
2026-09-23;Markov Model;MSFT;1;6;0.00518733;0;0;0;0.00000000
2026-09-23;Markov Model;ASML;0;4;-0.00188403;0;0;1;0.00000000
2026-09-23;MarkovMonteCarlo Model;NVDA;9;2;-0.01478965;0;0;0;-0.01578965
2026-09-23;MarkovMonteCarlo Model;AAPL;9;2;-0.00806778;0;0;0;-0.00906778
2026-09-23;MarkovMonteCarlo Model;MSFT;0;6;0.00518733;0;0;0;0.00000000
2026-09-23;MarkovMonteCarlo Model;ASML;9;4;-0.00188403;0;0;0;-0.00288403
2026-09-23;OrderStatistics Baseline;NVDA;0;2;-0.01478965;0;0;1;0.00000000
2026-09-23;OrderStatistics Baseline;AAPL;9;2;-0.00806778;0;0;0;-0.00906778
2026-09-23;OrderStatistics Baseline;MSFT;1;6;0.00518733;0;0;0;0.00000000
2026-09-23;OrderStatistics Baseline;ASML;8;4;-0.00188403;0;0;0;-0.00288403
2026-09-23;PoissonMonteCarlo Model;NVDA;7;2;-0.01478965;0;0;0;-0.01578965
2026-09-23;PoissonMonteCarlo Model;AAPL;7;2;-0.00806778;0;0;0;-0.00906778
2026-09-23;PoissonMonteCarlo Model;MSFT;1;6;0.00518733;0;0;0;0.00000000
2026-09-23;PoissonMonteCarlo Model;ASML;9;4;-0.00188403;0;0;0;-0.00288403
2026-09-23;Regime HMM Model;NVDA;8;2;-0.01478965;0;0;0;-0.01578965
2026-09-23;Regime HMM Model;AAPL;9;2;-0.00806778;0;0;0;-0.00906778
2026-09-23;Regime HMM Model;MSFT;9;6;0.00518733;0;0;1;0.00418733
2026-09-23;Regime HMM Model;ASML;9;4;-0.00188403;0;0;0;-0.00288403
2026-09-23;Regime HMM Single Model;NVDA;9;2;-0.01478965;0;0;0;-0.01578965
2026-09-23;Regime HMM Single Model;AAPL;9;2;-0.00806778;0;0;0;-0.00906778
2026-09-23;Regime HMM Single Model;MSFT;9;6;0.00518733;0;0;1;0.00418733
2026-09-23;Regime HMM Single Model;ASML;9;4;-0.00188403;0;0;0;-0.00288403
2026-09-23;Regime HMM ZeroMean Model;NVDA;1;2;-0.01478965;0;1;1;0.00000000
2026-09-23;Regime HMM ZeroMean Model;AAPL;1;2;-0.00806778;0;1;1;0.00000000
2026-09-23;Regime HMM ZeroMean Model;MSFT;1;6;0.00518733;0;0;0;0.00000000
2026-09-23;Regime HMM ZeroMean Model;ASML;1;4;-0.00188403;0;0;1;0.00000000
2026-09-23;Transformer Model;NVDA;8;2;-0.01478965;0;0;0;-0.01578965
2026-09-23;Transformer Model;AAPL;2;2;-0.00806778;1;1;1;0.00000000
2026-09-23;Transformer Model;MSFT;5;6;0.00518733;0;1;1;0.00418733
2026-09-23;Transformer Model;ASML;7;4;-0.00188403;0;0;0;-0.00288403
2026-09-23;WeightedEnsemble Model;NVDA;7;2;-0.01478965;0;0;0;-0.01578965
2026-09-23;WeightedEnsemble Model;AAPL;6;2;-0.00806778;0;0;0;-0.00906778
2026-09-23;WeightedEnsemble Model;MSFT;1;6;0.00518733;0;0;0;0.00000000
2026-09-23;WeightedEnsemble Model;ASML;6;4;-0.00188403;0;0;0;-0.00288403
2026-09-23;XGBoost Model;NVDA;7;2;-0.01478965;0;0;0;-0.01578965
2026-09-23;XGBoost Model;AAPL;6;2;-0.00806778;0;0;0;-0.00906778
2026-09-23;XGBoost Model;MSFT;6;6;0.00518733;1;1;1;0.00418733
2026-09-23;XGBoost Model;ASML;6;4;-0.00188403;0;0;0;-0.00288403
2026-09-24;Autoencoder Model;NVDA;2;3;-0.00413251;0;1;1;0.00000000
2026-09-24;Autoencoder Model;AAPL;2;3;-0.00326924;0;1;1;0.00000000
2026-09-24;Autoencoder Model;MSFT;6;2;-0.00532790;0;0;0;-0.00632790
2026-09-24;Autoencoder Model;ASML;2;2;-0.01275431;1;1;1;0.00000000
2026-09-24;CatBoost Model;NVDA;7;3;-0.00413251;0;0;0;-0.00513251
2026-09-24;CatBoost Model;AAPL;6;3;-0.00326924;0;0;0;-0.00426924
2026-09-24;CatBoost Model;MSFT;0;2;-0.00532790;0;0;1;0.00000000
2026-09-24;CatBoost Model;ASML;2;2;-0.01275431;1;1;1;0.00000000
2026-09-24;GARCH Model;NVDA;4;3;-0.00413251;0;1;1;0.00000000
2026-09-24;GARCH Model;AAPL;7;3;-0.00326924;0;0;0;-0.00426924
2026-09-24;GARCH Model;MSFT;1;2;-0.00532790;0;1;1;0.00000000
2026-09-24;GARCH Model;ASML;9;2;-0.01275431;0;0;0;-0.01375431
2026-09-24;GNN Model;NVDA;9;3;-0.00413251;0;0;0;-0.00513251
2026-09-24;GNN Model;AAPL;0;3;-0.00326924;0;0;1;0.00000000
2026-09-24;GNN Model;MSFT;0;2;-0.00532790;0;0;1;0.00000000
2026-09-24;GNN Model;ASML;9;2;-0.01275431;0;0;0;-0.01375431
2026-09-24;LaplaceMonteCarlo Model;NVDA;3;3;-0.00413251;1;1;1;0.00000000
2026-09-24;LaplaceMonteCarlo Model;AAPL;3;3;-0.00326924;1;1;1;0.00000000
2026-09-24;LaplaceMonteCarlo Model;MSFT;3;2;-0.00532790;0;1;1;0.00000000
2026-09-24;LaplaceMonteCarlo Model;ASML;4;2;-0.01275431;0;0;1;0.00000000
2026-09-24;LightGBM Model;NVDA;8;3;-0.00413251;0;0;0;-0.00513251
2026-09-24;LightGBM Model;AAPL;4;3;-0.00326924;0;1;1;0.00000000
2026-09-24;LightGBM Model;MSFT;4;2;-0.00532790;0;0;1;0.00000000
2026-09-24;LightGBM Model;ASML;1;2;-0.01275431;0;1;1;0.00000000
2026-09-24;Markov Model;NVDA;8;3;-0.00413251;0;0;0;-0.00513251
2026-09-24;Markov Model;AAPL;6;3;-0.00326924;0;0;0;-0.00426924
2026-09-24;Markov Model;MSFT;9;2;-0.00532790;0;0;0;-0.00632790
2026-09-24;Markov Model;ASML;0;2;-0.01275431;0;0;1;0.00000000
2026-09-24;MarkovMonteCarlo Model;NVDA;8;3;-0.00413251;0;0;0;-0.00513251
2026-09-24;MarkovMonteCarlo Model;AAPL;0;3;-0.00326924;0;0;1;0.00000000
2026-09-24;MarkovMonteCarlo Model;MSFT;0;2;-0.00532790;0;0;1;0.00000000
2026-09-24;MarkovMonteCarlo Model;ASML;9;2;-0.01275431;0;0;0;-0.01375431
2026-09-24;OrderStatistics Baseline;NVDA;0;3;-0.00413251;0;0;1;0.00000000
2026-09-24;OrderStatistics Baseline;AAPL;9;3;-0.00326924;0;0;0;-0.00426924
2026-09-24;OrderStatistics Baseline;MSFT;1;2;-0.00532790;0;1;1;0.00000000
2026-09-24;OrderStatistics Baseline;ASML;8;2;-0.01275431;0;0;0;-0.01375431
2026-09-24;PoissonMonteCarlo Model;NVDA;7;3;-0.00413251;0;0;0;-0.00513251
2026-09-24;PoissonMonteCarlo Model;AAPL;7;3;-0.00326924;0;0;0;-0.00426924
2026-09-24;PoissonMonteCarlo Model;MSFT;1;2;-0.00532790;0;1;1;0.00000000
2026-09-24;PoissonMonteCarlo Model;ASML;9;2;-0.01275431;0;0;0;-0.01375431
2026-09-24;Regime HMM Model;NVDA;0;3;-0.00413251;0;0;1;0.00000000
2026-09-24;Regime HMM Model;AAPL;0;3;-0.00326924;0;0;1;0.00000000
2026-09-24;Regime HMM Model;MSFT;0;2;-0.00532790;0;0;1;0.00000000
2026-09-24;Regime HMM Model;ASML;0;2;-0.01275431;0;0;1;0.00000000
2026-09-24;Regime HMM Single Model;NVDA;9;3;-0.00413251;0;0;0;-0.00513251
2026-09-24;Regime HMM Single Model;AAPL;9;3;-0.00326924;0;0;0;-0.00426924
2026-09-24;Regime HMM Single Model;MSFT;9;2;-0.00532790;0;0;0;-0.00632790
2026-09-24;Regime HMM Single Model;ASML;9;2;-0.01275431;0;0;0;-0.01375431
2026-09-24;Regime HMM ZeroMean Model;NVDA;0;3;-0.00413251;0;0;1;0.00000000
2026-09-24;Regime HMM ZeroMean Model;AAPL;0;3;-0.00326924;0;0;1;0.00000000
2026-09-24;Regime HMM ZeroMean Model;MSFT;0;2;-0.00532790;0;0;1;0.00000000
2026-09-24;Regime HMM ZeroMean Model;ASML;0;2;-0.01275431;0;0;1;0.00000000
2026-09-24;Transformer Model;NVDA;7;3;-0.00413251;0;0;0;-0.00513251
2026-09-24;Transformer Model;AAPL;2;3;-0.00326924;0;1;1;0.00000000
2026-09-24;Transformer Model;MSFT;2;2;-0.00532790;1;1;1;0.00000000
2026-09-24;Transformer Model;ASML;7;2;-0.01275431;0;0;0;-0.01375431
2026-09-24;WeightedEnsemble Model;NVDA;8;3;-0.00413251;0;0;0;-0.00513251
2026-09-24;WeightedEnsemble Model;AAPL;4;3;-0.00326924;0;1;1;0.00000000
2026-09-24;WeightedEnsemble Model;MSFT;0;2;-0.00532790;0;0;1;0.00000000
2026-09-24;WeightedEnsemble Model;ASML;1;2;-0.01275431;0;1;1;0.00000000
2026-09-24;XGBoost Model;NVDA;1;3;-0.00413251;0;0;1;0.00000000
2026-09-24;XGBoost Model;AAPL;4;3;-0.00326924;0;1;1;0.00000000
2026-09-24;XGBoost Model;MSFT;4;2;-0.00532790;0;0;1;0.00000000
2026-09-24;XGBoost Model;ASML;1;2;-0.01275431;0;1;1;0.00000000
2026-09-25;Autoencoder Model;NVDA;2;4;0.00217947;0;0;0;0.00000000
2026-09-25;Autoencoder Model;AAPL;2;8;0.01521470;0;0;0;0.00000000
2026-09-25;Autoencoder Model;MSFT;6;9;0.03597666;0;0;1;0.03497666
2026-09-25;Autoencoder Model;ASML;4;7;0.01237020;0;0;0;0.00000000
2026-09-25;CatBoost Model;NVDA;7;4;0.00217947;0;0;1;0.00117947
2026-09-25;CatBoost Model;AAPL;9;8;0.01521470;0;1;1;0.01421470
2026-09-25;CatBoost Model;MSFT;1;9;0.03597666;0;0;0;0.00000000
2026-09-25;CatBoost Model;ASML;1;7;0.01237020;0;0;0;0.00000000
2026-09-25;GARCH Model;NVDA;4;4;0.00217947;1;1;0;0.00000000
2026-09-25;GARCH Model;AAPL;7;8;0.01521470;0;1;1;0.01421470
2026-09-25;GARCH Model;MSFT;6;9;0.03597666;0;0;1;0.03497666
2026-09-25;GARCH Model;ASML;9;7;0.01237020;0;0;1;0.01137020
2026-09-25;GNN Model;NVDA;9;4;0.00217947;0;0;1;0.00117947
2026-09-25;GNN Model;AAPL;0;8;0.01521470;0;0;0;0.00000000
2026-09-25;GNN Model;MSFT;0;9;0.03597666;0;0;0;0.00000000
2026-09-25;GNN Model;ASML;9;7;0.01237020;0;0;1;0.01137020
2026-09-25;LaplaceMonteCarlo Model;NVDA;3;4;0.00217947;0;1;0;0.00000000
2026-09-25;LaplaceMonteCarlo Model;AAPL;4;8;0.01521470;0;0;0;0.00000000
2026-09-25;LaplaceMonteCarlo Model;MSFT;4;9;0.03597666;0;0;0;0.00000000
2026-09-25;LaplaceMonteCarlo Model;ASML;4;7;0.01237020;0;0;0;0.00000000
2026-09-25;LightGBM Model;NVDA;7;4;0.00217947;0;0;1;0.00117947
2026-09-25;LightGBM Model;AAPL;9;8;0.01521470;0;1;1;0.01421470
2026-09-25;LightGBM Model;MSFT;1;9;0.03597666;0;0;0;0.00000000
2026-09-25;LightGBM Model;ASML;1;7;0.01237020;0;0;0;0.00000000
2026-09-25;Markov Model;NVDA;9;4;0.00217947;0;0;1;0.00117947
2026-09-25;Markov Model;AAPL;0;8;0.01521470;0;0;0;0.00000000
2026-09-25;Markov Model;MSFT;1;9;0.03597666;0;0;0;0.00000000
2026-09-25;Markov Model;ASML;0;7;0.01237020;0;0;0;0.00000000
2026-09-25;MarkovMonteCarlo Model;NVDA;1;4;0.00217947;0;0;0;0.00000000
2026-09-25;MarkovMonteCarlo Model;AAPL;0;8;0.01521470;0;0;0;0.00000000
2026-09-25;MarkovMonteCarlo Model;MSFT;0;9;0.03597666;0;0;0;0.00000000
2026-09-25;MarkovMonteCarlo Model;ASML;9;7;0.01237020;0;0;1;0.01137020
2026-09-25;OrderStatistics Baseline;NVDA;0;4;0.00217947;0;0;0;0.00000000
2026-09-25;OrderStatistics Baseline;AAPL;9;8;0.01521470;0;1;1;0.01421470
2026-09-25;OrderStatistics Baseline;MSFT;1;9;0.03597666;0;0;0;0.00000000
2026-09-25;OrderStatistics Baseline;ASML;8;7;0.01237020;0;1;1;0.01137020
2026-09-25;PoissonMonteCarlo Model;NVDA;2;4;0.00217947;0;0;0;0.00000000
2026-09-25;PoissonMonteCarlo Model;AAPL;1;8;0.01521470;0;0;0;0.00000000
2026-09-25;PoissonMonteCarlo Model;MSFT;9;9;0.03597666;1;1;1;0.03497666
2026-09-25;PoissonMonteCarlo Model;ASML;9;7;0.01237020;0;0;1;0.01137020
2026-09-25;Regime HMM Model;NVDA;1;4;0.00217947;0;0;0;0.00000000
2026-09-25;Regime HMM Model;AAPL;1;8;0.01521470;0;0;0;0.00000000
2026-09-25;Regime HMM Model;MSFT;9;9;0.03597666;1;1;1;0.03497666
2026-09-25;Regime HMM Model;ASML;9;7;0.01237020;0;0;1;0.01137020
2026-09-25;Regime HMM Single Model;NVDA;9;4;0.00217947;0;0;1;0.00117947
2026-09-25;Regime HMM Single Model;AAPL;9;8;0.01521470;0;1;1;0.01421470
2026-09-25;Regime HMM Single Model;MSFT;9;9;0.03597666;1;1;1;0.03497666
2026-09-25;Regime HMM Single Model;ASML;9;7;0.01237020;0;0;1;0.01137020
2026-09-25;Regime HMM ZeroMean Model;NVDA;0;4;0.00217947;0;0;0;0.00000000
2026-09-25;Regime HMM ZeroMean Model;AAPL;0;8;0.01521470;0;0;0;0.00000000
2026-09-25;Regime HMM ZeroMean Model;MSFT;0;9;0.03597666;0;0;0;0.00000000
2026-09-25;Regime HMM ZeroMean Model;ASML;0;7;0.01237020;0;0;0;0.00000000
2026-09-25;Transformer Model;NVDA;6;4;0.00217947;0;0;1;0.00117947
2026-09-25;Transformer Model;AAPL;2;8;0.01521470;0;0;0;0.00000000
2026-09-25;Transformer Model;MSFT;2;9;0.03597666;0;0;0;0.00000000
2026-09-25;Transformer Model;ASML;2;7;0.01237020;0;0;0;0.00000000
2026-09-25;WeightedEnsemble Model;NVDA;7;4;0.00217947;0;0;1;0.00117947
2026-09-25;WeightedEnsemble Model;AAPL;9;8;0.01521470;0;1;1;0.01421470
2026-09-25;WeightedEnsemble Model;MSFT;1;9;0.03597666;0;0;0;0.00000000
2026-09-25;WeightedEnsemble Model;ASML;1;7;0.01237020;0;0;0;0.00000000
2026-09-25;XGBoost Model;NVDA;7;4;0.00217947;0;0;1;0.00117947
2026-09-25;XGBoost Model;AAPL;9;8;0.01521470;0;1;1;0.01421470
2026-09-25;XGBoost Model;MSFT;1;9;0.03597666;0;0;0;0.00000000
2026-09-25;XGBoost Model;ASML;1;7;0.01237020;0;0;0;0.00000000
2026-09-28;Autoencoder Model;NVDA;2;7;0.01669900;0;0;0;0.00000000
2026-09-28;Autoencoder Model;AAPL;2;2;-0.00785911;1;1;1;0.00000000
2026-09-28;Autoencoder Model;MSFT;6;1;-0.01355603;0;0;0;-0.01455603
2026-09-28;Autoencoder Model;ASML;8;7;0.01562892;0;1;1;0.01462892
2026-09-28;CatBoost Model;NVDA;1;7;0.01669900;0;0;0;0.00000000
2026-09-28;CatBoost Model;AAPL;3;2;-0.00785911;0;1;1;0.00000000
2026-09-28;CatBoost Model;MSFT;6;1;-0.01355603;0;0;0;-0.01455603
2026-09-28;CatBoost Model;ASML;4;7;0.01562892;0;0;0;0.00000000
2026-09-28;GARCH Model;NVDA;4;7;0.01669900;0;0;0;0.00000000
2026-09-28;GARCH Model;AAPL;7;2;-0.00785911;0;0;0;-0.00885911
2026-09-28;GARCH Model;MSFT;6;1;-0.01355603;0;0;0;-0.01455603
2026-09-28;GARCH Model;ASML;9;7;0.01562892;0;0;1;0.01462892
2026-09-28;GNN Model;NVDA;9;7;0.01669900;0;0;1;0.01569900
2026-09-28;GNN Model;AAPL;0;2;-0.00785911;0;0;1;0.00000000
2026-09-28;GNN Model;MSFT;0;1;-0.01355603;0;1;1;0.00000000
2026-09-28;GNN Model;ASML;9;7;0.01562892;0;0;1;0.01462892
2026-09-28;LaplaceMonteCarlo Model;NVDA;4;7;0.01669900;0;0;0;0.00000000
2026-09-28;LaplaceMonteCarlo Model;AAPL;3;2;-0.00785911;0;1;1;0.00000000
2026-09-28;LaplaceMonteCarlo Model;MSFT;5;1;-0.01355603;0;0;0;-0.01455603
2026-09-28;LaplaceMonteCarlo Model;ASML;4;7;0.01562892;0;0;0;0.00000000
2026-09-28;LightGBM Model;NVDA;7;7;0.01669900;1;1;1;0.01569900
2026-09-28;LightGBM Model;AAPL;2;2;-0.00785911;1;1;1;0.00000000
2026-09-28;LightGBM Model;MSFT;6;1;-0.01355603;0;0;0;-0.01455603
2026-09-28;LightGBM Model;ASML;4;7;0.01562892;0;0;0;0.00000000
2026-09-28;Markov Model;NVDA;8;7;0.01669900;0;1;1;0.01569900
2026-09-28;Markov Model;AAPL;9;2;-0.00785911;0;0;0;-0.00885911
2026-09-28;Markov Model;MSFT;9;1;-0.01355603;0;0;0;-0.01455603
2026-09-28;Markov Model;ASML;9;7;0.01562892;0;0;1;0.01462892
2026-09-28;MarkovMonteCarlo Model;NVDA;9;7;0.01669900;0;0;1;0.01569900
2026-09-28;MarkovMonteCarlo Model;AAPL;9;2;-0.00785911;0;0;0;-0.00885911
2026-09-28;MarkovMonteCarlo Model;MSFT;0;1;-0.01355603;0;1;1;0.00000000
2026-09-28;MarkovMonteCarlo Model;ASML;9;7;0.01562892;0;0;1;0.01462892
2026-09-28;OrderStatistics Baseline;NVDA;0;7;0.01669900;0;0;0;0.00000000
2026-09-28;OrderStatistics Baseline;AAPL;9;2;-0.00785911;0;0;0;-0.00885911
2026-09-28;OrderStatistics Baseline;MSFT;1;1;-0.01355603;1;1;1;0.00000000
2026-09-28;OrderStatistics Baseline;ASML;8;7;0.01562892;0;1;1;0.01462892
2026-09-28;PoissonMonteCarlo Model;NVDA;2;7;0.01669900;0;0;0;0.00000000
2026-09-28;PoissonMonteCarlo Model;AAPL;7;2;-0.00785911;0;0;0;-0.00885911
2026-09-28;PoissonMonteCarlo Model;MSFT;1;1;-0.01355603;1;1;1;0.00000000
2026-09-28;PoissonMonteCarlo Model;ASML;9;7;0.01562892;0;0;1;0.01462892
2026-09-28;Regime HMM Model;NVDA;0;7;0.01669900;0;0;0;0.00000000
2026-09-28;Regime HMM Model;AAPL;0;2;-0.00785911;0;0;1;0.00000000
2026-09-28;Regime HMM Model;MSFT;0;1;-0.01355603;0;1;1;0.00000000
2026-09-28;Regime HMM Model;ASML;0;7;0.01562892;0;0;0;0.00000000
2026-09-28;Regime HMM Single Model;NVDA;9;7;0.01669900;0;0;1;0.01569900
2026-09-28;Regime HMM Single Model;AAPL;9;2;-0.00785911;0;0;0;-0.00885911
2026-09-28;Regime HMM Single Model;MSFT;9;1;-0.01355603;0;0;0;-0.01455603
2026-09-28;Regime HMM Single Model;ASML;9;7;0.01562892;0;0;1;0.01462892
2026-09-28;Regime HMM ZeroMean Model;NVDA;0;7;0.01669900;0;0;0;0.00000000
2026-09-28;Regime HMM ZeroMean Model;AAPL;0;2;-0.00785911;0;0;1;0.00000000
2026-09-28;Regime HMM ZeroMean Model;MSFT;0;1;-0.01355603;0;1;1;0.00000000
2026-09-28;Regime HMM ZeroMean Model;ASML;0;7;0.01562892;0;0;0;0.00000000
2026-09-28;Transformer Model;NVDA;6;7;0.01669900;0;1;1;0.01569900
2026-09-28;Transformer Model;AAPL;2;2;-0.00785911;1;1;1;0.00000000
2026-09-28;Transformer Model;MSFT;2;1;-0.01355603;0;1;1;0.00000000
2026-09-28;Transformer Model;ASML;0;7;0.01562892;0;0;0;0.00000000
2026-09-28;WeightedEnsemble Model;NVDA;1;7;0.01669900;0;0;0;0.00000000
2026-09-28;WeightedEnsemble Model;AAPL;2;2;-0.00785911;1;1;1;0.00000000
2026-09-28;WeightedEnsemble Model;MSFT;6;1;-0.01355603;0;0;0;-0.01455603
2026-09-28;WeightedEnsemble Model;ASML;4;7;0.01562892;0;0;0;0.00000000
2026-09-28;XGBoost Model;NVDA;1;7;0.01669900;0;0;0;0.00000000
2026-09-28;XGBoost Model;AAPL;2;2;-0.00785911;1;1;1;0.00000000
2026-09-28;XGBoost Model;MSFT;6;1;-0.01355603;0;0;0;-0.01455603
2026-09-28;XGBoost Model;ASML;4;7;0.01562892;0;0;0;0.00000000
2026-09-29;Autoencoder Model;NVDA;2;3;-0.00723576;0;1;1;0.00000000
2026-09-29;Autoencoder Model;AAPL;8;0;-0.02695581;0;0;0;-0.02795581
2026-09-29;Autoencoder Model;MSFT;8;4;-0.00051072;0;0;0;-0.00151072
2026-09-29;Autoencoder Model;ASML;9;9;0.03493616;1;1;1;0.03393616
2026-09-29;CatBoost Model;NVDA;2;3;-0.00723576;0;1;1;0.00000000
2026-09-29;CatBoost Model;AAPL;2;0;-0.02695581;0;0;1;0.00000000
2026-09-29;CatBoost Model;MSFT;2;4;-0.00051072;0;0;1;0.00000000
2026-09-29;CatBoost Model;ASML;4;9;0.03493616;0;0;0;0.00000000
2026-09-29;GARCH Model;NVDA;4;3;-0.00723576;0;1;1;0.00000000
2026-09-29;GARCH Model;AAPL;7;0;-0.02695581;0;0;0;-0.02795581
2026-09-29;GARCH Model;MSFT;9;4;-0.00051072;0;0;0;-0.00151072
2026-09-29;GARCH Model;ASML;9;9;0.03493616;1;1;1;0.03393616
2026-09-29;GNN Model;NVDA;9;3;-0.00723576;0;0;0;-0.00823576
2026-09-29;GNN Model;AAPL;9;0;-0.02695581;0;0;0;-0.02795581
2026-09-29;GNN Model;MSFT;0;4;-0.00051072;0;0;1;0.00000000
2026-09-29;GNN Model;ASML;9;9;0.03493616;1;1;1;0.03393616
2026-09-29;LaplaceMonteCarlo Model;NVDA;3;3;-0.00723576;1;1;1;0.00000000
2026-09-29;LaplaceMonteCarlo Model;AAPL;3;0;-0.02695581;0;0;1;0.00000000
2026-09-29;LaplaceMonteCarlo Model;MSFT;4;4;-0.00051072;1;1;1;0.00000000
2026-09-29;LaplaceMonteCarlo Model;ASML;0;9;0.03493616;0;0;0;0.00000000
2026-09-29;LightGBM Model;NVDA;2;3;-0.00723576;0;1;1;0.00000000
2026-09-29;LightGBM Model;AAPL;2;0;-0.02695581;0;0;1;0.00000000
2026-09-29;LightGBM Model;MSFT;2;4;-0.00051072;0;0;1;0.00000000
2026-09-29;LightGBM Model;ASML;9;9;0.03493616;1;1;1;0.03393616
2026-09-29;Markov Model;NVDA;0;3;-0.00723576;0;0;1;0.00000000
2026-09-29;Markov Model;AAPL;9;0;-0.02695581;0;0;0;-0.02795581
2026-09-29;Markov Model;MSFT;1;4;-0.00051072;0;0;1;0.00000000
2026-09-29;Markov Model;ASML;1;9;0.03493616;0;0;0;0.00000000
2026-09-29;MarkovMonteCarlo Model;NVDA;1;3;-0.00723576;0;0;1;0.00000000
2026-09-29;MarkovMonteCarlo Model;AAPL;0;0;-0.02695581;1;1;1;0.00000000
2026-09-29;MarkovMonteCarlo Model;MSFT;0;4;-0.00051072;0;0;1;0.00000000
2026-09-29;MarkovMonteCarlo Model;ASML;9;9;0.03493616;1;1;1;0.03393616
2026-09-29;OrderStatistics Baseline;NVDA;0;3;-0.00723576;0;0;1;0.00000000
2026-09-29;OrderStatistics Baseline;AAPL;9;0;-0.02695581;0;0;0;-0.02795581
2026-09-29;OrderStatistics Baseline;MSFT;1;4;-0.00051072;0;0;1;0.00000000
2026-09-29;OrderStatistics Baseline;ASML;8;9;0.03493616;0;1;1;0.03393616
2026-09-29;PoissonMonteCarlo Model;NVDA;2;3;-0.00723576;0;1;1;0.00000000
2026-09-29;PoissonMonteCarlo Model;AAPL;7;0;-0.02695581;0;0;0;-0.02795581
2026-09-29;PoissonMonteCarlo Model;MSFT;1;4;-0.00051072;0;0;1;0.00000000
2026-09-29;PoissonMonteCarlo Model;ASML;9;9;0.03493616;1;1;1;0.03393616
2026-09-29;Regime HMM Model;NVDA;9;3;-0.00723576;0;0;0;-0.00823576
2026-09-29;Regime HMM Model;AAPL;0;0;-0.02695581;1;1;1;0.00000000
2026-09-29;Regime HMM Model;MSFT;0;4;-0.00051072;0;0;1;0.00000000
2026-09-29;Regime HMM Model;ASML;0;9;0.03493616;0;0;0;0.00000000
2026-09-29;Regime HMM Single Model;NVDA;9;3;-0.00723576;0;0;0;-0.00823576
2026-09-29;Regime HMM Single Model;AAPL;9;0;-0.02695581;0;0;0;-0.02795581
2026-09-29;Regime HMM Single Model;MSFT;9;4;-0.00051072;0;0;0;-0.00151072
2026-09-29;Regime HMM Single Model;ASML;9;9;0.03493616;1;1;1;0.03393616
2026-09-29;Regime HMM ZeroMean Model;NVDA;0;3;-0.00723576;0;0;1;0.00000000
2026-09-29;Regime HMM ZeroMean Model;AAPL;0;0;-0.02695581;1;1;1;0.00000000
2026-09-29;Regime HMM ZeroMean Model;MSFT;0;4;-0.00051072;0;0;1;0.00000000
2026-09-29;Regime HMM ZeroMean Model;ASML;0;9;0.03493616;0;0;0;0.00000000
2026-09-29;Transformer Model;NVDA;6;3;-0.00723576;0;0;0;-0.00823576
2026-09-29;Transformer Model;AAPL;2;0;-0.02695581;0;0;1;0.00000000
2026-09-29;Transformer Model;MSFT;4;4;-0.00051072;1;1;1;0.00000000
2026-09-29;Transformer Model;ASML;3;9;0.03493616;0;0;0;0.00000000
2026-09-29;WeightedEnsemble Model;NVDA;2;3;-0.00723576;0;1;1;0.00000000
2026-09-29;WeightedEnsemble Model;AAPL;2;0;-0.02695581;0;0;1;0.00000000
2026-09-29;WeightedEnsemble Model;MSFT;1;4;-0.00051072;0;0;1;0.00000000
2026-09-29;WeightedEnsemble Model;ASML;9;9;0.03493616;1;1;1;0.03393616
2026-09-29;XGBoost Model;NVDA;2;3;-0.00723576;0;1;1;0.00000000
2026-09-29;XGBoost Model;AAPL;2;0;-0.02695581;0;0;1;0.00000000
2026-09-29;XGBoost Model;MSFT;6;4;-0.00051072;0;0;0;-0.00151072
2026-09-29;XGBoost Model;ASML;9;9;0.03493616;1;1;1;0.03393616
2026-09-30;Autoencoder Model;NVDA;2;5;0.00513621;0;0;0;0.00000000
2026-09-30;Autoencoder Model;AAPL;8;7;0.01092973;0;1;1;0.00992973
2026-09-30;Autoencoder Model;MSFT;8;7;0.00771147;0;1;1;0.00671147
2026-09-30;Autoencoder Model;ASML;1;2;-0.01246293;0;1;1;0.00000000
2026-09-30;CatBoost Model;NVDA;8;5;0.00513621;0;0;1;0.00413621
2026-09-30;CatBoost Model;AAPL;2;7;0.01092973;0;0;0;0.00000000
2026-09-30;CatBoost Model;MSFT;2;7;0.00771147;0;0;0;0.00000000
2026-09-30;CatBoost Model;ASML;8;2;-0.01246293;0;0;0;-0.01346293
2026-09-30;GARCH Model;NVDA;4;5;0.00513621;0;1;0;0.00000000
2026-09-30;GARCH Model;AAPL;7;7;0.01092973;1;1;1;0.00992973
2026-09-30;GARCH Model;MSFT;9;7;0.00771147;0;0;1;0.00671147
2026-09-30;GARCH Model;ASML;2;2;-0.01246293;1;1;1;0.00000000
2026-09-30;GNN Model;NVDA;9;5;0.00513621;0;0;1;0.00413621
2026-09-30;GNN Model;AAPL;9;7;0.01092973;0;0;1;0.00992973
2026-09-30;GNN Model;MSFT;0;7;0.00771147;0;0;0;0.00000000
2026-09-30;GNN Model;ASML;9;2;-0.01246293;0;0;0;-0.01346293
2026-09-30;LaplaceMonteCarlo Model;NVDA;3;5;0.00513621;0;0;0;0.00000000
2026-09-30;LaplaceMonteCarlo Model;AAPL;5;7;0.01092973;0;0;1;0.00992973
2026-09-30;LaplaceMonteCarlo Model;MSFT;4;7;0.00771147;0;0;0;0.00000000
2026-09-30;LaplaceMonteCarlo Model;ASML;0;2;-0.01246293;0;0;1;0.00000000
2026-09-30;LightGBM Model;NVDA;5;5;0.00513621;1;1;1;0.00413621
2026-09-30;LightGBM Model;AAPL;3;7;0.01092973;0;0;0;0.00000000
2026-09-30;LightGBM Model;MSFT;6;7;0.00771147;0;1;1;0.00671147
2026-09-30;LightGBM Model;ASML;3;2;-0.01246293;0;1;1;0.00000000
2026-09-30;Markov Model;NVDA;0;5;0.00513621;0;0;0;0.00000000
2026-09-30;Markov Model;AAPL;5;7;0.01092973;0;0;1;0.00992973
2026-09-30;Markov Model;MSFT;0;7;0.00771147;0;0;0;0.00000000
2026-09-30;Markov Model;ASML;9;2;-0.01246293;0;0;0;-0.01346293
2026-09-30;MarkovMonteCarlo Model;NVDA;9;5;0.00513621;0;0;1;0.00413621
2026-09-30;MarkovMonteCarlo Model;AAPL;0;7;0.01092973;0;0;0;0.00000000
2026-09-30;MarkovMonteCarlo Model;MSFT;0;7;0.00771147;0;0;0;0.00000000
2026-09-30;MarkovMonteCarlo Model;ASML;9;2;-0.01246293;0;0;0;-0.01346293
2026-09-30;OrderStatistics Baseline;NVDA;0;5;0.00513621;0;0;0;0.00000000
2026-09-30;OrderStatistics Baseline;AAPL;9;7;0.01092973;0;0;1;0.00992973
2026-09-30;OrderStatistics Baseline;MSFT;1;7;0.00771147;0;0;0;0.00000000
2026-09-30;OrderStatistics Baseline;ASML;8;2;-0.01246293;0;0;0;-0.01346293
2026-09-30;PoissonMonteCarlo Model;NVDA;8;5;0.00513621;0;0;1;0.00413621
2026-09-30;PoissonMonteCarlo Model;AAPL;8;7;0.01092973;0;1;1;0.00992973
2026-09-30;PoissonMonteCarlo Model;MSFT;1;7;0.00771147;0;0;0;0.00000000
2026-09-30;PoissonMonteCarlo Model;ASML;9;2;-0.01246293;0;0;0;-0.01346293
2026-09-30;Regime HMM Model;NVDA;1;5;0.00513621;0;0;0;0.00000000
2026-09-30;Regime HMM Model;AAPL;0;7;0.01092973;0;0;0;0.00000000
2026-09-30;Regime HMM Model;MSFT;0;7;0.00771147;0;0;0;0.00000000
2026-09-30;Regime HMM Model;ASML;0;2;-0.01246293;0;0;1;0.00000000
2026-09-30;Regime HMM Single Model;NVDA;9;5;0.00513621;0;0;1;0.00413621
2026-09-30;Regime HMM Single Model;AAPL;9;7;0.01092973;0;0;1;0.00992973
2026-09-30;Regime HMM Single Model;MSFT;9;7;0.00771147;0;0;1;0.00671147
2026-09-30;Regime HMM Single Model;ASML;9;2;-0.01246293;0;0;0;-0.01346293
2026-09-30;Regime HMM ZeroMean Model;NVDA;0;5;0.00513621;0;0;0;0.00000000
2026-09-30;Regime HMM ZeroMean Model;AAPL;0;7;0.01092973;0;0;0;0.00000000
2026-09-30;Regime HMM ZeroMean Model;MSFT;0;7;0.00771147;0;0;0;0.00000000
2026-09-30;Regime HMM ZeroMean Model;ASML;0;2;-0.01246293;0;0;1;0.00000000
2026-09-30;Transformer Model;NVDA;6;5;0.00513621;0;1;1;0.00413621
2026-09-30;Transformer Model;AAPL;2;7;0.01092973;0;0;0;0.00000000
2026-09-30;Transformer Model;MSFT;4;7;0.00771147;0;0;0;0.00000000
2026-09-30;Transformer Model;ASML;6;2;-0.01246293;0;0;0;-0.01346293
2026-09-30;WeightedEnsemble Model;NVDA;8;5;0.00513621;0;0;1;0.00413621
2026-09-30;WeightedEnsemble Model;AAPL;5;7;0.01092973;0;0;1;0.00992973
2026-09-30;WeightedEnsemble Model;MSFT;0;7;0.00771147;0;0;0;0.00000000
2026-09-30;WeightedEnsemble Model;ASML;9;2;-0.01246293;0;0;0;-0.01346293
2026-09-30;XGBoost Model;NVDA;2;5;0.00513621;0;0;0;0.00000000
2026-09-30;XGBoost Model;AAPL;1;7;0.01092973;0;0;0;0.00000000
2026-09-30;XGBoost Model;MSFT;1;7;0.00771147;0;0;0;0.00000000
2026-09-30;XGBoost Model;ASML;7;2;-0.01246293;0;0;0;-0.01346293
2026-10-01;Autoencoder Model;NVDA;2;6;0.01080056;0;0;0;0.00000000
2026-10-01;Autoencoder Model;AAPL;8;2;-0.00814067;0;0;0;-0.00914067
2026-10-01;Autoencoder Model;MSFT;8;4;-0.00019499;0;0;0;-0.00119499
2026-10-01;Autoencoder Model;ASML;9;4;-0.00175683;0;0;0;-0.00275683
2026-10-01;CatBoost Model;NVDA;2;6;0.01080056;0;0;0;0.00000000
2026-10-01;CatBoost Model;AAPL;3;2;-0.00814067;0;1;1;0.00000000
2026-10-01;CatBoost Model;MSFT;4;4;-0.00019499;1;1;1;0.00000000
2026-10-01;CatBoost Model;ASML;2;4;-0.00175683;0;0;1;0.00000000
2026-10-01;GARCH Model;NVDA;4;6;0.01080056;0;0;0;0.00000000
2026-10-01;GARCH Model;AAPL;1;2;-0.00814067;0;1;1;0.00000000
2026-10-01;GARCH Model;MSFT;1;4;-0.00019499;0;0;1;0.00000000
2026-10-01;GARCH Model;ASML;9;4;-0.00175683;0;0;0;-0.00275683
2026-10-01;GNN Model;NVDA;9;6;0.01080056;0;0;1;0.00980056
2026-10-01;GNN Model;AAPL;9;2;-0.00814067;0;0;0;-0.00914067
2026-10-01;GNN Model;MSFT;0;4;-0.00019499;0;0;1;0.00000000
2026-10-01;GNN Model;ASML;9;4;-0.00175683;0;0;0;-0.00275683
2026-10-01;LSTM Base Model;NVDA;8;6;0.01080056;0;0;1;0.00980056
2026-10-01;LSTM Base Model;AAPL;1;2;-0.00814067;0;1;1;0.00000000
2026-10-01;LSTM Base Model;MSFT;8;4;-0.00019499;0;0;0;-0.00119499
2026-10-01;LSTM Base Model;ASML;9;4;-0.00175683;0;0;0;-0.00275683
2026-10-01;LaplaceMonteCarlo Model;NVDA;5;6;0.01080056;0;1;1;0.00980056
2026-10-01;LaplaceMonteCarlo Model;AAPL;4;2;-0.00814067;0;0;1;0.00000000
2026-10-01;LaplaceMonteCarlo Model;MSFT;3;4;-0.00019499;0;1;1;0.00000000
2026-10-01;LaplaceMonteCarlo Model;ASML;5;4;-0.00175683;0;1;0;-0.00275683
2026-10-01;LightGBM Model;NVDA;8;6;0.01080056;0;0;1;0.00980056
2026-10-01;LightGBM Model;AAPL;3;2;-0.00814067;0;1;1;0.00000000
2026-10-01;LightGBM Model;MSFT;8;4;-0.00019499;0;0;0;-0.00119499
2026-10-01;LightGBM Model;ASML;2;4;-0.00175683;0;0;1;0.00000000
2026-10-01;Markov Model;NVDA;1;6;0.01080056;0;0;0;0.00000000
2026-10-01;Markov Model;AAPL;9;2;-0.00814067;0;0;0;-0.00914067
2026-10-01;Markov Model;MSFT;8;4;-0.00019499;0;0;0;-0.00119499
2026-10-01;Markov Model;ASML;0;4;-0.00175683;0;0;1;0.00000000
2026-10-01;MarkovMonteCarlo Model;NVDA;0;6;0.01080056;0;0;0;0.00000000
2026-10-01;MarkovMonteCarlo Model;AAPL;9;2;-0.00814067;0;0;0;-0.00914067
2026-10-01;MarkovMonteCarlo Model;MSFT;0;4;-0.00019499;0;0;1;0.00000000
2026-10-01;MarkovMonteCarlo Model;ASML;0;4;-0.00175683;0;0;1;0.00000000
2026-10-01;OrderStatistics Baseline;NVDA;0;6;0.01080056;0;0;0;0.00000000
2026-10-01;OrderStatistics Baseline;AAPL;9;2;-0.00814067;0;0;0;-0.00914067
2026-10-01;OrderStatistics Baseline;MSFT;1;4;-0.00019499;0;0;1;0.00000000
2026-10-01;OrderStatistics Baseline;ASML;8;4;-0.00175683;0;0;0;-0.00275683
2026-10-01;PoissonMonteCarlo Model;NVDA;7;6;0.01080056;0;1;1;0.00980056
2026-10-01;PoissonMonteCarlo Model;AAPL;7;2;-0.00814067;0;0;0;-0.00914067
2026-10-01;PoissonMonteCarlo Model;MSFT;9;4;-0.00019499;0;0;0;-0.00119499
2026-10-01;PoissonMonteCarlo Model;ASML;9;4;-0.00175683;0;0;0;-0.00275683
2026-10-01;Regime HMM Model;NVDA;0;6;0.01080056;0;0;0;0.00000000
2026-10-01;Regime HMM Model;AAPL;0;2;-0.00814067;0;0;1;0.00000000
2026-10-01;Regime HMM Model;MSFT;0;4;-0.00019499;0;0;1;0.00000000
2026-10-01;Regime HMM Model;ASML;0;4;-0.00175683;0;0;1;0.00000000
2026-10-01;Regime HMM Single Model;NVDA;9;6;0.01080056;0;0;1;0.00980056
2026-10-01;Regime HMM Single Model;AAPL;9;2;-0.00814067;0;0;0;-0.00914067
2026-10-01;Regime HMM Single Model;MSFT;9;4;-0.00019499;0;0;0;-0.00119499
2026-10-01;Regime HMM Single Model;ASML;9;4;-0.00175683;0;0;0;-0.00275683
2026-10-01;Regime HMM ZeroMean Model;NVDA;0;6;0.01080056;0;0;0;0.00000000
2026-10-01;Regime HMM ZeroMean Model;AAPL;0;2;-0.00814067;0;0;1;0.00000000
2026-10-01;Regime HMM ZeroMean Model;MSFT;0;4;-0.00019499;0;0;1;0.00000000
2026-10-01;Regime HMM ZeroMean Model;ASML;0;4;-0.00175683;0;0;1;0.00000000
2026-10-01;TCN Base Model;NVDA;9;6;0.01080056;0;0;1;0.00980056
2026-10-01;TCN Base Model;AAPL;0;2;-0.00814067;0;0;1;0.00000000
2026-10-01;TCN Base Model;MSFT;0;4;-0.00019499;0;0;1;0.00000000
2026-10-01;TCN Base Model;ASML;9;4;-0.00175683;0;0;0;-0.00275683
2026-10-01;Transformer Model;NVDA;6;6;0.01080056;1;1;1;0.00980056
2026-10-01;Transformer Model;AAPL;2;2;-0.00814067;1;1;1;0.00000000
2026-10-01;Transformer Model;MSFT;4;4;-0.00019499;1;1;1;0.00000000
2026-10-01;Transformer Model;ASML;4;4;-0.00175683;1;1;1;0.00000000
2026-10-01;UnifiedLstmGruTcn Model;NVDA;2;6;0.01080056;0;0;0;0.00000000
2026-10-01;UnifiedLstmGruTcn Model;AAPL;2;2;-0.00814067;1;1;1;0.00000000
2026-10-01;UnifiedLstmGruTcn Model;MSFT;8;4;-0.00019499;0;0;0;-0.00119499
2026-10-01;UnifiedLstmGruTcn Model;ASML;0;4;-0.00175683;0;0;1;0.00000000
2026-10-01;UnifiedLstmTcn Model;NVDA;9;6;0.01080056;0;0;1;0.00980056
2026-10-01;UnifiedLstmTcn Model;AAPL;9;2;-0.00814067;0;0;0;-0.00914067
2026-10-01;UnifiedLstmTcn Model;MSFT;9;4;-0.00019499;0;0;0;-0.00119499
2026-10-01;UnifiedLstmTcn Model;ASML;9;4;-0.00175683;0;0;0;-0.00275683
2026-10-01;WeightedEnsemble Model;NVDA;8;6;0.01080056;0;0;1;0.00980056
2026-10-01;WeightedEnsemble Model;AAPL;3;2;-0.00814067;0;1;1;0.00000000
2026-10-01;WeightedEnsemble Model;MSFT;8;4;-0.00019499;0;0;0;-0.00119499
2026-10-01;WeightedEnsemble Model;ASML;2;4;-0.00175683;0;0;1;0.00000000
2026-10-01;XGBoost Model;NVDA;8;6;0.01080056;0;0;1;0.00980056
2026-10-01;XGBoost Model;AAPL;4;2;-0.00814067;0;0;1;0.00000000
2026-10-01;XGBoost Model;MSFT;8;4;-0.00019499;0;0;0;-0.00119499
2026-10-01;XGBoost Model;ASML;2;4;-0.00175683;0;0;1;0.00000000
