{"currentPredictionRaw": [], "currentPrediction": [{"name": "MarkovBayesian Model", "predictions": [[4, 6, 8, 9, 10, 11, 13, 14, 15, 16, 18, 19, 21, 22, 23, 24, 26, 27, 29, 33], [21, 27, 38, 40, 45], [14, 21, 27, 38, 40, 45], [14, 21, 27, 38, 40, 45, 56], [8, 14, 21, 27, 38, 40, 45, 56], [4, 8, 14, 21, 27, 38, 40, 45, 56], [4, 8, 14, 21, 22, 27, 38, 40, 45, 56]]}, {"name": "PoissonMonteCarlo Model", "predictions": [[1, 3, 9, 10, 16, 18, 21, 28, 34, 35, 37, 42, 47, 48, 50, 56, 59, 63, 66, 70], [10, 28, 37, 63, 66], [10, 21, 37, 48, 50, 59], [3, 10, 28, 37, 50, 59, 63], [1, 9, 10, 16, 18, 21, 47, 48], [10, 16, 21, 28, 34, 48, 59, 66, 70], [1, 9, 10, 18, 21, 34, 35, 37, 59, 63]]}], "realResult": [1, 3, 10, 14, 16, 18, 19, 20, 29, 30, 33, 48, 51, 54, 56, 58, 59, 60, 61, 64], "newPrediction": [{"name": "MarkovBayesian Model", "predictions": [[1, 2, 3, 7, 10, 14, 16, 18, 19, 20, 23, 24, 29, 30, 33, 35, 45, 46, 48, 51], [14, 35, 45, 56, 74], [14, 35, 45, 48, 56, 74], [14, 29, 35, 45, 48, 56, 74], [14, 20, 29, 35, 45, 48, 56, 74], [2, 14, 20, 29, 35, 45, 48, 56, 74], [2, 14, 20, 29, 35, 45, 48, 51, 56, 74]]}, {"name": "PoissonMonteCarlo Model", "predictions": [[1, 5, 10, 14, 16, 18, 21, 24, 26, 33, 37, 41, 48, 49, 53, 55, 57, 64, 66, 70], [18, 21, 24, 49, 57], [1, 18, 33, 49, 64, 66], [21, 24, 26, 37, 41, 53, 64], [5, 10, 14, 18, 26, 33, 49, 64], [5, 14, 16, 18, 26, 37, 41, 48, 53], [1, 5, 10, 24, 26, 41, 48, 57, 64, 70]]}], "newPredictionRaw": [], "matchingNumbers": {"model": "PoissonMonteCarlo Model", "prediction": [1, 3, 9, 10, 16, 18, 21, 28, 34, 35, 37, 42, 47, 48, 50, 56, 59, 63, 66, 70], "matching_numbers": [1, 3, 10, 16, 48, 18, 56, 59], "match_count": 8}, "labels": [], "numberFrequency": {"1": 0.014402504783440599, "5": 0.014385110453991998, "6": 0.014593842407375195, "8": 0.014019829535571404, "11": 0.014385110453991998, "16": 0.0143764132892677, "17": 0.014028526700295703, "26": 0.014811271525482693, "27": 0.013819794746912507, "32": 0.014724299878239694, "35": 0.014045921029744304, "37": 0.0143764132892677, "43": 0.014115498347538702, "44": 0.014228561488954601, "49": 0.0143068359714733, "52": 0.014150287006435901, "56": 0.014002435206122803, "57": 0.014167681335884502, "59": 0.014385110453991998, "66": 0.014367716124543399, "7": 0.014350321795094798, "9": 0.014254652983127501, "10": 0.014559053748477995, "15": 0.014576448077926596, "20": 0.014132892676987302, "24": 0.0143329274656462, "30": 0.0143155331361976, "31": 0.014359018959819099, "34": 0.014576448077926596, "50": 0.013932857888328406, "54": 0.014402504783440599, "58": 0.014219864324230301, "67": 0.014498173595407896, "69": 0.014854757349104191, "70": 0.013950252217777005, "2": 0.014141589841711603, "3": 0.014567750913202296, "25": 0.014150287006435901, "38": 0.013724125934945208, "39": 0.014202469994781702, "40": 0.013741520264393807, "42": 0.014715602713515394, "55": 0.014454687771786398, "62": 0.014402504783440599, "4": 0.014045921029744304, "28": 0.014515567924856497, "36": 0.014011132370847104, "41": 0.014124195512263002, "51": 0.014167681335884502, "60": 0.014776482866585493, "64": 0.014185075665333101, "12": 0.014080709688641503, "13": 0.014393807618716298, "23": 0.014454687771786398, "47": 0.014385110453991998, "48": 0.014072012523917203, "61": 0.014350321795094798, "14": 0.013880674899982605, "29": 0.014124195512263002, "53": 0.013776308923291007, "19": 0.014324230300921899, "65": 0.014524265089580797, "22": 0.014072012523917203, "33": 0.014228561488954601, "68": 0.014637328230996696, "18": 0.014515567924856497, "46": 0.0142894416420247, "63": 0.014141589841711603, "21": 0.013732823099669507, "45": 0.013776308923291007, "74": 8.697164724299878e-05, "76": 0.00015654896503739782, "80": 0.0001217603061401983, "71": 0.0001217603061401983, "77": 0.00014785180031309794, "72": 0.00015654896503739782, "75": 0.00015654896503739782, "78": 0.00013915463558879804, "79": 0.00010436597669159854, "73": 0.00011306314141589841}}