{"currentPredictionRaw": [], "currentPrediction": [{"name": "MarkovBayesian Model", "predictions": [[5, 7, 9, 11, 14, 15, 19, 21, 22, 23, 25, 30, 31, 32, 34, 35, 39, 40, 42, 44], [71, 72, 73, 75, 76], [21, 71, 72, 73, 75, 76], [21, 40, 71, 72, 73, 75, 76], [21, 40, 53, 71, 72, 73, 75, 76], [14, 21, 40, 53, 71, 72, 73, 75, 76], [14, 21, 40, 53, 70, 71, 72, 73, 75, 76]]}, {"name": "PoissonMonteCarlo Model", "predictions": [[1, 4, 9, 13, 15, 19, 26, 28, 31, 37, 38, 41, 44, 49, 55, 56, 60, 61, 67, 70], [4, 37, 49, 67, 70], [1, 28, 31, 41, 56, 60], [4, 15, 19, 26, 31, 56, 60], [1, 15, 19, 26, 28, 37, 44, 60], [4, 9, 15, 19, 26, 31, 44, 61, 67], [1, 9, 19, 28, 31, 38, 44, 60, 61, 67]]}], "realResult": [4, 5, 9, 15, 18, 19, 25, 26, 28, 33, 39, 47, 48, 50, 56, 57, 62, 63, 64, 70], "newPrediction": [{"name": "MarkovBayesian Model", "predictions": [[4, 5, 8, 9, 11, 13, 15, 18, 19, 20, 25, 26, 27, 28, 30, 31, 33, 35, 39, 47], [27, 53, 72, 73, 74], [27, 50, 53, 72, 73, 74], [27, 50, 53, 70, 72, 73, 74], [27, 50, 53, 56, 70, 72, 73, 74], [8, 27, 50, 53, 56, 70, 72, 73, 74], [8, 27, 35, 50, 53, 56, 70, 72, 73, 74]]}, {"name": "PoissonMonteCarlo Model", "predictions": [[1, 4, 7, 10, 16, 19, 23, 27, 30, 36, 39, 40, 44, 50, 52, 55, 60, 63, 68, 70], [19, 27, 40, 50, 70], [7, 10, 27, 40, 44, 68], [7, 19, 36, 40, 44, 50, 68], [1, 7, 10, 23, 27, 39, 44, 60], [1, 19, 23, 40, 44, 55, 63, 68, 70], [7, 10, 16, 19, 23, 27, 30, 36, 44, 60]]}, {"name": "xgboost", "predictions": [[2, 8, 6, 12, 18, 24, 22, 32, 32, 37, 42, 40, 41, 50, 54, 55, 58, 67, 64, 69], [2, 69, 67, 6, 12], [2, 67, 69, 6, 12, 24], [2, 67, 69, 6, 12, 24, 50], [2, 67, 69, 6, 12, 50, 24, 58], [2, 67, 69, 6, 12, 50, 24, 58, 4], [2, 67, 4, 69, 6, 12, 50, 24, 58, 32]]}], "newPredictionRaw": [], "matchingNumbers": {"model": "PoissonMonteCarlo Model", "prediction": [1, 4, 9, 13, 15, 19, 26, 28, 31, 37, 38, 41, 44, 49, 55, 56, 60, 61, 67, 70], "matching_numbers": [4, 70, 9, 15, 19, 56, 26, 28], "match_count": 8}, "labels": [], "numberFrequency": {"1": 0.01439367616400278, "5": 0.01439367616400278, "6": 0.014576094510076442, "8": 0.014028839471855455, "11": 0.01437630298818624, "16": 0.01438498957609451, "17": 0.014020152883947186, "26": 0.014828005559416262, "27": 0.013837734537873523, "32": 0.014723766504517026, "35": 0.014046212647671995, "37": 0.01436761640027797, "43": 0.014107018763029881, "44": 0.014228630993745656, "49": 0.014298123697011814, "52": 0.01414176511466296, "56": 0.014020152883947186, "57": 0.01416782487838777, "59": 0.01437630298818624, "66": 0.01436761640027797, "7": 0.01435024322446143, "9": 0.014254690757470465, "10": 0.014567407922168173, "15": 0.014584781097984712, "20": 0.01413307852675469, "24": 0.014332870048644893, "30": 0.014315496872828353, "31": 0.0143589298123697, "34": 0.014576094510076442, "50": 0.01393328700486449, "54": 0.01439367616400278, "58": 0.014228630993745656, "67": 0.014497915218902015, "69": 0.014845378735232801, "70": 0.013968033356497567, "2": 0.01415045170257123, "3": 0.014567407922168173, "25": 0.01415045170257123, "38": 0.013707435719249478, "39": 0.014202571230020848, "40": 0.013750868658790827, "42": 0.014723766504517026, "55": 0.014463168867268937, "62": 0.01439367616400278, "4": 0.014054899235580265, "28": 0.014506601806810284, "36": 0.014002779708130646, "41": 0.01412439193884642, "51": 0.0141591382904795, "60": 0.014784572619874913, "64": 0.014211257817929118, "12": 0.014072272411396804, "13": 0.01437630298818624, "23": 0.014463168867268937, "47": 0.01438498957609451, "48": 0.014072272411396804, "61": 0.014341556636553163, "14": 0.013889854065323141, "29": 0.014115705350938151, "53": 0.013785615010423906, "19": 0.014324183460736623, "65": 0.014523974982626824, "22": 0.014080958999305074, "33": 0.014219944405837386, "68": 0.01462821403752606, "18": 0.014515288394718554, "46": 0.014280750521195274, "63": 0.01415045170257123, "21": 0.013724808895066018, "45": 0.013768241834607366, "74": 8.686587908269631e-05, "76": 0.00015635858234885338, "80": 0.00012161223071577484, "71": 0.00012161223071577484, "77": 0.00014767199444058374, "72": 0.00015635858234885338, "75": 0.00015635858234885338, "78": 0.0001389854065323141, "79": 0.00010423905489923558, "73": 0.00011292564280750522}}