{"currentPredictionRaw": [[0.0, 3.687984691524077e-30, 1.1874409441836598e-11, 0.0, 0.0, 0.0, 0.0, 0.0007132870377972722, 0.9992867112159729, 1.6988832562958578e-09], [0.0, 1.3801490833908438e-29, 1.468042874763764e-11, 0.0, 0.0, 0.0, 0.0, 0.0009019080898724496, 0.9990980625152588, 4.007674636596903e-09], [0.0, 1.1372833566504355e-26, 1.1049372528049162e-10, 0.0, 0.0, 0.0, 0.0, 0.001987997442483902, 0.9980118274688721, 6.533573326805708e-08]], "currentPrediction": [[9, 0, 0], [8, 0, 0], [10, 0, 0], [3, 0, 0], [2, 0, 0], [7, 0, 0], [5, 0, 0], [6, 0, 0], [4, 0, 0], [1, 0, 0]], "realResult": [0, 5, 1], "newPrediction": [[1, 3, 0], [8, 10, 0], [2, 4, 0], [9, 6, 0], [5, 7, 0], [9, 10, 0], [5, 6, 0], [8, 7, 0], [3, 4, 0], [1, 2, 0]], "newPredictionRaw": [[0.9982643723487854, 0.0, 0.0, 2.7536620109458454e-05, 4.757815221663132e-33, 1.797959117700771e-17, 3.7965231106533e-23, 6.875112743322234e-38, 8.737569805051949e-29, 0.0017081188270822167], [0.0, 1.1476333838800201e-06, 0.9999085664749146, 0.0, 1.9774490699846935e-32, 0.0, 0.0, 9.02219326235354e-05, 4.680712163849979e-21, 0.0], [0.0, 3.146231364326013e-08, 0.9999921321868896, 0.0, 6.706873410214782e-38, 0.0, 0.0, 7.87404951552162e-06, 1.2574931245056825e-26, 0.0]], "matchingNumbers": {"bestMatchIndex": 6, "bestMatchSequence": [5, 0, 0], "matchingNumbers": [0, 5]}}