{"currentPredictionRaw": [[0.0, 0.0, 0.0, 6.359905920434672e-30, 0.0, 2.5994634711423714e-07, 0.0, 3.023299147639258e-17, 0.0, 0.9999997615814209], [1.0, 1.3817113143736737e-14, 7.74338870801472e-10, 3.437681250773039e-10, 2.8969689926867084e-27, 0.0, 0.0, 0.0, 5.2170336631414895e-28, 0.0], [8.513793000020087e-05, 0.0018342012772336602, 0.9980419874191284, 6.882263647867148e-09, 3.6364818356560136e-07, 2.0177960864675715e-12, 9.978026942831977e-15, 4.933600973053306e-17, 3.8309659430524334e-05, 2.858445823501033e-16]], "currentPrediction": [[9, 0, 2], [5, 2, 0], [0, 4, 8], [7, 1, 4], [4, 9, 8], [5, 4, 6], [0, 2, 4], [1, 7, 8]], "realResult": [3, 5, 7], "newPrediction": [[0, 5, 9], [3, 8, 5], [2, 4, 6], [4, 6, 5], [4, 6, 2], [5, 4, 6], [0, 1, 9], [1, 4, 9]], "newPredictionRaw": [[1.0, 3.9610537572325774e-16, 5.1057016253741594e-11, 5.780399769950151e-11, 2.869688580210452e-29, 0.0, 0.0, 0.0, 1.0956738645426951e-30, 0.0], [5.420221563245953e-13, 1.8579372351723578e-07, 3.6015228488395223e-07, 0.000842818059027195, 5.732378188604733e-17, 0.9671130180358887, 2.4552110561640306e-14, 3.5387444086154574e-09, 0.032043568789958954, 3.551869687257181e-09], [0.0, 0.0, 0.0, 6.329638972302173e-34, 0.0, 1.067597423798361e-07, 0.0, 5.3364733269420295e-21, 0.0, 0.9999998807907104]], "matchingNumbers": {"bestMatchIndex": 1, "bestMatchSequence": [5, 2, 0], "matchingNumbers": [5]}, "labels": [0, 1, 2, 3, 4, 5, 6, 7, 8, 9], "numberFrequency": {"3": 0.09785890749382377, "2": 0.10101564644523744, "6": 0.10014639948760179, "8": 0.10064964772623296, "9": 0.10010064964772623, "0": 0.10206789276237534, "5": 0.09877390429133498, "4": 0.10133589532436636, "1": 0.10000914996797511, "7": 0.09804190685332602}}