{"currentPredictionRaw": [[1.0, 3.9610537572325774e-16, 5.1057016253741594e-11, 5.780399769950151e-11, 2.869688580210452e-29, 0.0, 0.0, 0.0, 1.0956738645426951e-30, 0.0], [5.420221563245953e-13, 1.8579372351723578e-07, 3.6015228488395223e-07, 0.000842818059027195, 5.732378188604733e-17, 0.9671130180358887, 2.4552110561640306e-14, 3.5387444086154574e-09, 0.032043568789958954, 3.551869687257181e-09], [0.0, 0.0, 0.0, 6.329638972302173e-34, 0.0, 1.067597423798361e-07, 0.0, 5.3364733269420295e-21, 0.0, 0.9999998807907104]], "currentPrediction": [[0, 5, 9], [3, 8, 5], [2, 4, 6], [4, 6, 5], [4, 6, 2], [5, 4, 6], [0, 1, 9], [1, 4, 9]], "realResult": [0, 0, 4], "newPrediction": [[3, 5, 7], [8, 9, 6], [4, 7, 3], [6, 1, 2], [8, 3, 9], [5, 4, 6], [0, 1, 9], [3, 4, 9]], "newPredictionRaw": [[7.053672797490817e-15, 8.256335915781624e-15, 2.9976578944795884e-12, 1.0, 4.7089499258906825e-23, 1.4721075469736888e-09, 3.8128254734623256e-24, 8.696422490878181e-20, 8.886093638693637e-09, 1.0079493955352968e-25], [8.00993699633363e-31, 8.93916766020528e-25, 5.751853198891917e-22, 3.7241491668282833e-07, 2.1325965563387725e-26, 0.9999988079071045, 3.5043455034738794e-16, 4.45980177232741e-08, 1.1312306614445072e-13, 8.28851739242964e-07], [0.0, 0.0, 0.0, 1.3712014989707318e-14, 3.213390132125346e-32, 4.944196094203157e-12, 2.5398185243830085e-07, 0.9999996423721313, 0.0, 1.1768537433454185e-07]], "matchingNumbers": {"bestMatchIndex": 0, "bestMatchSequence": [0, 5, 9], "matchingNumbers": [0]}, "labels": [0, 1, 2, 3, 4, 5, 6, 7, 8, 9], "numberFrequency": {"3": 0.09785890749382377, "2": 0.10101564644523744, "6": 0.10014639948760179, "8": 0.10064964772623296, "9": 0.10010064964772623, "0": 0.10206789276237534, "5": 0.09877390429133498, "4": 0.10133589532436636, "1": 0.10000914996797511, "7": 0.09804190685332602}}