{"currentPredictionRaw": [[0.100591741502285, 0.10004458576440811, 0.09884772449731827, 0.09551312774419785, 0.10490357130765915, 0.10155457258224487, 0.09384751319885254, 0.09697750210762024, 0.10169275104999542, 0.10602691769599915], [0.100591741502285, 0.10004458576440811, 0.09884772449731827, 0.09551312774419785, 0.10490357130765915, 0.10155457258224487, 0.09384751319885254, 0.09697750210762024, 0.10169275104999542, 0.10602691769599915], [0.100591741502285, 0.10004458576440811, 0.09884772449731827, 0.09551312774419785, 0.10490357130765915, 0.10155457258224487, 0.09384751319885254, 0.09697750210762024, 0.10169275104999542, 0.10602691769599915]], "currentPrediction": [[9, 9, 9], [4, 4, 4], [8, 8, 8], [5, 5, 5], [0, 0, 0], [1, 1, 1], [2, 2, 2], [7, 7, 7], [3, 3, 3], [6, 6, 6]], "realResult": [6, 6, 3], "newPrediction": [[9, 9, 9], [4, 4, 4], [8, 8, 8], [5, 5, 5], [0, 0, 0], [1, 1, 1], [2, 2, 2], [7, 7, 7], [3, 3, 3], [6, 6, 6]], "newPredictionRaw": [[0.10059339553117752, 0.10004454851150513, 0.09884792566299438, 0.09551182389259338, 0.10490471124649048, 0.10155416280031204, 0.09384772181510925, 0.0969756618142128, 0.10169307887554169, 0.1060270145535469], [0.10059339553117752, 0.10004454851150513, 0.09884792566299438, 0.09551182389259338, 0.10490471124649048, 0.10155416280031204, 0.09384772181510925, 0.0969756618142128, 0.10169307887554169, 0.1060270145535469], [0.10059339553117752, 0.10004454851150513, 0.09884792566299438, 0.09551182389259338, 0.10490471124649048, 0.10155416280031204, 0.09384772181510925, 0.0969756618142128, 0.10169307887554169, 0.1060270145535469]], "matchingNumbers": {"bestMatchIndex": 8, "bestMatchSequence": [3, 3, 3], "matchingNumbers": [3]}, "labels": [0, 1, 2, 3, 4, 5, 6, 7, 8, 9]}