{"currentPredictionRaw": [[0.10059339553117752, 0.10004454851150513, 0.09884792566299438, 0.09551182389259338, 0.10490471124649048, 0.10155416280031204, 0.09384772181510925, 0.0969756618142128, 0.10169307887554169, 0.1060270145535469], [0.10059339553117752, 0.10004454851150513, 0.09884792566299438, 0.09551182389259338, 0.10490471124649048, 0.10155416280031204, 0.09384772181510925, 0.0969756618142128, 0.10169307887554169, 0.1060270145535469], [0.10059339553117752, 0.10004454851150513, 0.09884792566299438, 0.09551182389259338, 0.10490471124649048, 0.10155416280031204, 0.09384772181510925, 0.0969756618142128, 0.10169307887554169, 0.1060270145535469]], "currentPrediction": [[9, 9, 9], [4, 4, 4], [8, 8, 8], [5, 5, 5], [0, 0, 0], [1, 1, 1], [2, 2, 2], [7, 7, 7], [3, 3, 3], [6, 6, 6]], "realResult": [9, 1, 3], "newPrediction": [[9, 9, 9], [4, 4, 4], [8, 8, 8], [5, 5, 5], [0, 0, 0], [1, 1, 1], [2, 2, 2], [7, 7, 7], [3, 3, 3], [6, 6, 6]], "newPredictionRaw": [[0.10059330612421036, 0.10004494339227676, 0.09884712100028992, 0.09551233053207397, 0.10490543395280838, 0.10155338793992996, 0.09384787827730179, 0.09697514772415161, 0.10169294476509094, 0.10602757334709167], [0.10059330612421036, 0.10004494339227676, 0.09884712100028992, 0.09551233053207397, 0.10490543395280838, 0.10155338793992996, 0.09384787827730179, 0.09697514772415161, 0.10169294476509094, 0.10602757334709167], [0.10059330612421036, 0.10004494339227676, 0.09884712100028992, 0.09551233053207397, 0.10490543395280838, 0.10155338793992996, 0.09384787827730179, 0.09697514772415161, 0.10169294476509094, 0.10602757334709167]], "matchingNumbers": {"bestMatchIndex": 0, "bestMatchSequence": [9, 9, 9], "matchingNumbers": [9]}, "labels": [0, 1, 2, 3, 4, 5, 6, 7, 8, 9]}