{"currentPredictionRaw": [], "currentPrediction": [], "realResult": [], "newPrediction": [[2, 5, 5], [5, 2, 9], [9, 9, 2], [3, 3, 4], [8, 8, 7], [0, 0, 0], [1, 7, 3], [7, 4, 8], [4, 1, 1], [6, 6, 6]], "newPredictionRaw": [[0.09983307123184204, 0.09903416037559509, 0.10389619320631027, 0.10143259167671204, 0.09713003039360046, 0.10356444120407104, 0.09366579353809357, 0.09821853786706924, 0.1010809913277626, 0.10214417427778244], [0.099908746778965, 0.09821100533008575, 0.1032588928937912, 0.10073349624872208, 0.09847046434879303, 0.10412678867578506, 0.09331019967794418, 0.09885715693235397, 0.10017576068639755, 0.10294751077890396], [0.09988843649625778, 0.09678056836128235, 0.10197293758392334, 0.09936361759901047, 0.10082127153873444, 0.10534495860338211, 0.09279253333806992, 0.10001365840435028, 0.09855575114488602, 0.10446628928184509]], "matchingNumbers": [], "labels": [0, 1, 2, 3, 4, 5, 6, 7, 8, 9]}