{"currentPredictionRaw": [[0.0, 1.602818855417354e-08, 0.0, 1.283179263007331e-29, 0.0, 2.3532251877924947e-28, 0.00020560807024594396, 0.9997944235801697, 0.0, 0.0], [2.0466977717778727e-19, 6.591042711612261e-10, 1.0754028435596929e-35, 4.370964961708523e-05, 3.3378749838774265e-31, 1.810754035602713e-08, 0.999955415725708, 8.26276050247543e-07, 3.6314685307169016e-35, 1.4089249006293405e-32], [1.8972766818387672e-31, 0.0, 0.0, 0.0, 0.9996844530105591, 4.864416331081922e-18, 0.0, 0.0, 0.00031554492306895554, 6.333908686428913e-08]], "currentPrediction": [[7, 6, 4], [6, 7, 8], [6, 5, 3], [5, 8, 1], [3, 5, 6], [4, 3, 5], [0, 2, 4], [1, 5, 9]], "realResult": [9, 8, 0], "newPrediction": [[9, 8, 0], [5, 0, 3], [8, 7, 0], [3, 0, 8], [7, 8, 9], [4, 3, 5], [0, 8, 5], [1, 5, 8]], "newPredictionRaw": [[8.873265412255505e-29, 8.926488135330146e-07, 1.5550214811810292e-05, 1.0516132887588535e-37, 7.988949801074341e-05, 0.00026808687835000455, 5.526296508419778e-27, 1.983971309935245e-26, 5.035595829205874e-10, 0.9996355772018433], [1.479082481492533e-12, 0.0, 0.0, 3.9567538576361996e-29, 3.5844078898582266e-13, 6.105004696221883e-11, 1.8853922929790863e-38, 0.0, 1.0, 4.585579108571744e-27], [0.9999103546142578, 0.0, 0.0, 1.536386480438523e-05, 1.8088272407926699e-25, 4.932396677759243e-06, 7.858124942477481e-23, 0.0, 6.937109719729051e-05, 0.0]], "matchingNumbers": {"bestMatchIndex": 1, "bestMatchSequence": [6, 7, 8], "matchingNumbers": [8]}, "labels": [0, 1, 2, 3, 4, 5, 6, 7, 8, 9], "numberFrequency": {"6": 0.10015091233365345, "4": 0.10133991859880184, "1": 0.0999679882928614, "0": 0.10220880779256414, "5": 0.09873325101751498, "3": 0.09781863081355467, "2": 0.10097407051721773, "8": 0.10065395344583161, "7": 0.09804728586454475, "9": 0.10010518132345543}}