{"currentPredictionRaw": [[0.5295876264572144, 5.445595547826088e-07, 0.4704118072986603, 1.6830703497561217e-12, 8.412279206559958e-10, 3.1549664988161846e-36, 1.4803538148570568e-32, 0.0, 3.8589350465079164e-11, 0.0], [0.0, 0.0, 0.0, 5.483203212264146e-20, 0.0, 0.00028092548018321395, 3.1894040924106176e-36, 1.1429973720972209e-13, 0.0, 0.9997190833091736], [7.23363109300313e-27, 0.0, 8.071291933378754e-29, 0.0, 3.8097613241916406e-07, 7.399397913881035e-38, 0.999998927116394, 7.054258617245068e-07, 0.0, 7.692416879891324e-25]], "currentPrediction": [[0, 9, 6], [2, 5, 7], [0, 2, 8], [7, 8, 0], [0, 8, 2], [5, 4, 6], [9, 3, 7], [3, 5, 8]], "realResult": [1, 2, 8], "newPrediction": [[1, 3, 9], [8, 5, 7], [0, 1, 7], [1, 6, 2], [0, 1, 7], [5, 4, 6], [2, 4, 5], [1, 7, 7]], "newPredictionRaw": [[4.3572651042822486e-10, 0.999990701675415, 5.259996882500673e-10, 2.6839785277101014e-13, 3.8697387779307045e-28, 9.363746284754595e-37, 0.0, 0.0, 9.264214895665646e-06, 0.0], [9.58241685667408e-22, 3.5475328534774083e-19, 1.7197114722365227e-22, 1.0, 0.0, 3.082278572999475e-12, 3.068172414906938e-38, 3.520906112373928e-34, 1.8671686419224898e-09, 5.114686582200643e-34], [0.0, 0.0, 0.0, 6.315050912734723e-22, 0.0, 4.0047874790616333e-05, 0.0, 2.954131758008474e-14, 0.0, 0.9999599456787109]], "matchingNumbers": {"bestMatchIndex": 2, "bestMatchSequence": [0, 2, 8], "matchingNumbers": [8, 2]}, "labels": [0, 1, 2, 3, 4, 5, 6, 7, 8, 9], "numberFrequency": {"3": 0.09785890749382377, "2": 0.10101564644523744, "6": 0.10014639948760179, "8": 0.10064964772623296, "9": 0.10010064964772623, "0": 0.10206789276237534, "5": 0.09877390429133498, "4": 0.10133589532436636, "1": 0.10000914996797511, "7": 0.09804190685332602}}