{"currentPredictionRaw": [[0.10059423744678497, 0.10004471987485886, 0.09884701669216156, 0.09551241993904114, 0.10490605980157852, 0.10155345499515533, 0.09384781867265701, 0.0969741940498352, 0.1016923114657402, 0.1060277447104454], [0.10059423744678497, 0.10004471987485886, 0.09884701669216156, 0.09551241993904114, 0.10490605980157852, 0.10155345499515533, 0.09384781867265701, 0.0969741940498352, 0.1016923114657402, 0.1060277447104454], [0.10059423744678497, 0.10004471987485886, 0.09884701669216156, 0.09551241993904114, 0.10490605980157852, 0.10155345499515533, 0.09384781867265701, 0.0969741940498352, 0.1016923114657402, 0.1060277447104454]], "currentPrediction": [[9, 9, 9], [4, 4, 4], [8, 8, 8], [5, 5, 5], [0, 0, 0], [1, 1, 1], [2, 2, 2], [7, 7, 7], [3, 3, 3], [6, 6, 6]], "realResult": [7, 6, 7], "newPrediction": [[9, 9, 9], [4, 4, 4], [8, 8, 8], [5, 5, 5], [0, 0, 0], [1, 1, 1], [2, 2, 2], [7, 7, 7], [3, 3, 3], [6, 6, 6]], "newPredictionRaw": [[0.10059460997581482, 0.10004502534866333, 0.0988469123840332, 0.09551241248846054, 0.1049061119556427, 0.10155365616083145, 0.09384789317846298, 0.09697384387254715, 0.10169205069541931, 0.10602744668722153], [0.10059460997581482, 0.10004502534866333, 0.0988469123840332, 0.09551241248846054, 0.1049061119556427, 0.10155365616083145, 0.09384789317846298, 0.09697384387254715, 0.10169205069541931, 0.10602744668722153], [0.10059460997581482, 0.10004502534866333, 0.0988469123840332, 0.09551241248846054, 0.1049061119556427, 0.10155365616083145, 0.09384789317846298, 0.09697384387254715, 0.10169205069541931, 0.10602744668722153]], "matchingNumbers": {"bestMatchIndex": 7, "bestMatchSequence": [7, 7, 7], "matchingNumbers": [7]}, "labels": [0, 1, 2, 3, 4, 5, 6, 7, 8, 9]}