{"currentPredictionRaw": [[3.5261779540791623e-22, 5.066447261725671e-10, 6.011189009360836e-17, 3.1611267423126144e-12, 0.0015268446877598763, 0.000303994573187083, 0.9981691837310791, 4.497508823782781e-22, 4.641325535998021e-27, 5.2545941593060005e-21], [0.0, 1.0156735186228616e-07, 0.9999953508377075, 0.0, 1.953189976937182e-36, 0.0, 0.0, 4.494126642384799e-06, 3.5686875201563e-28, 0.0], [0.0, 9.085556160290863e-22, 5.986434644000838e-06, 0.0, 0.0, 0.0, 0.0, 0.9999940395355225, 7.540153224017132e-11, 3.1221296550780146e-26]], "currentPrediction": [[6, 2, 7], [4, 7, 2], [5, 1, 8], [1, 8, 1], [3, 4, 9], [2, 9, 6], [9, 5, 4], [7, 6, 5], [0, 3, 3], [8, 0, 0]], "realResult": [8, 8, 8], "newPrediction": [[3, 5, 5], [0, 6, 6], [5, 3, 3], [9, 4, 4], [6, 0, 0], [4, 9, 9], [8, 1, 1], [7, 2, 2], [2, 7, 7], [1, 8, 8]], "newPredictionRaw": [[1.1283202184131369e-05, 0.0, 0.0, 0.9999821186065674, 1.3872499582068504e-26, 6.5869403442775365e-06, 1.1398546169438806e-11, 0.0, 0.0, 4.510347928476932e-10], [8.2210116772658045e-16, 2.2457945426661287e-23, 2.232343743443199e-29, 0.00019443964993115515, 1.0786691852227026e-11, 0.9931272268295288, 0.006678396835923195, 9.474349285777293e-32, 8.424401588713664e-34, 3.2362491862793997e-17], [2.814847449519078e-16, 7.137421114596586e-22, 1.2947847904630559e-27, 8.433646871708333e-05, 5.632568023106188e-11, 0.9900630116462708, 0.009852592833340168, 2.288656468000132e-30, 1.685759109972568e-32, 2.4070222943270383e-17]], "matchingNumbers": {"bestMatchIndex": 2, "bestMatchSequence": [5, 1, 8], "matchingNumbers": [8]}, "labels": [0, 1, 2, 3, 4, 5, 6, 7, 8, 9]}