{"currentPredictionRaw": [[0.09940052777528763, 0.09825848788022995, 0.10570600628852844, 0.10191433876752853, 0.09885700792074203, 0.10186032950878143, 0.0925060361623764, 0.09542767703533173, 0.10315898060798645, 0.10291062295436859], [0.09928002953529358, 0.09677708894014359, 0.10421024262905121, 0.10038571059703827, 0.10110005736351013, 0.103376105427742, 0.09220489859580994, 0.09653117507696152, 0.10147492587566376, 0.10465972870588303], [0.09896142035722733, 0.09505701065063477, 0.10260944813489914, 0.09877567738294601, 0.10364971309900284, 0.10503090918064117, 0.09187458455562592, 0.09753371775150299, 0.10009036213159561, 0.10641716420650482]], "currentPrediction": [[2, 9, 9], [8, 2, 5], [9, 5, 4], [3, 8, 2], [5, 4, 8], [0, 3, 0], [4, 0, 3], [1, 1, 7], [7, 7, 1], [6, 6, 6]], "realResult": [2, 1, 6], "newPrediction": [[2, 9, 9], [8, 2, 5], [9, 5, 4], [3, 8, 2], [5, 4, 8], [0, 3, 0], [4, 0, 3], [1, 1, 7], [7, 7, 1], [6, 6, 6]], "newPredictionRaw": [[0.09940844774246216, 0.09828606992959976, 0.10574107617139816, 0.10189010947942734, 0.09887178242206573, 0.1018122211098671, 0.09250449389219284, 0.09538252651691437, 0.1032080352306366, 0.10289525985717773], [0.09928975999355316, 0.09680438786745071, 0.10424794256687164, 0.10036316514015198, 0.1011108011007309, 0.10332562774419785, 0.0922047346830368, 0.09648420661687851, 0.10152677446603775, 0.10464254766702652], [0.09900308400392532, 0.09512104094028473, 0.10266359895467758, 0.09876514226198196, 0.103614941239357, 0.10495854169130325, 0.09187659621238708, 0.09750406444072723, 0.10009028017520905, 0.10640274733304977]], "matchingNumbers": {"bestMatchIndex": 0, "bestMatchSequence": [2, 9, 9], "matchingNumbers": [2]}, "labels": [0, 1, 2, 3, 4, 5, 6, 7, 8, 9]}