{"currentPredictionRaw": [[1.8667505041758403e-10, 5.8544132569257075e-31, 5.677445666374403e-11, 1.0594724844242767e-34, 0.9999881982803345, 3.7554561276955974e-33, 1.1810723663074896e-05, 4.318814186485276e-13, 2.5489273786126813e-37, 2.517662989648248e-24], [4.052804101381367e-16, 1.35244585467876e-35, 8.15985285444939e-17, 1.0779334918791813e-30, 0.0018293270841240883, 5.411410998239544e-23, 0.996819019317627, 0.0013516683829948306, 0.0, 4.776707458395424e-13], [0.548358678817749, 0.0006949492380954325, 0.45093467831611633, 1.2951446859421623e-10, 1.168032849818701e-05, 5.521462039073377e-28, 1.2187251822559395e-20, 1.4786388837976534e-29, 2.3762103396052225e-09, 1.4962140254487326e-33]], "currentPrediction": [[4, 6, 0], [6, 7, 2], [5, 4, 0], [4, 9, 0], [2, 4, 5], [5, 4, 6], [8, 1, 9], [1, 5, 8]], "realResult": [7, 6, 7], "newPrediction": [[6, 4, 5], [4, 7, 3], [6, 5, 4], [5, 4, 3], [4, 6, 5], [5, 4, 6], [8, 9, 5], [1, 6, 8]], "newPredictionRaw": [[1.3361307878488407e-20, 0.0, 1.0118120559159399e-22, 0.0, 0.00013935448077972978, 2.268692812341247e-29, 0.9997949004173279, 6.580957415280864e-05, 0.0, 2.6943948645569843e-15], [1.753107565090798e-18, 0.0, 2.056887829130959e-20, 1.0767336546933924e-34, 0.00017332837160211056, 1.869002783238093e-24, 0.9996925592422485, 0.00013420348113868386, 0.0, 3.0906231892301184e-13], [1.1686581421140635e-28, 1.5345844403431183e-29, 5.865472683936436e-30, 0.006613197270780802, 2.1816643827815084e-31, 0.993386447429657, 3.0202047585594173e-25, 8.125671435432984e-18, 4.966503570842705e-16, 3.007536406585132e-07]], "matchingNumbers": {"bestMatchIndex": 1, "bestMatchSequence": [6, 7, 2], "matchingNumbers": [6, 7]}, "labels": [0, 1, 2, 3, 4, 5, 6, 7, 8, 9], "numberFrequency": {"3": 0.09785890749382377, "2": 0.10101564644523744, "6": 0.10014639948760179, "8": 0.10064964772623296, "9": 0.10010064964772623, "0": 0.10206789276237534, "5": 0.09877390429133498, "4": 0.10133589532436636, "1": 0.10000914996797511, "7": 0.09804190685332602}}