{"currentPredictionRaw": [[0.09935104846954346, 0.09830555319786072, 0.10578114539384842, 0.10185356438159943, 0.09894239157438278, 0.10180322825908661, 0.09249082207679749, 0.09530436992645264, 0.10326851159334183, 0.10289934277534485], [0.09923334419727325, 0.09681971371173859, 0.10428094863891602, 0.1003214567899704, 0.1011914536356926, 0.1033213809132576, 0.09218695014715195, 0.09641074389219284, 0.10158165544271469, 0.10465233772993088], [0.09896809607744217, 0.09515827894210815, 0.10269980132579803, 0.09872546792030334, 0.10367689281702042, 0.10494489222764969, 0.09185557812452316, 0.0974474772810936, 0.10010259598493576, 0.10642096400260925]], "currentPrediction": [[2, 9, 9], [8, 2, 5], [9, 5, 4], [3, 8, 2], [5, 4, 8], [0, 3, 0], [4, 0, 3], [1, 1, 7], [7, 7, 1], [6, 6, 6]], "realResult": [0, 7, 8], "newPrediction": [[2, 9, 9], [8, 2, 5], [9, 5, 4], [3, 8, 2], [5, 4, 8], [0, 3, 0], [4, 0, 3], [1, 1, 7], [7, 7, 1], [6, 6, 6]], "newPredictionRaw": [[0.0993509292602539, 0.09830622375011444, 0.1057811975479126, 0.10185348987579346, 0.09894264489412308, 0.10180332511663437, 0.09249072521924973, 0.09530384093523026, 0.1032683253288269, 0.1028992310166359], [0.09923321008682251, 0.09682036191225052, 0.10428094863891602, 0.10032135248184204, 0.10119177401065826, 0.10332154482603073, 0.0921868309378624, 0.09641027450561523, 0.10158140957355499, 0.10465231537818909], [0.09896831214427948, 0.09515935927629471, 0.10269992053508759, 0.09872543811798096, 0.10367675125598907, 0.1049448549747467, 0.09185543656349182, 0.09744730591773987, 0.10010156035423279, 0.1064210757613182]], "matchingNumbers": {"bestMatchIndex": 1, "bestMatchSequence": [8, 2, 5], "matchingNumbers": [8]}, "labels": [0, 1, 2, 3, 4, 5, 6, 7, 8, 9]}