{"currentPredictionRaw": [[0.1005948856472969, 0.10004514455795288, 0.09884698688983917, 0.09551233053207397, 0.10490643978118896, 0.10155338048934937, 0.09384798258543015, 0.09697367995977402, 0.10169166326522827, 0.1060275062918663], [0.1005948856472969, 0.10004514455795288, 0.09884698688983917, 0.09551233053207397, 0.10490643978118896, 0.10155338048934937, 0.09384798258543015, 0.09697367995977402, 0.10169166326522827, 0.1060275062918663], [0.1005948856472969, 0.10004514455795288, 0.09884698688983917, 0.09551233053207397, 0.10490643978118896, 0.10155338048934937, 0.09384798258543015, 0.09697367995977402, 0.10169166326522827, 0.1060275062918663]], "currentPrediction": [[9, 9, 9], [4, 4, 4], [8, 8, 8], [5, 5, 5], [0, 0, 0], [1, 1, 1], [2, 2, 2], [7, 7, 7], [3, 3, 3], [6, 6, 6]], "realResult": [8, 1, 1], "newPrediction": [[9, 9, 9], [4, 4, 4], [8, 8, 8], [5, 5, 5], [0, 0, 0], [1, 1, 1], [2, 2, 2], [7, 7, 7], [3, 3, 3], [6, 6, 6]], "newPredictionRaw": [[0.10059507936239243, 0.10004512220621109, 0.09884699434041977, 0.09551230072975159, 0.10490664839744568, 0.10155326873064041, 0.09384804219007492, 0.09697355329990387, 0.10169142484664917, 0.10602760314941406], [0.10059507936239243, 0.10004512220621109, 0.09884699434041977, 0.09551230072975159, 0.10490664839744568, 0.10155326873064041, 0.09384804219007492, 0.09697355329990387, 0.10169142484664917, 0.10602760314941406], [0.10059507936239243, 0.10004512220621109, 0.09884699434041977, 0.09551230072975159, 0.10490664839744568, 0.10155326873064041, 0.09384804219007492, 0.09697355329990387, 0.10169142484664917, 0.10602760314941406]], "matchingNumbers": {"bestMatchIndex": 2, "bestMatchSequence": [8, 8, 8], "matchingNumbers": [8]}, "labels": [0, 1, 2, 3, 4, 5, 6, 7, 8, 9]}