{"currentPredictionRaw": [], "currentPrediction": [], "realResult": [], "newPrediction": [[3, 9, 0], [0, 0, 9], [5, 8, 3], [9, 3, 5], [6, 7, 6], [4, 5, 8], [8, 6, 4], [7, 4, 7], [2, 2, 2], [1, 1, 1]], "newPredictionRaw": [[1.8644197552930564e-05, 0.0, 0.0, 0.9999779462814331, 1.289216349214849e-27, 3.46764159075974e-06, 3.881155813401094e-12, 0.0, 0.0, 7.940704205289251e-10], [1.0375389365435694e-06, 0.0, 0.0, 3.121590849307007e-15, 0.0, 7.194992316086855e-27, 1.8317216026795145e-33, 7.488522220390145e-26, 5.653484560515622e-15, 0.999998927116394], [0.9976934790611267, 0.0, 0.0, 8.938707651395816e-06, 5.858174361303759e-34, 2.840608533859164e-19, 3.421454420657493e-25, 2.740182534529221e-38, 5.920106426402202e-28, 0.0022975897882133722]], "matchingNumbers": [], "labels": [0, 1, 2, 3, 4, 5, 6, 7, 8, 9]}