{"currentPredictionRaw": [[3.518286315801076e-22, 3.235546830460123e-10, 5.3735462462624944e-17, 4.542614982089299e-12, 0.0011879876255989075, 0.0003395260719116777, 0.9984725117683411, 3.3755613094251663e-22, 3.6252268529406815e-27, 4.267062888643078e-21], [2.2790634891663765e-23, 4.971398848141462e-10, 4.761874307420357e-17, 7.164759779389185e-13, 0.0017660452285781503, 0.00016222454723902047, 0.9980717301368713, 1.3043955169526197e-22, 7.0368294601534335e-28, 4.273572291153923e-22], [6.622602541028755e-06, 0.0, 0.0, 0.9999666213989258, 5.53184469658869e-25, 2.6642628654371947e-05, 1.1259049942369259e-10, 0.0, 0.0, 4.307818823878762e-10]], "currentPrediction": [[6, 6, 3], [4, 4, 5], [5, 5, 0], [1, 1, 9], [3, 3, 6], [2, 2, 4], [9, 9, 8], [0, 7, 7], [7, 0, 2], [8, 8, 1]], "realResult": [4, 6, 2], "newPrediction": [[9, 1, 3], [0, 2, 5], [8, 4, 0], [3, 7, 9], [7, 6, 6], [5, 8, 4], [6, 9, 8], [2, 5, 7], [1, 3, 2], [4, 0, 1]], "newPredictionRaw": [[1.7078145901905373e-06, 9.745005293110971e-37, 2.7148104021200637e-34, 3.646445921227188e-15, 3.673252138919438e-37, 6.857055089497862e-26, 2.5660538566868384e-31, 7.401374225919026e-22, 8.984948202117593e-12, 0.9999983310699463], [2.8915622852929953e-38, 0.998455286026001, 0.0015179759357124567, 5.347365589731831e-38, 2.6819649065146223e-05, 1.9997480508829985e-33, 3.7822278967104535e-16, 1.432351320884706e-10, 7.213118187577677e-23, 2.9146375081798926e-33], [1.4978748367866501e-05, 0.0, 0.0, 0.9999618530273438, 3.700172191892239e-24, 2.3181404685601592e-05, 1.245658576287667e-10, 0.0, 6.462647266580852e-38, 1.119108916647349e-09]], "matchingNumbers": {"bestMatchIndex": 5, "bestMatchSequence": [2, 2, 4], "matchingNumbers": [2, 4]}, "labels": [0, 1, 2, 3, 4, 5, 6, 7, 8, 9]}