{"currentPredictionRaw": [], "currentPrediction": [{"name": "MarkovBayesian Model", "predictions": [[0, 2, 5]]}, {"name": "PoissonMonteCarlo Model", "predictions": [[4, 5, 6]]}], "realResult": [1, 4, 8], "newPrediction": [{"name": "MarkovBayesian Model", "predictions": [[1, 4, 8]]}, {"name": "PoissonMonteCarlo Model", "predictions": [[3, 7, 8]]}], "newPredictionRaw": [], "matchingNumbers": {"model": "PoissonMonteCarlo Model", "prediction": [4, 5, 6], "matching_numbers": [4], "match_count": 1}, "labels": [], "numberFrequency": {"6": 0.10007228697930785, "4": 0.10129212975512786, "1": 0.10020782506551007, "0": 0.10246679316888045, "5": 0.09898798228969007, "3": 0.09758742206560043, "2": 0.10106623294479082, "8": 0.10065961868618416, "7": 0.09785849823800488, "9": 0.0998012108069034}}