{"currentPredictionRaw": [[0.09935078769922256, 0.09830741584300995, 0.10578196495771408, 0.10185307264328003, 0.09894222021102905, 0.10180278867483139, 0.09249096363782883, 0.09530256688594818, 0.10326966643333435, 0.10289853811264038], [0.09923309087753296, 0.09682156890630722, 0.10428175330162048, 0.10032100975513458, 0.10119125247001648, 0.10332100093364716, 0.0921870768070221, 0.09640898555517197, 0.10158272832632065, 0.1046515628695488], [0.09896843135356903, 0.09516085684299469, 0.1027008667588234, 0.09872524440288544, 0.10367578268051147, 0.10494414716959, 0.09185571223497391, 0.09744612127542496, 0.1001024842262268, 0.10642028599977493]], "currentPrediction": [[2, 9, 9], [8, 2, 5], [9, 5, 4], [3, 8, 2], [5, 4, 8], [0, 3, 0], [4, 0, 3], [1, 1, 7], [7, 7, 1], [6, 6, 6]], "realResult": [1, 7, 7], "newPrediction": [[2, 9, 9], [8, 2, 5], [9, 5, 4], [3, 8, 2], [5, 4, 8], [0, 3, 0], [4, 0, 3], [1, 1, 7], [7, 7, 1], [6, 6, 6]], "newPredictionRaw": [[0.09935078024864197, 0.09830746799707413, 0.10578200966119766, 0.10185310989618301, 0.09894218295812607, 0.10180274397134781, 0.09249096363782883, 0.095302514731884, 0.10326969623565674, 0.1028984859585762], [0.09923309087753296, 0.0968216136097908, 0.10428179800510406, 0.10032104700803757, 0.1011912077665329, 0.10332096368074417, 0.0921870768070221, 0.09640894085168839, 0.10158277302980423, 0.10465151816606522], [0.09896845370531082, 0.09516092389822006, 0.10270091146230698, 0.09872529655694962, 0.10367574542760849, 0.10494410991668701, 0.0918557196855545, 0.09744609147310257, 0.1001025065779686, 0.10642025619745255]], "matchingNumbers": {"bestMatchIndex": 7, "bestMatchSequence": [1, 1, 7], "matchingNumbers": [1, 7]}, "labels": [0, 1, 2, 3, 4, 5, 6, 7, 8, 9]}