{"currentPredictionRaw": [[0.9977846741676331, 0.0, 0.0, 2.1496731278602965e-05, 5.1924524211697495e-33, 1.704326739135076e-17, 4.6420425304421813e-23, 3.7879900087628455e-37, 4.2814178591231425e-28, 0.002193818101659417], [0.0, 4.912882083942323e-19, 5.324116955307545e-06, 0.0, 0.0, 0.0, 0.0, 0.9999934434890747, 1.2106105486964225e-06, 6.261398654230878e-18], [8.866805001161993e-05, 1.1248124121723418e-37, 0.0, 0.9999020099639893, 2.764990920502028e-23, 9.23816241993336e-06, 5.720139292786364e-11, 8.461945366401199e-38, 1.3842153114252852e-34, 1.5221981897184378e-08]], "currentPrediction": [[8, 1, 4], [1, 10, 3], [9, 4, 6], [10, 6, 0], [2, 7, 0], [9, 5, 7], [9, 5, 0], [8, 2, 6], [8, 3, 4], [1, 2, 3]], "realResult": [7, 9, 2], "newPrediction": [[2, 10, 0], [1, 3, 0], [9, 5, 0], [8, 4, 0], [8, 7, 0], [9, 6, 0], [10, 6, 7], [10, 3, 6], [2, 4, 0], [1, 5, 0]], "newPredictionRaw": [[0.0, 0.9988227486610413, 0.0011599452700465918, 0.0, 1.7308402675553225e-05, 4.126698421094183e-37, 1.528620673011257e-17, 1.538024915759273e-11, 6.737539580868968e-26, 2.740012024532082e-37], [2.452570925015607e-06, 2.818723528760903e-35, 8.003932218541324e-33, 1.649306301883431e-14, 9.877830989007231e-36, 1.3573250189683329e-24, 6.521647924576743e-30, 5.3873703801113995e-21, 1.7969615379032078e-11, 0.9999974966049194], [0.0, 0.9988083839416504, 0.0011378146009519696, 0.0, 5.385402619140223e-05, 8.815741996503043e-36, 2.0102106188572236e-16, 4.124183286546845e-11, 1.6420944380298686e-24, 1.4781961995678973e-35]], "matchingNumbers": {"bestMatchIndex": 4, "bestMatchSequence": [2, 7, 0], "matchingNumbers": [2, 7]}}