{"currentPredictionRaw": [[2.1777210600282852e-29, 6.28424187687493e-11, 1.0112492368553316e-19, 1.2003772541929747e-12, 0.0, 3.032536710634304e-08, 0.0, 3.8230281921528555e-35, 1.0, 6.835630129904543e-32], [0.0, 0.0, 1.663156025496574e-38, 3.349872809699228e-11, 8.76352420611792e-22, 1.6724257534406206e-08, 0.00018619824550114572, 0.9998024106025696, 5.259753607145315e-38, 1.1449235898908228e-05], [0.0, 0.0, 0.0, 1.4132450627738032e-33, 0.0, 5.391336088678145e-08, 0.0, 7.588284554898748e-19, 0.0, 1.0]], "currentPrediction": [[8, 7, 9], [5, 6, 7], [4, 5, 6], [7, 0, 6], [2, 4, 5], [5, 4, 6], [3, 4, 6], [3, 7, 7]], "realResult": [4, 3, 8], "newPrediction": [[5, 6, 4], [3, 4, 7], [3, 2, 7], [7, 3, 0], [3, 2, 7], [5, 4, 6], [0, 2, 6], [1, 9, 9]], "newPredictionRaw": [[5.826031007891205e-28, 5.459200191877833e-22, 9.477133001346775e-20, 1.2747950677294284e-06, 2.2660900404912928e-23, 0.9999982118606567, 9.743364935124645e-15, 1.3532482512346178e-07, 3.1984493178982554e-12, 3.9880146118775883e-07], [2.7722791615086263e-35, 0.0, 5.925056711051348e-37, 6.356920164783584e-31, 2.590449987849297e-08, 0.0, 1.0, 1.4105047130286152e-09, 0.0, 3.000149873288017e-32], [1.622331100504382e-37, 0.0, 0.0, 1.0804732649735679e-32, 2.0622625829247454e-09, 0.0, 1.0, 3.4602054554966344e-10, 0.0, 2.0792669835560126e-34]], "matchingNumbers": {"bestMatchIndex": 6, "bestMatchSequence": [3, 4, 6], "matchingNumbers": [3, 4]}, "labels": [0, 1, 2, 3, 4, 5, 6, 7, 8, 9], "numberFrequency": {"3": 0.09785890749382377, "2": 0.10101564644523744, "6": 0.10014639948760179, "8": 0.10064964772623296, "9": 0.10010064964772623, "0": 0.10206789276237534, "5": 0.09877390429133498, "4": 0.10133589532436636, "1": 0.10000914996797511, "7": 0.09804190685332602}}