{"currentPredictionRaw": [[0.09936627000570297, 0.09826614707708359, 0.10573061555624008, 0.1018361896276474, 0.09897156804800034, 0.10183632373809814, 0.09248588979244232, 0.09535686671733856, 0.10321539640426636, 0.10293478518724442], [0.09924767911434174, 0.09678105264902115, 0.10423224419355392, 0.10030476003885269, 0.10121960192918777, 0.10335355252027512, 0.09218348562717438, 0.096461720764637, 0.1015295684337616, 0.10468625277280807], [0.09896903485059738, 0.09510498493909836, 0.10264717042446136, 0.09870535135269165, 0.10372130572795868, 0.10498421639204025, 0.09185335785150528, 0.09748898446559906, 0.10007427632808685, 0.10645131766796112]], "currentPrediction": [[2, 9, 9], [8, 2, 5], [9, 5, 4], [5, 8, 2], [3, 4, 8], [0, 3, 0], [4, 0, 3], [1, 1, 7], [7, 7, 1], [6, 6, 6]], "realResult": [7, 9, 2], "newPrediction": [[2, 9, 9], [8, 2, 5], [9, 5, 4], [3, 8, 2], [5, 4, 8], [0, 3, 0], [4, 0, 3], [1, 1, 7], [7, 7, 1], [6, 6, 6]], "newPredictionRaw": [[0.09936508536338806, 0.09828180819749832, 0.10575328767299652, 0.10183516889810562, 0.09895618259906769, 0.10182847827672958, 0.09248741716146469, 0.0953342393040657, 0.10323887318372726, 0.10291953384876251], [0.09924707561731339, 0.09679735451936722, 0.10425502806901932, 0.10030453652143478, 0.10120277851819992, 0.10334508121013641, 0.0921846255660057, 0.09643901139497757, 0.10155411064624786, 0.10467034578323364], [0.09898452460765839, 0.09514109045267105, 0.10267726331949234, 0.09871113300323486, 0.1036815196275711, 0.10496498644351959, 0.09185459464788437, 0.09747593104839325, 0.10007181763648987, 0.10643710196018219]], "matchingNumbers": {"bestMatchIndex": 0, "bestMatchSequence": [2, 9, 9], "matchingNumbers": [9, 2]}, "labels": [0, 1, 2, 3, 4, 5, 6, 7, 8, 9]}