{"currentPredictionRaw": [], "currentPrediction": [], "realResult": [], "newPrediction": [[8, 10, 7], [1, 3, 5], [9, 6, 0], [2, 4, 0], [8, 10, 4], [3, 6, 7], [10, 5, 7], [8, 3, 6], [1, 2, 4], [9, 5, 1]], "newPredictionRaw": [[4.24168405288583e-07, 1.2919988656656385e-38, 2.0153157573838052e-35, 3.5473880120841987e-16, 0.0, 5.775501058015798e-27, 1.313350597751765e-32, 1.379745743570903e-22, 2.3173288375005763e-12, 0.9999995231628418], [5.068359135272173e-24, 8.831807507547751e-11, 1.1401254548764382e-17, 7.834267868494279e-15, 0.0015518848085775971, 9.419265552423894e-06, 0.9984386563301086, 1.3540012363745792e-22, 1.9791610832320192e-28, 2.83951782877075e-22], [0.0, 1.3294580898684374e-20, 8.487015293212608e-06, 0.0, 0.0, 0.0, 0.0, 0.9999915361404419, 9.256272970326052e-10, 9.340021609951774e-24]], "matchingNumbers": []}