{"currentPredictionRaw": [[0.10056481510400772, 0.10009153187274933, 0.09888119995594025, 0.09551217406988144, 0.1049174815416336, 0.10142263770103455, 0.0939277932047844, 0.09711719304323196, 0.10167219489812851, 0.10589303076267242], [0.10056481510400772, 0.10009153187274933, 0.09888119995594025, 0.09551217406988144, 0.1049174815416336, 0.10142263770103455, 0.0939277932047844, 0.09711719304323196, 0.10167219489812851, 0.10589303076267242], [0.10056481510400772, 0.10009153187274933, 0.09888119995594025, 0.09551217406988144, 0.1049174815416336, 0.10142263770103455, 0.0939277932047844, 0.09711719304323196, 0.10167219489812851, 0.10589303076267242]], "currentPrediction": [[9, 9, 9], [4, 4, 4], [8, 8, 8], [5, 5, 5], [0, 0, 0], [1, 1, 1], [2, 2, 2], [7, 7, 7], [3, 3, 3], [6, 6, 6]], "realResult": [4, 0, 5], "newPrediction": [[9, 9, 9], [4, 4, 4], [8, 8, 8], [5, 5, 5], [0, 0, 0], [1, 1, 1], [2, 2, 2], [7, 7, 7], [3, 3, 3], [6, 6, 6]], "newPredictionRaw": [[0.10052648186683655, 0.10005122423171997, 0.09884490817785263, 0.09554879367351532, 0.10486570000648499, 0.10152556002140045, 0.09391996264457703, 0.09709091484546661, 0.10166039317846298, 0.10596609860658646], [0.10052648186683655, 0.10005122423171997, 0.09884490817785263, 0.09554879367351532, 0.10486570000648499, 0.10152556002140045, 0.09391996264457703, 0.09709091484546661, 0.10166039317846298, 0.10596609860658646], [0.10052648186683655, 0.10005122423171997, 0.09884490817785263, 0.09554879367351532, 0.10486570000648499, 0.10152556002140045, 0.09391996264457703, 0.09709091484546661, 0.10166039317846298, 0.10596609860658646]], "matchingNumbers": {"bestMatchIndex": 1, "bestMatchSequence": [4, 4, 4], "matchingNumbers": [4]}, "labels": [0, 1, 2, 3, 4, 5, 6, 7, 8, 9]}