{"currentPredictionRaw": [[0.9954955577850342, 0.0, 0.0, 0.000304157700156793, 7.520037953110823e-25, 6.228400707186665e-06, 7.245961306961286e-22, 0.0, 0.004194121342152357, 0.0], [0.995387613773346, 0.0, 0.0, 0.00015554843412246555, 1.4619683055144184e-23, 5.138042070029769e-06, 1.9340616409273898e-23, 0.0, 0.004451703280210495, 0.0], [4.7797509307259945e-31, 0.0, 0.0, 0.0, 0.9993371367454529, 3.2236757220516934e-21, 0.0, 0.0, 0.0006628831033594906, 6.536156060832354e-10]], "currentPrediction": [[0, 8, 4], [8, 3, 9], [1, 3, 2], [4, 1, 2], [6, 9, 3], [5, 4, 4], [1, 4, 7], [1, 5, 8]], "realResult": [1, 5, 8], "newPrediction": [[1, 5, 8], [7, 6, 0], [0, 4, 1], [5, 6, 7], [1, 4, 7], [4, 3, 4], [0, 2, 4], [1, 5, 9]], "newPredictionRaw": [[0.0, 1.0, 1.5778303108504588e-08, 1.4739488078705902e-34, 1.677539986120494e-26, 2.4391471065143833e-09, 7.306242416627029e-12, 5.5020027645014125e-08, 1.2282595830835633e-35, 4.995184106436736e-16], [3.3592908721402637e-07, 3.856134966895297e-09, 7.960042579839653e-18, 6.587272309843684e-07, 6.103008289709555e-12, 0.9999843835830688, 1.4695375284645706e-05, 8.543656754289586e-11, 3.8483594089200324e-10, 3.06904585078982e-10], [4.959160165851628e-11, 0.0, 0.0, 4.556668203804569e-27, 1.0124064401487859e-13, 2.0462976799140442e-11, 1.5206592738539707e-37, 0.0, 1.0, 1.1301980144594304e-26]], "matchingNumbers": {"bestMatchIndex": 7, "bestMatchSequence": [1, 5, 8], "matchingNumbers": [8, 1, 5]}, "labels": [0, 1, 2, 3, 4, 5, 6, 7, 8, 9], "numberFrequency": {"6": 0.10012343985735839, "4": 0.10135783843094226, "1": 0.0999862844602935, "0": 0.10227220774470809, "5": 0.09875188588670965, "3": 0.09779179810725552, "2": 0.10094637223974763, "8": 0.10067206144561788, "7": 0.09802039043569698, "9": 0.1000777213916701}}