{"currentPredictionRaw": [[0.09935757517814636, 0.09829434007406235, 0.10576381534337997, 0.1018432080745697, 0.09895649552345276, 0.10181591659784317, 0.09248895943164825, 0.09531798958778381, 0.10324858874082565, 0.10291311889886856], [0.09924011677503586, 0.09680874645709991, 0.10426391661167145, 0.10031156241893768, 0.10120503604412079, 0.10333362221717834, 0.09218531847000122, 0.09642389416694641, 0.1015622690320015, 0.10466554015874863], [0.09897598624229431, 0.09514880925416946, 0.10268363356590271, 0.09871647506952286, 0.10368853807449341, 0.10495597124099731, 0.0918542742729187, 0.0974605605006218, 0.10008224099874496, 0.10643354803323746]], "currentPrediction": [[2, 9, 9], [8, 2, 5], [9, 5, 4], [3, 8, 2], [5, 4, 8], [0, 3, 0], [4, 0, 3], [1, 1, 7], [7, 7, 1], [6, 6, 6]], "realResult": [9, 1, 3], "newPrediction": [[2, 9, 9], [8, 2, 5], [9, 5, 4], [3, 8, 2], [5, 4, 8], [0, 3, 0], [4, 0, 3], [1, 1, 7], [7, 7, 1], [6, 6, 6]], "newPredictionRaw": [[0.09935348480939865, 0.09830054640769958, 0.10577041655778885, 0.10184676200151443, 0.09894934296607971, 0.1018105074763298, 0.09249167144298553, 0.09531351178884506, 0.10325716435909271, 0.10290655493736267], [0.09923571348190308, 0.09681488573551178, 0.10427036136388779, 0.10031486302614212, 0.10119811445474625, 0.10332847386598587, 0.0921880379319191, 0.09641972929239273, 0.1015705019235611, 0.10465927422046661], [0.09897171705961227, 0.09515535831451416, 0.10269003361463547, 0.09871958941221237, 0.10368134081363678, 0.10495085269212723, 0.09185700863599777, 0.09745708107948303, 0.10008926689624786, 0.10642775148153305]], "matchingNumbers": {"bestMatchIndex": 0, "bestMatchSequence": [2, 9, 9], "matchingNumbers": [9]}, "labels": [0, 1, 2, 3, 4, 5, 6, 7, 8, 9]}