{"currentPredictionRaw": [[0.0, 0.9988234639167786, 0.0011591124348342419, 0.0, 1.7353175280732103e-05, 4.139314591428192e-37, 1.534312006497867e-17, 1.53676793512858e-11, 6.732688086301858e-26, 2.7407667078330288e-37], [2.4575815587013494e-06, 2.818207528066865e-35, 7.994046311050909e-33, 1.6530003819729966e-14, 9.901975832383831e-36, 1.3598436546234772e-24, 6.539086618370062e-30, 5.3816604912834395e-21, 1.7949404115813472e-11, 0.9999974966049194], [0.0, 0.9988119602203369, 0.0011337363393977284, 0.0, 5.433217665995471e-05, 8.944905751990002e-36, 2.038465388046361e-16, 4.1064193712081476e-11, 1.637433946409436e-24, 1.481464251794457e-35]], "currentPrediction": [[1, 9, 1], [2, 0, 2], [4, 8, 4], [7, 3, 7], [6, 7, 6], [8, 5, 8], [5, 6, 9], [9, 2, 5], [3, 1, 3], [0, 4, 0]], "realResult": [2, 3, 1], "newPrediction": [[7, 9, 2], [2, 0, 7], [8, 8, 1], [1, 3, 8], [9, 7, 4], [6, 5, 9], [4, 6, 5], [5, 2, 6], [3, 1, 3], [0, 4, 0]], "newPredictionRaw": [[0.0, 2.0259850147490252e-22, 2.7028697786590783e-06, 0.0, 0.0, 0.0, 0.0, 0.9999972581863403, 1.9508257509404103e-10, 8.507568423671572e-26], [1.0961272209897288e-06, 7.121299795598932e-33, 2.981608271920039e-31, 7.047451764009708e-15, 1.4077599811359008e-34, 1.1493367137109292e-24, 6.527133815652708e-30, 9.144164370460624e-20, 1.5117365692596252e-10, 0.999998927116394], [0.0, 9.109029406317859e-07, 0.9996073842048645, 0.0, 2.1121270740631354e-31, 0.0, 0.0, 0.00039165254565887153, 6.94295184519726e-19, 1.2053351473551248e-35]], "matchingNumbers": {"bestMatchIndex": 8, "bestMatchSequence": [3, 1, 3], "matchingNumbers": [1, 3]}, "labels": [0, 1, 2, 3, 4, 5, 6, 7, 8, 9]}