{"currentPredictionRaw": [[2.9214981623226777e-05, 1.6471749171601817e-38, 0.0, 0.9999507665634155, 1.5939835469144306e-23, 1.9991079170722514e-05, 1.3259160436263073e-10, 0.0, 3.2181331772145735e-36, 3.2553673090518487e-09], [0.0, 4.85802183902706e-06, 0.999985933303833, 0.0, 6.135973682365738e-29, 0.0, 0.0, 9.13011626835214e-06, 3.774957862315092e-23, 0.0], [7.09677952178645e-17, 3.2149243692751455e-20, 5.321365390459728e-26, 4.364081542007625e-05, 4.0632749942481894e-10, 0.98561030626297, 0.014346152544021606, 2.6604588612443147e-29, 1.9443832073547494e-31, 1.0505012626869302e-17]], "currentPrediction": [[3, 2, 5], [0, 7, 6], [5, 1, 3], [9, 8, 4], [6, 4, 0], [4, 9, 9], [8, 5, 1], [1, 6, 2], [7, 3, 7], [2, 0, 8]], "realResult": [3, 5, 5], "newPrediction": [[6, 2, 7], [4, 7, 2], [5, 1, 8], [1, 8, 1], [3, 4, 9], [2, 9, 6], [9, 5, 4], [7, 6, 5], [0, 3, 3], [8, 0, 0]], "newPredictionRaw": [[3.5261779540791623e-22, 5.066447261725671e-10, 6.011189009360836e-17, 3.1611267423126144e-12, 0.0015268446877598763, 0.000303994573187083, 0.9981691837310791, 4.497508823782781e-22, 4.641325535998021e-27, 5.2545941593060005e-21], [0.0, 1.0156735186228616e-07, 0.9999953508377075, 0.0, 1.953189976937182e-36, 0.0, 0.0, 4.494126642384799e-06, 3.5686875201563e-28, 0.0], [0.0, 9.085556160290863e-22, 5.986434644000838e-06, 0.0, 0.0, 0.0, 0.0, 0.9999940395355225, 7.540153224017132e-11, 3.1221296550780146e-26]], "matchingNumbers": {"bestMatchIndex": 0, "bestMatchSequence": [3, 2, 5], "matchingNumbers": [3, 5]}, "labels": [0, 1, 2, 3, 4, 5, 6, 7, 8, 9]}