{"currentPredictionRaw": [[0.09935078769922256, 0.09830725193023682, 0.10578178614377975, 0.10185302048921585, 0.09894220530986786, 0.10180293768644333, 0.09249100089073181, 0.09530282020568848, 0.10326948016881943, 0.1028987318277359], [0.09923308342695236, 0.09682139754295349, 0.10428157448768616, 0.1003209576010704, 0.1011912077665329, 0.1033211201429367, 0.09218711405992508, 0.09640923142433167, 0.10158256441354752, 0.10465174168348312], [0.09896846115589142, 0.09516076743602753, 0.10270073264837265, 0.09872524440288544, 0.10367568582296371, 0.10494423657655716, 0.09185576438903809, 0.09744640439748764, 0.10010229051113129, 0.10642047226428986]], "currentPrediction": [[2, 9, 9], [8, 2, 5], [9, 5, 4], [3, 8, 2], [5, 4, 8], [0, 3, 0], [4, 0, 3], [1, 1, 7], [7, 7, 1], [6, 6, 6]], "realResult": [8, 7, 8], "newPrediction": [[2, 9, 9], [8, 2, 5], [9, 5, 4], [3, 8, 2], [5, 4, 8], [0, 3, 0], [4, 0, 3], [1, 1, 7], [7, 7, 1], [6, 6, 6]], "newPredictionRaw": [[0.09935081750154495, 0.09830723702907562, 0.10578181594610214, 0.10185304284095764, 0.09894230216741562, 0.10180290043354034, 0.09249100089073181, 0.09530273824930191, 0.10326952487230301, 0.10289870202541351], [0.09923311322927475, 0.0968213751912117, 0.10428160429000854, 0.1003209799528122, 0.10119129717350006, 0.10332109779119492, 0.09218710660934448, 0.0964091345667839, 0.1015826016664505, 0.10465171188116074], [0.0989684984087944, 0.09516073018312454, 0.10270075500011444, 0.09872525930404663, 0.10367578268051147, 0.10494421422481537, 0.09185574948787689, 0.09744627773761749, 0.10010232776403427, 0.10642042756080627]], "matchingNumbers": {"bestMatchIndex": 1, "bestMatchSequence": [8, 2, 5], "matchingNumbers": [8]}, "labels": [0, 1, 2, 3, 4, 5, 6, 7, 8, 9]}