{"currentPredictionRaw": [[8.873265412255505e-29, 8.926488135330146e-07, 1.5550214811810292e-05, 1.0516132887588535e-37, 7.988949801074341e-05, 0.00026808687835000455, 5.526296508419778e-27, 1.983971309935245e-26, 5.035595829205874e-10, 0.9996355772018433], [1.479082481492533e-12, 0.0, 0.0, 3.9567538576361996e-29, 3.5844078898582266e-13, 6.105004696221883e-11, 1.8853922929790863e-38, 0.0, 1.0, 4.585579108571744e-27], [0.9999103546142578, 0.0, 0.0, 1.536386480438523e-05, 1.8088272407926699e-25, 4.932396677759243e-06, 7.858124942477481e-23, 0.0, 6.937109719729051e-05, 0.0]], "currentPrediction": [[9, 8, 0], [5, 0, 3], [8, 7, 0], [3, 0, 8], [7, 8, 9], [4, 3, 5], [0, 8, 5], [1, 5, 8]], "realResult": [0, 0, 4], "newPrediction": [[0, 8, 4], [8, 3, 9], [1, 3, 2], [4, 1, 2], [6, 9, 3], [5, 4, 4], [1, 4, 7], [1, 5, 8]], "newPredictionRaw": [[0.9954955577850342, 0.0, 0.0, 0.000304157700156793, 7.520037953110823e-25, 6.228400707186665e-06, 7.245961306961286e-22, 0.0, 0.004194121342152357, 0.0], [0.995387613773346, 0.0, 0.0, 0.00015554843412246555, 1.4619683055144184e-23, 5.138042070029769e-06, 1.9340616409273898e-23, 0.0, 0.004451703280210495, 0.0], [4.7797509307259945e-31, 0.0, 0.0, 0.0, 0.9993371367454529, 3.2236757220516934e-21, 0.0, 0.0, 0.0006628831033594906, 6.536156060832354e-10]], "matchingNumbers": {"bestMatchIndex": 0, "bestMatchSequence": [9, 8, 0], "matchingNumbers": [0]}, "labels": [0, 1, 2, 3, 4, 5, 6, 7, 8, 9], "numberFrequency": {"6": 0.10013717421124829, "4": 0.10137174211248286, "1": 0.09995427526291724, "0": 0.10228623685413808, "5": 0.09871970736168267, "3": 0.09780521262002743, "2": 0.100960219478738, "8": 0.10064014631915867, "7": 0.09803383630544124, "9": 0.10009144947416553}}