{"currentPredictionRaw": [[0.0, 3.1454791837859375e-07, 0.9999898672103882, 0.0, 7.926418100667187e-34, 0.0, 0.0, 9.764958122104872e-06, 2.2841546088616128e-26, 0.0], [3.8089747783673534e-35, 0.002088481094688177, 1.4975051199073164e-09, 1.368787902278282e-29, 0.9978986978530884, 9.155603373603438e-21, 1.2872017578047235e-05, 1.390187199852955e-17, 8.24439933160514e-29, 4.656259489249794e-33], [0.0, 2.7314977526154225e-26, 7.322607797899394e-11, 0.0, 0.0, 0.0, 0.0, 0.0007515024626627564, 0.9992483258247375, 1.3047807101429498e-07]], "currentPrediction": [[9, 3, 5], [8, 2, 0], [2, 10, 7], [9, 3, 0], [8, 2, 5], [10, 6, 7], [9, 5, 6], [4, 6, 7], [10, 4, 0], [1, 0, 0]], "realResult": [8, 5, 7], "newPrediction": [[2, 3, 0], [8, 3, 0], [2, 5, 0], [8, 9, 0], [5, 7, 0], [9, 10, 0], [10, 6, 0], [6, 7, 0], [4, 0, 0], [1, 0, 0]], "newPredictionRaw": [[0.0, 1.7629371029670438e-07, 0.9999910593032837, 0.0, 2.2600085670375178e-35, 0.0, 0.0, 8.789205821813084e-06, 1.74204812367997e-27, 0.0], [0.0, 0.9992746710777283, 0.0007196348742581904, 0.0, 5.7520514928910416e-06, 0.0, 5.3767854571069185e-21, 4.966345260384863e-13, 6.5607569977867925e-31, 0.0], [0.0, 0.9987514019012451, 0.0012358523672446609, 0.0, 1.2755286661558785e-05, 0.0, 3.0578667462643925e-19, 2.670523741379882e-12, 3.1503613325020524e-28, 0.0]], "matchingNumbers": {"bestMatchIndex": 4, "bestMatchSequence": [8, 2, 5], "matchingNumbers": [8, 5]}}