{"currentPredictionRaw": [[0.003123380709439516, 0.001421113032847643, 0.9954372048377991, 1.5358446034952067e-06, 8.323921065311879e-06, 2.4756083056891176e-17, 5.8191130195275475e-21, 2.0393742562300328e-23, 8.463545782433357e-06, 3.9873016106251837e-22], [0.0, 0.0, 0.0, 9.106615461718093e-11, 1.7846292791924053e-28, 1.392632839269936e-06, 2.2812683653228305e-07, 0.9993683695793152, 0.0, 0.0006299580563791096], [1.0, 6.853003966894303e-21, 2.876584062096177e-13, 2.1901541344404585e-11, 2.256659782604648e-28, 0.0, 0.0, 0.0, 5.650556130667006e-38, 0.0]], "currentPrediction": [[2, 7, 0], [0, 9, 2], [4, 3, 2], [6, 2, 0], [2, 3, 4], [5, 4, 6], [8, 2, 4], [6, 6, 7]], "realResult": [2, 0, 7], "newPrediction": [[5, 4, 6], [3, 6, 0], [1, 3, 6], [6, 1, 7], [6, 1, 9], [5, 4, 6], [1, 4, 9], [4, 2, 6]], "newPredictionRaw": [[1.2276559024495688e-33, 3.9417613957988064e-29, 1.0878557543787849e-23, 4.200973307888489e-06, 3.0625948391916924e-29, 0.9999955892562866, 4.7454054722966715e-17, 7.398188017759821e-08, 1.5922928741927468e-15, 6.966198640157018e-08], [1.861483406653819e-12, 0.0, 3.1615747740571698e-21, 2.7627234628939432e-36, 0.9999998807907104, 0.0, 9.57917691835064e-08, 2.8789197270469843e-22, 0.0, 0.0], [7.196012449112166e-13, 0.0, 4.569647818536963e-22, 5.347431731019347e-38, 1.0, 0.0, 2.5359986111084254e-08, 1.1511243711297731e-23, 0.0, 0.0]], "matchingNumbers": {"bestMatchIndex": 0, "bestMatchSequence": [2, 7, 0], "matchingNumbers": [0, 2, 7]}, "labels": [0, 1, 2, 3, 4, 5, 6, 7, 8, 9], "numberFrequency": {"3": 0.09785890749382377, "2": 0.10101564644523744, "6": 0.10014639948760179, "8": 0.10064964772623296, "9": 0.10010064964772623, "0": 0.10206789276237534, "5": 0.09877390429133498, "4": 0.10133589532436636, "1": 0.10000914996797511, "7": 0.09804190685332602}}