{"currentPredictionRaw": [[0.09935078024864197, 0.09830746799707413, 0.10578200966119766, 0.10185310989618301, 0.09894218295812607, 0.10180274397134781, 0.09249096363782883, 0.095302514731884, 0.10326969623565674, 0.1028984859585762], [0.09923309087753296, 0.0968216136097908, 0.10428179800510406, 0.10032104700803757, 0.1011912077665329, 0.10332096368074417, 0.0921870768070221, 0.09640894085168839, 0.10158277302980423, 0.10465151816606522], [0.09896845370531082, 0.09516092389822006, 0.10270091146230698, 0.09872529655694962, 0.10367574542760849, 0.10494410991668701, 0.0918557196855545, 0.09744609147310257, 0.1001025065779686, 0.10642025619745255]], "currentPrediction": [[2, 9, 9], [8, 2, 5], [9, 5, 4], [3, 8, 2], [5, 4, 8], [0, 3, 0], [4, 0, 3], [1, 1, 7], [7, 7, 1], [6, 6, 6]], "realResult": [2, 9, 6], "newPrediction": [[2, 9, 9], [8, 2, 5], [9, 5, 4], [3, 8, 2], [5, 4, 8], [0, 3, 0], [4, 0, 3], [1, 1, 7], [7, 7, 1], [6, 6, 6]], "newPredictionRaw": [[0.09935078024864197, 0.09830749034881592, 0.10578201711177826, 0.10185309499502182, 0.09894217550754547, 0.10180273652076721, 0.09249096363782883, 0.095302514731884, 0.10326970368623734, 0.1028984859585762], [0.09923308342695236, 0.096821628510952, 0.10428179800510406, 0.10032103210687637, 0.1011912152171135, 0.10332094877958298, 0.09218708425760269, 0.09640892595052719, 0.10158278048038483, 0.10465151071548462], [0.09896846115589142, 0.09516094624996185, 0.10270093381404877, 0.09872529655694962, 0.10367575287818909, 0.10494409501552582, 0.0918557196855545, 0.09744608402252197, 0.10010252147912979, 0.10642025619745255]], "matchingNumbers": {"bestMatchIndex": 0, "bestMatchSequence": [2, 9, 9], "matchingNumbers": [9, 2]}, "labels": [0, 1, 2, 3, 4, 5, 6, 7, 8, 9]}