{"currentPredictionRaw": [[5.892242693761318e-09, 4.28514868033858e-09, 5.919617336224358e-16, 5.439477427510164e-12, 1.0219403101530133e-08, 0.9999977350234985, 6.139503128110846e-09, 1.9171204337573022e-13, 1.4404227499653643e-07, 2.132738018190139e-06], [1.3760619230111138e-27, 0.9999912977218628, 2.5452890906052517e-09, 5.7775526818520755e-25, 1.9901571334765176e-20, 6.491183739854023e-06, 6.653732675943047e-09, 2.259671873616753e-06, 4.254783210957239e-28, 1.9005834232810326e-12], [2.7277909098177844e-11, 1.1087770108072089e-34, 0.0, 0.9999805688858032, 0.0, 1.1235627539463167e-07, 1.9273462385172024e-05, 1.4788066503514028e-29, 4.07753928760692e-31, 0.0]], "currentPrediction": [[5, 1, 3], [9, 5, 6], [3, 0, 6], [7, 1, 3], [1, 7, 3], [3, 3, 4], [2, 4, 5], [1, 5, 9]], "realResult": [2, 1, 5], "newPrediction": [[4, 2, 8], [8, 1, 9], [1, 0, 3], [3, 1, 6], [4, 0, 1], [3, 3, 4], [0, 9, 7], [1, 5, 9]], "newPredictionRaw": [[0.0, 0.0, 0.0, 0.0, 0.9999997615814209, 0.0, 0.0, 0.0, 2.244141370510988e-07, 1.1430386903643879e-14], [0.0, 2.3937953841368653e-09, 1.0, 0.0, 0.0, 0.0, 0.0, 0.0, 0.0, 1.1895211829888427e-20], [0.0, 0.0, 0.0, 0.0, 0.9999977350234985, 0.0, 0.0, 0.0, 2.287465576955583e-06, 1.1252465091974272e-14]], "matchingNumbers": {"bestMatchIndex": 0, "bestMatchSequence": [5, 1, 3], "matchingNumbers": [1, 5]}, "labels": [0, 1, 2, 3, 4, 5, 6, 7, 8, 9], "numberFrequency": {"6": 0.10005482456140351, "4": 0.10142543859649122, "1": 0.10000913742690058, "0": 0.10220211988304094, "5": 0.09877558479532164, "3": 0.09781615497076024, "2": 0.10101425438596491, "8": 0.1006030701754386, "7": 0.09804459064327485, "9": 0.10005482456140351}}