{"currentPredictionRaw": [[0.9989455342292786, 0.0, 0.0, 1.933556268340908e-05, 1.4343900939286845e-35, 5.459833757297086e-18, 5.281067195325514e-24, 0.0, 8.725625799734317e-32, 0.00103520299308002], [9.981622597693071e-15, 3.320481841954059e-23, 1.897643450182156e-29, 0.0001870013220468536, 2.21788785254029e-11, 0.991959273815155, 0.007853713817894459, 4.994853231389744e-31, 5.083192057970741e-33, 5.729096862376408e-16], [0.0, 0.9989193677902222, 0.00105956569314003, 0.0, 2.111208777932916e-05, 1.8319256099429264e-38, 9.110846026525477e-18, 2.1653022257150933e-12, 9.560829504268418e-28, 0.0]], "currentPrediction": [[1, 2, 6], [10, 3, 7], [4, 5, 0], [8, 5, 6], [1, 7, 0], [9, 10, 0], [2, 5, 6], [8, 10, 3], [8, 3, 4], [9, 2, 1]], "realResult": [4, 0, 5], "newPrediction": [[1, 5, 0], [2, 10, 0], [4, 7, 0], [3, 6, 0], [8, 7, 0], [9, 6, 0], [9, 4, 5], [8, 9, 4], [10, 3, 0], [1, 2, 0]], "newPredictionRaw": [[3.058644952478014e-30, 0.0019557643681764603, 2.3120894088179966e-09, 1.4640635200786855e-24, 0.9979027509689331, 1.0526527760037929e-16, 0.00014149754133541137, 2.6740419863234435e-16, 1.1314696058533522e-25, 1.727330335563833e-28], [0.9989277720451355, 0.0, 0.0, 7.963788812048733e-05, 1.3685041865780722e-33, 1.6282247000295438e-16, 2.129268869130057e-22, 0.0, 5.46049193442843e-31, 0.0009925866033881903], [1.859752433622383e-29, 0.0032382868230342865, 6.994141710237045e-09, 1.166918155313203e-24, 0.9965893030166626, 6.089632201210465e-17, 0.0001723576569929719, 1.8172456608630573e-15, 1.3166189087904103e-24, 1.0786573172899091e-27]], "matchingNumbers": {"bestMatchIndex": 2, "bestMatchSequence": [4, 5, 0], "matchingNumbers": [0, 4, 5]}}