{"currentPredictionRaw": [], "currentPrediction": [], "realResult": [4, 6, 2], "newPrediction": [[9, 1, 3], [5, 8, 1], [5, 4, 6], [1, 9, 7], [1, 6, 8]], "newPredictionRaw": [[4.092003446427655e-25, 1.1876474930418514e-32, 3.7641098982763227e-26, 3.125651681923358e-10, 1.1509185075090301e-17, 0.0016549780266359448, 3.9630804741412964e-14, 0.00037880835589021444, 1.014497922194382e-23, 0.9979662895202637], [2.026280920830459e-09, 0.9997952580451965, 3.1846574266580774e-09, 1.419524977563924e-07, 3.138417873488263e-17, 9.29249255144237e-31, 7.136584835312424e-37, 0.0, 0.00020459543156903237, 0.0], [3.8724113668404064e-29, 2.9648498986418924e-20, 1.488307503508308e-29, 0.9999148845672607, 7.321174631005495e-38, 8.495340443914756e-05, 0.0, 2.3143096044790733e-35, 6.749163361519095e-08, 4.107623472163796e-22]], "matchingNumbers": [], "labels": [0, 1, 2, 3, 4, 5, 6, 7, 8, 9], "numberFrequency": {"3": 0.09785890749382377, "2": 0.10101564644523744, "6": 0.10014639948760179, "8": 0.10064964772623296, "9": 0.10010064964772623, "0": 0.10206789276237534, "5": 0.09877390429133498, "4": 0.10133589532436636, "1": 0.10000914996797511, "7": 0.09804190685332602}}