{"currentPredictionRaw": [[0.0, 1.8389677052255138e-06, 0.9999868869781494, 0.0, 7.374959868499668e-31, 0.0, 0.0, 1.13070718725794e-05, 4.0927429049186864e-24, 0.0], [1.9285913367639296e-05, 2.709222470466183e-36, 0.0, 0.9999377727508545, 5.330564619922405e-22, 4.2930074414471164e-05, 5.385753509834501e-10, 1.0438405664369366e-37, 4.4075304177044417e-35, 2.53365439739639e-09], [0.0, 0.9992714524269104, 0.0006909078219905496, 0.0, 3.7669098674086854e-05, 2.483415200118473e-35, 2.0700499231604937e-16, 2.248008420038805e-12, 2.5642926748524026e-26, 2.3597301135689104e-37]], "currentPrediction": [[2, 3, 1], [7, 5, 2], [1, 0, 4], [8, 9, 7], [4, 6, 6], [9, 4, 8], [5, 8, 5], [6, 1, 9], [3, 7, 3], [0, 2, 0]], "realResult": [9, 1, 3], "newPrediction": [[6, 6, 3], [4, 4, 5], [5, 5, 0], [1, 1, 9], [3, 3, 6], [2, 2, 4], [9, 9, 8], [0, 7, 7], [7, 0, 2], [8, 8, 1]], "newPredictionRaw": [[3.518286315801076e-22, 3.235546830460123e-10, 5.3735462462624944e-17, 4.542614982089299e-12, 0.0011879876255989075, 0.0003395260719116777, 0.9984725117683411, 3.3755613094251663e-22, 3.6252268529406815e-27, 4.267062888643078e-21], [2.2790634891663765e-23, 4.971398848141462e-10, 4.761874307420357e-17, 7.164759779389185e-13, 0.0017660452285781503, 0.00016222454723902047, 0.9980717301368713, 1.3043955169526197e-22, 7.0368294601534335e-28, 4.273572291153923e-22], [6.622602541028755e-06, 0.0, 0.0, 0.9999666213989258, 5.53184469658869e-25, 2.6642628654371947e-05, 1.1259049942369259e-10, 0.0, 0.0, 4.307818823878762e-10]], "matchingNumbers": {"bestMatchIndex": 0, "bestMatchSequence": [2, 3, 1], "matchingNumbers": [1, 3]}, "labels": [0, 1, 2, 3, 4, 5, 6, 7, 8, 9]}