{"currentPredictionRaw": [[0.0, 5.280432663199028e-33, 7.574627100789097e-29, 7.977903493383565e-08, 4.485212013217857e-31, 0.9999966621398926, 3.6362538781753426e-17, 1.3161897527425026e-07, 5.571865341702466e-19, 3.0499027161567938e-06], [1.0908476588086942e-17, 1.0, 1.6786823997579233e-15, 7.51350846149972e-19, 0.0, 0.0, 0.0, 0.0, 1.3466614108559316e-11, 0.0], [9.772552466259722e-18, 1.2652647707430024e-18, 6.710459705944584e-15, 1.0, 7.657117819573012e-25, 3.290972702685302e-11, 7.497938014851056e-25, 3.6021321376551926e-20, 4.9980145890027305e-12, 1.963967985235257e-26]], "currentPrediction": [[5, 1, 3], [9, 8, 5], [5, 6, 1], [6, 4, 8], [1, 6, 5], [5, 4, 6], [0, 2, 6], [2, 6, 9]], "realResult": [8, 1, 7], "newPrediction": [[6, 7, 2], [4, 9, 1], [7, 0, 6], [0, 4, 5], [7, 6, 0], [5, 4, 6], [0, 9, 5], [4, 7, 9]], "newPredictionRaw": [[1.1949430426098865e-34, 0.0, 3.290563525869758e-38, 6.537805423567213e-30, 4.557978883212854e-09, 0.0, 1.0, 2.2803927635095533e-09, 0.0, 3.632382603848473e-33], [0.0, 0.0, 0.0, 2.6147175245273824e-13, 6.63772492955766e-33, 1.2808609728409692e-10, 2.2882551320435596e-07, 0.9999980926513672, 0.0, 1.696467393230705e-06], [0.00026177929248660803, 0.0017715534195303917, 0.997901201248169, 4.511728235456758e-08, 4.159572597473016e-07, 2.2107021888009143e-13, 9.900292479331183e-17, 8.764406655966324e-19, 6.509450759040192e-05, 1.8905998721481373e-17]], "matchingNumbers": {"bestMatchIndex": 0, "bestMatchSequence": [5, 1, 3], "matchingNumbers": [1]}, "labels": [0, 1, 2, 3, 4, 5, 6, 7, 8, 9], "numberFrequency": {"3": 0.09785890749382377, "2": 0.10101564644523744, "6": 0.10014639948760179, "8": 0.10064964772623296, "9": 0.10010064964772623, "0": 0.10206789276237534, "5": 0.09877390429133498, "4": 0.10133589532436636, "1": 0.10000914996797511, "7": 0.09804190685332602}}