{"currentPredictionRaw": [[1.1712727427948266e-05, 0.0, 0.0, 0.9999818801879883, 1.3135668059481102e-26, 6.40466669210582e-06, 1.0901697079790384e-11, 0.0, 0.0, 4.673552100875611e-10], [8.380698563646921e-16, 2.1333776038232463e-23, 2.1233198585569758e-29, 0.00019675576186273247, 1.0451157300694902e-11, 0.9931731820106506, 0.0066300383768975735, 9.097643313146678e-32, 8.12531817331105e-34, 3.2510993943804417e-17], [2.9820882816029273e-16, 6.300935729894295e-22, 1.1539970967089129e-27, 8.751430141273886e-05, 5.2229512381707366e-11, 0.9902211427688599, 0.009691331535577774, 2.1011658713603617e-30, 1.5668701990775771e-32, 2.4707190065244392e-17]], "currentPrediction": [[4, 6, 0], [1, 7, 0], [4, 6, 0], [10, 5, 0], [1, 7, 0], [10, 5, 0], [9, 2, 0], [8, 3, 0], [8, 3, 0], [9, 2, 0]], "realResult": [0, 2, 2], "newPrediction": [[9, 0, 0], [8, 0, 0], [10, 0, 0], [3, 0, 0], [2, 0, 0], [7, 0, 0], [5, 0, 0], [6, 0, 0], [4, 0, 0], [1, 0, 0]], "newPredictionRaw": [[0.0, 3.687984691524077e-30, 1.1874409441836598e-11, 0.0, 0.0, 0.0, 0.0, 0.0007132870377972722, 0.9992867112159729, 1.6988832562958578e-09], [0.0, 1.3801490833908438e-29, 1.468042874763764e-11, 0.0, 0.0, 0.0, 0.0, 0.0009019080898724496, 0.9990980625152588, 4.007674636596903e-09], [0.0, 1.1372833566504355e-26, 1.1049372528049162e-10, 0.0, 0.0, 0.0, 0.0, 0.001987997442483902, 0.9980118274688721, 6.533573326805708e-08]], "matchingNumbers": {"bestMatchIndex": 6, "bestMatchSequence": [9, 2, 0], "matchingNumbers": [0, 2]}}