{"currentPredictionRaw": [[0.09935079514980316, 0.09830731153488159, 0.10578186064958572, 0.10185302793979645, 0.09894228726625443, 0.10180287063121796, 0.09249097108840942, 0.09530263394117355, 0.10326959192752838, 0.10289862751960754], [0.09923309832811356, 0.09682145714759827, 0.10428163409233093, 0.10032095015048981, 0.10119130462408066, 0.10332106053829193, 0.09218708425760269, 0.09640904515981674, 0.10158266127109528, 0.10465164482593536], [0.09896846115589142, 0.09516077488660812, 0.10270077735185623, 0.09872522205114365, 0.10367585718631744, 0.10494422167539597, 0.0918557345867157, 0.09744619578123093, 0.10010243207216263, 0.10642038285732269]], "currentPrediction": [[2, 9, 9], [8, 2, 5], [9, 5, 4], [3, 8, 2], [5, 4, 8], [0, 3, 0], [4, 0, 3], [1, 1, 7], [7, 7, 1], [6, 6, 6]], "realResult": [8, 6, 0], "newPrediction": [[2, 9, 9], [8, 2, 5], [9, 5, 4], [3, 8, 2], [5, 4, 8], [0, 3, 0], [4, 0, 3], [1, 1, 7], [7, 7, 1], [6, 6, 6]], "newPredictionRaw": [[0.09935078769922256, 0.09830741584300995, 0.10578196495771408, 0.10185307264328003, 0.09894222021102905, 0.10180278867483139, 0.09249096363782883, 0.09530256688594818, 0.10326966643333435, 0.10289853811264038], [0.09923309087753296, 0.09682156890630722, 0.10428175330162048, 0.10032100975513458, 0.10119125247001648, 0.10332100093364716, 0.0921870768070221, 0.09640898555517197, 0.10158272832632065, 0.1046515628695488], [0.09896843135356903, 0.09516085684299469, 0.1027008667588234, 0.09872524440288544, 0.10367578268051147, 0.10494414716959, 0.09185571223497391, 0.09744612127542496, 0.1001024842262268, 0.10642028599977493]], "matchingNumbers": {"bestMatchIndex": 1, "bestMatchSequence": [8, 2, 5], "matchingNumbers": [8]}, "labels": [0, 1, 2, 3, 4, 5, 6, 7, 8, 9]}