{"currentPredictionRaw": [[2.9810245214254207e-30, 0.0019831962417811155, 2.3687312111775327e-09, 1.4004372535147927e-24, 0.9978784322738647, 9.980681861726027e-17, 0.00013829206000082195, 2.7272465080206503e-16, 1.1368846429296286e-25, 1.6832255768723932e-28], [0.9989272952079773, 0.0, 0.0, 7.949678547447547e-05, 1.3667089862991758e-33, 1.6231758542683162e-16, 2.1249592904503984e-22, 0.0, 5.480146670171919e-31, 0.0009931446984410286], [1.8526052775061066e-29, 0.003244321793317795, 7.016953240679413e-09, 1.1575218358558892e-24, 0.9965839385986328, 6.026349575627708e-17, 0.0001716520346235484, 1.8219073066882713e-15, 1.3157484007814989e-24, 1.0739914631101394e-27]], "currentPrediction": [[4, 0, 4], [1, 9, 1], [6, 3, 6], [2, 5, 2], [7, 6, 7], [5, 8, 5], [3, 4, 8], [8, 7, 3], [9, 2, 9], [0, 1, 0]], "realResult": [2, 4, 8], "newPrediction": [[4, 0, 5], [1, 9, 6], [6, 3, 3], [2, 5, 4], [5, 6, 0], [7, 8, 9], [3, 4, 1], [8, 7, 2], [9, 2, 7], [0, 1, 8]], "newPredictionRaw": [[6.740103299366326e-30, 0.0017586096655577421, 2.2945680910879673e-09, 4.4235367371659185e-24, 0.9980277419090271, 3.235008613883917e-16, 0.00021372038463596255, 2.877770350797048e-16, 1.7456477406720684e-25, 3.7243019374390593e-28], [0.9990963935852051, 0.0, 0.0, 5.704754585167393e-05, 5.081429046033248e-35, 6.15086143364062e-17, 5.375820749639593e-23, 0.0, 3.0169174185817337e-32, 0.0008465354912914336], [3.763330538717651e-15, 3.409406850138258e-22, 5.4422798368223265e-28, 0.00012093796249246225, 6.68190502928212e-11, 0.9898271560668945, 0.010051903314888477, 5.8237153630133056e-30, 5.590148020928647e-32, 3.521309191127219e-16]], "matchingNumbers": {"bestMatchIndex": 6, "bestMatchSequence": [3, 4, 8], "matchingNumbers": [8, 4]}, "labels": [0, 1, 2, 3, 4, 5, 6, 7, 8, 9]}