{"currentPredictionRaw": [[4.3572651042822486e-10, 0.999990701675415, 5.259996882500673e-10, 2.6839785277101014e-13, 3.8697387779307045e-28, 9.363746284754595e-37, 0.0, 0.0, 9.264214895665646e-06, 0.0], [9.58241685667408e-22, 3.5475328534774083e-19, 1.7197114722365227e-22, 1.0, 0.0, 3.082278572999475e-12, 3.068172414906938e-38, 3.520906112373928e-34, 1.8671686419224898e-09, 5.114686582200643e-34], [0.0, 0.0, 0.0, 6.315050912734723e-22, 0.0, 4.0047874790616333e-05, 0.0, 2.954131758008474e-14, 0.0, 0.9999599456787109]], "currentPrediction": [[1, 3, 9], [8, 5, 7], [0, 1, 7], [1, 6, 2], [0, 1, 7], [5, 4, 6], [2, 4, 5], [1, 7, 7]], "realResult": [5, 6, 3], "newPrediction": [[1, 2, 8], [8, 1, 3], [4, 5, 2], [5, 2, 3], [2, 5, 4], [5, 4, 6], [2, 4, 5], [2, 4, 7]], "newPredictionRaw": [[1.1970502229295659e-20, 1.0, 2.900080007487644e-17, 1.9973071566756295e-21, 0.0, 0.0, 0.0, 0.0, 1.0967293696470537e-12, 0.0], [0.0009290800080634654, 0.0012368166353553534, 0.9977707862854004, 3.287020717834821e-07, 1.0048206604551524e-06, 1.159021744681285e-13, 3.99000196847283e-17, 2.905779509382803e-19, 6.213345477590337e-05, 1.0679254293795688e-18], [1.169640802729204e-29, 3.103447498986611e-10, 5.197425800779643e-21, 6.069386659923737e-10, 0.0, 1.7124220619280095e-07, 0.0, 7.325213150758904e-36, 0.9999998807907104, 2.5870209143235854e-32]], "matchingNumbers": {"bestMatchIndex": 5, "bestMatchSequence": [5, 4, 6], "matchingNumbers": [5, 6]}, "labels": [0, 1, 2, 3, 4, 5, 6, 7, 8, 9], "numberFrequency": {"3": 0.09785890749382377, "2": 0.10101564644523744, "6": 0.10014639948760179, "8": 0.10064964772623296, "9": 0.10010064964772623, "0": 0.10206789276237534, "5": 0.09877390429133498, "4": 0.10133589532436636, "1": 0.10000914996797511, "7": 0.09804190685332602}}