{"currentPredictionRaw": [[0.0, 0.0, 0.0, 1.3662734105408985e-32, 1.0082811460586068e-23, 3.540965318587194e-17, 2.049419663308072e-06, 0.9999922513961792, 0.0, 5.767303264292423e-06], [0.5000474452972412, 1.8116130377165973e-05, 0.49993443489074707, 7.227535269935157e-18, 2.3904406232233555e-10, 0.0, 1.3113353963582726e-33, 0.0, 1.735296108196227e-11, 0.0], [4.7404629555103384e-08, 0.0, 3.782513147143618e-08, 0.0, 0.999862551689148, 0.0, 0.0001372995029669255, 5.597935309742397e-13, 0.0, 4.2873352186919615e-30]], "currentPrediction": [[7, 0, 4], [9, 2, 6], [6, 0, 3], [7, 3, 4], [0, 6, 9], [5, 4, 6], [8, 1, 7], [4, 5, 9]], "realResult": [4, 1, 9], "newPrediction": [[7, 1, 0], [6, 8, 2], [3, 0, 8], [0, 8, 1], [0, 3, 8], [5, 4, 6], [8, 0, 5], [2, 7, 9]], "newPredictionRaw": [[0.0, 0.0, 0.0, 1.367324123411316e-34, 2.653550774475539e-21, 1.690192233549409e-19, 2.285243863298092e-05, 0.9999762773513794, 0.0, 8.151112638188351e-07], [1.928820893226657e-06, 0.9999905824661255, 2.235110287074349e-06, 5.528530649771823e-13, 9.72689437119348e-19, 0.0, 0.0, 0.0, 5.265984782454325e-06, 0.0], [0.5523713827133179, 6.591078545170603e-06, 0.44762206077575684, 1.5539142017819035e-18, 1.9145721466551358e-11, 0.0, 3.8580450668378975e-37, 0.0, 4.606081575181387e-12, 0.0]], "matchingNumbers": {"bestMatchIndex": 7, "bestMatchSequence": [4, 5, 9], "matchingNumbers": [9, 4]}, "labels": [0, 1, 2, 3, 4, 5, 6, 7, 8, 9], "numberFrequency": {"3": 0.09785890749382377, "2": 0.10101564644523744, "6": 0.10014639948760179, "8": 0.10064964772623296, "9": 0.10010064964772623, "0": 0.10206789276237534, "5": 0.09877390429133498, "4": 0.10133589532436636, "1": 0.10000914996797511, "7": 0.09804190685332602}}