{"currentPredictionRaw": [[0.10059507936239243, 0.10004512220621109, 0.09884699434041977, 0.09551230072975159, 0.10490664839744568, 0.10155326873064041, 0.09384804219007492, 0.09697355329990387, 0.10169142484664917, 0.10602760314941406], [0.10059507936239243, 0.10004512220621109, 0.09884699434041977, 0.09551230072975159, 0.10490664839744568, 0.10155326873064041, 0.09384804219007492, 0.09697355329990387, 0.10169142484664917, 0.10602760314941406], [0.10059507936239243, 0.10004512220621109, 0.09884699434041977, 0.09551230072975159, 0.10490664839744568, 0.10155326873064041, 0.09384804219007492, 0.09697355329990387, 0.10169142484664917, 0.10602760314941406]], "currentPrediction": [[9, 9, 9], [4, 4, 4], [8, 8, 8], [5, 5, 5], [0, 0, 0], [1, 1, 1], [2, 2, 2], [7, 7, 7], [3, 3, 3], [6, 6, 6]], "realResult": [7, 0, 4], "newPrediction": [[9, 9, 9], [4, 4, 4], [8, 8, 8], [5, 5, 5], [0, 0, 0], [1, 1, 1], [2, 2, 2], [7, 7, 7], [3, 3, 3], [6, 6, 6]], "newPredictionRaw": [[0.10059523582458496, 0.10004515200853348, 0.09884704649448395, 0.09551218152046204, 0.10490668565034866, 0.10155314952135086, 0.09384813904762268, 0.09697344154119492, 0.10169143229722977, 0.10602753609418869], [0.10059523582458496, 0.10004515200853348, 0.09884704649448395, 0.09551218152046204, 0.10490668565034866, 0.10155314952135086, 0.09384813904762268, 0.09697344154119492, 0.10169143229722977, 0.10602753609418869], [0.10059523582458496, 0.10004515200853348, 0.09884704649448395, 0.09551218152046204, 0.10490668565034866, 0.10155314952135086, 0.09384813904762268, 0.09697344154119492, 0.10169143229722977, 0.10602753609418869]], "matchingNumbers": {"bestMatchIndex": 1, "bestMatchSequence": [4, 4, 4], "matchingNumbers": [4]}, "labels": [0, 1, 2, 3, 4, 5, 6, 7, 8, 9]}