{"currentPredictionRaw": [[0.0, 3.688422539659871e-30, 1.1874255918808974e-11, 0.0, 0.0, 0.0, 0.0, 0.0007166420109570026, 0.9992833733558655, 1.7013939146437451e-09], [0.0, 1.3707627327876634e-29, 1.4653745231130166e-11, 0.0, 0.0, 0.0, 0.0, 0.0009054969996213913, 0.9990944862365723, 4.011583953911213e-09], [0.0, 1.1363634554717983e-26, 1.1047723846857593e-10, 0.0, 0.0, 0.0, 0.0, 0.001996074104681611, 0.9980037808418274, 6.54599432436953e-08]], "currentPrediction": [[8, 8, 8], [7, 7, 7], [9, 9, 9], [2, 2, 2], [1, 1, 1], [6, 6, 6], [4, 4, 4], [5, 5, 5], [3, 3, 3], [0, 0, 0]], "realResult": [0, 5, 1], "newPrediction": [[0, 2, 2], [9, 7, 7], [3, 1, 1], [5, 8, 8], [6, 4, 4], [8, 9, 9], [4, 5, 5], [7, 6, 6], [2, 3, 3], [1, 0, 0]], "newPredictionRaw": [[0.9982678890228271, 0.0, 0.0, 2.7504383979248814e-05, 4.726428420470223e-33, 1.7924869870764876e-17, 3.785112710975821e-23, 6.795558226905585e-38, 8.634223200529914e-29, 0.0017045579152181745], [0.0, 1.1421693670854438e-06, 0.9999082088470459, 0.0, 1.9674558986347655e-32, 0.0, 0.0, 9.057769784703851e-05, 4.6714346547336e-21, 0.0], [0.0, 3.108521084982385e-08, 0.9999920129776001, 0.0, 6.550109029971993e-38, 0.0, 0.0, 7.95226060290588e-06, 1.270909152498284e-26, 0.0]], "matchingNumbers": {"bestMatchIndex": 4, "bestMatchSequence": [1, 1, 1], "matchingNumbers": [1]}, "labels": [0, 1, 2, 3, 4, 5, 6, 7, 8, 9]}