{"currentPredictionRaw": [[5.666003666249253e-09, 0.9999915361404419, 3.0330475908613153e-09, 2.2188259801540766e-13, 1.9198988562477883e-26, 2.6079294428166477e-37, 0.0, 0.0, 8.407751920458395e-06, 0.0], [0.0, 0.0, 0.0, 5.885294259046462e-23, 7.906744378938446e-27, 2.5751111109467185e-14, 3.7524009712797124e-06, 0.9999960660934448, 0.0, 2.7095907739749236e-07], [0.0, 0.0, 0.0, 2.3428006104089755e-23, 1.2902844398693508e-29, 1.441329287909035e-13, 4.6469347125821514e-07, 0.9999984502792358, 0.0, 1.0949397619697265e-06]], "currentPrediction": [[1, 7, 9], [8, 6, 9], [1, 8, 5], [8, 5, 1], [5, 1, 8], [5, 4, 6], [2, 4, 5], [4, 6, 8]], "realResult": [1, 3, 9], "newPrediction": [[0, 9, 6], [2, 5, 7], [0, 2, 8], [7, 8, 0], [0, 8, 2], [5, 4, 6], [9, 3, 7], [3, 5, 8]], "newPredictionRaw": [[0.5295876264572144, 5.445595547826088e-07, 0.4704118072986603, 1.6830703497561217e-12, 8.412279206559958e-10, 3.1549664988161846e-36, 1.4803538148570568e-32, 0.0, 3.8589350465079164e-11, 0.0], [0.0, 0.0, 0.0, 5.483203212264146e-20, 0.0, 0.00028092548018321395, 3.1894040924106176e-36, 1.1429973720972209e-13, 0.0, 0.9997190833091736], [7.23363109300313e-27, 0.0, 8.071291933378754e-29, 0.0, 3.8097613241916406e-07, 7.399397913881035e-38, 0.999998927116394, 7.054258617245068e-07, 0.0, 7.692416879891324e-25]], "matchingNumbers": {"bestMatchIndex": 0, "bestMatchSequence": [1, 7, 9], "matchingNumbers": [1, 9]}, "labels": [0, 1, 2, 3, 4, 5, 6, 7, 8, 9], "numberFrequency": {"3": 0.09785890749382377, "2": 0.10101564644523744, "6": 0.10014639948760179, "8": 0.10064964772623296, "9": 0.10010064964772623, "0": 0.10206789276237534, "5": 0.09877390429133498, "4": 0.10133589532436636, "1": 0.10000914996797511, "7": 0.09804190685332602}}