{"currentPredictionRaw": [[0.5468883514404297, 2.1357843706937274e-06, 0.45310866832733154, 9.936874694122574e-15, 7.590815584990196e-07, 4.2176048938011834e-30, 1.8392719580460295e-20, 5.36208283876177e-31, 1.5046111925820504e-11, 6.806478377682253e-37], [5.058304911814362e-30, 0.0, 6.563900945590143e-33, 4.9384070091931565e-26, 1.64349463942573e-15, 5.213241727279041e-15, 0.0001609836908755824, 0.9995867609977722, 0.0, 0.00025230340543203056], [1.8975205614611234e-16, 2.8332109650364146e-05, 2.458302641718214e-15, 0.009039887227118015, 2.486018960237656e-30, 8.314903161886576e-15, 0.0, 0.0, 0.9909317493438721, 9.385429767925725e-30]], "currentPrediction": [[0, 7, 8], [2, 9, 3], [7, 0, 4], [6, 7, 4], [9, 0, 7], [5, 4, 6], [8, 0, 7], [1, 5, 8]], "realResult": [7, 0, 4], "newPrediction": [[8, 1, 2], [3, 8, 2], [6, 5, 3], [7, 3, 2], [3, 9, 6], [5, 4, 6], [3, 6, 7], [2, 4, 7]], "newPredictionRaw": [[5.598496524921188e-18, 0.00039411388570442796, 1.3665443099946582e-17, 0.0021206396631896496, 6.585292405819527e-36, 7.238439113071043e-20, 0.0, 0.0, 0.9974852800369263, 0.0], [2.355475592352718e-09, 0.999756395816803, 3.8208938235584355e-09, 3.034689610714736e-09, 1.1136480413024163e-20, 3.8537279843967985e-31, 0.0, 0.0, 0.00024359837698284537, 0.0], [2.055581838078524e-08, 0.9995853304862976, 3.3389451203902354e-08, 1.7560472187483356e-08, 4.3276902644595394e-18, 3.913066712779076e-27, 7.801443765720585e-34, 0.0, 0.00041470793075859547, 0.0]], "matchingNumbers": {"bestMatchIndex": 2, "bestMatchSequence": [7, 0, 4], "matchingNumbers": [0, 4, 7]}, "labels": [0, 1, 2, 3, 4, 5, 6, 7, 8, 9], "numberFrequency": {"3": 0.09785890749382377, "2": 0.10101564644523744, "6": 0.10014639948760179, "8": 0.10064964772623296, "9": 0.10010064964772623, "0": 0.10206789276237534, "5": 0.09877390429133498, "4": 0.10133589532436636, "1": 0.10000914996797511, "7": 0.09804190685332602}}