{"currentPredictionRaw": [[0.0, 9.127672259743179e-27, 3.954397920225006e-11, 0.0, 0.0, 0.0, 0.0, 0.0009437522967346013, 0.9990561604499817, 1.775345026544528e-07], [3.1120159888712445e-14, 2.2660215042558472e-21, 4.81466277470397e-26, 0.00015647833060938865, 7.241933441815007e-11, 0.98816978931427, 0.011673794128000736, 9.655491849929967e-28, 9.008073887978428e-30, 4.435263141049648e-15], [0.0, 2.068363182984285e-20, 8.344502930413e-06, 0.0, 0.0, 0.0, 0.0, 0.9999916553497314, 1.824757589474757e-08, 1.9222564700093895e-21]], "currentPrediction": [[8, 9, 6], [8, 3, 7], [9, 10, 4], [2, 3, 5], [1, 2, 10], [10, 7, 0], [2, 5, 0], [3, 6, 0], [8, 4, 0], [1, 9, 0]], "realResult": [0, 7, 3], "newPrediction": [[2, 3, 7], [8, 3, 5], [2, 5, 6], [8, 9, 2], [4, 5, 7], [9, 10, 3], [10, 6, 0], [8, 6, 7], [1, 4, 0], [1, 9, 0]], "newPredictionRaw": [[0.0, 1.770601869566235e-07, 0.9999910593032837, 0.0, 3.724873552901418e-35, 0.0, 0.0, 8.826315934129525e-06, 3.729324521992778e-27, 0.0], [0.0, 0.9991133809089661, 0.0008798811468295753, 0.0, 6.621831744269002e-06, 0.0, 2.1318450944711818e-20, 6.673692631506412e-13, 3.389020555002608e-30, 0.0], [5.619998443354463e-23, 2.65725469406064e-10, 2.982116141045958e-17, 2.2342444734591016e-12, 0.0012027925113216043, 0.0002934415824711323, 0.9985038042068481, 8.079564509460261e-23, 8.735471263636296e-28, 8.841705496752861e-22]], "matchingNumbers": {"bestMatchIndex": 1, "bestMatchSequence": [8, 3, 7], "matchingNumbers": [3, 7]}}