{"currentPredictionRaw": [[0.09999818354845047, 0.10022439807653427, 0.09847268462181091, 0.09602832794189453, 0.10417570173740387, 0.10084737837314606, 0.09469423443078995, 0.09814523905515671, 0.10227534174919128, 0.10513856261968613], [0.09999818354845047, 0.10022439807653427, 0.09847268462181091, 0.09602832794189453, 0.10417570173740387, 0.10084737837314606, 0.09469423443078995, 0.09814523905515671, 0.10227534174919128, 0.10513856261968613], [0.09999818354845047, 0.10022439807653427, 0.09847268462181091, 0.09602832794189453, 0.10417570173740387, 0.10084737837314606, 0.09469423443078995, 0.09814523905515671, 0.10227534174919128, 0.10513856261968613]], "currentPrediction": [[9, 9, 9], [4, 4, 4], [8, 8, 8], [5, 5, 5], [1, 1, 1], [0, 0, 0], [2, 2, 2], [7, 7, 7], [3, 3, 3], [6, 6, 6]], "realResult": [3, 5, 5], "newPrediction": [[9, 9, 9], [4, 4, 4], [8, 8, 8], [5, 5, 5], [1, 1, 1], [0, 0, 0], [2, 2, 2], [7, 7, 7], [3, 3, 3], [6, 6, 6]], "newPredictionRaw": [[0.10014658421278, 0.10068078339099884, 0.09854172170162201, 0.09583479911088943, 0.10467784851789474, 0.10102355480194092, 0.09427357465028763, 0.09745830297470093, 0.10182298719882965, 0.10553984344005585], [0.10014658421278, 0.10068078339099884, 0.09854172170162201, 0.09583479911088943, 0.10467784851789474, 0.10102355480194092, 0.09427357465028763, 0.09745830297470093, 0.10182298719882965, 0.10553984344005585], [0.10014658421278, 0.10068078339099884, 0.09854172170162201, 0.09583479911088943, 0.10467784851789474, 0.10102355480194092, 0.09427357465028763, 0.09745830297470093, 0.10182298719882965, 0.10553984344005585]], "matchingNumbers": {"bestMatchIndex": 3, "bestMatchSequence": [5, 5, 5], "matchingNumbers": [5]}, "labels": [0, 1, 2, 3, 4, 5, 6, 7, 8, 9]}