{"currentPredictionRaw": [[7.478430407742098e-32, 0.0023902258835732937, 2.0760202446012954e-09, 1.0402065496548057e-26, 0.9975615739822388, 1.4068603072289108e-18, 4.817414446733892e-05, 1.5076850294925604e-16, 1.1057113559605022e-26, 5.140085088236097e-30], [1.8244863368372946e-23, 4.273220943762368e-10, 3.062532324092648e-17, 5.462418711799089e-13, 0.001643019262701273, 0.000141221156809479, 0.9982157945632935, 8.416762787852621e-23, 4.460167269121611e-28, 3.5933979908816206e-22], [0.0, 1.5882396837696433e-06, 0.9999942779541016, 0.0, 2.5353160900060566e-31, 0.0, 0.0, 4.127452939428622e-06, 5.997528887203767e-26, 0.0]], "currentPrediction": [[4, 6, 2], [1, 4, 7], [6, 5, 1], [2, 1, 8], [7, 3, 4], [5, 2, 9], [8, 9, 5], [3, 7, 6], [9, 0, 3], [0, 8, 0]], "realResult": [7, 6, 7], "newPrediction": [[6, 6, 5], [4, 4, 6], [5, 5, 3], [1, 1, 4], [3, 3, 0], [2, 2, 9], [9, 9, 1], [7, 7, 2], [0, 0, 7], [8, 8, 8]], "newPredictionRaw": [[3.5039101146643284e-22, 3.67435859516263e-10, 5.994821421144127e-17, 3.822036437339804e-12, 0.0012625775998458266, 0.00030060717836022377, 0.9984368681907654, 3.917342648759798e-22, 4.062426046640206e-27, 4.449665028348076e-21], [1.0645957961578908e-23, 4.495467331722125e-10, 3.464340600596202e-17, 2.2164170184520854e-13, 0.0018884321907535195, 6.641340587520972e-05, 0.9980450868606567, 9.255232315503723e-23, 3.1572015134407867e-28, 2.025666314943316e-22], [3.867312091564352e-16, 1.8491157304528373e-20, 2.998792485141874e-26, 6.610454147448763e-05, 3.446867236078788e-10, 0.9862238168716431, 0.01371009275317192, 3.988754086441855e-29, 3.6566817471594197e-31, 5.198597877579774e-17]], "matchingNumbers": {"bestMatchIndex": 7, "bestMatchSequence": [3, 7, 6], "matchingNumbers": [6, 7]}, "labels": [0, 1, 2, 3, 4, 5, 6, 7, 8, 9]}