{"currentPredictionRaw": [[0.9967781901359558, 0.0, 0.0, 1.3533478522731457e-05, 2.7620436477637744e-33, 8.52526915446755e-18, 2.719982934871186e-23, 1.908710925175927e-36, 2.876432609096713e-27, 0.003208284266293049], [0.0, 2.202713460236816e-22, 1.899985477393784e-06, 0.0, 0.0, 0.0, 0.0, 0.9999978542327881, 2.586076561783557e-07, 6.1183775139645e-21], [0.0, 3.1313452298619075e-27, 4.0864384792671515e-11, 0.0, 0.0, 0.0, 0.0, 0.0010628929594531655, 0.9989370703697205, 5.5699437950806896e-08]], "currentPrediction": [[0, 7, 8], [9, 2, 7], [3, 8, 9], [5, 9, 2], [6, 1, 1], [8, 6, 6], [4, 4, 4], [7, 5, 5], [2, 3, 3], [1, 0, 0]], "realResult": [7, 0, 4], "newPrediction": [[8, 1, 1], [7, 2, 2], [9, 4, 4], [2, 7, 7], [1, 6, 6], [6, 8, 8], [4, 9, 9], [5, 5, 5], [3, 3, 3], [0, 0, 0]], "newPredictionRaw": [[0.0, 8.542546046282165e-28, 2.2162213036969192e-11, 0.0, 0.0, 0.0, 0.0, 0.0007355408743023872, 0.9992644190788269, 1.2935336357600136e-08], [0.0, 0.9992376565933228, 0.0007103121024556458, 0.0, 5.210627205087803e-05, 0.0, 2.6274782112045166e-19, 9.943933697298402e-12, 2.2779011648878485e-29, 0.0], [0.0, 0.9993695616722107, 0.0005657031433656812, 0.0, 6.47786509944126e-05, 0.0, 3.24576030541793e-19, 7.326309697797129e-13, 7.176669488041379e-30, 0.0]], "matchingNumbers": {"bestMatchIndex": 0, "bestMatchSequence": [0, 7, 8], "matchingNumbers": [0, 7]}, "labels": [0, 1, 2, 3, 4, 5, 6, 7, 8, 9]}