{"currentPredictionRaw": [[0.9982643723487854, 0.0, 0.0, 2.7536620109458454e-05, 4.757815221663132e-33, 1.797959117700771e-17, 3.7965231106533e-23, 6.875112743322234e-38, 8.737569805051949e-29, 0.0017081188270822167], [0.0, 1.1476333838800201e-06, 0.9999085664749146, 0.0, 1.9774490699846935e-32, 0.0, 0.0, 9.02219326235354e-05, 4.680712163849979e-21, 0.0], [0.0, 3.146231364326013e-08, 0.9999921321868896, 0.0, 6.706873410214782e-38, 0.0, 0.0, 7.87404951552162e-06, 1.2574931245056825e-26, 0.0]], "currentPrediction": [[1, 3, 0], [8, 10, 0], [2, 4, 0], [9, 6, 0], [5, 7, 0], [9, 10, 0], [5, 6, 0], [8, 7, 0], [3, 4, 0], [1, 2, 0]], "realResult": [4, 0, 4], "newPrediction": [[1, 2, 6], [10, 3, 7], [4, 5, 0], [8, 5, 6], [1, 7, 0], [9, 10, 0], [2, 5, 6], [8, 10, 3], [8, 3, 4], [9, 2, 1]], "newPredictionRaw": [[0.9989455342292786, 0.0, 0.0, 1.933556268340908e-05, 1.4343900939286845e-35, 5.459833757297086e-18, 5.281067195325514e-24, 0.0, 8.725625799734317e-32, 0.00103520299308002], [9.981622597693071e-15, 3.320481841954059e-23, 1.897643450182156e-29, 0.0001870013220468536, 2.21788785254029e-11, 0.991959273815155, 0.007853713817894459, 4.994853231389744e-31, 5.083192057970741e-33, 5.729096862376408e-16], [0.0, 0.9989193677902222, 0.00105956569314003, 0.0, 2.111208777932916e-05, 1.8319256099429264e-38, 9.110846026525477e-18, 2.1653022257150933e-12, 9.560829504268418e-28, 0.0]], "matchingNumbers": {"bestMatchIndex": 2, "bestMatchSequence": [2, 4, 0], "matchingNumbers": [0, 4]}}