{"currentPredictionRaw": [[0.0, 1.7625890791350685e-07, 0.9999910593032837, 0.0, 2.258819153869309e-35, 0.0, 0.0, 8.785938007349614e-06, 1.7417224489263743e-27, 0.0], [0.0, 0.9992697834968567, 0.0007246684399433434, 0.0, 5.647125362884253e-06, 0.0, 5.180236357571809e-21, 4.988840287059593e-13, 6.529964217970392e-31, 0.0], [0.0, 0.9987496137619019, 0.001237686607055366, 0.0, 1.2701720152108464e-05, 0.0, 3.028352683514559e-19, 2.6727355138117526e-12, 3.1400378665176507e-28, 0.0]], "currentPrediction": [[2, 1, 1], [7, 2, 2], [1, 4, 4], [8, 7, 7], [4, 6, 6], [9, 8, 8], [5, 9, 9], [6, 5, 5], [3, 3, 3], [0, 0, 0]], "realResult": [2, 1, 6], "newPrediction": [[8, 5, 7], [7, 6, 2], [9, 3, 8], [2, 4, 1], [1, 0, 9], [6, 9, 6], [4, 1, 4], [5, 2, 5], [3, 7, 3], [0, 8, 0]], "newPredictionRaw": [[0.0, 9.127114510431285e-27, 3.9540353630185265e-11, 0.0, 0.0, 0.0, 0.0, 0.0009437971166335046, 0.9990560412406921, 1.7752414294136543e-07], [3.1082101004326415e-14, 2.268487899964126e-21, 4.8182129569262557e-26, 0.00015635165618732572, 7.247508149177406e-11, 0.9881667494773865, 0.011676942929625511, 9.659440969280933e-28, 9.00825218696156e-30, 4.43181656398727e-15], [0.0, 2.068189668926105e-20, 8.343611625605263e-06, 0.0, 0.0, 0.0, 0.0, 0.9999916553497314, 1.8246705479896264e-08, 1.9221316659032963e-21]], "matchingNumbers": {"bestMatchIndex": 0, "bestMatchSequence": [2, 1, 1], "matchingNumbers": [1, 2]}, "labels": [0, 1, 2, 3, 4, 5, 6, 7, 8, 9]}