{"currentPredictionRaw": [[3.851063912208019e-09, 2.5034808004420483e-08, 1.7473373847481997e-16, 4.65594729437413e-10, 5.676048867031547e-11, 0.9999996423721313, 3.756250919195736e-07, 2.6258641094845103e-11, 2.310807795113945e-10, 3.70088564238813e-08], [5.57917720562082e-33, 0.9999991655349731, 1.4203590126271592e-07, 3.9390961457354356e-31, 4.86193075512319e-22, 4.77661274089769e-07, 4.958730301374281e-11, 1.940049401127908e-07, 2.671607701057344e-30, 2.612647728369999e-12], [5.050400202211147e-12, 2.0853691652897856e-35, 0.0, 0.9999973773956299, 0.0, 2.1342081879538455e-08, 2.5739686861925293e-06, 1.9634730898508038e-29, 1.0116605603604005e-32, 0.0]], "currentPrediction": [[5, 1, 3], [6, 5, 0], [4, 0, 2], [6, 5, 0], [0, 2, 4], [4, 5, 3], [8, 9, 0], [1, 5, 9]], "realResult": [4, 2, 4], "newPrediction": [[5, 1, 3], [9, 5, 6], [3, 0, 6], [7, 1, 3], [1, 7, 3], [3, 3, 4], [2, 4, 5], [1, 5, 9]], "newPredictionRaw": [[5.892242693761318e-09, 4.28514868033858e-09, 5.919617336224358e-16, 5.439477427510164e-12, 1.0219403101530133e-08, 0.9999977350234985, 6.139503128110846e-09, 1.9171204337573022e-13, 1.4404227499653643e-07, 2.132738018190139e-06], [1.3760619230111138e-27, 0.9999912977218628, 2.5452890906052517e-09, 5.7775526818520755e-25, 1.9901571334765176e-20, 6.491183739854023e-06, 6.653732675943047e-09, 2.259671873616753e-06, 4.254783210957239e-28, 1.9005834232810326e-12], [2.7277909098177844e-11, 1.1087770108072089e-34, 0.0, 0.9999805688858032, 0.0, 1.1235627539463167e-07, 1.9273462385172024e-05, 1.4788066503514028e-29, 4.07753928760692e-31, 0.0]], "matchingNumbers": {"bestMatchIndex": 2, "bestMatchSequence": [4, 0, 2], "matchingNumbers": [2, 4]}, "labels": [0, 1, 2, 3, 4, 5, 6, 7, 8, 9], "numberFrequency": {"6": 0.10005482456140351, "4": 0.10142543859649122, "1": 0.10000913742690058, "0": 0.10220211988304094, "5": 0.09877558479532164, "3": 0.09781615497076024, "2": 0.10101425438596491, "8": 0.1006030701754386, "7": 0.09804459064327485, "9": 0.10005482456140351}}