{"currentPredictionRaw": [[0.10059460997581482, 0.10004502534866333, 0.0988469123840332, 0.09551241248846054, 0.1049061119556427, 0.10155365616083145, 0.09384789317846298, 0.09697384387254715, 0.10169205069541931, 0.10602744668722153], [0.10059460997581482, 0.10004502534866333, 0.0988469123840332, 0.09551241248846054, 0.1049061119556427, 0.10155365616083145, 0.09384789317846298, 0.09697384387254715, 0.10169205069541931, 0.10602744668722153], [0.10059460997581482, 0.10004502534866333, 0.0988469123840332, 0.09551241248846054, 0.1049061119556427, 0.10155365616083145, 0.09384789317846298, 0.09697384387254715, 0.10169205069541931, 0.10602744668722153]], "currentPrediction": [[9, 9, 9], [4, 4, 4], [8, 8, 8], [5, 5, 5], [0, 0, 0], [1, 1, 1], [2, 2, 2], [7, 7, 7], [3, 3, 3], [6, 6, 6]], "realResult": [0, 7, 8], "newPrediction": [[9, 9, 9], [4, 4, 4], [8, 8, 8], [5, 5, 5], [0, 0, 0], [1, 1, 1], [2, 2, 2], [7, 7, 7], [3, 3, 3], [6, 6, 6]], "newPredictionRaw": [[0.1005948856472969, 0.10004514455795288, 0.09884698688983917, 0.09551233053207397, 0.10490643978118896, 0.10155338048934937, 0.09384798258543015, 0.09697367995977402, 0.10169166326522827, 0.1060275062918663], [0.1005948856472969, 0.10004514455795288, 0.09884698688983917, 0.09551233053207397, 0.10490643978118896, 0.10155338048934937, 0.09384798258543015, 0.09697367995977402, 0.10169166326522827, 0.1060275062918663], [0.1005948856472969, 0.10004514455795288, 0.09884698688983917, 0.09551233053207397, 0.10490643978118896, 0.10155338048934937, 0.09384798258543015, 0.09697367995977402, 0.10169166326522827, 0.1060275062918663]], "matchingNumbers": {"bestMatchIndex": 2, "bestMatchSequence": [8, 8, 8], "matchingNumbers": [8]}, "labels": [0, 1, 2, 3, 4, 5, 6, 7, 8, 9]}