{"currentPredictionRaw": [[0.09938471019268036, 0.09827955812215805, 0.10574787855148315, 0.10188175737857819, 0.09889847040176392, 0.10181260108947754, 0.09249448031187057, 0.09536579996347427, 0.10321806371212006, 0.1029166728258133], [0.09926674515008926, 0.09679833799600601, 0.1042540967464447, 0.10035552084445953, 0.10113727301359177, 0.10332486033439636, 0.09219350665807724, 0.09646695852279663, 0.10153957456350327, 0.10466307401657104], [0.09900423139333725, 0.09514495730400085, 0.10267989337444305, 0.09876609593629837, 0.10360880196094513, 0.10494118928909302, 0.09186509251594543, 0.09750105440616608, 0.10006260871887207, 0.10642610490322113]], "currentPrediction": [[2, 9, 9], [8, 2, 5], [9, 5, 4], [3, 8, 2], [5, 4, 8], [0, 3, 0], [4, 0, 3], [1, 1, 7], [7, 7, 1], [6, 6, 6]], "realResult": [1, 9, 1], "newPrediction": [[2, 9, 9], [8, 2, 5], [9, 5, 4], [5, 8, 2], [3, 4, 8], [0, 3, 0], [4, 0, 3], [1, 1, 7], [7, 7, 1], [6, 6, 6]], "newPredictionRaw": [[0.09936627000570297, 0.09826614707708359, 0.10573061555624008, 0.1018361896276474, 0.09897156804800034, 0.10183632373809814, 0.09248588979244232, 0.09535686671733856, 0.10321539640426636, 0.10293478518724442], [0.09924767911434174, 0.09678105264902115, 0.10423224419355392, 0.10030476003885269, 0.10121960192918777, 0.10335355252027512, 0.09218348562717438, 0.096461720764637, 0.1015295684337616, 0.10468625277280807], [0.09896903485059738, 0.09510498493909836, 0.10264717042446136, 0.09870535135269165, 0.10372130572795868, 0.10498421639204025, 0.09185335785150528, 0.09748898446559906, 0.10007427632808685, 0.10645131766796112]], "matchingNumbers": {"bestMatchIndex": 0, "bestMatchSequence": [2, 9, 9], "matchingNumbers": [9]}, "labels": [0, 1, 2, 3, 4, 5, 6, 7, 8, 9]}