{"currentPredictionRaw": [[0.0, 9.50527660999854e-22, 3.3499475193821127e-06, 0.0, 0.0, 0.0, 0.0, 0.9999966621398926, 9.872636735908102e-11, 1.08476447966216e-25], [4.933283665762537e-23, 8.434055676076468e-10, 3.857375865697467e-16, 1.35006589241371e-13, 0.00194219418335706, 6.934653356438503e-05, 0.9979884624481201, 4.031689210796611e-21, 1.1230729210743731e-26, 2.4162363725844833e-21], [0.0, 1.4009014531924436e-20, 9.126634722633753e-06, 0.0, 0.0, 0.0, 0.0, 0.9999908208847046, 3.3733527082802084e-10, 1.6899739562418053e-24]], "currentPrediction": [[7, 6, 7], [2, 4, 2], [8, 5, 8], [1, 1, 1], [9, 3, 9], [6, 2, 6], [4, 7, 4], [5, 9, 5], [3, 0, 3], [0, 8, 0]], "realResult": [8, 1, 1], "newPrediction": [[0, 7, 8], [9, 2, 7], [3, 8, 9], [5, 9, 2], [6, 1, 1], [8, 6, 6], [4, 4, 4], [7, 5, 5], [2, 3, 3], [1, 0, 0]], "newPredictionRaw": [[0.9967781901359558, 0.0, 0.0, 1.3533478522731457e-05, 2.7620436477637744e-33, 8.52526915446755e-18, 2.719982934871186e-23, 1.908710925175927e-36, 2.876432609096713e-27, 0.003208284266293049], [0.0, 2.202713460236816e-22, 1.899985477393784e-06, 0.0, 0.0, 0.0, 0.0, 0.9999978542327881, 2.586076561783557e-07, 6.1183775139645e-21], [0.0, 3.1313452298619075e-27, 4.0864384792671515e-11, 0.0, 0.0, 0.0, 0.0, 0.0010628929594531655, 0.9989370703697205, 5.5699437950806896e-08]], "matchingNumbers": {"bestMatchIndex": 2, "bestMatchSequence": [8, 5, 8], "matchingNumbers": [8]}, "labels": [0, 1, 2, 3, 4, 5, 6, 7, 8, 9]}