{"currentPredictionRaw": [[4.259449434274609e-21, 2.984527114335833e-08, 1.0104930047517634e-21, 0.000765911303460598, 0.0, 7.769902708335151e-18, 0.0, 0.0, 0.9992340803146362, 0.0], [2.957007553441874e-23, 0.0, 7.875410423189639e-25, 0.0, 2.678484088391997e-05, 0.0, 0.9999724626541138, 7.736676366221218e-07, 0.0, 5.3017762177349806e-27], [0.5546793937683105, 4.532018010650063e-06, 0.4453160762786865, 8.351500914438592e-13, 1.1163437951822175e-09, 1.6756277499848807e-37, 4.6025206629759994e-33, 0.0, 9.217271390582482e-11, 0.0]], "currentPrediction": [[8, 6, 0], [3, 4, 2], [0, 6, 7], [3, 0, 7], [9, 0, 6], [5, 4, 6], [1, 4, 6], [2, 6, 9]], "realResult": [2, 9, 6], "newPrediction": [[1, 7, 9], [8, 6, 9], [1, 8, 5], [8, 5, 1], [5, 1, 8], [5, 4, 6], [2, 4, 5], [4, 6, 8]], "newPredictionRaw": [[5.666003666249253e-09, 0.9999915361404419, 3.0330475908613153e-09, 2.2188259801540766e-13, 1.9198988562477883e-26, 2.6079294428166477e-37, 0.0, 0.0, 8.407751920458395e-06, 0.0], [0.0, 0.0, 0.0, 5.885294259046462e-23, 7.906744378938446e-27, 2.5751111109467185e-14, 3.7524009712797124e-06, 0.9999960660934448, 0.0, 2.7095907739749236e-07], [0.0, 0.0, 0.0, 2.3428006104089755e-23, 1.2902844398693508e-29, 1.441329287909035e-13, 4.6469347125821514e-07, 0.9999984502792358, 0.0, 1.0949397619697265e-06]], "matchingNumbers": {"bestMatchIndex": 7, "bestMatchSequence": [2, 6, 9], "matchingNumbers": [9, 2, 6]}, "labels": [0, 1, 2, 3, 4, 5, 6, 7, 8, 9], "numberFrequency": {"3": 0.09785890749382377, "2": 0.10101564644523744, "6": 0.10014639948760179, "8": 0.10064964772623296, "9": 0.10010064964772623, "0": 0.10206789276237534, "5": 0.09877390429133498, "4": 0.10133589532436636, "1": 0.10000914996797511, "7": 0.09804190685332602}}