{"currentPredictionRaw": [[0.100590281188488, 0.10004265606403351, 0.09885121136903763, 0.09551184624433517, 0.10489920526742935, 0.10153631120920181, 0.09385242313146591, 0.09698741137981415, 0.10169685631990433, 0.10603182762861252], [0.100590281188488, 0.10004265606403351, 0.09885121136903763, 0.09551184624433517, 0.10489920526742935, 0.10153631120920181, 0.09385242313146591, 0.09698741137981415, 0.10169685631990433, 0.10603182762861252], [0.100590281188488, 0.10004265606403351, 0.09885121136903763, 0.09551184624433517, 0.10489920526742935, 0.10153631120920181, 0.09385242313146591, 0.09698741137981415, 0.10169685631990433, 0.10603182762861252]], "currentPrediction": [[9, 9, 9], [4, 4, 4], [8, 8, 8], [5, 5, 5], [0, 0, 0], [1, 1, 1], [2, 2, 2], [7, 7, 7], [3, 3, 3], [6, 6, 6]], "realResult": [1, 9, 1], "newPrediction": [[9, 9, 9], [4, 4, 4], [8, 8, 8], [5, 5, 5], [0, 0, 0], [1, 1, 1], [2, 2, 2], [7, 7, 7], [3, 3, 3], [6, 6, 6]], "newPredictionRaw": [[0.10059019178152084, 0.10004125535488129, 0.09884624183177948, 0.09551387280225754, 0.10489875078201294, 0.10155469179153442, 0.0938505157828331, 0.096983902156353, 0.10169430822134018, 0.10602628439664841], [0.10059019178152084, 0.10004125535488129, 0.09884624183177948, 0.09551387280225754, 0.10489875078201294, 0.10155469179153442, 0.0938505157828331, 0.096983902156353, 0.10169430822134018, 0.10602628439664841], [0.10059019178152084, 0.10004125535488129, 0.09884624183177948, 0.09551387280225754, 0.10489875078201294, 0.10155469179153442, 0.0938505157828331, 0.096983902156353, 0.10169430822134018, 0.10602628439664841]], "matchingNumbers": {"bestMatchIndex": 0, "bestMatchSequence": [9, 9, 9], "matchingNumbers": [9]}, "labels": [0, 1, 2, 3, 4, 5, 6, 7, 8, 9]}