{"currentPredictionRaw": [], "currentPrediction": [], "realResult": [], "newPrediction": [[9, 9, 9], [4, 4, 4], [1, 8, 8], [8, 1, 1], [5, 5, 0], [2, 0, 5], [0, 2, 2], [3, 3, 3], [6, 7, 7], [7, 6, 6]], "newPredictionRaw": [[0.09870776534080505, 0.10171879082918167, 0.09972367435693741, 0.0976051539182663, 0.10307593643665314, 0.10027964413166046, 0.09661484509706497, 0.09646008908748627, 0.10147368907928467, 0.10434040427207947], [0.09937488287687302, 0.10109179466962814, 0.09936761111021042, 0.097577765583992, 0.1030077412724495, 0.10000162571668625, 0.09660357981920242, 0.09675862640142441, 0.10186279565095901, 0.10435350984334946], [0.10006168484687805, 0.10037461668252945, 0.09912510216236115, 0.09743397682905197, 0.10299734026193619, 0.09971337020397186, 0.09658025205135345, 0.09717384725809097, 0.10228805243968964, 0.10425172746181488]], "matchingNumbers": [], "labels": [0, 1, 2, 3, 4, 5, 6, 7, 8, 9]}