{"currentPredictionRaw": [[3.5039101146643284e-22, 3.67435859516263e-10, 5.994821421144127e-17, 3.822036437339804e-12, 0.0012625775998458266, 0.00030060717836022377, 0.9984368681907654, 3.917342648759798e-22, 4.062426046640206e-27, 4.449665028348076e-21], [1.0645957961578908e-23, 4.495467331722125e-10, 3.464340600596202e-17, 2.2164170184520854e-13, 0.0018884321907535195, 6.641340587520972e-05, 0.9980450868606567, 9.255232315503723e-23, 3.1572015134407867e-28, 2.025666314943316e-22], [3.867312091564352e-16, 1.8491157304528373e-20, 2.998792485141874e-26, 6.610454147448763e-05, 3.446867236078788e-10, 0.9862238168716431, 0.01371009275317192, 3.988754086441855e-29, 3.6566817471594197e-31, 5.198597877579774e-17]], "currentPrediction": [[6, 7, 0], [5, 7, 0], [4, 6, 0], [2, 5, 0], [1, 4, 0], [10, 3, 0], [10, 2, 0], [8, 3, 0], [8, 1, 0], [9, 0, 0]], "realResult": [0, 7, 8], "newPrediction": [[8, 7, 0], [3, 5, 0], [9, 6, 0], [2, 0, 0], [10, 4, 0], [3, 7, 0], [8, 5, 0], [10, 6, 0], [1, 4, 0], [1, 9, 0]], "newPredictionRaw": [[0.0, 9.513547406382113e-22, 3.35065669787582e-06, 0.0, 0.0, 0.0, 0.0, 0.9999966621398926, 9.879794898859373e-11, 1.0869266980995642e-25], [4.9156990095520745e-23, 8.425916631082941e-10, 3.8465306675990597e-16, 1.3455358246865223e-13, 0.0019428039668127894, 6.91452223691158e-05, 0.9979881048202515, 4.0174712362247886e-21, 1.1170566240768985e-26, 2.405484640208428e-21], [0.0, 1.4027516235781775e-20, 9.127105840889271e-06, 0.0, 0.0, 0.0, 0.0, 0.9999908208847046, 3.3664498966246015e-10, 1.687062467855861e-24]], "matchingNumbers": {"bestMatchIndex": 0, "bestMatchSequence": [6, 7, 0], "matchingNumbers": [0, 7]}}