{"currentPredictionRaw": [[2.4853445581944633e-13, 0.0, 4.8871934084081203e-20, 2.806098090359923e-32, 0.999051034450531, 0.0, 0.0009489399380981922, 4.713210014669332e-16, 0.0, 0.0], [3.952748961477681e-10, 2.844422830952653e-12, 2.488803296785136e-08, 1.0, 4.2839460413302347e-14, 1.0093794688970092e-09, 1.805447286001193e-16, 3.898405442860284e-14, 1.3879589699783423e-09, 2.550516422283788e-20], [7.059644323439617e-31, 2.083630663840541e-11, 3.658954922093611e-20, 4.551036739304515e-13, 0.0, 1.77617323515733e-07, 0.0, 5.237832931596221e-35, 0.9999998807907104, 6.259367299202063e-31]], "currentPrediction": [[4, 3, 8], [6, 2, 5], [1, 6, 8], [0, 1, 8], [1, 6, 9], [5, 4, 6], [0, 5, 7], [4, 7, 6]], "realResult": [5, 4, 4], "newPrediction": [[2, 7, 0], [0, 9, 2], [4, 3, 2], [6, 2, 0], [2, 3, 4], [5, 4, 6], [8, 2, 4], [6, 6, 7]], "newPredictionRaw": [[0.003123380709439516, 0.001421113032847643, 0.9954372048377991, 1.5358446034952067e-06, 8.323921065311879e-06, 2.4756083056891176e-17, 5.8191130195275475e-21, 2.0393742562300328e-23, 8.463545782433357e-06, 3.9873016106251837e-22], [0.0, 0.0, 0.0, 9.106615461718093e-11, 1.7846292791924053e-28, 1.392632839269936e-06, 2.2812683653228305e-07, 0.9993683695793152, 0.0, 0.0006299580563791096], [1.0, 6.853003966894303e-21, 2.876584062096177e-13, 2.1901541344404585e-11, 2.256659782604648e-28, 0.0, 0.0, 0.0, 5.650556130667006e-38, 0.0]], "matchingNumbers": {"bestMatchIndex": 5, "bestMatchSequence": [5, 4, 6], "matchingNumbers": [4, 5]}, "labels": [0, 1, 2, 3, 4, 5, 6, 7, 8, 9], "numberFrequency": {"3": 0.09785890749382377, "2": 0.10101564644523744, "6": 0.10014639948760179, "8": 0.10064964772623296, "9": 0.10010064964772623, "0": 0.10206789276237534, "5": 0.09877390429133498, "4": 0.10133589532436636, "1": 0.10000914996797511, "7": 0.09804190685332602}}