{"currentPredictionRaw": [[0.0997409075498581, 0.09816288948059082, 0.10523487627506256, 0.1020737811923027, 0.09834809601306915, 0.10197436064481735, 0.09260191023349762, 0.09658976644277573, 0.10235849767923355, 0.10291494429111481], [0.09961166232824326, 0.09699421375989914, 0.10401446372270584, 0.10085052251815796, 0.10015198588371277, 0.10318689048290253, 0.09234470129013062, 0.09751168638467789, 0.10101423412561417, 0.10431964695453644], [0.09944867342710495, 0.09566871076822281, 0.10262937098741531, 0.09946335107088089, 0.10222266614437103, 0.10456331819295883, 0.0920383632183075, 0.0985524132847786, 0.0994933545589447, 0.1059197336435318]], "currentPrediction": [[2, 9, 9], [9, 2, 5], [8, 5, 2], [3, 8, 4], [5, 3, 8], [0, 4, 3], [4, 0, 0], [1, 7, 7], [7, 1, 1], [6, 6, 6]], "realResult": [4, 0, 4], "newPrediction": [[2, 9, 9], [9, 2, 5], [8, 5, 2], [3, 8, 4], [5, 3, 8], [0, 4, 3], [4, 0, 0], [1, 7, 7], [7, 1, 1], [6, 6, 6]], "newPredictionRaw": [[0.09973656386137009, 0.09812384098768234, 0.10524962097406387, 0.10215234756469727, 0.09853031486272812, 0.10193630307912827, 0.09249944239854813, 0.09616854786872864, 0.10266929119825363, 0.10293369740247726], [0.09962435811758041, 0.09698929637670517, 0.10408481955528259, 0.10097521543502808, 0.10026030242443085, 0.10310304164886475, 0.09225674718618393, 0.09703703969717026, 0.10138528794050217, 0.10428391396999359], [0.09947332739830017, 0.09562896192073822, 0.10268669575452805, 0.09956370294094086, 0.10235992074012756, 0.10450373589992523, 0.09195102006196976, 0.09807354211807251, 0.09984873980283737, 0.10591036081314087]], "matchingNumbers": {"bestMatchIndex": 5, "bestMatchSequence": [0, 4, 3], "matchingNumbers": [0, 4]}, "labels": [0, 1, 2, 3, 4, 5, 6, 7, 8, 9]}