{"currentPredictionRaw": [[0.0, 1.7629371029670438e-07, 0.9999910593032837, 0.0, 2.2600085670375178e-35, 0.0, 0.0, 8.789205821813084e-06, 1.74204812367997e-27, 0.0], [0.0, 0.9992746710777283, 0.0007196348742581904, 0.0, 5.7520514928910416e-06, 0.0, 5.3767854571069185e-21, 4.966345260384863e-13, 6.5607569977867925e-31, 0.0], [0.0, 0.9987514019012451, 0.0012358523672446609, 0.0, 1.2755286661558785e-05, 0.0, 3.0578667462643925e-19, 2.670523741379882e-12, 3.1503613325020524e-28, 0.0]], "currentPrediction": [[2, 3, 0], [8, 3, 0], [2, 5, 0], [8, 9, 0], [5, 7, 0], [9, 10, 0], [10, 6, 0], [6, 7, 0], [4, 0, 0], [1, 0, 0]], "realResult": [2, 1, 6], "newPrediction": [[8, 9, 6], [8, 3, 7], [9, 10, 4], [2, 3, 5], [1, 2, 10], [10, 7, 0], [2, 5, 0], [3, 6, 0], [8, 4, 0], [1, 9, 0]], "newPredictionRaw": [[0.0, 9.127672259743179e-27, 3.954397920225006e-11, 0.0, 0.0, 0.0, 0.0, 0.0009437522967346013, 0.9990561604499817, 1.775345026544528e-07], [3.1120159888712445e-14, 2.2660215042558472e-21, 4.81466277470397e-26, 0.00015647833060938865, 7.241933441815007e-11, 0.98816978931427, 0.011673794128000736, 9.655491849929967e-28, 9.008073887978428e-30, 4.435263141049648e-15], [0.0, 2.068363182984285e-20, 8.344502930413e-06, 0.0, 0.0, 0.0, 0.0, 0.9999916553497314, 1.824757589474757e-08, 1.9222564700093895e-21]], "matchingNumbers": {"bestMatchIndex": 0, "bestMatchSequence": [2, 3, 0], "matchingNumbers": [2]}}