{"currentPredictionRaw": [[1.1475475771778879e-24, 2.0176151860340497e-09, 2.5119577010626567e-25, 0.00014757338794879615, 0.0, 2.0470069588045892e-22, 0.0, 0.0, 0.9998524188995361, 0.0], [0.0, 0.0, 0.0, 2.9061673219235073e-24, 9.416596418140263e-27, 1.900655748036267e-15, 9.580184041624307e-07, 0.9999985694885254, 0.0, 5.20539288118016e-07], [1.3269124786413224e-23, 7.358075038155221e-09, 3.512134178927875e-24, 0.00014212200767360628, 0.0, 8.089661802829345e-22, 0.0, 0.0, 0.9998579025268555, 0.0]], "currentPrediction": [[8, 7, 3], [3, 6, 1], [4, 1, 2], [6, 2, 9], [2, 1, 4], [5, 4, 6], [0, 3, 4], [1, 5, 8]], "realResult": [8, 6, 0], "newPrediction": [[5, 0, 3], [3, 2, 8], [7, 5, 0], [0, 6, 4], [7, 5, 9], [5, 4, 6], [9, 2, 4], [3, 7, 9]], "newPredictionRaw": [[0.0, 0.0, 0.0, 6.523959746118635e-05, 0.0, 0.9999347925186157, 2.738929598877558e-24, 4.199264515351549e-15, 2.9100640975800728e-24, 3.5400044007261044e-10], [0.5609045028686523, 9.127771249950456e-07, 0.43909454345703125, 4.139453062550376e-14, 3.1912081310814244e-10, 0.0, 1.737737546212285e-34, 0.0, 5.63343729304e-12, 0.0], [7.894211813529934e-26, 2.0955477791133727e-22, 1.94221194873008e-27, 1.0, 0.0, 1.8807842394608087e-08, 0.0, 1.0830874836232586e-36, 3.0472652179369675e-11, 5.120839101265748e-33]], "matchingNumbers": {"bestMatchIndex": 0, "bestMatchSequence": [8, 7, 3], "matchingNumbers": [8]}, "labels": [0, 1, 2, 3, 4, 5, 6, 7, 8, 9], "numberFrequency": {"3": 0.09785890749382377, "2": 0.10101564644523744, "6": 0.10014639948760179, "8": 0.10064964772623296, "9": 0.10010064964772623, "0": 0.10206789276237534, "5": 0.09877390429133498, "4": 0.10133589532436636, "1": 0.10000914996797511, "7": 0.09804190685332602}}