{"currentPredictionRaw": [[0.0, 3.2416370032706254e-08, 0.0, 1.3585882687744795e-26, 0.0, 1.8489462874642004e-27, 5.160819637239911e-05, 0.9999483823776245, 0.0, 0.0], [2.484135943822685e-12, 3.6985221464901775e-38, 0.0, 0.9999997615814209, 0.0, 1.493472439051402e-07, 1.3697297163162148e-07, 8.919421912641107e-32, 3.2043917228698016e-33, 0.0], [0.0, 2.765886790712102e-07, 0.0, 9.700238597122993e-22, 0.0, 1.7182715802034408e-23, 0.0003293522750027478, 0.9996703863143921, 0.0, 0.0]], "currentPrediction": [[7, 3, 6], [6, 5, 1], [6, 2, 4], [4, 8, 7], [7, 2, 6], [4, 3, 3], [8, 5, 7], [1, 5, 9]], "realResult": [4, 9, 2], "newPrediction": [[4, 9, 2], [8, 4, 1], [3, 8, 1], [4, 1, 3], [1, 8, 3], [4, 3, 3], [8, 5, 7], [1, 5, 9]], "newPredictionRaw": [[5.994780212851748e-33, 0.0, 0.0, 0.0, 0.9996881484985352, 1.8041266651774907e-24, 0.0, 0.0, 0.000311826093820855, 2.839578350233296e-09], [3.105409221058811e-33, 1.8085914632592903e-07, 7.756107152090408e-06, 0.0, 3.574886795831844e-05, 2.2395000996766612e-05, 5.605674538061484e-32, 7.001816113949784e-30, 2.7440803102019018e-11, 0.9999339580535889], [0.0, 1.2574143511301372e-05, 0.9999874830245972, 0.0, 1.2245854625103675e-28, 1.7693770496868586e-16, 0.0, 0.0, 0.0, 4.06060463031821e-11]], "matchingNumbers": {"bestMatchIndex": 2, "bestMatchSequence": [6, 2, 4], "matchingNumbers": [2, 4]}, "labels": [0, 1, 2, 3, 4, 5, 6, 7, 8, 9], "numberFrequency": {"6": 0.10009598244892362, "4": 0.10137574843457196, "1": 0.09995886466474702, "0": 0.10224416106769048, "5": 0.09872480460715755, "3": 0.09781068604598016, "2": 0.10096439508204214, "8": 0.10064445358563005, "7": 0.09808492161433338, "9": 0.10009598244892362}}