{"currentPredictionRaw": [[1.2276559024495688e-33, 3.9417613957988064e-29, 1.0878557543787849e-23, 4.200973307888489e-06, 3.0625948391916924e-29, 0.9999955892562866, 4.7454054722966715e-17, 7.398188017759821e-08, 1.5922928741927468e-15, 6.966198640157018e-08], [1.861483406653819e-12, 0.0, 3.1615747740571698e-21, 2.7627234628939432e-36, 0.9999998807907104, 0.0, 9.57917691835064e-08, 2.8789197270469843e-22, 0.0, 0.0], [7.196012449112166e-13, 0.0, 4.569647818536963e-22, 5.347431731019347e-38, 1.0, 0.0, 2.5359986111084254e-08, 1.1511243711297731e-23, 0.0, 0.0]], "currentPrediction": [[5, 4, 6], [3, 6, 0], [1, 3, 6], [6, 1, 7], [6, 1, 9], [5, 4, 6], [1, 4, 9], [4, 2, 6]], "realResult": [0, 0, 0], "newPrediction": [[0, 3, 8], [3, 8, 5], [0, 8, 3], [3, 0, 2], [8, 3, 9], [5, 4, 6], [8, 0, 7], [1, 5, 9]], "newPredictionRaw": [[0.9984737038612366, 0.0, 0.0, 0.0010365688940510154, 1.2419123512555897e-26, 2.701933397020184e-07, 1.2157124050763978e-22, 0.0, 0.0004894574522040784, 0.0], [0.998963475227356, 0.0, 0.0, 0.0008578050183132291, 4.769664813037747e-29, 8.198402667858318e-08, 3.687858073161739e-24, 0.0, 0.00017867716087494045, 0.0], [0.9984703660011292, 0.0, 0.0, 0.0013270472409203649, 4.302330896832362e-26, 4.3620971723612456e-07, 2.1528968309632368e-22, 0.0, 0.00020211015362292528, 0.0]], "matchingNumbers": {"bestMatchIndex": 1, "bestMatchSequence": [3, 6, 0], "matchingNumbers": [0]}, "labels": [0, 1, 2, 3, 4, 5, 6, 7, 8, 9], "numberFrequency": {"6": 0.10013265632862174, "4": 0.10132198893005809, "1": 0.09999542564384063, "0": 0.1021911166003385, "5": 0.09876034948081057, "3": 0.09784547824893647, "2": 0.10100178399890215, "8": 0.10063583550615252, "7": 0.09802845249531128, "9": 0.10008691276702804}}