{"currentPredictionRaw": [[0.10059528797864914, 0.10004514455795288, 0.09884700924158096, 0.09551218152046204, 0.10490671545267105, 0.10155308246612549, 0.09384816139936447, 0.09697343409061432, 0.10169140249490738, 0.10602762550115585], [0.10059528797864914, 0.10004514455795288, 0.09884700924158096, 0.09551218152046204, 0.10490671545267105, 0.10155308246612549, 0.09384816139936447, 0.09697343409061432, 0.10169140249490738, 0.10602762550115585], [0.10059528797864914, 0.10004514455795288, 0.09884700924158096, 0.09551218152046204, 0.10490671545267105, 0.10155308246612549, 0.09384816139936447, 0.09697343409061432, 0.10169140249490738, 0.10602762550115585]], "currentPrediction": [[9, 9, 9], [4, 4, 4], [8, 8, 8], [5, 5, 5], [0, 0, 0], [1, 1, 1], [2, 2, 2], [7, 7, 7], [3, 3, 3], [6, 6, 6]], "realResult": [4, 1, 9], "newPrediction": [[9, 9, 9], [4, 4, 4], [8, 8, 8], [5, 5, 5], [0, 0, 0], [1, 1, 1], [2, 2, 2], [7, 7, 7], [3, 3, 3], [6, 6, 6]], "newPredictionRaw": [[0.10059530287981033, 0.1000451147556305, 0.09884700179100037, 0.09551215171813965, 0.10490670800209045, 0.10155308991670609, 0.09384817630052567, 0.09697341173887253, 0.10169140994548798, 0.10602761805057526], [0.10059530287981033, 0.1000451147556305, 0.09884700179100037, 0.09551215171813965, 0.10490670800209045, 0.10155308991670609, 0.09384817630052567, 0.09697341173887253, 0.10169140994548798, 0.10602761805057526], [0.10059530287981033, 0.1000451147556305, 0.09884700179100037, 0.09551215171813965, 0.10490670800209045, 0.10155308991670609, 0.09384817630052567, 0.09697341173887253, 0.10169140994548798, 0.10602761805057526]], "matchingNumbers": {"bestMatchIndex": 0, "bestMatchSequence": [9, 9, 9], "matchingNumbers": [9]}, "labels": [0, 1, 2, 3, 4, 5, 6, 7, 8, 9]}