{"currentPredictionRaw": [[0.09944909065961838, 0.09824522584676743, 0.10566428303718567, 0.10197476297616959, 0.09881722927093506, 0.10186479240655899, 0.09248223900794983, 0.09556066244840622, 0.10309633612632751, 0.10284534841775894], [0.0993344858288765, 0.09686839580535889, 0.10426884144544601, 0.10056167840957642, 0.10090585798025131, 0.10326602309942245, 0.09219803661108017, 0.09659112989902496, 0.10152702033519745, 0.10447847098112106], [0.099095419049263, 0.09527536481618881, 0.10272777080535889, 0.09901532530784607, 0.10330593585968018, 0.10483109951019287, 0.09187222272157669, 0.09762857109308243, 0.1000254899263382, 0.10622276365756989]], "currentPrediction": [[2, 9, 9], [8, 2, 5], [9, 5, 4], [3, 8, 2], [5, 4, 8], [0, 3, 0], [4, 0, 3], [1, 1, 7], [7, 7, 1], [6, 6, 6]], "realResult": [2, 1, 1], "newPrediction": [[2, 9, 9], [8, 2, 5], [9, 5, 4], [3, 8, 2], [5, 4, 8], [0, 3, 0], [4, 0, 3], [1, 1, 7], [7, 7, 1], [6, 6, 6]], "newPredictionRaw": [[0.0994245707988739, 0.09822051227092743, 0.10570511966943741, 0.10193919390439987, 0.09888393431901932, 0.1018609032034874, 0.09248729795217514, 0.09545077383518219, 0.10310221463441849, 0.10292551666498184], [0.09930220246315002, 0.09675530344247818, 0.10422363877296448, 0.1004268005490303, 0.10110840201377869, 0.10335671901702881, 0.09218717366456985, 0.09653990715742111, 0.10143635421991348, 0.10466348379850388], [0.09902914613485336, 0.09510980546474457, 0.10265862941741943, 0.09884810447692871, 0.10357533395290375, 0.10496050864458084, 0.09185916185379028, 0.09755861014127731, 0.09998217225074768, 0.10641852766275406]], "matchingNumbers": {"bestMatchIndex": 0, "bestMatchSequence": [2, 9, 9], "matchingNumbers": [2]}, "labels": [0, 1, 2, 3, 4, 5, 6, 7, 8, 9]}