{"currentPredictionRaw": [[0.10059415549039841, 0.10004489123821259, 0.09884681552648544, 0.09551224112510681, 0.1049056276679039, 0.10155332088470459, 0.09384798258543015, 0.09697471559047699, 0.10169250518083572, 0.10602777451276779], [0.10059415549039841, 0.10004489123821259, 0.09884681552648544, 0.09551224112510681, 0.1049056276679039, 0.10155332088470459, 0.09384798258543015, 0.09697471559047699, 0.10169250518083572, 0.10602777451276779], [0.10059415549039841, 0.10004489123821259, 0.09884681552648544, 0.09551224112510681, 0.1049056276679039, 0.10155332088470459, 0.09384798258543015, 0.09697471559047699, 0.10169250518083572, 0.10602777451276779]], "currentPrediction": [[9, 9, 9], [4, 4, 4], [8, 8, 8], [5, 5, 5], [0, 0, 0], [1, 1, 1], [2, 2, 2], [7, 7, 7], [3, 3, 3], [6, 6, 6]], "realResult": [6, 6, 5], "newPrediction": [[9, 9, 9], [4, 4, 4], [8, 8, 8], [5, 5, 5], [0, 0, 0], [1, 1, 1], [2, 2, 2], [7, 7, 7], [3, 3, 3], [6, 6, 6]], "newPredictionRaw": [[0.10059423744678497, 0.10004471987485886, 0.09884701669216156, 0.09551241993904114, 0.10490605980157852, 0.10155345499515533, 0.09384781867265701, 0.0969741940498352, 0.1016923114657402, 0.1060277447104454], [0.10059423744678497, 0.10004471987485886, 0.09884701669216156, 0.09551241993904114, 0.10490605980157852, 0.10155345499515533, 0.09384781867265701, 0.0969741940498352, 0.1016923114657402, 0.1060277447104454], [0.10059423744678497, 0.10004471987485886, 0.09884701669216156, 0.09551241993904114, 0.10490605980157852, 0.10155345499515533, 0.09384781867265701, 0.0969741940498352, 0.1016923114657402, 0.1060277447104454]], "matchingNumbers": {"bestMatchIndex": 3, "bestMatchSequence": [5, 5, 5], "matchingNumbers": [5]}, "labels": [0, 1, 2, 3, 4, 5, 6, 7, 8, 9]}