{"currentPredictionRaw": [[0.09957680106163025, 0.09806948900222778, 0.10561782866716385, 0.10192348808050156, 0.09894803166389465, 0.1019008457660675, 0.09246497601270676, 0.09578417241573334, 0.10279423743486404, 0.10292015224695206], [0.0994524359703064, 0.09664258360862732, 0.1041785180568695, 0.10045299679040909, 0.10111938416957855, 0.103347547352314, 0.09217090159654617, 0.09685423225164413, 0.10117090493440628, 0.10461051017045975], [0.09910145401954651, 0.09494374692440033, 0.10262264311313629, 0.09889139235019684, 0.10363499820232391, 0.10494910925626755, 0.0918472558259964, 0.09780537337064743, 0.09990110248327255, 0.10630294680595398]], "currentPrediction": [[2, 9, 9], [9, 2, 5], [8, 5, 4], [3, 8, 2], [5, 4, 8], [0, 3, 0], [4, 0, 3], [1, 7, 7], [7, 1, 1], [6, 6, 6]], "realResult": [2, 4, 8], "newPrediction": [[2, 9, 9], [8, 2, 5], [9, 5, 4], [3, 8, 2], [5, 4, 8], [0, 3, 0], [4, 0, 3], [1, 1, 7], [7, 7, 1], [6, 6, 6]], "newPredictionRaw": [[0.09944909065961838, 0.09824522584676743, 0.10566428303718567, 0.10197476297616959, 0.09881722927093506, 0.10186479240655899, 0.09248223900794983, 0.09556066244840622, 0.10309633612632751, 0.10284534841775894], [0.0993344858288765, 0.09686839580535889, 0.10426884144544601, 0.10056167840957642, 0.10090585798025131, 0.10326602309942245, 0.09219803661108017, 0.09659112989902496, 0.10152702033519745, 0.10447847098112106], [0.099095419049263, 0.09527536481618881, 0.10272777080535889, 0.09901532530784607, 0.10330593585968018, 0.10483109951019287, 0.09187222272157669, 0.09762857109308243, 0.1000254899263382, 0.10622276365756989]], "matchingNumbers": {"bestMatchIndex": 2, "bestMatchSequence": [8, 5, 4], "matchingNumbers": [8, 4]}, "labels": [0, 1, 2, 3, 4, 5, 6, 7, 8, 9]}