{"currentPredictionRaw": [[0.09935081750154495, 0.09830723702907562, 0.10578181594610214, 0.10185304284095764, 0.09894230216741562, 0.10180290043354034, 0.09249100089073181, 0.09530273824930191, 0.10326952487230301, 0.10289870202541351], [0.09923311322927475, 0.0968213751912117, 0.10428160429000854, 0.1003209799528122, 0.10119129717350006, 0.10332109779119492, 0.09218710660934448, 0.0964091345667839, 0.1015826016664505, 0.10465171188116074], [0.0989684984087944, 0.09516073018312454, 0.10270075500011444, 0.09872525930404663, 0.10367578268051147, 0.10494421422481537, 0.09185574948787689, 0.09744627773761749, 0.10010232776403427, 0.10642042756080627]], "currentPrediction": [[2, 9, 9], [8, 2, 5], [9, 5, 4], [3, 8, 2], [5, 4, 8], [0, 3, 0], [4, 0, 3], [1, 1, 7], [7, 7, 1], [6, 6, 6]], "realResult": [5, 2, 3], "newPrediction": [[2, 9, 9], [8, 2, 5], [9, 5, 4], [3, 8, 2], [5, 4, 8], [0, 3, 0], [4, 0, 3], [1, 1, 7], [7, 7, 1], [6, 6, 6]], "newPredictionRaw": [[0.09935079514980316, 0.09830731153488159, 0.10578186064958572, 0.10185302793979645, 0.09894228726625443, 0.10180287063121796, 0.09249097108840942, 0.09530263394117355, 0.10326959192752838, 0.10289862751960754], [0.09923309832811356, 0.09682145714759827, 0.10428163409233093, 0.10032095015048981, 0.10119130462408066, 0.10332106053829193, 0.09218708425760269, 0.09640904515981674, 0.10158266127109528, 0.10465164482593536], [0.09896846115589142, 0.09516077488660812, 0.10270077735185623, 0.09872522205114365, 0.10367585718631744, 0.10494422167539597, 0.0918557345867157, 0.09744619578123093, 0.10010243207216263, 0.10642038285732269]], "matchingNumbers": {"bestMatchIndex": 1, "bestMatchSequence": [8, 2, 5], "matchingNumbers": [2, 5]}, "labels": [0, 1, 2, 3, 4, 5, 6, 7, 8, 9]}