{"currentPredictionRaw": [[0.10014658421278, 0.10068078339099884, 0.09854172170162201, 0.09583479911088943, 0.10467784851789474, 0.10102355480194092, 0.09427357465028763, 0.09745830297470093, 0.10182298719882965, 0.10553984344005585], [0.10014658421278, 0.10068078339099884, 0.09854172170162201, 0.09583479911088943, 0.10467784851789474, 0.10102355480194092, 0.09427357465028763, 0.09745830297470093, 0.10182298719882965, 0.10553984344005585], [0.10014658421278, 0.10068078339099884, 0.09854172170162201, 0.09583479911088943, 0.10467784851789474, 0.10102355480194092, 0.09427357465028763, 0.09745830297470093, 0.10182298719882965, 0.10553984344005585]], "currentPrediction": [[9, 9, 9], [4, 4, 4], [8, 8, 8], [5, 5, 5], [1, 1, 1], [0, 0, 0], [2, 2, 2], [7, 7, 7], [3, 3, 3], [6, 6, 6]], "realResult": [8, 8, 8], "newPrediction": [[9, 9, 9], [4, 4, 4], [8, 8, 8], [5, 5, 5], [1, 1, 1], [0, 0, 0], [2, 2, 2], [7, 7, 7], [3, 3, 3], [6, 6, 6]], "newPredictionRaw": [[0.10038217902183533, 0.10046745091676712, 0.09869197010993958, 0.09574581682682037, 0.10464450716972351, 0.10135848820209503, 0.09406348317861557, 0.0973249301314354, 0.10169829428195953, 0.10562290996313095], [0.10038217902183533, 0.10046745091676712, 0.09869197010993958, 0.09574581682682037, 0.10464450716972351, 0.10135848820209503, 0.09406348317861557, 0.0973249301314354, 0.10169829428195953, 0.10562290996313095], [0.10038217902183533, 0.10046745091676712, 0.09869197010993958, 0.09574581682682037, 0.10464450716972351, 0.10135848820209503, 0.09406348317861557, 0.0973249301314354, 0.10169829428195953, 0.10562290996313095]], "matchingNumbers": {"bestMatchIndex": 2, "bestMatchSequence": [8, 8, 8], "matchingNumbers": [8]}, "labels": [0, 1, 2, 3, 4, 5, 6, 7, 8, 9]}