{"currentPredictionRaw": [[0.09983307123184204, 0.09903416037559509, 0.10389619320631027, 0.10143259167671204, 0.09713003039360046, 0.10356444120407104, 0.09366579353809357, 0.09821853786706924, 0.1010809913277626, 0.10214417427778244], [0.099908746778965, 0.09821100533008575, 0.1032588928937912, 0.10073349624872208, 0.09847046434879303, 0.10412678867578506, 0.09331019967794418, 0.09885715693235397, 0.10017576068639755, 0.10294751077890396], [0.09988843649625778, 0.09678056836128235, 0.10197293758392334, 0.09936361759901047, 0.10082127153873444, 0.10534495860338211, 0.09279253333806992, 0.10001365840435028, 0.09855575114488602, 0.10446628928184509]], "currentPrediction": [[2, 5, 5], [5, 2, 9], [9, 9, 2], [3, 3, 4], [8, 8, 7], [0, 0, 0], [1, 7, 3], [7, 4, 8], [4, 1, 1], [6, 6, 6]], "realResult": [0, 2, 2], "newPrediction": [[2, 9, 9], [9, 5, 5], [5, 2, 4], [8, 4, 2], [3, 8, 7], [0, 3, 0], [4, 0, 8], [1, 7, 3], [7, 1, 1], [6, 6, 6]], "newPredictionRaw": [[0.0997292622923851, 0.09796739369630814, 0.10482510179281235, 0.10142423957586288, 0.09850460290908813, 0.10270581394433975, 0.09242378920316696, 0.09737353771924973, 0.10187667608261108, 0.1031695306301117], [0.0995635837316513, 0.09668973833322525, 0.10348165035247803, 0.10004618018865585, 0.10054242610931396, 0.10406886041164398, 0.09211351722478867, 0.09841850399971008, 0.10035824775695801, 0.10471727699041367], [0.09938346594572067, 0.09542786329984665, 0.1021541878581047, 0.0986865982413292, 0.10257972776889801, 0.1054154485464096, 0.09179259091615677, 0.09944510459899902, 0.09886377304792404, 0.10625122487545013]], "matchingNumbers": {"bestMatchIndex": 0, "bestMatchSequence": [2, 5, 5], "matchingNumbers": [2]}, "labels": [0, 1, 2, 3, 4, 5, 6, 7, 8, 9]}