{"currentPredictionRaw": [[0.0, 1.770601869566235e-07, 0.9999910593032837, 0.0, 3.724873552901418e-35, 0.0, 0.0, 8.826315934129525e-06, 3.729324521992778e-27, 0.0], [0.0, 0.9991133809089661, 0.0008798811468295753, 0.0, 6.621831744269002e-06, 0.0, 2.1318450944711818e-20, 6.673692631506412e-13, 3.389020555002608e-30, 0.0], [5.619998443354463e-23, 2.65725469406064e-10, 2.982116141045958e-17, 2.2342444734591016e-12, 0.0012027925113216043, 0.0002934415824711323, 0.9985038042068481, 8.079564509460261e-23, 8.735471263636296e-28, 8.841705496752861e-22]], "currentPrediction": [[2, 3, 7], [8, 3, 5], [2, 5, 6], [8, 9, 2], [4, 5, 7], [9, 10, 3], [10, 6, 0], [8, 6, 7], [1, 4, 0], [1, 9, 0]], "realResult": [1, 9, 1], "newPrediction": [[8, 1, 4], [1, 10, 3], [9, 4, 6], [10, 6, 0], [2, 7, 0], [9, 5, 7], [9, 5, 0], [8, 2, 6], [8, 3, 4], [1, 2, 3]], "newPredictionRaw": [[0.9977846741676331, 0.0, 0.0, 2.1496731278602965e-05, 5.1924524211697495e-33, 1.704326739135076e-17, 4.6420425304421813e-23, 3.7879900087628455e-37, 4.2814178591231425e-28, 0.002193818101659417], [0.0, 4.912882083942323e-19, 5.324116955307545e-06, 0.0, 0.0, 0.0, 0.0, 0.9999934434890747, 1.2106105486964225e-06, 6.261398654230878e-18], [8.866805001161993e-05, 1.1248124121723418e-37, 0.0, 0.9999020099639893, 2.764990920502028e-23, 9.23816241993336e-06, 5.720139292786364e-11, 8.461945366401199e-38, 1.3842153114252852e-34, 1.5221981897184378e-08]], "matchingNumbers": {"bestMatchIndex": 9, "bestMatchSequence": [1, 9, 0], "matchingNumbers": [1, 9]}}