{"currentPredictionRaw": [[7.478144762614848e-32, 0.002390354173257947, 2.0761703467542247e-09, 1.0401389880323566e-26, 0.9975614547729492, 1.4066883570590763e-18, 4.817027729586698e-05, 1.5077767472788803e-16, 1.1057618153250451e-26, 5.139849237049548e-30], [1.8262704246605424e-23, 4.2682066214716485e-10, 3.059347016989829e-17, 5.471557994012055e-13, 0.0016420361353084445, 0.0001414045545971021, 0.9982165694236755, 8.410062518868035e-23, 4.459065155710935e-28, 3.5964862866622523e-22], [0.0, 1.5882411616985337e-06, 0.9999942779541016, 0.0, 2.5353160900060566e-31, 0.0, 0.0, 4.127452939428622e-06, 5.997528887203767e-26, 0.0]], "currentPrediction": [[3, 5, 7], [8, 2, 5], [2, 6, 7], [9, 2, 3], [8, 4, 5], [10, 3, 6], [9, 10, 6], [8, 4, 7], [1, 10, 4], [1, 9, 0]], "realResult": [7, 6, 7], "newPrediction": [[6, 7, 0], [5, 7, 0], [4, 6, 0], [2, 5, 0], [1, 4, 0], [10, 3, 0], [10, 2, 0], [8, 3, 0], [8, 1, 0], [9, 0, 0]], "newPredictionRaw": [[3.5039101146643284e-22, 3.67435859516263e-10, 5.994821421144127e-17, 3.822036437339804e-12, 0.0012625775998458266, 0.00030060717836022377, 0.9984368681907654, 3.917342648759798e-22, 4.062426046640206e-27, 4.449665028348076e-21], [1.0645957961578908e-23, 4.495467331722125e-10, 3.464340600596202e-17, 2.2164170184520854e-13, 0.0018884321907535195, 6.641340587520972e-05, 0.9980450868606567, 9.255232315503723e-23, 3.1572015134407867e-28, 2.025666314943316e-22], [3.867312091564352e-16, 1.8491157304528373e-20, 2.998792485141874e-26, 6.610454147448763e-05, 3.446867236078788e-10, 0.9862238168716431, 0.01371009275317192, 3.988754086441855e-29, 3.6566817471594197e-31, 5.198597877579774e-17]], "matchingNumbers": {"bestMatchIndex": 2, "bestMatchSequence": [2, 6, 7], "matchingNumbers": [6, 7]}}