{"currentPredictionRaw": [[0.09940844774246216, 0.09828606992959976, 0.10574107617139816, 0.10189010947942734, 0.09887178242206573, 0.1018122211098671, 0.09250449389219284, 0.09538252651691437, 0.1032080352306366, 0.10289525985717773], [0.09928975999355316, 0.09680438786745071, 0.10424794256687164, 0.10036316514015198, 0.1011108011007309, 0.10332562774419785, 0.0922047346830368, 0.09648420661687851, 0.10152677446603775, 0.10464254766702652], [0.09900308400392532, 0.09512104094028473, 0.10266359895467758, 0.09876514226198196, 0.103614941239357, 0.10495854169130325, 0.09187659621238708, 0.09750406444072723, 0.10009028017520905, 0.10640274733304977]], "currentPrediction": [[2, 9, 9], [8, 2, 5], [9, 5, 4], [3, 8, 2], [5, 4, 8], [0, 3, 0], [4, 0, 3], [1, 1, 7], [7, 7, 1], [6, 6, 6]], "realResult": [0, 7, 3], "newPrediction": [[2, 9, 9], [8, 2, 5], [9, 5, 4], [3, 8, 2], [5, 4, 8], [0, 3, 0], [4, 0, 3], [1, 1, 7], [7, 7, 1], [6, 6, 6]], "newPredictionRaw": [[0.09938471019268036, 0.09827955812215805, 0.10574787855148315, 0.10188175737857819, 0.09889847040176392, 0.10181260108947754, 0.09249448031187057, 0.09536579996347427, 0.10321806371212006, 0.1029166728258133], [0.09926674515008926, 0.09679833799600601, 0.1042540967464447, 0.10035552084445953, 0.10113727301359177, 0.10332486033439636, 0.09219350665807724, 0.09646695852279663, 0.10153957456350327, 0.10466307401657104], [0.09900423139333725, 0.09514495730400085, 0.10267989337444305, 0.09876609593629837, 0.10360880196094513, 0.10494118928909302, 0.09186509251594543, 0.09750105440616608, 0.10006260871887207, 0.10642610490322113]], "matchingNumbers": {"bestMatchIndex": 5, "bestMatchSequence": [0, 3, 0], "matchingNumbers": [0, 3]}, "labels": [0, 1, 2, 3, 4, 5, 6, 7, 8, 9]}