{"currentPredictionRaw": [[1.1949430426098865e-34, 0.0, 3.290563525869758e-38, 6.537805423567213e-30, 4.557978883212854e-09, 0.0, 1.0, 2.2803927635095533e-09, 0.0, 3.632382603848473e-33], [0.0, 0.0, 0.0, 2.6147175245273824e-13, 6.63772492955766e-33, 1.2808609728409692e-10, 2.2882551320435596e-07, 0.9999980926513672, 0.0, 1.696467393230705e-06], [0.00026177929248660803, 0.0017715534195303917, 0.997901201248169, 4.511728235456758e-08, 4.159572597473016e-07, 2.2107021888009143e-13, 9.900292479331183e-17, 8.764406655966324e-19, 6.509450759040192e-05, 1.8905998721481373e-17]], "currentPrediction": [[6, 7, 2], [4, 9, 1], [7, 0, 6], [0, 4, 5], [7, 6, 0], [5, 4, 6], [0, 9, 5], [4, 7, 9]], "realResult": [8, 7, 9], "newPrediction": [[8, 1, 7], [5, 8, 9], [7, 6, 8], [0, 5, 7], [8, 6, 7], [5, 4, 6], [1, 3, 7], [4, 6, 9]], "newPredictionRaw": [[4.706125744685423e-25, 2.0436552450320278e-09, 6.242482605264954e-17, 1.9548128393775954e-10, 0.0, 1.378945846397528e-08, 0.0, 9.527757320593926e-34, 1.0, 2.0344461755811357e-31], [8.727013807483355e-16, 1.0, 9.885273446975842e-15, 4.5457363146994364e-17, 0.0, 0.0, 0.0, 0.0, 5.1604692741236136e-11, 0.0], [0.0, 0.0, 0.0, 1.2271089092769083e-12, 3.5521129619121155e-34, 1.416175798851782e-08, 3.554654171011862e-08, 0.99992835521698, 0.0, 7.165504939621314e-05]], "matchingNumbers": {"bestMatchIndex": 7, "bestMatchSequence": [4, 7, 9], "matchingNumbers": [9, 7]}, "labels": [0, 1, 2, 3, 4, 5, 6, 7, 8, 9], "numberFrequency": {"3": 0.09785890749382377, "2": 0.10101564644523744, "6": 0.10014639948760179, "8": 0.10064964772623296, "9": 0.10010064964772623, "0": 0.10206789276237534, "5": 0.09877390429133498, "4": 0.10133589532436636, "1": 0.10000914996797511, "7": 0.09804190685332602}}