{"currentPredictionRaw": [[0.0, 4.1907716330064e-21, 3.9335891415248625e-06, 0.0, 0.0, 0.0, 0.0, 0.9999960660934448, 6.483171222093631e-10, 3.949178503207967e-24], [0.9961821436882019, 0.0, 0.0, 8.149122731992975e-05, 2.5960238656893016e-29, 2.071119646363537e-15, 2.1478505546479427e-20, 2.0618304993247314e-33, 1.9546507675726192e-25, 0.0037363155279308558], [2.0251650305468595e-32, 0.0016554801259189844, 9.748147844490518e-10, 5.9063676125509216e-27, 0.9982866644859314, 1.62059302416465e-18, 5.789343413198367e-05, 4.904239700902369e-17, 2.7757665620195253e-27, 1.8090570298137923e-30]], "currentPrediction": [[7, 0, 4], [2, 9, 1], [8, 3, 6], [1, 5, 2], [9, 6, 7], [6, 8, 5], [4, 4, 3], [5, 7, 8], [3, 2, 9], [0, 1, 0]], "realResult": [4, 1, 9], "newPrediction": [[7, 1, 0], [2, 2, 9], [8, 4, 3], [1, 7, 5], [9, 6, 6], [6, 8, 8], [4, 9, 4], [5, 5, 7], [3, 3, 2], [0, 0, 1]], "newPredictionRaw": [[0.0, 2.559541122305971e-22, 3.0873268315190217e-06, 0.0, 0.0, 0.0, 0.0, 0.9999969005584717, 3.577932047860166e-11, 3.7627278509482304e-27], [0.0, 0.999135434627533, 0.0008308784454129636, 0.0, 3.3679436455713585e-05, 0.0, 1.2788870912632553e-18, 1.924496152716504e-11, 4.0970434818326e-27, 0.0], [0.9979919195175171, 0.0, 0.0, 5.769018753198907e-05, 1.1031471404077088e-31, 3.1713562054801246e-16, 1.2468925804282524e-21, 1.3546202932263648e-36, 2.98647745352058e-28, 0.001950348261743784]], "matchingNumbers": {"bestMatchIndex": 1, "bestMatchSequence": [2, 9, 1], "matchingNumbers": [9, 1]}, "labels": [0, 1, 2, 3, 4, 5, 6, 7, 8, 9]}