{"currentPredictionRaw": [], "currentPrediction": [], "realResult": [], "newPrediction": [[2, 9, 9], [8, 2, 5], [9, 5, 4], [3, 8, 2], [5, 4, 8], [0, 3, 0], [4, 0, 3], [1, 1, 7], [7, 7, 1], [6, 6, 6]], "newPredictionRaw": [[0.09935078024864197, 0.09830751270055771, 0.10578201711177826, 0.10185308754444122, 0.09894219040870667, 0.10180272907018661, 0.09249097108840942, 0.0953025072813034, 0.10326970368623734, 0.1028984859585762], [0.09923308342695236, 0.09682165086269379, 0.10428180545568466, 0.10032102465629578, 0.10119123011827469, 0.10332094132900238, 0.09218709170818329, 0.09640892595052719, 0.10158278048038483, 0.10465151816606522], [0.09896843135356903, 0.09516094624996185, 0.10270091146230698, 0.09872526675462723, 0.10367577522993088, 0.10494409501552582, 0.0918557271361351, 0.09744606912136078, 0.10010252892971039, 0.10642025619745255]], "matchingNumbers": [], "labels": [0, 1, 2, 3, 4, 5, 6, 7, 8, 9]}