{"currentPredictionRaw": [[0.09935348480939865, 0.09830054640769958, 0.10577041655778885, 0.10184676200151443, 0.09894934296607971, 0.1018105074763298, 0.09249167144298553, 0.09531351178884506, 0.10325716435909271, 0.10290655493736267], [0.09923571348190308, 0.09681488573551178, 0.10427036136388779, 0.10031486302614212, 0.10119811445474625, 0.10332847386598587, 0.0921880379319191, 0.09641972929239273, 0.1015705019235611, 0.10465927422046661], [0.09897171705961227, 0.09515535831451416, 0.10269003361463547, 0.09871958941221237, 0.10368134081363678, 0.10495085269212723, 0.09185700863599777, 0.09745708107948303, 0.10008926689624786, 0.10642775148153305]], "currentPrediction": [[2, 9, 9], [8, 2, 5], [9, 5, 4], [3, 8, 2], [5, 4, 8], [0, 3, 0], [4, 0, 3], [1, 1, 7], [7, 7, 1], [6, 6, 6]], "realResult": [4, 6, 2], "newPrediction": [[2, 9, 9], [8, 2, 5], [9, 5, 4], [3, 8, 2], [5, 4, 8], [0, 3, 0], [4, 0, 3], [1, 1, 7], [7, 7, 1], [6, 6, 6]], "newPredictionRaw": [[0.0993524119257927, 0.09830386936664581, 0.10577718168497086, 0.10185147076845169, 0.0989437997341156, 0.10180599242448807, 0.09249090403318405, 0.09530942887067795, 0.10326311737298965, 0.10290185362100601], [0.09923464059829712, 0.09681790322065353, 0.10427675396203995, 0.10031909495592117, 0.10119305551052094, 0.10332439094781876, 0.09218712151050568, 0.09641604125499725, 0.10157594084739685, 0.10465504974126816], [0.09896998107433319, 0.09515713900327682, 0.10269562155008316, 0.09872301667928696, 0.10367782413959503, 0.1049477756023407, 0.09185586124658585, 0.09745343774557114, 0.10009526461362839, 0.10642403364181519]], "matchingNumbers": {"bestMatchIndex": 0, "bestMatchSequence": [2, 9, 9], "matchingNumbers": [2]}, "labels": [0, 1, 2, 3, 4, 5, 6, 7, 8, 9]}