{"currentPredictionRaw": [[0.0, 8.542546046282165e-28, 2.2162213036969192e-11, 0.0, 0.0, 0.0, 0.0, 0.0007355408743023872, 0.9992644190788269, 1.2935336357600136e-08], [0.0, 0.9992376565933228, 0.0007103121024556458, 0.0, 5.210627205087803e-05, 0.0, 2.6274782112045166e-19, 9.943933697298402e-12, 2.2779011648878485e-29, 0.0], [0.0, 0.9993695616722107, 0.0005657031433656812, 0.0, 6.47786509944126e-05, 0.0, 3.24576030541793e-19, 7.326309697797129e-13, 7.176669488041379e-30, 0.0]], "currentPrediction": [[9, 2, 0], [8, 3, 0], [10, 5, 0], [8, 3, 0], [2, 7, 0], [9, 7, 0], [10, 5, 0], [6, 0, 0], [4, 0, 0], [1, 0, 0]], "realResult": [7, 1, 0], "newPrediction": [[8, 1, 5], [2, 10, 3], [9, 4, 7], [2, 3, 6], [8, 10, 7], [9, 6, 7], [4, 5, 0], [8, 9, 6], [10, 3, 4], [1, 2, 0]], "newPredictionRaw": [[0.0, 4.1907716330064e-21, 3.9335891415248625e-06, 0.0, 0.0, 0.0, 0.0, 0.9999960660934448, 6.483171222093631e-10, 3.949178503207967e-24], [0.9961821436882019, 0.0, 0.0, 8.149122731992975e-05, 2.5960238656893016e-29, 2.071119646363537e-15, 2.1478505546479427e-20, 2.0618304993247314e-33, 1.9546507675726192e-25, 0.0037363155279308558], [2.0251650305468595e-32, 0.0016554801259189844, 9.748147844490518e-10, 5.9063676125509216e-27, 0.9982866644859314, 1.62059302416465e-18, 5.789343413198367e-05, 4.904239700902369e-17, 2.7757665620195253e-27, 1.8090570298137923e-30]], "matchingNumbers": {"bestMatchIndex": 4, "bestMatchSequence": [2, 7, 0], "matchingNumbers": [0, 7]}}