{"currentPredictionRaw": [[2.0359002519398928e-05, 0.0, 0.0, 0.999976396560669, 1.1640418806303617e-27, 3.267025476816343e-06, 3.5234419548668683e-12, 0.0, 0.0, 8.709806764706229e-10], [8.629808121440874e-07, 0.0, 0.0, 2.466680009324796e-15, 0.0, 5.9183052967182114e-27, 1.4480942458428607e-33, 8.542315281356229e-26, 6.548357928630845e-15, 0.9999991655349731], [0.9976115226745605, 0.0, 0.0, 8.36554045235971e-06, 6.103690131797417e-34, 2.622281965994035e-19, 3.26375915355155e-25, 3.3124666616462333e-38, 7.353328120529282e-28, 0.0023802148643881083]], "currentPrediction": [[1, 10, 4], [1, 10, 0], [9, 4, 6], [10, 4, 6], [8, 7, 0], [9, 5, 6], [9, 5, 7], [8, 5, 0], [3, 0, 0], [2, 0, 0]], "realResult": [6, 2, 7], "newPrediction": [[3, 4, 6], [8, 1, 7], [2, 4, 6], [9, 10, 5], [1, 5, 7], [10, 5, 0], [9, 2, 6], [2, 3, 7], [8, 4, 0], [1, 3, 9]], "newPredictionRaw": [[3.174148150719702e-05, 1.420049379205794e-38, 0.0, 0.99994957447052, 1.4035320140105426e-23, 1.8739301594905555e-05, 1.1967973834181578e-10, 0.0, 3.146317101754211e-36, 3.511170243442052e-09], [0.0, 5.298912128637312e-06, 0.9999860525131226, 0.0, 7.768916719138205e-29, 0.0, 0.0, 8.664086635690182e-06, 3.919275547304207e-23, 0.0], [8.920184038618332e-17, 2.3289548027417524e-20, 4.027961684359792e-26, 4.963709943694994e-05, 3.310937357614563e-10, 0.9862605929374695, 0.013689737766981125, 2.237281346338122e-29, 1.7121910996210052e-31, 1.2040743744426065e-17]], "matchingNumbers": {"bestMatchIndex": 2, "bestMatchSequence": [9, 4, 6], "matchingNumbers": [6]}}