{"currentPredictionRaw": [[0.0993524119257927, 0.09830386936664581, 0.10577718168497086, 0.10185147076845169, 0.0989437997341156, 0.10180599242448807, 0.09249090403318405, 0.09530942887067795, 0.10326311737298965, 0.10290185362100601], [0.09923464059829712, 0.09681790322065353, 0.10427675396203995, 0.10031909495592117, 0.10119305551052094, 0.10332439094781876, 0.09218712151050568, 0.09641604125499725, 0.10157594084739685, 0.10465504974126816], [0.09896998107433319, 0.09515713900327682, 0.10269562155008316, 0.09872301667928696, 0.10367782413959503, 0.1049477756023407, 0.09185586124658585, 0.09745343774557114, 0.10009526461362839, 0.10642403364181519]], "currentPrediction": [[2, 9, 9], [8, 2, 5], [9, 5, 4], [3, 8, 2], [5, 4, 8], [0, 3, 0], [4, 0, 3], [1, 1, 7], [7, 7, 1], [6, 6, 6]], "realResult": [6, 6, 5], "newPrediction": [[2, 9, 9], [8, 2, 5], [9, 5, 4], [3, 8, 2], [5, 4, 8], [0, 3, 0], [4, 0, 3], [1, 1, 7], [7, 7, 1], [6, 6, 6]], "newPredictionRaw": [[0.0993511825799942, 0.09830522537231445, 0.10578058660030365, 0.10185308754444122, 0.09894198179244995, 0.10180340707302094, 0.0924915224313736, 0.09530603140592575, 0.10326680541038513, 0.1029001921415329], [0.09923341870307922, 0.0968194529414177, 0.10428038984537125, 0.10032092034816742, 0.1011909767985344, 0.10332154482603073, 0.09218766540288925, 0.09641244262456894, 0.10157991200685501, 0.10465320944786072], [0.09896804392337799, 0.09515795111656189, 0.1026991680264473, 0.09872478991746902, 0.10367654263973236, 0.10494514554738998, 0.09185631573200226, 0.09744921326637268, 0.10010091960430145, 0.10642191767692566]], "matchingNumbers": {"bestMatchIndex": 1, "bestMatchSequence": [8, 2, 5], "matchingNumbers": [5]}, "labels": [0, 1, 2, 3, 4, 5, 6, 7, 8, 9]}