{"currentPredictionRaw": [[0.09895186126232147, 0.101364366710186, 0.0998155027627945, 0.0962257906794548, 0.1041601374745369, 0.1013273149728775, 0.09470435231924057, 0.09758267551660538, 0.10133422166109085, 0.10453381389379501], [0.09912377595901489, 0.10117743164300919, 0.09968414157629013, 0.09631156176328659, 0.10405845195055008, 0.10128732770681381, 0.09468870609998703, 0.09765762090682983, 0.10143157839775085, 0.104579396545887], [0.0993836522102356, 0.10089567303657532, 0.09948594123125076, 0.09644097834825516, 0.10390491783618927, 0.10122677683830261, 0.09466490894556046, 0.09777066111564636, 0.10157852619886398, 0.10464803129434586]], "currentPrediction": [[9, 9, 9], [4, 4, 4], [1, 8, 8], [8, 5, 5], [5, 1, 1], [2, 2, 2], [0, 0, 0], [7, 7, 7], [3, 3, 3], [6, 6, 6]], "realResult": [6, 2, 7], "newPrediction": [[9, 9, 9], [4, 4, 4], [8, 8, 8], [5, 5, 5], [1, 1, 1], [0, 0, 0], [2, 2, 2], [7, 7, 7], [3, 3, 3], [6, 6, 6]], "newPredictionRaw": [[0.09999818354845047, 0.10022439807653427, 0.09847268462181091, 0.09602832794189453, 0.10417570173740387, 0.10084737837314606, 0.09469423443078995, 0.09814523905515671, 0.10227534174919128, 0.10513856261968613], [0.09999818354845047, 0.10022439807653427, 0.09847268462181091, 0.09602832794189453, 0.10417570173740387, 0.10084737837314606, 0.09469423443078995, 0.09814523905515671, 0.10227534174919128, 0.10513856261968613], [0.09999818354845047, 0.10022439807653427, 0.09847268462181091, 0.09602832794189453, 0.10417570173740387, 0.10084737837314606, 0.09469423443078995, 0.09814523905515671, 0.10227534174919128, 0.10513856261968613]], "matchingNumbers": {"bestMatchIndex": 5, "bestMatchSequence": [2, 2, 2], "matchingNumbers": [2]}, "labels": [0, 1, 2, 3, 4, 5, 6, 7, 8, 9]}