{"currentPredictionRaw": [[1.1283202184131369e-05, 0.0, 0.0, 0.9999821186065674, 1.3872499582068504e-26, 6.5869403442775365e-06, 1.1398546169438806e-11, 0.0, 0.0, 4.510347928476932e-10], [8.2210116772658045e-16, 2.2457945426661287e-23, 2.232343743443199e-29, 0.00019443964993115515, 1.0786691852227026e-11, 0.9931272268295288, 0.006678396835923195, 9.474349285777293e-32, 8.424401588713664e-34, 3.2362491862793997e-17], [2.814847449519078e-16, 7.137421114596586e-22, 1.2947847904630559e-27, 8.433646871708333e-05, 5.632568023106188e-11, 0.9900630116462708, 0.009852592833340168, 2.288656468000132e-30, 1.685759109972568e-32, 2.4070222943270383e-17]], "currentPrediction": [[3, 5, 5], [0, 6, 6], [5, 3, 3], [9, 4, 4], [6, 0, 0], [4, 9, 9], [8, 1, 1], [7, 2, 2], [2, 7, 7], [1, 8, 8]], "realResult": [0, 2, 2], "newPrediction": [[8, 8, 8], [7, 7, 7], [9, 9, 9], [2, 2, 2], [1, 1, 1], [6, 6, 6], [4, 4, 4], [5, 5, 5], [3, 3, 3], [0, 0, 0]], "newPredictionRaw": [[0.0, 3.688422539659871e-30, 1.1874255918808974e-11, 0.0, 0.0, 0.0, 0.0, 0.0007166420109570026, 0.9992833733558655, 1.7013939146437451e-09], [0.0, 1.3707627327876634e-29, 1.4653745231130166e-11, 0.0, 0.0, 0.0, 0.0, 0.0009054969996213913, 0.9990944862365723, 4.011583953911213e-09], [0.0, 1.1363634554717983e-26, 1.1047723846857593e-10, 0.0, 0.0, 0.0, 0.0, 0.001996074104681611, 0.9980037808418274, 6.54599432436953e-08]], "matchingNumbers": {"bestMatchIndex": 1, "bestMatchSequence": [0, 6, 6], "matchingNumbers": [0]}, "labels": [0, 1, 2, 3, 4, 5, 6, 7, 8, 9]}