{"currentPredictionRaw": [[3.465131615197559e-27, 4.345778938619337e-22, 8.57844133236883e-20, 1.2062351743225008e-05, 8.565053491904791e-23, 0.9999855756759644, 2.2614055810235567e-13, 7.821529379725689e-07, 1.1072754041788202e-12, 1.4902680049999617e-06], [8.707290438850191e-32, 0.0, 6.966631770235042e-37, 3.7856898883164947e-34, 3.498920619904311e-08, 0.0, 1.0, 7.841837595945478e-11, 0.0, 1.9718704289261787e-36], [3.283838169049525e-18, 9.825749609505865e-17, 2.136567420508374e-16, 1.0, 1.5379903599929875e-31, 4.162731086481547e-13, 2.455131807326668e-33, 9.853320484922507e-28, 2.5389193525349185e-10, 1.2231869346589065e-34]], "currentPrediction": [[5, 6, 3], [3, 4, 5], [8, 1, 7], [1, 0, 7], [9, 8, 1], [5, 4, 6], [0, 1, 6], [2, 2, 8]], "realResult": [0, 5, 9], "newPrediction": [[9, 0, 2], [5, 2, 0], [0, 4, 8], [7, 1, 4], [4, 9, 8], [5, 4, 6], [0, 2, 4], [1, 7, 8]], "newPredictionRaw": [[0.0, 0.0, 0.0, 6.359905920434672e-30, 0.0, 2.5994634711423714e-07, 0.0, 3.023299147639258e-17, 0.0, 0.9999997615814209], [1.0, 1.3817113143736737e-14, 7.74338870801472e-10, 3.437681250773039e-10, 2.8969689926867084e-27, 0.0, 0.0, 0.0, 5.2170336631414895e-28, 0.0], [8.513793000020087e-05, 0.0018342012772336602, 0.9980419874191284, 6.882263647867148e-09, 3.6364818356560136e-07, 2.0177960864675715e-12, 9.978026942831977e-15, 4.933600973053306e-17, 3.8309659430524334e-05, 2.858445823501033e-16]], "matchingNumbers": {"bestMatchIndex": 0, "bestMatchSequence": [5, 6, 3], "matchingNumbers": [5]}, "labels": [0, 1, 2, 3, 4, 5, 6, 7, 8, 9], "numberFrequency": {"3": 0.09785890749382377, "2": 0.10101564644523744, "6": 0.10014639948760179, "8": 0.10064964772623296, "9": 0.10010064964772623, "0": 0.10206789276237534, "5": 0.09877390429133498, "4": 0.10133589532436636, "1": 0.10000914996797511, "7": 0.09804190685332602}}