{"currentPredictionRaw": [[1.8644197552930564e-05, 0.0, 0.0, 0.9999779462814331, 1.289216349214849e-27, 3.46764159075974e-06, 3.881155813401094e-12, 0.0, 0.0, 7.940704205289251e-10], [1.0375389365435694e-06, 0.0, 0.0, 3.121590849307007e-15, 0.0, 7.194992316086855e-27, 1.8317216026795145e-33, 7.488522220390145e-26, 5.653484560515622e-15, 0.999998927116394], [0.9976934790611267, 0.0, 0.0, 8.938707651395816e-06, 5.858174361303759e-34, 2.840608533859164e-19, 3.421454420657493e-25, 2.740182534529221e-38, 5.920106426402202e-28, 0.0022975897882133722]], "currentPrediction": [[3, 9, 0], [0, 0, 9], [5, 8, 3], [9, 3, 5], [6, 7, 6], [4, 5, 8], [8, 6, 4], [7, 4, 7], [2, 2, 2], [1, 1, 1]], "realResult": [6, 2, 7], "newPrediction": [[3, 2, 5], [0, 7, 6], [5, 1, 3], [9, 8, 4], [6, 4, 0], [4, 9, 9], [8, 5, 1], [1, 6, 2], [7, 3, 7], [2, 0, 8]], "newPredictionRaw": [[2.9214981623226777e-05, 1.6471749171601817e-38, 0.0, 0.9999507665634155, 1.5939835469144306e-23, 1.9991079170722514e-05, 1.3259160436263073e-10, 0.0, 3.2181331772145735e-36, 3.2553673090518487e-09], [0.0, 4.85802183902706e-06, 0.999985933303833, 0.0, 6.135973682365738e-29, 0.0, 0.0, 9.13011626835214e-06, 3.774957862315092e-23, 0.0], [7.09677952178645e-17, 3.2149243692751455e-20, 5.321365390459728e-26, 4.364081542007625e-05, 4.0632749942481894e-10, 0.98561030626297, 0.014346152544021606, 2.6604588612443147e-29, 1.9443832073547494e-31, 1.0505012626869302e-17]], "matchingNumbers": {"bestMatchIndex": 4, "bestMatchSequence": [6, 7, 6], "matchingNumbers": [6, 7]}, "labels": [0, 1, 2, 3, 4, 5, 6, 7, 8, 9]}