{"currentPredictionRaw": [[0.9984737038612366, 0.0, 0.0, 0.0010365688940510154, 1.2419123512555897e-26, 2.701933397020184e-07, 1.2157124050763978e-22, 0.0, 0.0004894574522040784, 0.0], [0.998963475227356, 0.0, 0.0, 0.0008578050183132291, 4.769664813037747e-29, 8.198402667858318e-08, 3.687858073161739e-24, 0.0, 0.00017867716087494045, 0.0], [0.9984703660011292, 0.0, 0.0, 0.0013270472409203649, 4.302330896832362e-26, 4.3620971723612456e-07, 2.1528968309632368e-22, 0.0, 0.00020211015362292528, 0.0]], "currentPrediction": [[0, 3, 8], [3, 8, 5], [0, 8, 3], [3, 0, 2], [8, 3, 9], [5, 4, 6], [8, 0, 7], [1, 5, 9]], "realResult": [7, 6, 4], "newPrediction": [[7, 6, 4], [6, 7, 8], [6, 5, 3], [5, 8, 1], [3, 5, 6], [4, 3, 5], [0, 2, 4], [1, 5, 9]], "newPredictionRaw": [[0.0, 1.602818855417354e-08, 0.0, 1.283179263007331e-29, 0.0, 2.3532251877924947e-28, 0.00020560807024594396, 0.9997944235801697, 0.0, 0.0], [2.0466977717778727e-19, 6.591042711612261e-10, 1.0754028435596929e-35, 4.370964961708523e-05, 3.3378749838774265e-31, 1.810754035602713e-08, 0.999955415725708, 8.26276050247543e-07, 3.6314685307169016e-35, 1.4089249006293405e-32], [1.8972766818387672e-31, 0.0, 0.0, 0.0, 0.9996844530105591, 4.864416331081922e-18, 0.0, 0.0, 0.00031554492306895554, 6.333908686428913e-08]], "matchingNumbers": {"bestMatchIndex": 5, "bestMatchSequence": [5, 4, 6], "matchingNumbers": [4, 6]}, "labels": [0, 1, 2, 3, 4, 5, 6, 7, 8, 9], "numberFrequency": {"6": 0.10016465422612514, "4": 0.10135382363702891, "1": 0.0999817050859861, "0": 0.10217709476765459, "5": 0.09874679839004756, "3": 0.09783205268935236, "2": 0.10098792535675083, "8": 0.10062202707647273, "7": 0.09806073911452616, "9": 0.10007317965605561}}