{"currentPredictionRaw": [[0.10052648186683655, 0.10005122423171997, 0.09884490817785263, 0.09554879367351532, 0.10486570000648499, 0.10152556002140045, 0.09391996264457703, 0.09709091484546661, 0.10166039317846298, 0.10596609860658646], [0.10052648186683655, 0.10005122423171997, 0.09884490817785263, 0.09554879367351532, 0.10486570000648499, 0.10152556002140045, 0.09391996264457703, 0.09709091484546661, 0.10166039317846298, 0.10596609860658646], [0.10052648186683655, 0.10005122423171997, 0.09884490817785263, 0.09554879367351532, 0.10486570000648499, 0.10152556002140045, 0.09391996264457703, 0.09709091484546661, 0.10166039317846298, 0.10596609860658646]], "currentPrediction": [[9, 9, 9], [4, 4, 4], [8, 8, 8], [5, 5, 5], [0, 0, 0], [1, 1, 1], [2, 2, 2], [7, 7, 7], [3, 3, 3], [6, 6, 6]], "realResult": [2, 4, 8], "newPrediction": [[9, 9, 9], [4, 4, 4], [8, 8, 8], [5, 5, 5], [0, 0, 0], [1, 1, 1], [2, 2, 2], [7, 7, 7], [3, 3, 3], [6, 6, 6]], "newPredictionRaw": [[0.10056071728467941, 0.10004884749650955, 0.0988568589091301, 0.09551071375608444, 0.10490020364522934, 0.1015363410115242, 0.09388753026723862, 0.09702976793050766, 0.1016794964671135, 0.10598954558372498], [0.10056071728467941, 0.10004884749650955, 0.0988568589091301, 0.09551071375608444, 0.10490020364522934, 0.1015363410115242, 0.09388753026723862, 0.09702976793050766, 0.1016794964671135, 0.10598954558372498], [0.10056071728467941, 0.10004884749650955, 0.0988568589091301, 0.09551071375608444, 0.10490020364522934, 0.1015363410115242, 0.09388753026723862, 0.09702976793050766, 0.1016794964671135, 0.10598954558372498]], "matchingNumbers": {"bestMatchIndex": 1, "bestMatchSequence": [4, 4, 4], "matchingNumbers": [4]}, "labels": [0, 1, 2, 3, 4, 5, 6, 7, 8, 9]}