{"currentPredictionRaw": [[6.740103299366326e-30, 0.0017586096655577421, 2.2945680910879673e-09, 4.4235367371659185e-24, 0.9980277419090271, 3.235008613883917e-16, 0.00021372038463596255, 2.877770350797048e-16, 1.7456477406720684e-25, 3.7243019374390593e-28], [0.9990963935852051, 0.0, 0.0, 5.704754585167393e-05, 5.081429046033248e-35, 6.15086143364062e-17, 5.375820749639593e-23, 0.0, 3.0169174185817337e-32, 0.0008465354912914336], [3.763330538717651e-15, 3.409406850138258e-22, 5.4422798368223265e-28, 0.00012093796249246225, 6.68190502928212e-11, 0.9898271560668945, 0.010051903314888477, 5.8237153630133056e-30, 5.590148020928647e-32, 3.521309191127219e-16]], "currentPrediction": [[4, 0, 5], [1, 9, 6], [6, 3, 3], [2, 5, 4], [5, 6, 0], [7, 8, 9], [3, 4, 1], [8, 7, 2], [9, 2, 7], [0, 1, 8]], "realResult": [2, 1, 1], "newPrediction": [[2, 4, 8], [7, 1, 7], [1, 6, 9], [8, 2, 2], [4, 7, 1], [9, 5, 6], [5, 8, 4], [6, 3, 5], [3, 9, 3], [0, 0, 0]], "newPredictionRaw": [[0.0, 3.116598747965327e-07, 0.9999898672103882, 0.0, 7.694513269059105e-34, 0.0, 0.0, 9.798979590414092e-06, 2.2916601889664832e-26, 0.0], [3.700607457971296e-35, 0.0021125716157257557, 1.5267567210486277e-09, 1.3067132241480816e-29, 0.9978748559951782, 8.691950061015426e-21, 1.2605400115717202e-05, 1.4105760438995296e-17, 8.232072176254846e-29, 4.524580979412666e-33], [0.0, 2.73278057603278e-26, 7.321213774114099e-11, 0.0, 0.0, 0.0, 0.0, 0.0007511831354349852, 0.9992486834526062, 1.3051644032202603e-07]], "matchingNumbers": {"bestMatchIndex": 1, "bestMatchSequence": [1, 9, 6], "matchingNumbers": [1]}, "labels": [0, 1, 2, 3, 4, 5, 6, 7, 8, 9]}