{"currentPredictionRaw": [[0.9989456534385681, 0.0, 0.0, 1.93052546819672e-05, 1.4369642141874004e-35, 5.447289563307719e-18, 5.279295413732388e-24, 0.0, 8.755234739190004e-32, 0.001035032793879509], [9.787130280476328e-15, 3.3930153933785967e-23, 1.9337036295885457e-29, 0.00018496478151064366, 2.2462129378730822e-11, 0.9919241070747375, 0.007890920154750347, 5.043306168135158e-31, 5.111049437375306e-33, 5.65727005663602e-16], [0.0, 0.9989051818847656, 0.001074369763955474, 0.0, 2.0511130060185678e-05, 1.6938684240690276e-38, 8.616974533078242e-18, 2.1916810814121e-12, 9.527163285875557e-28, 0.0]], "currentPrediction": [[0, 5, 1], [9, 6, 2], [3, 3, 4], [5, 4, 7], [6, 0, 6], [8, 9, 8], [4, 1, 5], [7, 2, 9], [2, 7, 3], [1, 8, 0]], "realResult": [4, 0, 5], "newPrediction": [[4, 0, 4], [1, 9, 1], [6, 3, 6], [2, 5, 2], [7, 6, 7], [5, 8, 5], [3, 4, 8], [8, 7, 3], [9, 2, 9], [0, 1, 0]], "newPredictionRaw": [[2.9810245214254207e-30, 0.0019831962417811155, 2.3687312111775327e-09, 1.4004372535147927e-24, 0.9978784322738647, 9.980681861726027e-17, 0.00013829206000082195, 2.7272465080206503e-16, 1.1368846429296286e-25, 1.6832255768723932e-28], [0.9989272952079773, 0.0, 0.0, 7.949678547447547e-05, 1.3667089862991758e-33, 1.6231758542683162e-16, 2.1249592904503984e-22, 0.0, 5.480146670171919e-31, 0.0009931446984410286], [1.8526052775061066e-29, 0.003244321793317795, 7.016953240679413e-09, 1.1575218358558892e-24, 0.9965839385986328, 6.026349575627708e-17, 0.0001716520346235484, 1.8219073066882713e-15, 1.3157484007814989e-24, 1.0739914631101394e-27]], "matchingNumbers": {"bestMatchIndex": 0, "bestMatchSequence": [0, 5, 1], "matchingNumbers": [0, 5]}, "labels": [0, 1, 2, 3, 4, 5, 6, 7, 8, 9]}