{"currentPredictionRaw": [[5.994780212851748e-33, 0.0, 0.0, 0.0, 0.9996881484985352, 1.8041266651774907e-24, 0.0, 0.0, 0.000311826093820855, 2.839578350233296e-09], [3.105409221058811e-33, 1.8085914632592903e-07, 7.756107152090408e-06, 0.0, 3.574886795831844e-05, 2.2395000996766612e-05, 5.605674538061484e-32, 7.001816113949784e-30, 2.7440803102019018e-11, 0.9999339580535889], [0.0, 1.2574143511301372e-05, 0.9999874830245972, 0.0, 1.2245854625103675e-28, 1.7693770496868586e-16, 0.0, 0.0, 0.0, 4.06060463031821e-11]], "currentPrediction": [[4, 9, 2], [8, 4, 1], [3, 8, 1], [4, 1, 3], [1, 8, 3], [4, 3, 3], [8, 5, 7], [1, 5, 9]], "realResult": [5, 1, 3], "newPrediction": [[5, 1, 3], [6, 5, 0], [4, 0, 2], [6, 5, 0], [0, 2, 4], [4, 5, 3], [8, 9, 0], [1, 5, 9]], "newPredictionRaw": [[3.851063912208019e-09, 2.5034808004420483e-08, 1.7473373847481997e-16, 4.65594729437413e-10, 5.676048867031547e-11, 0.9999996423721313, 3.756250919195736e-07, 2.6258641094845103e-11, 2.310807795113945e-10, 3.70088564238813e-08], [5.57917720562082e-33, 0.9999991655349731, 1.4203590126271592e-07, 3.9390961457354356e-31, 4.86193075512319e-22, 4.77661274089769e-07, 4.958730301374281e-11, 1.940049401127908e-07, 2.671607701057344e-30, 2.612647728369999e-12], [5.050400202211147e-12, 2.0853691652897856e-35, 0.0, 0.9999973773956299, 0.0, 2.1342081879538455e-08, 2.5739686861925293e-06, 1.9634730898508038e-29, 1.0116605603604005e-32, 0.0]], "matchingNumbers": {"bestMatchIndex": 2, "bestMatchSequence": [3, 8, 1], "matchingNumbers": [1, 3]}, "labels": [0, 1, 2, 3, 4, 5, 6, 7, 8, 9], "numberFrequency": {"6": 0.1000822593912805, "4": 0.10136184992231058, "1": 0.0999908600676355, "0": 0.10223014349693813, "5": 0.09875696919842793, "3": 0.09784297596197788, "2": 0.10095055296590805, "8": 0.10063065533315053, "7": 0.09807147427109039, "9": 0.1000822593912805}}