{"currentPredictionRaw": [[1.706761054265371e-06, 9.77740062311311e-37, 2.7244588689351626e-34, 3.64825476008605e-15, 3.6803211852045096e-37, 6.868993389962734e-26, 2.5698349518156934e-31, 7.417144375829735e-22, 8.998017608785602e-12, 0.9999983310699463], [2.876077937262206e-38, 0.9984570741653442, 0.001515998155809939, 5.314674417597904e-38, 2.6884614271693863e-05, 1.9977386902270616e-33, 3.7981531749100184e-16, 1.42931097513177e-10, 7.181200875352435e-23, 2.900578595744058e-33], [1.4925147297617514e-05, 0.0, 0.0, 0.9999618530273438, 3.6983234963608536e-24, 2.321151077921968e-05, 1.2473892752051796e-10, 0.0, 6.42724486217815e-38, 1.1144738465418413e-09]], "currentPrediction": [[10, 2, 4], [1, 3, 6], [9, 5, 1], [8, 10, 4], [8, 7, 0], [9, 5, 6], [9, 10, 7], [8, 3, 6], [2, 3, 4], [1, 2, 5]], "realResult": [6, 6, 5], "newPrediction": [[3, 5, 7], [8, 2, 5], [2, 6, 7], [9, 2, 3], [8, 4, 5], [10, 3, 6], [9, 10, 6], [8, 4, 7], [1, 10, 4], [1, 9, 0]], "newPredictionRaw": [[7.478144762614848e-32, 0.002390354173257947, 2.0761703467542247e-09, 1.0401389880323566e-26, 0.9975614547729492, 1.4066883570590763e-18, 4.817027729586698e-05, 1.5077767472788803e-16, 1.1057618153250451e-26, 5.139849237049548e-30], [1.8262704246605424e-23, 4.2682066214716485e-10, 3.059347016989829e-17, 5.471557994012055e-13, 0.0016420361353084445, 0.0001414045545971021, 0.9982165694236755, 8.410062518868035e-23, 4.459065155710935e-28, 3.5964862866622523e-22], [0.0, 1.5882411616985337e-06, 0.9999942779541016, 0.0, 2.5353160900060566e-31, 0.0, 0.0, 4.127452939428622e-06, 5.997528887203767e-26, 0.0]], "matchingNumbers": {"bestMatchIndex": 5, "bestMatchSequence": [9, 5, 6], "matchingNumbers": [5, 6]}}