{"currentPredictionRaw": [[6.835612873647473e-30, 0.0017460164381191134, 2.2660502363436308e-09, 4.536193174179626e-24, 0.9980375170707703, 3.3358603270509544e-16, 0.00021648463734891266, 2.849505390742764e-16, 1.7429232123206613e-25, 3.779410978350242e-28], [0.9990967512130737, 0.0, 0.0, 5.717632666346617e-05, 5.097468115437241e-35, 6.177270332749233e-17, 5.392521250547484e-23, 0.0, 3.0137206616946725e-32, 0.0008461003890261054], [3.736291552975399e-15, 3.433011840341878e-22, 5.474923386414718e-28, 0.00012043486640322953, 6.714347133840448e-11, 0.989822268486023, 0.010057328268885612, 5.84268915838925e-30, 5.601091873334803e-32, 3.504634288769334e-16]], "currentPrediction": [[1, 5, 6], [2, 10, 7], [4, 7, 0], [3, 5, 6], [1, 6, 7], [8, 9, 10], [2, 4, 5], [8, 9, 3], [8, 10, 3], [1, 2, 9]], "realResult": [2, 1, 1], "newPrediction": [[9, 3, 5], [8, 2, 0], [2, 10, 7], [9, 3, 0], [8, 2, 5], [10, 6, 7], [9, 5, 6], [4, 6, 7], [10, 4, 0], [1, 0, 0]], "newPredictionRaw": [[0.0, 3.1454791837859375e-07, 0.9999898672103882, 0.0, 7.926418100667187e-34, 0.0, 0.0, 9.764958122104872e-06, 2.2841546088616128e-26, 0.0], [3.8089747783673534e-35, 0.002088481094688177, 1.4975051199073164e-09, 1.368787902278282e-29, 0.9978986978530884, 9.155603373603438e-21, 1.2872017578047235e-05, 1.390187199852955e-17, 8.24439933160514e-29, 4.656259489249794e-33], [0.0, 2.7314977526154225e-26, 7.322607797899394e-11, 0.0, 0.0, 0.0, 0.0, 0.0007515024626627564, 0.9992483258247375, 1.3047807101429498e-07]], "matchingNumbers": {"bestMatchIndex": 9, "bestMatchSequence": [1, 2, 9], "matchingNumbers": [1, 2]}}