{"currentPredictionRaw": [[0.10059019178152084, 0.10004125535488129, 0.09884624183177948, 0.09551387280225754, 0.10489875078201294, 0.10155469179153442, 0.0938505157828331, 0.096983902156353, 0.10169430822134018, 0.10602628439664841], [0.10059019178152084, 0.10004125535488129, 0.09884624183177948, 0.09551387280225754, 0.10489875078201294, 0.10155469179153442, 0.0938505157828331, 0.096983902156353, 0.10169430822134018, 0.10602628439664841], [0.10059019178152084, 0.10004125535488129, 0.09884624183177948, 0.09551387280225754, 0.10489875078201294, 0.10155469179153442, 0.0938505157828331, 0.096983902156353, 0.10169430822134018, 0.10602628439664841]], "currentPrediction": [[9, 9, 9], [4, 4, 4], [8, 8, 8], [5, 5, 5], [0, 0, 0], [1, 1, 1], [2, 2, 2], [7, 7, 7], [3, 3, 3], [6, 6, 6]], "realResult": [7, 9, 2], "newPrediction": [[9, 9, 9], [4, 4, 4], [8, 8, 8], [5, 5, 5], [0, 0, 0], [1, 1, 1], [2, 2, 2], [7, 7, 7], [3, 3, 3], [6, 6, 6]], "newPredictionRaw": [[0.10059034079313278, 0.10004472732543945, 0.0988461971282959, 0.09551509469747543, 0.1049022451043129, 0.10155412554740906, 0.09384802728891373, 0.0969797894358635, 0.10169307142496109, 0.10602640360593796], [0.10059034079313278, 0.10004472732543945, 0.0988461971282959, 0.09551509469747543, 0.1049022451043129, 0.10155412554740906, 0.09384802728891373, 0.0969797894358635, 0.10169307142496109, 0.10602640360593796], [0.10059034079313278, 0.10004472732543945, 0.0988461971282959, 0.09551509469747543, 0.1049022451043129, 0.10155412554740906, 0.09384802728891373, 0.0969797894358635, 0.10169307142496109, 0.10602640360593796]], "matchingNumbers": {"bestMatchIndex": 0, "bestMatchSequence": [9, 9, 9], "matchingNumbers": [9]}, "labels": [0, 1, 2, 3, 4, 5, 6, 7, 8, 9]}