{"currentPredictionRaw": [[5.598496524921188e-18, 0.00039411388570442796, 1.3665443099946582e-17, 0.0021206396631896496, 6.585292405819527e-36, 7.238439113071043e-20, 0.0, 0.0, 0.9974852800369263, 0.0], [2.355475592352718e-09, 0.999756395816803, 3.8208938235584355e-09, 3.034689610714736e-09, 1.1136480413024163e-20, 3.8537279843967985e-31, 0.0, 0.0, 0.00024359837698284537, 0.0], [2.055581838078524e-08, 0.9995853304862976, 3.3389451203902354e-08, 1.7560472187483356e-08, 4.3276902644595394e-18, 3.913066712779076e-27, 7.801443765720585e-34, 0.0, 0.00041470793075859547, 0.0]], "currentPrediction": [[8, 1, 2], [3, 8, 2], [6, 5, 3], [7, 3, 2], [3, 9, 6], [5, 4, 6], [3, 6, 7], [2, 4, 7]], "realResult": [7, 1, 0], "newPrediction": [[7, 0, 4], [9, 2, 6], [6, 0, 3], [7, 3, 4], [0, 6, 9], [5, 4, 6], [8, 1, 7], [4, 5, 9]], "newPredictionRaw": [[0.0, 0.0, 0.0, 1.3662734105408985e-32, 1.0082811460586068e-23, 3.540965318587194e-17, 2.049419663308072e-06, 0.9999922513961792, 0.0, 5.767303264292423e-06], [0.5000474452972412, 1.8116130377165973e-05, 0.49993443489074707, 7.227535269935157e-18, 2.3904406232233555e-10, 0.0, 1.3113353963582726e-33, 0.0, 1.735296108196227e-11, 0.0], [4.7404629555103384e-08, 0.0, 3.782513147143618e-08, 0.0, 0.999862551689148, 0.0, 0.0001372995029669255, 5.597935309742397e-13, 0.0, 4.2873352186919615e-30]], "matchingNumbers": {"bestMatchIndex": 0, "bestMatchSequence": [8, 1, 2], "matchingNumbers": [1]}, "labels": [0, 1, 2, 3, 4, 5, 6, 7, 8, 9], "numberFrequency": {"3": 0.09785890749382377, "2": 0.10101564644523744, "6": 0.10014639948760179, "8": 0.10064964772623296, "9": 0.10010064964772623, "0": 0.10206789276237534, "5": 0.09877390429133498, "4": 0.10133589532436636, "1": 0.10000914996797511, "7": 0.09804190685332602}}