{"currentPredictionRaw": [[0.10234391689300537, 0.09930793941020966, 0.10342776775360107, 0.1001460999250412, 0.09877959638834, 0.10389944911003113, 0.09523409605026245, 0.09884300827980042, 0.09837168455123901, 0.09964637458324432], [0.10222552716732025, 0.0985192134976387, 0.10279446095228195, 0.09915878623723984, 0.10003073513507843, 0.10462146997451782, 0.09529346972703934, 0.09959089010953903, 0.09746529906988144, 0.10030010342597961], [0.10210609436035156, 0.09776106476783752, 0.10218330472707748, 0.09821288287639618, 0.10124339163303375, 0.10531476885080338, 0.09534527361392975, 0.10030996799468994, 0.09659601747989655, 0.10092727839946747]], "currentPrediction": [[5, 5, 5], [2, 2, 2], [0, 0, 0], [3, 9, 4], [9, 4, 9], [1, 7, 7], [7, 3, 3], [4, 1, 1], [8, 8, 8], [6, 6, 6]], "realResult": [1, 7, 7], "newPrediction": [[5, 5, 5], [2, 9, 4], [8, 4, 9], [9, 2, 7], [3, 8, 2], [0, 0, 8], [4, 7, 0], [7, 3, 3], [1, 1, 6], [6, 6, 1]], "newPredictionRaw": [[0.10050491988658905, 0.09626159071922302, 0.10267585515975952, 0.10076701641082764, 0.09964717924594879, 0.10382602363824844, 0.09398549050092697, 0.09900648891925812, 0.10186681151390076, 0.10145857185125351], [0.09995785355567932, 0.09463103860616684, 0.10129210352897644, 0.09921189397573471, 0.10222455114126205, 0.10538037866353989, 0.09369232505559921, 0.09992413967847824, 0.10089363902807236, 0.10279210656881332], [0.09939608722925186, 0.09281723946332932, 0.09966673702001572, 0.09741043299436569, 0.1052146926522255, 0.10717613250017166, 0.09330777078866959, 0.10104541480541229, 0.09956096112728119, 0.1044045090675354]], "matchingNumbers": {"bestMatchIndex": 5, "bestMatchSequence": [1, 7, 7], "matchingNumbers": [1, 7]}, "labels": [0, 1, 2, 3, 4, 5, 6, 7, 8, 9]}