{"currentPredictionRaw": [[0.0, 1.8384785107627977e-06, 0.9999868869781494, 0.0, 7.3720347683570815e-31, 0.0, 0.0, 1.1308809007459786e-05, 4.0935550372206114e-24, 0.0], [1.929697100422345e-05, 2.701894822957311e-36, 0.0, 0.9999377727508545, 5.3215844798128585e-22, 4.291148798074573e-05, 5.381615708621723e-10, 1.0403185989286412e-37, 4.392859984179128e-35, 2.5338184883594295e-09], [0.0, 0.9992712140083313, 0.0006911949603818357, 0.0, 3.762263077078387e-05, 2.4786064639509e-35, 2.0659313578033677e-16, 2.248912644650658e-12, 2.5644388914537804e-26, 2.358559524883752e-37]], "currentPrediction": [[2, 3, 4], [8, 3, 6], [1, 2, 5], [8, 9, 10], [5, 7, 0], [9, 10, 5], [9, 6, 0], [2, 10, 7], [8, 4, 0], [1, 3, 0]], "realResult": [9, 1, 3], "newPrediction": [[4, 7, 0], [5, 6, 0], [1, 6, 0], [2, 10, 0], [4, 7, 0], [3, 5, 0], [9, 10, 0], [8, 1, 0], [8, 1, 3], [9, 2, 0]], "newPredictionRaw": [[3.533242613693087e-22, 3.2341088140874774e-10, 5.3724394786028984e-17, 4.55645547334238e-12, 0.0011876624776050448, 0.00033978361170738935, 0.9984725117683411, 3.377879929397792e-22, 3.631386362088821e-27, 4.279614788983073e-21], [2.2880716496152763e-23, 4.97046237502019e-10, 4.767001172856961e-17, 7.204117944553667e-13, 0.0017650340450927615, 0.00016287552716676146, 0.9980720281600952, 1.3062982494560128e-22, 7.061706215762597e-28, 4.289694336137233e-22], [6.620551175728906e-06, 0.0, 0.0, 0.9999667406082153, 5.517409528099277e-25, 2.66348069999367e-05, 1.1249950276903675e-10, 0.0, 0.0, 4.302720124638171e-10]], "matchingNumbers": {"bestMatchIndex": 9, "bestMatchSequence": [1, 3, 0], "matchingNumbers": [1, 3]}}