{"currentPredictionRaw": [[0.0, 2.0259850147490252e-22, 2.7028697786590783e-06, 0.0, 0.0, 0.0, 0.0, 0.9999972581863403, 1.9508257509404103e-10, 8.507568423671572e-26], [1.0961272209897288e-06, 7.121299795598932e-33, 2.981608271920039e-31, 7.047451764009708e-15, 1.4077599811359008e-34, 1.1493367137109292e-24, 6.527133815652708e-30, 9.144164370460624e-20, 1.5117365692596252e-10, 0.999998927116394], [0.0, 9.109029406317859e-07, 0.9996073842048645, 0.0, 2.1121270740631354e-31, 0.0, 0.0, 0.00039165254565887153, 6.94295184519726e-19, 1.2053351473551248e-35]], "currentPrediction": [[7, 9, 2], [2, 0, 7], [8, 8, 1], [1, 3, 8], [9, 7, 4], [6, 5, 9], [4, 6, 5], [5, 2, 6], [3, 1, 3], [0, 4, 0]], "realResult": [6, 6, 3], "newPrediction": [[2, 3, 1], [7, 5, 2], [1, 0, 4], [8, 9, 7], [4, 6, 6], [9, 4, 8], [5, 8, 5], [6, 1, 9], [3, 7, 3], [0, 2, 0]], "newPredictionRaw": [[0.0, 1.8389677052255138e-06, 0.9999868869781494, 0.0, 7.374959868499668e-31, 0.0, 0.0, 1.13070718725794e-05, 4.0927429049186864e-24, 0.0], [1.9285913367639296e-05, 2.709222470466183e-36, 0.0, 0.9999377727508545, 5.330564619922405e-22, 4.2930074414471164e-05, 5.385753509834501e-10, 1.0438405664369366e-37, 4.4075304177044417e-35, 2.53365439739639e-09], [0.0, 0.9992714524269104, 0.0006909078219905496, 0.0, 3.7669098674086854e-05, 2.483415200118473e-35, 2.0700499231604937e-16, 2.248008420038805e-12, 2.5642926748524026e-26, 2.3597301135689104e-37]], "matchingNumbers": {"bestMatchIndex": 3, "bestMatchSequence": [1, 3, 8], "matchingNumbers": [3]}, "labels": [0, 1, 2, 3, 4, 5, 6, 7, 8, 9]}