{"currentPredictionRaw": [[0.0, 2.559541122305971e-22, 3.0873268315190217e-06, 0.0, 0.0, 0.0, 0.0, 0.9999969005584717, 3.577932047860166e-11, 3.7627278509482304e-27], [0.0, 0.999135434627533, 0.0008308784454129636, 0.0, 3.3679436455713585e-05, 0.0, 1.2788870912632553e-18, 1.924496152716504e-11, 4.0970434818326e-27, 0.0], [0.9979919195175171, 0.0, 0.0, 5.769018753198907e-05, 1.1031471404077088e-31, 3.1713562054801246e-16, 1.2468925804282524e-21, 1.3546202932263648e-36, 2.98647745352058e-28, 0.001950348261743784]], "currentPrediction": [[7, 1, 0], [2, 2, 9], [8, 4, 3], [1, 7, 5], [9, 6, 6], [6, 8, 8], [4, 9, 4], [5, 5, 7], [3, 3, 2], [0, 0, 1]], "realResult": [8, 7, 8], "newPrediction": [[4, 1, 9], [1, 2, 0], [6, 4, 8], [2, 7, 3], [7, 6, 7], [5, 8, 5], [3, 9, 6], [8, 5, 2], [9, 3, 4], [0, 0, 1]], "newPredictionRaw": [[1.0741452262347863e-31, 0.002202428877353668, 1.7696623055840632e-09, 1.9192928816500863e-26, 0.9977481961250305, 2.1306077744464702e-18, 4.93781735713128e-05, 1.3293910791915326e-16, 1.2196325003241382e-26, 6.801797004479402e-30], [0.0, 0.9990448355674744, 0.000934404437430203, 0.0, 2.0675284758908674e-05, 0.0, 3.1646267603247607e-18, 4.728858363917121e-12, 3.447941149699948e-27, 0.0], [4.078354322700761e-06, 6.86789390383652e-36, 2.8631543453627304e-33, 2.5449159110364078e-14, 8.498399417275408e-36, 1.8566352191812643e-24, 1.120365960333695e-29, 2.445630364898526e-21, 8.63154513142117e-12, 0.9999959468841553]], "matchingNumbers": {"bestMatchIndex": 0, "bestMatchSequence": [7, 1, 0], "matchingNumbers": [7]}, "labels": [0, 1, 2, 3, 4, 5, 6, 7, 8, 9]}