{"currentPredictionRaw": [[0.10056071728467941, 0.10004884749650955, 0.0988568589091301, 0.09551071375608444, 0.10490020364522934, 0.1015363410115242, 0.09388753026723862, 0.09702976793050766, 0.1016794964671135, 0.10598954558372498], [0.10056071728467941, 0.10004884749650955, 0.0988568589091301, 0.09551071375608444, 0.10490020364522934, 0.1015363410115242, 0.09388753026723862, 0.09702976793050766, 0.1016794964671135, 0.10598954558372498], [0.10056071728467941, 0.10004884749650955, 0.0988568589091301, 0.09551071375608444, 0.10490020364522934, 0.1015363410115242, 0.09388753026723862, 0.09702976793050766, 0.1016794964671135, 0.10598954558372498]], "currentPrediction": [[9, 9, 9], [4, 4, 4], [8, 8, 8], [5, 5, 5], [0, 0, 0], [1, 1, 1], [2, 2, 2], [7, 7, 7], [3, 3, 3], [6, 6, 6]], "realResult": [2, 1, 1], "newPrediction": [[9, 9, 9], [4, 4, 4], [8, 8, 8], [5, 5, 5], [0, 0, 0], [1, 1, 1], [2, 2, 2], [7, 7, 7], [3, 3, 3], [6, 6, 6]], "newPredictionRaw": [[0.10057076066732407, 0.10005668550729752, 0.09885706752538681, 0.09551040828227997, 0.1049075797200203, 0.10151658207178116, 0.09386788308620453, 0.09700988233089447, 0.10170036554336548, 0.10600277036428452], [0.10057076066732407, 0.10005668550729752, 0.09885706752538681, 0.09551040828227997, 0.1049075797200203, 0.10151658207178116, 0.09386788308620453, 0.09700988233089447, 0.10170036554336548, 0.10600277036428452], [0.10057076066732407, 0.10005668550729752, 0.09885706752538681, 0.09551040828227997, 0.1049075797200203, 0.10151658207178116, 0.09386788308620453, 0.09700988233089447, 0.10170036554336548, 0.10600277036428452]], "matchingNumbers": {"bestMatchIndex": 5, "bestMatchSequence": [1, 1, 1], "matchingNumbers": [1]}, "labels": [0, 1, 2, 3, 4, 5, 6, 7, 8, 9]}