{"currentPredictionRaw": [[1.0741452262347863e-31, 0.002202428877353668, 1.7696623055840632e-09, 1.9192928816500863e-26, 0.9977481961250305, 2.1306077744464702e-18, 4.93781735713128e-05, 1.3293910791915326e-16, 1.2196325003241382e-26, 6.801797004479402e-30], [0.0, 0.9990448355674744, 0.000934404437430203, 0.0, 2.0675284758908674e-05, 0.0, 3.1646267603247607e-18, 4.728858363917121e-12, 3.447941149699948e-27, 0.0], [4.078354322700761e-06, 6.86789390383652e-36, 2.8631543453627304e-33, 2.5449159110364078e-14, 8.498399417275408e-36, 1.8566352191812643e-24, 1.120365960333695e-29, 2.445630364898526e-21, 8.63154513142117e-12, 0.9999959468841553]], "currentPrediction": [[4, 1, 9], [1, 2, 0], [6, 4, 8], [2, 7, 3], [7, 6, 7], [5, 8, 5], [3, 9, 6], [8, 5, 2], [9, 3, 4], [0, 0, 1]], "realResult": [5, 2, 3], "newPrediction": [[8, 7, 8], [7, 2, 7], [9, 8, 9], [2, 1, 2], [1, 9, 1], [6, 6, 6], [4, 4, 4], [5, 5, 5], [3, 3, 3], [0, 0, 0]], "newPredictionRaw": [[0.0, 6.447448464203686e-30, 1.1128232016432982e-11, 0.0, 0.0, 0.0, 0.0, 0.0006418160046450794, 0.9993582367897034, 1.458027809597695e-09], [0.0, 5.27980344015535e-24, 1.1969659681199118e-06, 0.0, 0.0, 0.0, 0.0, 0.9999988079071045, 7.783373945358107e-10, 5.92885916170186e-26], [0.0, 3.91185068061219e-27, 8.428507891622417e-11, 0.0, 0.0, 0.0, 0.0, 0.0015559744788333774, 0.9984440207481384, 4.79416186749404e-08]], "matchingNumbers": {"bestMatchIndex": 3, "bestMatchSequence": [2, 7, 3], "matchingNumbers": [2, 3]}, "labels": [0, 1, 2, 3, 4, 5, 6, 7, 8, 9]}