{"currentPredictionRaw": [[3.5039101146643284e-22, 3.67435859516263e-10, 5.994821421144127e-17, 3.822036437339804e-12, 0.0012625775998458266, 0.00030060717836022377, 0.9984368681907654, 3.917342648759798e-22, 4.062426046640206e-27, 4.449665028348076e-21], [1.0645957961578908e-23, 4.495467331722125e-10, 3.464340600596202e-17, 2.2164170184520854e-13, 0.0018884321907535195, 6.641340587520972e-05, 0.9980450868606567, 9.255232315503723e-23, 3.1572015134407867e-28, 2.025666314943316e-22], [3.867312091564352e-16, 1.8491157304528373e-20, 2.998792485141874e-26, 6.610454147448763e-05, 3.446867236078788e-10, 0.9862238168716431, 0.01371009275317192, 3.988754086441855e-29, 3.6566817471594197e-31, 5.198597877579774e-17]], "currentPrediction": [[6, 6, 5], [4, 4, 6], [5, 5, 3], [1, 1, 4], [3, 3, 0], [2, 2, 9], [9, 9, 1], [7, 7, 2], [0, 0, 7], [8, 8, 8]], "realResult": [0, 7, 8], "newPrediction": [[7, 6, 7], [2, 4, 2], [8, 5, 8], [1, 1, 1], [9, 3, 9], [6, 2, 6], [4, 7, 4], [5, 9, 5], [3, 0, 3], [0, 8, 0]], "newPredictionRaw": [[0.0, 9.50527660999854e-22, 3.3499475193821127e-06, 0.0, 0.0, 0.0, 0.0, 0.9999966621398926, 9.872636735908102e-11, 1.08476447966216e-25], [4.933283665762537e-23, 8.434055676076468e-10, 3.857375865697467e-16, 1.35006589241371e-13, 0.00194219418335706, 6.934653356438503e-05, 0.9979884624481201, 4.031689210796611e-21, 1.1230729210743731e-26, 2.4162363725844833e-21], [0.0, 1.4009014531924436e-20, 9.126634722633753e-06, 0.0, 0.0, 0.0, 0.0, 0.9999908208847046, 3.3733527082802084e-10, 1.6899739562418053e-24]], "matchingNumbers": {"bestMatchIndex": 8, "bestMatchSequence": [0, 0, 7], "matchingNumbers": [0, 7]}, "labels": [0, 1, 2, 3, 4, 5, 6, 7, 8, 9]}