{"currentPredictionRaw": [], "currentPrediction": [], "realResult": [5, 2, 3], "newPrediction": [{"name": "LSTM Base Model", "predictions": [[8, 7, 9], [9, 8, 5]]}, {"name": "ARIMA Model", "predictions": [[4, 5, 4]]}, {"name": "Markov Model", "predictions": [[0, 1, 7]]}, {"name": "PoissonMonteCarlo Model", "predictions": [[2, 5, 9]]}], "newPredictionRaw": [[0.0, 5.064163389221138e-22, 4.396074688018026e-32, 2.994012323408786e-31, 0.0, 8.046800882012349e-21, 0.0, 7.3686901487235446e-06, 0.999984860420227, 7.752449164399877e-06], [1.3707354217927268e-33, 1.679551500630028e-31, 1.4350604038426695e-12, 5.52268368180427e-33, 1.369241847625441e-24, 1.674398678825402e-27, 1.1427823175020706e-34, 0.9988632202148438, 0.0011367752449586987, 3.510466927997974e-13], [0.0, 1.6099959402319153e-22, 2.636546941166803e-26, 9.13717017585692e-28, 0.0, 1.1510656047788665e-20, 1.2197825698574557e-33, 3.31821502186358e-05, 0.9999626874923706, 4.131446075916756e-06]], "matchingNumbers": [], "labels": [0, 1, 2, 3, 4, 5, 6, 7, 8, 9], "numberFrequency": {"3": 0.09784297596197788, "2": 0.10095055296590805, "6": 0.1000822593912805, "8": 0.10063065533315053, "9": 0.1000822593912805, "0": 0.10223014349693813, "5": 0.09875696919842793, "4": 0.10136184992231058, "1": 0.0999908600676355, "7": 0.09807147427109039}}