{"currentPredictionRaw": [[0.0, 0.9988227486610413, 0.0011599452700465918, 0.0, 1.7308402675553225e-05, 4.126698421094183e-37, 1.528620673011257e-17, 1.538024915759273e-11, 6.737539580868968e-26, 2.740012024532082e-37], [2.452570925015607e-06, 2.818723528760903e-35, 8.003932218541324e-33, 1.649306301883431e-14, 9.877830989007231e-36, 1.3573250189683329e-24, 6.521647924576743e-30, 5.3873703801113995e-21, 1.7969615379032078e-11, 0.9999974966049194], [0.0, 0.9988083839416504, 0.0011378146009519696, 0.0, 5.385402619140223e-05, 8.815741996503043e-36, 2.0102106188572236e-16, 4.124183286546845e-11, 1.6420944380298686e-24, 1.4781961995678973e-35]], "currentPrediction": [[2, 10, 0], [1, 3, 0], [9, 5, 0], [8, 4, 0], [8, 7, 0], [9, 6, 0], [10, 6, 7], [10, 3, 6], [2, 4, 0], [1, 5, 0]], "realResult": [2, 3, 1], "newPrediction": [[8, 10, 3], [8, 1, 3], [9, 2, 0], [9, 2, 4], [8, 10, 5], [10, 6, 7], [5, 6, 7], [3, 6, 7], [2, 4, 0], [1, 5, 0]], "newPredictionRaw": [[0.0, 2.0260390359438147e-22, 2.702813162613893e-06, 0.0, 0.0, 0.0, 0.0, 0.9999972581863403, 1.950810762929578e-10, 8.507470432356002e-26], [1.0969387176373857e-06, 7.137290926873931e-33, 2.983269245437751e-31, 7.055225408883134e-15, 1.4109642363912233e-34, 1.1503631203562348e-24, 6.534009235090894e-30, 9.147199735567782e-20, 1.5122499086306362e-10, 0.999998927116394], [0.0, 9.11682491278043e-07, 0.9996073842048645, 0.0, 2.11167615443016e-31, 0.0, 0.0, 0.0003916286223102361, 6.939430640727199e-19, 1.203267700747868e-35]], "matchingNumbers": {"bestMatchIndex": 1, "bestMatchSequence": [1, 3, 0], "matchingNumbers": [1, 3]}}