{"currentPredictionRaw": [[0.0993511825799942, 0.09830522537231445, 0.10578058660030365, 0.10185308754444122, 0.09894198179244995, 0.10180340707302094, 0.0924915224313736, 0.09530603140592575, 0.10326680541038513, 0.1029001921415329], [0.09923341870307922, 0.0968194529414177, 0.10428038984537125, 0.10032092034816742, 0.1011909767985344, 0.10332154482603073, 0.09218766540288925, 0.09641244262456894, 0.10157991200685501, 0.10465320944786072], [0.09896804392337799, 0.09515795111656189, 0.1026991680264473, 0.09872478991746902, 0.10367654263973236, 0.10494514554738998, 0.09185631573200226, 0.09744921326637268, 0.10010091960430145, 0.10642191767692566]], "currentPrediction": [[2, 9, 9], [8, 2, 5], [9, 5, 4], [3, 8, 2], [5, 4, 8], [0, 3, 0], [4, 0, 3], [1, 1, 7], [7, 7, 1], [6, 6, 6]], "realResult": [7, 6, 7], "newPrediction": [[2, 9, 9], [8, 2, 5], [9, 5, 4], [3, 8, 2], [5, 4, 8], [0, 3, 0], [4, 0, 3], [1, 1, 7], [7, 7, 1], [6, 6, 6]], "newPredictionRaw": [[0.09935104846954346, 0.09830555319786072, 0.10578114539384842, 0.10185356438159943, 0.09894239157438278, 0.10180322825908661, 0.09249082207679749, 0.09530436992645264, 0.10326851159334183, 0.10289934277534485], [0.09923334419727325, 0.09681971371173859, 0.10428094863891602, 0.1003214567899704, 0.1011914536356926, 0.1033213809132576, 0.09218695014715195, 0.09641074389219284, 0.10158165544271469, 0.10465233772993088], [0.09896809607744217, 0.09515827894210815, 0.10269980132579803, 0.09872546792030334, 0.10367689281702042, 0.10494489222764969, 0.09185557812452316, 0.0974474772810936, 0.10010259598493576, 0.10642096400260925]], "matchingNumbers": {"bestMatchIndex": 7, "bestMatchSequence": [1, 1, 7], "matchingNumbers": [7]}, "labels": [0, 1, 2, 3, 4, 5, 6, 7, 8, 9]}