{"currentPredictionRaw": [[1.3518298658254935e-07, 1.940935560209529e-38, 6.758746451396291e-08, 0.0, 0.9998288154602051, 0.0, 0.00017093140922952443, 1.581273496474231e-13, 0.0, 6.36250667817598e-30], [3.4758548395075195e-07, 0.9990554451942444, 2.0793711996702768e-07, 7.4202564093184264e-09, 1.6263257477011604e-19, 1.3851866901981289e-27, 2.0947779988570973e-34, 0.0, 0.0009439586428925395, 0.0], [0.0, 0.0, 0.0, 1.7056615722686047e-13, 0.0, 0.0033652926795184612, 6.324321148553556e-24, 1.1810076472329456e-07, 0.0, 0.9966346621513367]], "currentPrediction": [[4, 1, 9], [6, 8, 5], [7, 6, 0], [6, 5, 0], [0, 7, 6], [5, 4, 6], [0, 9, 6], [3, 5, 9]], "realResult": [5, 2, 3], "newPrediction": [[8, 7, 3], [3, 6, 1], [4, 1, 2], [6, 2, 9], [2, 1, 4], [5, 4, 6], [0, 3, 4], [1, 5, 8]], "newPredictionRaw": [[1.1475475771778879e-24, 2.0176151860340497e-09, 2.5119577010626567e-25, 0.00014757338794879615, 0.0, 2.0470069588045892e-22, 0.0, 0.0, 0.9998524188995361, 0.0], [0.0, 0.0, 0.0, 2.9061673219235073e-24, 9.416596418140263e-27, 1.900655748036267e-15, 9.580184041624307e-07, 0.9999985694885254, 0.0, 5.20539288118016e-07], [1.3269124786413224e-23, 7.358075038155221e-09, 3.512134178927875e-24, 0.00014212200767360628, 0.0, 8.089661802829345e-22, 0.0, 0.0, 0.9998579025268555, 0.0]], "matchingNumbers": {"bestMatchIndex": 7, "bestMatchSequence": [3, 5, 9], "matchingNumbers": [3, 5]}, "labels": [0, 1, 2, 3, 4, 5, 6, 7, 8, 9], "numberFrequency": {"3": 0.09785890749382377, "2": 0.10101564644523744, "6": 0.10014639948760179, "8": 0.10064964772623296, "9": 0.10010064964772623, "0": 0.10206789276237534, "5": 0.09877390429133498, "4": 0.10133589532436636, "1": 0.10000914996797511, "7": 0.09804190685332602}}