{"currentPredictionRaw": [[0.9982678890228271, 0.0, 0.0, 2.7504383979248814e-05, 4.726428420470223e-33, 1.7924869870764876e-17, 3.785112710975821e-23, 6.795558226905585e-38, 8.634223200529914e-29, 0.0017045579152181745], [0.0, 1.1421693670854438e-06, 0.9999082088470459, 0.0, 1.9674558986347655e-32, 0.0, 0.0, 9.057769784703851e-05, 4.6714346547336e-21, 0.0], [0.0, 3.108521084982385e-08, 0.9999920129776001, 0.0, 6.550109029971993e-38, 0.0, 0.0, 7.95226060290588e-06, 1.270909152498284e-26, 0.0]], "currentPrediction": [[0, 2, 2], [9, 7, 7], [3, 1, 1], [5, 8, 8], [6, 4, 4], [8, 9, 9], [4, 5, 5], [7, 6, 6], [2, 3, 3], [1, 0, 0]], "realResult": [4, 0, 4], "newPrediction": [[0, 5, 1], [9, 6, 2], [3, 3, 4], [5, 4, 7], [6, 0, 6], [8, 9, 8], [4, 1, 5], [7, 2, 9], [2, 7, 3], [1, 8, 0]], "newPredictionRaw": [[0.9989456534385681, 0.0, 0.0, 1.93052546819672e-05, 1.4369642141874004e-35, 5.447289563307719e-18, 5.279295413732388e-24, 0.0, 8.755234739190004e-32, 0.001035032793879509], [9.787130280476328e-15, 3.3930153933785967e-23, 1.9337036295885457e-29, 0.00018496478151064366, 2.2462129378730822e-11, 0.9919241070747375, 0.007890920154750347, 5.043306168135158e-31, 5.111049437375306e-33, 5.65727005663602e-16], [0.0, 0.9989051818847656, 0.001074369763955474, 0.0, 2.0511130060185678e-05, 1.6938684240690276e-38, 8.616974533078242e-18, 2.1916810814121e-12, 9.527163285875557e-28, 0.0]], "matchingNumbers": {"bestMatchIndex": 0, "bestMatchSequence": [0, 2, 2], "matchingNumbers": [0]}, "labels": [0, 1, 2, 3, 4, 5, 6, 7, 8, 9]}