{"currentPredictionRaw": [[0.0, 0.0, 0.0, 6.523959746118635e-05, 0.0, 0.9999347925186157, 2.738929598877558e-24, 4.199264515351549e-15, 2.9100640975800728e-24, 3.5400044007261044e-10], [0.5609045028686523, 9.127771249950456e-07, 0.43909454345703125, 4.139453062550376e-14, 3.1912081310814244e-10, 0.0, 1.737737546212285e-34, 0.0, 5.63343729304e-12, 0.0], [7.894211813529934e-26, 2.0955477791133727e-22, 1.94221194873008e-27, 1.0, 0.0, 1.8807842394608087e-08, 0.0, 1.0830874836232586e-36, 3.0472652179369675e-11, 5.120839101265748e-33]], "currentPrediction": [[5, 0, 3], [3, 2, 8], [7, 5, 0], [0, 6, 4], [7, 5, 9], [5, 4, 6], [9, 2, 4], [3, 7, 9]], "realResult": [1, 7, 7], "newPrediction": [[8, 6, 0], [3, 4, 2], [0, 6, 7], [3, 0, 7], [9, 0, 6], [5, 4, 6], [1, 4, 6], [2, 6, 9]], "newPredictionRaw": [[4.259449434274609e-21, 2.984527114335833e-08, 1.0104930047517634e-21, 0.000765911303460598, 0.0, 7.769902708335151e-18, 0.0, 0.0, 0.9992340803146362, 0.0], [2.957007553441874e-23, 0.0, 7.875410423189639e-25, 0.0, 2.678484088391997e-05, 0.0, 0.9999724626541138, 7.736676366221218e-07, 0.0, 5.3017762177349806e-27], [0.5546793937683105, 4.532018010650063e-06, 0.4453160762786865, 8.351500914438592e-13, 1.1163437951822175e-09, 1.6756277499848807e-37, 4.6025206629759994e-33, 0.0, 9.217271390582482e-11, 0.0]], "matchingNumbers": {"bestMatchIndex": 2, "bestMatchSequence": [7, 5, 0], "matchingNumbers": [7]}, "labels": [0, 1, 2, 3, 4, 5, 6, 7, 8, 9], "numberFrequency": {"3": 0.09785890749382377, "2": 0.10101564644523744, "6": 0.10014639948760179, "8": 0.10064964772623296, "9": 0.10010064964772623, "0": 0.10206789276237534, "5": 0.09877390429133498, "4": 0.10133589532436636, "1": 0.10000914996797511, "7": 0.09804190685332602}}