{"currentPredictionRaw": [[0.09935086965560913, 0.09830621629953384, 0.10578113049268723, 0.10185319930315018, 0.09894257038831711, 0.10180342942476273, 0.09249095618724823, 0.09530358761548996, 0.10326866060495377, 0.10289939492940903], [0.09923313558101654, 0.09682028740644455, 0.10428086668252945, 0.10032106190919876, 0.1011916920542717, 0.10332166403532028, 0.09218704700469971, 0.09641004353761673, 0.10158167779445648, 0.10465247929096222], [0.09896824508905411, 0.09515926986932755, 0.10269984602928162, 0.09872519224882126, 0.10367663949728012, 0.10494499653577805, 0.09185566008090973, 0.09744709730148315, 0.10010179877281189, 0.10642124712467194]], "currentPrediction": [[2, 9, 9], [8, 2, 5], [9, 5, 4], [3, 8, 2], [5, 4, 8], [0, 3, 0], [4, 0, 3], [1, 1, 7], [7, 7, 1], [6, 6, 6]], "realResult": [7, 0, 4], "newPrediction": [[2, 9, 9], [8, 2, 5], [9, 5, 4], [3, 8, 2], [5, 4, 8], [0, 3, 0], [4, 0, 3], [1, 1, 7], [7, 7, 1], [6, 6, 6]], "newPredictionRaw": [[0.09935078024864197, 0.09830666333436966, 0.10578136891126633, 0.10185308009386063, 0.09894240647554398, 0.1018032431602478, 0.0924910455942154, 0.0953032374382019, 0.10326897352933884, 0.1028992235660553], [0.09923307597637177, 0.09682077169418335, 0.10428112000226974, 0.1003209799528122, 0.10119146853685379, 0.10332147777080536, 0.09218715131282806, 0.09640968590974808, 0.10158202052116394, 0.1046522855758667], [0.09896848350763321, 0.09516012668609619, 0.10270025581121445, 0.09872522950172424, 0.1036759465932846, 0.10494460165500641, 0.09185579419136047, 0.09744688868522644, 0.10010165721178055, 0.10642105340957642]], "matchingNumbers": {"bestMatchIndex": 6, "bestMatchSequence": [4, 0, 3], "matchingNumbers": [0, 4]}, "labels": [0, 1, 2, 3, 4, 5, 6, 7, 8, 9]}