{"currentPredictionRaw": [[0.09935080260038376, 0.09830697625875473, 0.10578157752752304, 0.10185296088457108, 0.09894230961799622, 0.10180315375328064, 0.09249091893434525, 0.0953030064702034, 0.10326927900314331, 0.10289895534515381], [0.09923309832811356, 0.096821129322052, 0.10428137332201004, 0.10032089054584503, 0.10119133442640305, 0.1033213660120964, 0.09218703210353851, 0.09640942513942719, 0.101582370698452, 0.10465198010206223], [0.09896845370531082, 0.09516043961048126, 0.10270051658153534, 0.09872515499591827, 0.10367585718631744, 0.10494451224803925, 0.09185568243265152, 0.09744658321142197, 0.10010214149951935, 0.10642071068286896]], "currentPrediction": [[2, 9, 9], [8, 2, 5], [9, 5, 4], [3, 8, 2], [5, 4, 8], [0, 3, 0], [4, 0, 3], [1, 1, 7], [7, 7, 1], [6, 6, 6]], "realResult": [4, 1, 9], "newPrediction": [[2, 9, 9], [8, 2, 5], [9, 5, 4], [3, 8, 2], [5, 4, 8], [0, 3, 0], [4, 0, 3], [1, 1, 7], [7, 7, 1], [6, 6, 6]], "newPredictionRaw": [[0.09935078769922256, 0.09830725193023682, 0.10578178614377975, 0.10185302048921585, 0.09894220530986786, 0.10180293768644333, 0.09249100089073181, 0.09530282020568848, 0.10326948016881943, 0.1028987318277359], [0.09923308342695236, 0.09682139754295349, 0.10428157448768616, 0.1003209576010704, 0.1011912077665329, 0.1033211201429367, 0.09218711405992508, 0.09640923142433167, 0.10158256441354752, 0.10465174168348312], [0.09896846115589142, 0.09516076743602753, 0.10270073264837265, 0.09872524440288544, 0.10367568582296371, 0.10494423657655716, 0.09185576438903809, 0.09744640439748764, 0.10010229051113129, 0.10642047226428986]], "matchingNumbers": {"bestMatchIndex": 2, "bestMatchSequence": [9, 5, 4], "matchingNumbers": [9, 4]}, "labels": [0, 1, 2, 3, 4, 5, 6, 7, 8, 9]}