{"currentPredictionRaw": [[0.0997292622923851, 0.09796739369630814, 0.10482510179281235, 0.10142423957586288, 0.09850460290908813, 0.10270581394433975, 0.09242378920316696, 0.09737353771924973, 0.10187667608261108, 0.1031695306301117], [0.0995635837316513, 0.09668973833322525, 0.10348165035247803, 0.10004618018865585, 0.10054242610931396, 0.10406886041164398, 0.09211351722478867, 0.09841850399971008, 0.10035824775695801, 0.10471727699041367], [0.09938346594572067, 0.09542786329984665, 0.1021541878581047, 0.0986865982413292, 0.10257972776889801, 0.1054154485464096, 0.09179259091615677, 0.09944510459899902, 0.09886377304792404, 0.10625122487545013]], "currentPrediction": [[2, 9, 9], [9, 5, 5], [5, 2, 4], [8, 4, 2], [3, 8, 7], [0, 3, 0], [4, 0, 8], [1, 7, 3], [7, 1, 1], [6, 6, 6]], "realResult": [0, 5, 1], "newPrediction": [[2, 9, 9], [9, 2, 5], [8, 5, 2], [3, 8, 4], [5, 3, 8], [0, 4, 3], [4, 0, 0], [1, 7, 7], [7, 1, 1], [6, 6, 6]], "newPredictionRaw": [[0.0997409075498581, 0.09816288948059082, 0.10523487627506256, 0.1020737811923027, 0.09834809601306915, 0.10197436064481735, 0.09260191023349762, 0.09658976644277573, 0.10235849767923355, 0.10291494429111481], [0.09961166232824326, 0.09699421375989914, 0.10401446372270584, 0.10085052251815796, 0.10015198588371277, 0.10318689048290253, 0.09234470129013062, 0.09751168638467789, 0.10101423412561417, 0.10431964695453644], [0.09944867342710495, 0.09566871076822281, 0.10262937098741531, 0.09946335107088089, 0.10222266614437103, 0.10456331819295883, 0.0920383632183075, 0.0985524132847786, 0.0994933545589447, 0.1059197336435318]], "matchingNumbers": {"bestMatchIndex": 1, "bestMatchSequence": [9, 5, 5], "matchingNumbers": [5]}, "labels": [0, 1, 2, 3, 4, 5, 6, 7, 8, 9]}