{"currentPredictionRaw": [[0.10057076066732407, 0.10005668550729752, 0.09885706752538681, 0.09551040828227997, 0.1049075797200203, 0.10151658207178116, 0.09386788308620453, 0.09700988233089447, 0.10170036554336548, 0.10600277036428452], [0.10057076066732407, 0.10005668550729752, 0.09885706752538681, 0.09551040828227997, 0.1049075797200203, 0.10151658207178116, 0.09386788308620453, 0.09700988233089447, 0.10170036554336548, 0.10600277036428452], [0.10057076066732407, 0.10005668550729752, 0.09885706752538681, 0.09551040828227997, 0.1049075797200203, 0.10151658207178116, 0.09386788308620453, 0.09700988233089447, 0.10170036554336548, 0.10600277036428452]], "currentPrediction": [[9, 9, 9], [4, 4, 4], [8, 8, 8], [5, 5, 5], [0, 0, 0], [1, 1, 1], [2, 2, 2], [7, 7, 7], [3, 3, 3], [6, 6, 6]], "realResult": [8, 5, 7], "newPrediction": [[9, 9, 9], [4, 4, 4], [8, 8, 8], [5, 5, 5], [0, 0, 0], [1, 1, 1], [2, 2, 2], [7, 7, 7], [3, 3, 3], [6, 6, 6]], "newPredictionRaw": [[0.1005774512887001, 0.10004100948572159, 0.09885592013597488, 0.09551959484815598, 0.10488661378622055, 0.10153848677873611, 0.09387198835611343, 0.09700670093297958, 0.101689912378788, 0.10601231455802917], [0.1005774512887001, 0.10004100948572159, 0.09885592013597488, 0.09551959484815598, 0.10488661378622055, 0.10153848677873611, 0.09387198835611343, 0.09700670093297958, 0.101689912378788, 0.10601231455802917], [0.1005774512887001, 0.10004100948572159, 0.09885592013597488, 0.09551959484815598, 0.10488661378622055, 0.10153848677873611, 0.09387198835611343, 0.09700670093297958, 0.101689912378788, 0.10601231455802917]], "matchingNumbers": {"bestMatchIndex": 2, "bestMatchSequence": [8, 8, 8], "matchingNumbers": [8]}, "labels": [0, 1, 2, 3, 4, 5, 6, 7, 8, 9]}