{"currentPredictionRaw": [[0.0, 0.0, 0.0, 1.367324123411316e-34, 2.653550774475539e-21, 1.690192233549409e-19, 2.285243863298092e-05, 0.9999762773513794, 0.0, 8.151112638188351e-07], [1.928820893226657e-06, 0.9999905824661255, 2.235110287074349e-06, 5.528530649771823e-13, 9.72689437119348e-19, 0.0, 0.0, 0.0, 5.265984782454325e-06, 0.0], [0.5523713827133179, 6.591078545170603e-06, 0.44762206077575684, 1.5539142017819035e-18, 1.9145721466551358e-11, 0.0, 3.8580450668378975e-37, 0.0, 4.606081575181387e-12, 0.0]], "currentPrediction": [[7, 1, 0], [6, 8, 2], [3, 0, 8], [0, 8, 1], [0, 3, 8], [5, 4, 6], [8, 0, 5], [2, 7, 9]], "realResult": [8, 7, 8], "newPrediction": [[4, 1, 9], [6, 8, 5], [7, 6, 0], [6, 5, 0], [0, 7, 6], [5, 4, 6], [0, 9, 6], [3, 5, 9]], "newPredictionRaw": [[1.3518298658254935e-07, 1.940935560209529e-38, 6.758746451396291e-08, 0.0, 0.9998288154602051, 0.0, 0.00017093140922952443, 1.581273496474231e-13, 0.0, 6.36250667817598e-30], [3.4758548395075195e-07, 0.9990554451942444, 2.0793711996702768e-07, 7.4202564093184264e-09, 1.6263257477011604e-19, 1.3851866901981289e-27, 2.0947779988570973e-34, 0.0, 0.0009439586428925395, 0.0], [0.0, 0.0, 0.0, 1.7056615722686047e-13, 0.0, 0.0033652926795184612, 6.324321148553556e-24, 1.1810076472329456e-07, 0.0, 0.9966346621513367]], "matchingNumbers": {"bestMatchIndex": 0, "bestMatchSequence": [7, 1, 0], "matchingNumbers": [7]}, "labels": [0, 1, 2, 3, 4, 5, 6, 7, 8, 9], "numberFrequency": {"3": 0.09785890749382377, "2": 0.10101564644523744, "6": 0.10014639948760179, "8": 0.10064964772623296, "9": 0.10010064964772623, "0": 0.10206789276237534, "5": 0.09877390429133498, "4": 0.10133589532436636, "1": 0.10000914996797511, "7": 0.09804190685332602}}