{"currentPredictionRaw": [[0.0, 6.447448464203686e-30, 1.1128232016432982e-11, 0.0, 0.0, 0.0, 0.0, 0.0006418160046450794, 0.9993582367897034, 1.458027809597695e-09], [0.0, 5.27980344015535e-24, 1.1969659681199118e-06, 0.0, 0.0, 0.0, 0.0, 0.9999988079071045, 7.783373945358107e-10, 5.92885916170186e-26], [0.0, 3.91185068061219e-27, 8.428507891622417e-11, 0.0, 0.0, 0.0, 0.0, 0.0015559744788333774, 0.9984440207481384, 4.79416186749404e-08]], "currentPrediction": [[8, 7, 8], [7, 2, 7], [9, 8, 9], [2, 1, 2], [1, 9, 1], [6, 6, 6], [4, 4, 4], [5, 5, 5], [3, 3, 3], [0, 0, 0]], "realResult": [8, 6, 0], "newPrediction": [[5, 5, 5], [2, 2, 2], [0, 0, 0], [3, 9, 4], [9, 4, 9], [1, 7, 7], [7, 3, 3], [4, 1, 1], [8, 8, 8], [6, 6, 6]], "newPredictionRaw": [[0.10234391689300537, 0.09930793941020966, 0.10342776775360107, 0.1001460999250412, 0.09877959638834, 0.10389944911003113, 0.09523409605026245, 0.09884300827980042, 0.09837168455123901, 0.09964637458324432], [0.10222552716732025, 0.0985192134976387, 0.10279446095228195, 0.09915878623723984, 0.10003073513507843, 0.10462146997451782, 0.09529346972703934, 0.09959089010953903, 0.09746529906988144, 0.10030010342597961], [0.10210609436035156, 0.09776106476783752, 0.10218330472707748, 0.09821288287639618, 0.10124339163303375, 0.10531476885080338, 0.09534527361392975, 0.10030996799468994, 0.09659601747989655, 0.10092727839946747]], "matchingNumbers": {"bestMatchIndex": 0, "bestMatchSequence": [8, 7, 8], "matchingNumbers": [8]}, "labels": [0, 1, 2, 3, 4, 5, 6, 7, 8, 9]}