{"currentPredictionRaw": [[1.3361307878488407e-20, 0.0, 1.0118120559159399e-22, 0.0, 0.00013935448077972978, 2.268692812341247e-29, 0.9997949004173279, 6.580957415280864e-05, 0.0, 2.6943948645569843e-15], [1.753107565090798e-18, 0.0, 2.056887829130959e-20, 1.0767336546933924e-34, 0.00017332837160211056, 1.869002783238093e-24, 0.9996925592422485, 0.00013420348113868386, 0.0, 3.0906231892301184e-13], [1.1686581421140635e-28, 1.5345844403431183e-29, 5.865472683936436e-30, 0.006613197270780802, 2.1816643827815084e-31, 0.993386447429657, 3.0202047585594173e-25, 8.125671435432984e-18, 4.966503570842705e-16, 3.007536406585132e-07]], "currentPrediction": [[6, 4, 5], [4, 7, 3], [6, 5, 4], [5, 4, 3], [4, 6, 5], [5, 4, 6], [8, 9, 5], [1, 6, 8]], "realResult": [0, 7, 8], "newPrediction": [[7, 6, 9], [9, 4, 6], [5, 6, 7], [6, 5, 4], [7, 6, 9], [5, 4, 6], [0, 9, 4], [2, 5, 9]], "newPredictionRaw": [[1.9551951986821014e-32, 0.0, 8.8279166569273e-36, 1.7041918521001002e-27, 6.77918054774651e-17, 7.55759726176787e-15, 1.0807939361257013e-05, 0.999394416809082, 0.0, 0.0005947378813289106], [3.320210003687002e-17, 0.0, 3.056303116412726e-19, 4.908547294070357e-38, 0.0011612910311669111, 2.6656208951630693e-28, 0.9987892508506775, 4.957684359396808e-05, 0.0, 1.4545586889363853e-14], [3.518074723582303e-36, 0.0, 0.0, 8.170098759910003e-29, 5.978451496142187e-19, 2.6745402005151067e-15, 4.411235750012565e-06, 0.9996466636657715, 0.0, 0.00034897413570433855]], "matchingNumbers": {"bestMatchIndex": 1, "bestMatchSequence": [4, 7, 3], "matchingNumbers": [7]}, "labels": [0, 1, 2, 3, 4, 5, 6, 7, 8, 9], "numberFrequency": {"3": 0.09785890749382377, "2": 0.10101564644523744, "6": 0.10014639948760179, "8": 0.10064964772623296, "9": 0.10010064964772623, "0": 0.10206789276237534, "5": 0.09877390429133498, "4": 0.10133589532436636, "1": 0.10000914996797511, "7": 0.09804190685332602}}