{"currentPredictionRaw": [[0.0, 0.0, 0.0, 0.0, 0.9999997615814209, 0.0, 0.0, 0.0, 2.244141370510988e-07, 1.1430386903643879e-14], [0.0, 2.3937953841368653e-09, 1.0, 0.0, 0.0, 0.0, 0.0, 0.0, 0.0, 1.1895211829888427e-20], [0.0, 0.0, 0.0, 0.0, 0.9999977350234985, 0.0, 0.0, 0.0, 2.287465576955583e-06, 1.1252465091974272e-14]], "currentPrediction": [[4, 2, 8], [8, 1, 9], [1, 0, 3], [3, 1, 6], [4, 0, 1], [3, 3, 4], [0, 9, 7], [1, 5, 9]], "realResult": [3, 3, 8], "newPrediction": [[3, 6, 8], [5, 6, 0], [2, 0, 7], [0, 1, 4], [0, 7, 2], [4, 4, 4], [2, 5, 7], [1, 5, 9]], "newPredictionRaw": [[6.262565227048761e-17, 0.0, 0.0, 1.0, 0.0, 1.4149148519493338e-10, 2.5245956367103695e-11, 0.0, 0.0, 0.0], [4.468518073939422e-19, 0.0, 0.0, 1.0, 0.0, 1.82770638901264e-11, 3.141400334305544e-11, 0.0, 0.0, 0.0], [5.76170634758455e-07, 0.0, 0.0, 1.7217741185836543e-19, 1.234875859892438e-24, 2.1599138477768065e-08, 2.554364799636979e-32, 0.0, 0.9999994039535522, 4.522334124816825e-31]], "matchingNumbers": {"bestMatchIndex": 0, "bestMatchSequence": [4, 2, 8], "matchingNumbers": [8]}, "labels": [0, 1, 2, 3, 4, 5, 6, 7, 8, 9], "numberFrequency": {"6": 0.10004111278607647, "4": 0.10141153898862547, "1": 0.09999543191265817, "0": 0.10218811383673655, "5": 0.09876204833036407, "3": 0.09789411173541639, "2": 0.10100041112786076, "8": 0.10063496414051437, "7": 0.09803115435567128, "9": 0.10004111278607647}}