{"currentPredictionRaw": [[0.10059034079313278, 0.10004472732543945, 0.0988461971282959, 0.09551509469747543, 0.1049022451043129, 0.10155412554740906, 0.09384802728891373, 0.0969797894358635, 0.10169307142496109, 0.10602640360593796], [0.10059034079313278, 0.10004472732543945, 0.0988461971282959, 0.09551509469747543, 0.1049022451043129, 0.10155412554740906, 0.09384802728891373, 0.0969797894358635, 0.10169307142496109, 0.10602640360593796], [0.10059034079313278, 0.10004472732543945, 0.0988461971282959, 0.09551509469747543, 0.1049022451043129, 0.10155412554740906, 0.09384802728891373, 0.0969797894358635, 0.10169307142496109, 0.10602640360593796]], "currentPrediction": [[9, 9, 9], [4, 4, 4], [8, 8, 8], [5, 5, 5], [0, 0, 0], [1, 1, 1], [2, 2, 2], [7, 7, 7], [3, 3, 3], [6, 6, 6]], "realResult": [2, 3, 1], "newPrediction": [[9, 9, 9], [4, 4, 4], [8, 8, 8], [5, 5, 5], [0, 0, 0], [1, 1, 1], [2, 2, 2], [7, 7, 7], [3, 3, 3], [6, 6, 6]], "newPredictionRaw": [[0.100591741502285, 0.10004458576440811, 0.09884772449731827, 0.09551312774419785, 0.10490357130765915, 0.10155457258224487, 0.09384751319885254, 0.09697750210762024, 0.10169275104999542, 0.10602691769599915], [0.100591741502285, 0.10004458576440811, 0.09884772449731827, 0.09551312774419785, 0.10490357130765915, 0.10155457258224487, 0.09384751319885254, 0.09697750210762024, 0.10169275104999542, 0.10602691769599915], [0.100591741502285, 0.10004458576440811, 0.09884772449731827, 0.09551312774419785, 0.10490357130765915, 0.10155457258224487, 0.09384751319885254, 0.09697750210762024, 0.10169275104999542, 0.10602691769599915]], "matchingNumbers": {"bestMatchIndex": 5, "bestMatchSequence": [1, 1, 1], "matchingNumbers": [1]}, "labels": [0, 1, 2, 3, 4, 5, 6, 7, 8, 9]}