{"currentPredictionRaw": [], "currentPrediction": [], "realResult": [], "newPrediction": [[1, 35, 3, 37, 9, 19, 29], [32, 37, 42, 43, 50, 24, 0], [5, 9, 42, 46, 18, 19, 28], [1, 3, 37, 42, 45, 17, 22], [3, 36, 40, 42, 14, 49, 50], [33, 6, 8, 14, 49, 50, 27], [3, 10, 13, 14, 24, 0, 0], [35, 37, 9, 16, 49, 26, 30], [38, 42, 12, 45, 17, 27, 29], [2, 36, 10, 49, 18, 24, 31]], "newPredictionRaw": [[1.5289463759730199e-13, 0.0, 0.9999982118606567, 0.0, 3.3293457986294847e-23, 2.472291542689467e-38, 9.2309135038933e-40, 0.0, 8.518251750667949e-13, 1.3773178411647938e-17, 0.0, 0.0, 0.0, 2.4531241363885854e-14, 0.0, 0.0, 2.802596928649634e-45, 0.0, 1.1774629512116096e-31, 0.0, 0.0, 0.0, 0.0, 1.6085499392599835e-21, 0.0, 0.0, 0.0, 0.0, 3.363116314379561e-43, 0.0, 0.0, 0.0, 0.0, 0.0, 0.0, 0.0, 1.8336332914259401e-06, 5.774356907717412e-24, 0.0, 0.0, 0.0, 7.383082241427538e-19, 7.006492321624085e-45, 0.0, 2.568413330590135e-39, 0.0, 0.0, 4.8994129367207414e-26, 1.3048835167594187e-18, 1.3395857824562282e-15], [1.24575525757309e-23, 1.583497948597665e-24, 1.3972209437530445e-21, 2.482832463403831e-25, 3.5914077022393514e-18, 8.028710826014568e-29, 3.4730241907410084e-23, 7.571215852595365e-22, 5.031500114654672e-17, 9.008387842788873e-20, 5.756577802502249e-31, 3.0411875317267326e-22, 6.455987133779928e-11, 7.614614667972308e-12, 4.3741808423660615e-16, 2.318502538400935e-06, 1.334926804784798e-14, 1.4840475159871858e-05, 0.9998973608016968, 2.780745167962964e-26, 4.387683105733231e-09, 2.353456575071137e-22, 1.65382527117508e-10, 2.479080194461858e-06, 3.772848393836063e-14, 3.110473429894719e-20, 4.182907559879823e-06, 1.1338782690550886e-10, 7.564597126474837e-07, 3.4316667563150105e-11, 3.2490004235760884e-18, 5.8598634495865554e-05, 1.73453740259788e-09, 3.81463472594845e-22, 3.104758475053898e-13, 3.595778252929449e-08, 1.2785373655788135e-05, 8.532988537979236e-09, 1.07170071428353e-11, 5.551570054357358e-12, 3.9049232164673623e-19, 6.5729977904993575e-06, 7.456050716886289e-15, 5.081003434832809e-13, 1.6644002058770255e-22, 2.8807442305352985e-15, 3.4488076283700764e-10, 1.6119309844779862e-22, 2.4600086719531026e-17, 2.16263825288587e-14], [7.291364455107658e-20, 3.2611971563540795e-28, 9.678830421315626e-17, 1.99427574975695e-20, 5.442460383629961e-16, 2.049743832829163e-23, 2.225748687258362e-15, 1.8865243532700885e-18, 3.0640040438385027e-16, 2.931850725737539e-13, 3.198830970671203e-26, 8.955421473832992e-12, 3.1214021902309708e-21, 8.140291773983677e-10, 2.4843439119841064e-18, 4.1720157195482624e-14, 3.5163374434432626e-08, 2.752392497945566e-12, 3.0877908465797715e-14, 6.863351531061341e-30, 1.959380105518044e-17, 1.2045054305382701e-21, 1.1085201235632304e-23, 2.884034756789333e-06, 4.907443867723154e-17, 3.411836794557577e-32, 6.595789232578244e-15, 2.0622319425456226e-06, 0.9999949932098389, 3.0717300231186684e-11, 1.0151579621137805e-22, 5.073173340754071e-27, 1.0135585429265969e-32, 4.470050737150918e-25, 1.588523998361577e-23, 6.2060063754643124e-09, 1.9108761068701435e-13, 3.0312778671301487e-16, 5.156876759846068e-28, 1.029018823004834e-14, 8.599683207565466e-36, 1.3916152444624666e-17, 5.521347870730204e-20, 4.2122267452466763e-14, 2.1871979151832667e-24, 1.302777042587814e-23, 3.110936877472383e-24, 5.609520871697408e-26, 4.146584409170373e-09, 2.2227509394092527e-25], [1.51051676651435e-16, 2.809443987293346e-20, 2.1435319791674322e-22, 1.1734350646244222e-21, 1.7157267780320703e-22, 1.2837277651326127e-20, 3.4333332787309535e-15, 1.2265931963291426e-26, 5.228076548701037e-25, 2.0038294460182224e-23, 2.0723850902188827e-19, 3.4825012061881964e-19, 1.7480402680902785e-09, 1.271016777927543e-17, 1.980464580025442e-20, 5.003470768726068e-19, 1.015341104379161e-14, 4.452065818327626e-14, 7.300602483313452e-22, 4.231679328042448e-17, 2.132403920053396e-14, 1.9304852827417562e-08, 1.779868960549713e-11, 3.6051495571233894e-23, 7.2328358580175944e-12, 3.7131775432186487e-10, 2.761393840991965e-22, 1.503014795956048e-10, 5.118203532101255e-17, 1.191908874360152e-22, 2.5770124922885884e-10, 1.3390052472500038e-15, 2.072680249654013e-09, 4.28488651895223e-13, 0.9999996423721313, 6.738720431688374e-24, 7.366783185124579e-17, 3.1223928201014675e-14, 8.461002623354197e-14, 1.7090760806581784e-08, 6.057698179878779e-12, 1.9450503430107347e-07, 1.137137801456023e-12, 4.9691025220347657e-14, 3.64182350942599e-10, 9.556126201459847e-08, 5.667109932505155e-16, 1.44341875381258e-17, 2.801442536185151e-25, 7.505853680412366e-20], [8.971379195088502e-11, 7.285727426028263e-18, 2.5902322704496328e-06, 6.926986871634075e-20, 5.354157117665181e-10, 5.728739627885265e-19, 1.8016466888715323e-17, 5.5175253036834744e-17, 1.9241447262174916e-06, 6.18952500364145e-10, 2.5247867980528463e-25, 5.08517139782793e-18, 1.3758795451491e-25, 3.2234640912065515e-06, 2.6176978667485854e-21, 1.7656312346612158e-20, 7.822660976018053e-15, 2.479458131865453e-11, 3.9646882214583457e-05, 6.832602291555695e-31, 1.4037894666555705e-22, 8.32976564675937e-27, 5.259030157678886e-20, 0.0001351977844024077, 1.1821911703507865e-28, 1.9273102318944905e-33, 1.3607302405075489e-13, 1.0226972407571853e-17, 1.1690733103808526e-10, 1.222638098953259e-22, 2.2793968712466744e-33, 8.903719428410284e-11, 7.468657371593902e-21, 5.4896544132484925e-21, 1.857763806821851e-20, 1.4813881024644537e-11, 0.9997891187667847, 1.5917710243229521e-06, 2.066243196622494e-18, 5.9957744159278495e-18, 3.7674292608632546e-36, 2.244621100544464e-05, 1.9194120644554398e-14, 6.6795461797433545e-16, 1.8277448989420704e-16, 1.3167411822307195e-24, 1.3070840694788966e-14, 1.6205129686058806e-12, 7.880537111759622e-09, 4.330770934757311e-06], [1.0, 4.642501812308119e-41, 1.7726268451137214e-14, 0.0, 2.45227231256843e-43, 1.18226349442649e-15, 1.7163336694340556e-25, 0.0, 7.24558836763206e-37, 2.55330362673852e-25, 1.0993285944819157e-38, 1.523964140993785e-36, 0.0, 9.826049379759854e-17, 0.0, 0.0, 5.5898353408456835e-25, 2.382207389352189e-44, 0.0, 0.0, 0.0, 2.0217891577080918e-31, 5.605193857299268e-45, 0.0, 0.0, 0.0, 0.0, 0.0, 0.0, 0.0, 0.0, 0.0, 0.0, 8.820969803868318e-37, 6.939491054093458e-24, 0.0, 1.6960847992869847e-33, 3.024858279374658e-39, 0.0, 0.0, 0.0, 3.484440112746373e-13, 4.534855824189776e-11, 0.0, 5.540265308697813e-14, 0.0, 0.0, 6.609624554899629e-30, 1.2781789799507743e-39, 2.4667424357578436e-27], [9.592052487933829e-26, 1.8012079109156036e-18, 8.270144291611103e-11, 1.1294121327613736e-21, 1.1434816982180962e-10, 1.453759724537641e-30, 2.2619188314533817e-34, 1.4972104231316535e-13, 1.0, 1.5526703458102614e-14, 1.5097811620312328e-37, 3.7449752437395132e-31, 0.0, 2.214149874463093e-30, 3.4687461926203657e-38, 2.3807864727093637e-39, 0.0, 0.0, 5.0135717829942695e-22, 0.0, 0.0, 0.0, 0.0, 6.156321435729172e-20, 0.0, 0.0, 3.818848869876626e-18, 0.0, 1.8919547138173658e-39, 3.641193962565443e-32, 0.0, 8.582371789230605e-25, 0.0, 1.4933547961524757e-35, 0.0, 1.9170770025576055e-32, 2.8708229600938885e-17, 1.6145413643408635e-20, 6.3225446802239685e-34, 0.0, 0.0, 2.602848100870843e-33, 8.407790785948902e-45, 1.2948750591663035e-32, 2.6512649901894627e-37, 0.0, 1.8368068295639088e-22, 7.739337557520705e-19, 4.4386735498051777e-13, 2.856981984322715e-09]], "matchingNumbers": []}