{"currentPredictionRaw": [], "currentPrediction": [], "realResult": [], "newPrediction": [[18, 20, 29, 41, 48, 5, 9], [17, 16, 39, 16, 45, 6, 32], [24, 21, 23, 37, 38, 31, 34], [4, 32, 1, 33, 3, 50, 5], [46, 23, 33, 23, 49, 32, 40], [13, 28, 2, 44, 43, 43, 11], [9, 17, 15, 19, 42, 12, 28], [34, 31, 8, 30, 50, 9, 50], [8, 40, 44, 24, 47, 11, 4], [40, 27, 13, 20, 36, 25, 18]], "newPredictionRaw": [[8.00866973768023e-24, 1.4925103373590209e-24, 1.3797435547669287e-28, 6.946834218979347e-07, 1.9603103114758906e-18, 2.957599514665152e-23, 1.3719872256336818e-19, 5.4870344379231994e-11, 7.494442288979997e-10, 1.519606380832872e-13, 6.191906982668449e-15, 4.2574888536396116e-27, 1.1377469633089277e-08, 5.805517702334547e-23, 3.477953870219118e-33, 1.1058610115023888e-24, 1.2756911473843502e-06, 0.9999971389770508, 5.459021611888618e-39, 2.1269947787778093e-19, 1.2010216054019914e-35, 9.752696515914203e-36, 5.732507368309275e-28, 7.210962280623789e-07, 1.4877930515158807e-38, 9.6007458949796e-17, 9.6493524766239e-33, 1.614868144533734e-14, 9.509540718735623e-26, 2.2029663097206898e-20, 1.8103933762085665e-24, 1.0148944537937908e-19, 1.4218226603414997e-18, 5.626948351711292e-10, 1.2926596484622632e-18, 7.140436843630319e-33, 4.7472678914178196e-21, 1.1504076447750612e-27, 1.6793822607305922e-15, 1.247323251629684e-11, 1.8471952801070121e-28, 3.719339882601999e-15, 2.509276068948901e-32, 5.082052400434689e-13, 3.971444047353111e-20, 1.432781289167906e-07, 1.773054405177055e-18, 7.032990600291784e-30, 3.3631483495786857e-20, 1.18695531580045e-15], [4.804867462772507e-38, 4.3794278231758385e-36, 0.0, 5.1049303055353086e-42, 2.4929623890770027e-29, 2.9847657290118604e-43, 1.3863297941288994e-39, 1.7740438558352184e-42, 1.0916807807626128e-31, 1.3872854796815689e-43, 0.0, 9.435413629759071e-35, 1.8596613142655954e-25, 2.558706633685992e-24, 3.3803461393293275e-25, 2.4243838048221278e-09, 5.380874240103195e-13, 2.0409252954366533e-27, 9.371927015307728e-26, 1.0, 4.745434045716479e-10, 4.0297190022868286e-21, 1.741061461668636e-11, 2.209085521538804e-32, 1.5024679636936965e-21, 2.4277975823510873e-25, 7.394159713496311e-15, 1.6424347992760602e-11, 1.1145279550971158e-26, 2.4173018964754962e-23, 5.135296146110101e-14, 2.079534600074595e-10, 2.2071570821614898e-24, 2.2726072047679033e-28, 2.0394441797844815e-37, 9.043565767587946e-29, 8.789855398810422e-32, 1.76846575805974e-26, 1.389924974013977e-31, 1.3711366162469721e-14, 2.1719318502308927e-20, 3.413651340898507e-39, 3.0221024066137757e-31, 3.517193140399155e-16, 0.0, 1.2335262499732303e-30, 1.9593544960062794e-15, 2.592045399622282e-35, 1.2077104724632512e-34, 2.095487710566688e-40], [1.547710439808725e-06, 1.5118835960947763e-08, 1.0788615584087382e-19, 3.433029573935027e-24, 3.1542590673487674e-23, 1.0973409025401436e-18, 8.346747154219804e-22, 2.1294224161749753e-09, 1.8512883199656763e-24, 6.423887464364297e-22, 6.02294315060111e-26, 2.0171823367887174e-23, 1.759866474770888e-09, 2.9652877136043908e-24, 1.1212651251923944e-08, 4.837169725487461e-19, 4.319398622155179e-21, 2.619340821928526e-19, 9.091796759896908e-11, 1.9307290175538203e-15, 2.0241783943442115e-11, 2.450787261726562e-27, 4.3608802116068546e-06, 1.1476229038256958e-12, 9.792748014740755e-16, 8.339567630782758e-34, 1.5435337147694485e-22, 4.518465072241715e-27, 0.999988317489624, 8.408958468588133e-25, 4.238579226036442e-24, 1.795453336739812e-24, 4.6444839085779677e-08, 8.130059823648679e-32, 2.832306221153824e-12, 8.467263213273943e-15, 2.656840864747077e-16, 3.4721953099359894e-26, 5.708254775527166e-06, 4.044555435130874e-25, 1.6981118659657735e-13, 1.8014645900227624e-15, 3.926011082614799e-34, 1.8713612881526842e-09, 7.049151759134847e-15, 1.0199375286674365e-14, 1.203143894481182e-19, 6.803979783109898e-21, 7.053777854312629e-30, 4.253926172131987e-28], [2.1378707094147828e-21, 1.0000661913113878e-16, 3.124004358367369e-24, 2.3901196429477527e-23, 5.183264118607112e-27, 5.483976581230175e-29, 3.3170649382747488e-21, 4.236128401685126e-18, 2.04055084227017e-24, 2.1133929568271112e-19, 1.624148006847524e-30, 6.676504056777337e-25, 5.053641966706879e-12, 2.5717893427518924e-21, 1.4754426846952384e-11, 5.199734368943609e-05, 9.001950573850337e-11, 7.608273548936201e-14, 1.6037316186157113e-07, 1.1776805086682884e-09, 1.623243900406024e-11, 5.398599429434357e-16, 6.4181122070294805e-06, 4.197661329641278e-09, 1.208754246985823e-19, 3.624678682201399e-11, 1.106180051664617e-14, 1.7401019861140732e-11, 2.538275423180636e-10, 2.0841387282644064e-08, 7.00678271946611e-22, 1.6512638214529564e-19, 1.1523068678798154e-05, 2.898146958774411e-19, 7.153313497099134e-10, 6.80227437942878e-23, 2.7441210477263667e-05, 2.061210577219974e-11, 5.90703836756204e-14, 1.5187876461975942e-17, 0.9998989105224609, 4.544364626897675e-14, 5.751632093398283e-29, 3.4876238714787178e-06, 5.124462935177443e-26, 9.925335537812349e-17, 4.039007626618907e-13, 5.351590375753863e-21, 3.7066147425434434e-20, 6.273486585027756e-30], [3.9717258429723895e-16, 4.19641880228613e-16, 2.82935616269242e-07, 2.744595966241905e-14, 2.6182971267906374e-18, 3.677785576083892e-10, 4.1090449185571254e-14, 2.4825415681474146e-17, 2.06862749303939e-20, 1.2883446913469765e-11, 1.3442904829661512e-13, 2.0978932990350614e-15, 1.3147151224181516e-26, 2.5125964919880538e-20, 8.01257728244055e-14, 3.6430822771497816e-35, 1.5270891780317668e-31, 3.555456261067738e-30, 6.63587663547471e-24, 3.672903960419981e-34, 3.591311996992e-27, 7.340423089672107e-18, 1.3880579202366556e-36, 1.5342209511587706e-28, 2.0029683548093013e-16, 9.408067943842572e-21, 8.569059360861572e-27, 2.895361604878315e-33, 5.488545600615306e-25, 5.900748233506359e-22, 6.152589994905377e-22, 1.774604081978491e-26, 6.409157252943165e-31, 1.154763749361574e-22, 2.790015024309093e-17, 3.7904224203799686e-10, 2.5118218179573523e-19, 1.084385758076678e-06, 6.328374781670865e-13, 8.383044954253753e-21, 2.238420607544948e-33, 3.2359626089828453e-09, 2.1504915181935758e-08, 6.017984593588392e-28, 1.152502136392286e-06, 9.959951061214223e-18, 6.082558900999402e-10, 0.9999973773956299, 1.0027499541820362e-07, 2.653516961714786e-09], [5.189276523685355e-24, 1.8962370819243425e-40, 4.228016871553599e-25, 3.3762085893417106e-33, 1.0, 1.4742740361839424e-09, 9.54183360715769e-40, 1.6732222530150514e-38, 9.304296936585906e-15, 5.184804318001823e-43, 3.513930657345185e-18, 2.3500049562558134e-12, 2.2167554832767315e-35, 6.4990453856265494e-21, 0.0, 0.0, 0.0, 0.0, 0.0, 6.0666487619666716e-31, 4.830032819131853e-35, 1.2611686178923354e-43, 0.0, 0.0, 4.4762613892017134e-20, 0.0, 5.177927542773249e-31, 4.47995119044644e-42, 0.0, 0.0, 7.190750772601007e-11, 5.400969168428693e-12, 0.0, 4.4446805080993845e-40, 0.0, 4.1625849891523545e-22, 0.0, 0.0, 1.1532296800420162e-38, 7.856217634580838e-24, 0.0, 0.0, 4.819910529724192e-12, 0.0, 5.756578648858182e-30, 7.386970505539081e-30, 2.3078534956307696e-32, 1.9646209833384812e-25, 1.4802015675321457e-36, 1.3862088560356867e-11], [0.0, 0.0, 0.0, 1.177465383388189e-23, 7.357381648805648e-16, 2.312422725828813e-41, 3.225116441612853e-40, 2.6624670822171524e-44, 1.0, 5.773349673018246e-43, 6.872358183770454e-19, 5.84753200483149e-34, 2.786655962518085e-28, 2.3565954592690254e-26, 0.0, 0.0, 1.5995641258817828e-36, 6.6189270714575185e-25, 0.0, 1.0177756876848894e-31, 0.0, 0.0, 0.0, 0.0, 0.0, 0.0, 0.0, 7.291678525246487e-20, 0.0, 0.0, 4.565548105841257e-39, 6.16177085483588e-13, 0.0, 7.449335545559575e-16, 0.0, 0.0, 0.0, 0.0, 0.0, 2.0593130774505248e-18, 0.0, 0.0, 1.2611686178923354e-44, 0.0, 0.0, 3.8609488110950296e-32, 0.0, 0.0, 2.802596928649634e-45, 2.0348039116895444e-23]], "matchingNumbers": [], "labels": [1, 2, 3, 4, 5, 6, 7, 8, 9, 10, 11, 12, 13, 14, 15, 16, 17, 18, 19, 20, 21, 22, 23, 24, 25, 26, 27, 28, 29, 30, 31, 32, 33, 34, 35, 36, 37, 38, 39, 40, 41, 42, 43, 44, 45, 46, 47, 48, 49, 50]}