{"currentPredictionRaw": [], "currentPrediction": [], "realResult": [], "newPrediction": [[3, 19, 29, 35, 37, 1, 9], [2, 41, 37, 18, 43, 43, 11], [34, 38, 13, 20, 49, 37, 22], [4, 47, 36, 6, 13, 11, 3], [9, 23, 48, 49, 29, 48, 6], [8, 21, 1, 33, 1, 36, 8], [10, 28, 49, 16, 11, 8, 49], [6, 24, 35, 29, 18, 17, 10], [50, 32, 40, 13, 14, 29, 34], [46, 39, 18, 31, 36, 5, 4]], "newPredictionRaw": [[1.583651116795029e-29, 3.162318989780033e-06, 0.9999966621398926, 2.083861438961776e-08, 5.984805611284861e-41, 1.3735184517188275e-15, 8.437032221713476e-21, 9.733577659154502e-12, 1.9244247084770905e-08, 2.7332641900669474e-13, 1.199086719736758e-24, 1.2335721287830589e-33, 0.0, 0.0, 1.3158220497822434e-20, 0.0, 0.0, 1.401298464324817e-45, 0.0, 3.4787794896249314e-40, 0.0, 1.617260959607299e-27, 0.0, 0.0, 1.9652429508584414e-26, 1.0019284019922442e-42, 0.0, 0.0, 6.80680583292803e-31, 0.0, 5.6236213217715704e-21, 6.397553926108282e-37, 6.654366832513847e-27, 1.6677117287144938e-07, 7.231345134529763e-29, 8.894271820704406e-35, 2.1019476964872256e-44, 0.0, 0.0, 0.0, 0.0, 2.1485127976962283e-28, 0.0, 0.0, 0.0, 9.027997193185209e-20, 0.0, 2.8166099132928823e-43, 4.8268586317363276e-31, 8.763243391870891e-17], [9.569378709843222e-18, 6.991650639519287e-13, 1.4351442279171957e-15, 1.5228005488532315e-12, 6.5037263768941145e-12, 5.012739287785055e-15, 3.433692132709387e-13, 3.79846207723797e-16, 9.62143983632331e-16, 2.9706393078318054e-16, 9.429793635836124e-18, 1.176670116594461e-13, 4.5591743203540584e-15, 5.302740646584425e-07, 1.2230872564744644e-11, 2.0183018396759816e-13, 2.2161147462745282e-15, 1.5583627053714078e-12, 0.9212169647216797, 6.093168504472946e-13, 0.0003097000590059906, 3.914369696433884e-12, 0.004511682316660881, 3.378613655513618e-06, 9.229731101579805e-14, 2.930045184257324e-08, 2.9150629643481807e-07, 7.01959288562648e-05, 2.518004786241033e-17, 7.042487482067372e-08, 4.125438055405106e-14, 1.486726773691771e-06, 1.3723757373573786e-12, 3.847298423556407e-17, 6.404305661093443e-14, 2.9810149320400785e-16, 3.7945662550761925e-16, 0.012309576384723186, 1.3624637631437508e-06, 1.0093281765932716e-08, 0.05700043588876724, 7.211021824105046e-08, 7.776633226264096e-10, 3.240110757474213e-08, 9.615616081148914e-10, 5.5543254023904254e-11, 0.004574172664433718, 1.0786286956925711e-13, 7.973627658207187e-15, 9.047467774969675e-10], [4.79008166465178e-10, 4.80215339920821e-34, 1.132129776473278e-31, 5.786942268122197e-41, 1.8045303723188023e-20, 3.6890274115423094e-25, 0.0, 1.3171761858040233e-17, 2.1862608007920938e-32, 1.571149111300039e-36, 1.779757049680572e-18, 1.8819438375882293e-42, 4.388168974855944e-07, 9.538894958770929e-20, 0.0, 5.01741037763472e-20, 3.376553544036431e-30, 1.7533039907077774e-15, 9.80908925027372e-45, 3.9260972219821055e-24, 0.0, 3.3998451318566544e-37, 0.0, 0.0, 0.0, 4.119817485114962e-42, 3.1885440386398017e-34, 2.7814703449500436e-33, 0.999997615814209, 8.272109048117882e-23, 4.764414778704378e-44, 0.0, 1.9529834766736705e-31, 0.0, 6.458914891642464e-14, 1.1315903769570923e-08, 1.8755085875454824e-06, 3.382097518650165e-37, 1.5300384162161632e-33, 8.553632621806622e-15, 1.2345439470701638e-42, 0.0, 5.2089965304963007e-17, 1.126262404118417e-17, 4.756341048148806e-18, 0.0, 4.0791735482506084e-27, 7.123274747833364e-10, 2.185935758574828e-13, 0.0], [1.5181684689528116e-31, 1.4119676145205548e-37, 4.0312244253897376e-25, 3.226077402521003e-29, 2.90909561193832e-42, 7.988884553888909e-10, 0.0, 1.0102594319848277e-28, 1.1620189346613279e-24, 1.7095841264762768e-43, 7.243655604585984e-25, 0.0, 6.810551207041461e-17, 6.899778972518747e-31, 1.3292776647640102e-37, 4.4173640982060614e-13, 0.0, 1.69603772519622e-05, 1.742779475663477e-33, 3.766525367154827e-07, 8.393777801305654e-43, 6.845492294515269e-21, 2.12964576193307e-39, 7.006492321624085e-45, 2.0367115412742663e-29, 3.5085746725083563e-28, 1.9246409579940564e-26, 1.6554014984469606e-26, 3.1341835187272474e-14, 1.6514442531914402e-40, 6.126284905024935e-17, 0.0, 1.4953139421125528e-11, 1.4378208726121748e-26, 0.9999827146530151, 1.7464948459644415e-31, 2.026531702979895e-18, 3.9037800048823536e-35, 2.802596928649634e-45, 4.1067532021860134e-32, 4.2284286224396284e-32, 3.403894099691413e-41, 6.840087049649528e-29, 1.539466492907244e-41, 9.80252129235199e-24, 1.1210387714598537e-44, 7.418972727983156e-32, 6.367815906410012e-35, 6.513994899037812e-11, 2.1216275321202033e-38], [0.0006700614467263222, 1.6300223323884033e-11, 1.3819059785369348e-10, 1.1369535955069177e-12, 1.5936926223147907e-09, 6.048116318879693e-08, 1.3035023906614318e-14, 5.92695357681805e-07, 2.4633187933886802e-08, 1.320456244346957e-10, 0.0005265927175059915, 1.424992665099295e-13, 0.0012437060941010714, 4.050727511639707e-06, 1.4651952553752583e-18, 4.2318148985032167e-10, 1.899147292760972e-07, 0.00027141100144945085, 2.4112001983125865e-15, 4.2134359889978157e-10, 6.970344060428925e-20, 1.8002151591645088e-06, 1.563076054246541e-17, 3.709960686777052e-15, 8.052785904682976e-17, 8.45446454544093e-15, 8.993081886815579e-13, 4.1276196870165816e-12, 0.0007938992348499596, 5.106632627871477e-08, 3.597657924608172e-14, 2.0430554628962544e-19, 1.2921473786786652e-11, 7.583449554351019e-15, 1.5715944101657442e-08, 2.5305114377260907e-06, 0.991969645023346, 1.2121334751896695e-12, 8.028666273474094e-12, 1.2577515917655546e-06, 5.308901816693679e-16, 1.1218544413521832e-17, 0.0026072743348777294, 6.84000744932689e-10, 1.041864720718877e-06, 4.507628992289625e-11, 2.34709890412077e-10, 1.5366869092758861e-06, 0.001904144650325179, 6.258473184410796e-15], [0.9999974966049194, 1.7611949535605817e-21, 3.695165920350335e-26, 7.760890406094971e-29, 4.689417917972142e-15, 4.5800583340896605e-28, 2.6648334681728772e-31, 1.292682627607178e-10, 5.8631470585521416e-21, 1.4386599217100166e-18, 3.5168210565927893e-09, 4.6490176385661455e-24, 2.3049649796828394e-22, 5.7153367013714916e-24, 2.802596928649634e-45, 4.00776965990755e-40, 5.697426211370704e-11, 4.77489763691902e-27, 0.0, 2.6737655835791877e-37, 0.0, 7.941439855893674e-24, 0.0, 2.81079312336747e-39, 2.802596928649634e-45, 1.3368387349658755e-42, 1.720093864958713e-41, 6.354187886480883e-41, 6.535028594656378e-13, 2.282987884963692e-18, 3.2229864679470793e-44, 0.0, 7.622895041695777e-37, 1.3289914635656565e-40, 1.0463049502730257e-33, 9.150548652137047e-10, 1.7033114829700935e-07, 3.0829265743339367e-36, 9.4010181100805e-25, 1.7744516505436387e-15, 0.0, 2.9881568712955264e-40, 2.3985785446711816e-06, 9.762829552695226e-20, 3.2370678476081705e-24, 6.928364171025315e-24, 2.5168144672009503e-30, 3.408028304008326e-09, 2.2477231902170862e-17, 3.16732133302227e-31], [1.0260341080277395e-18, 9.049276491991318e-16, 6.357170434512227e-08, 2.7398253072763792e-14, 1.1850549999441854e-34, 6.90790891155757e-09, 3.767269497715063e-22, 1.470909782863572e-10, 0.9999990463256836, 3.256357856973313e-12, 7.445186156473937e-07, 2.0221777540976035e-26, 7.413921531684683e-38, 2.0879347118439774e-43, 2.581118070699406e-29, 0.0, 6.351995099083523e-23, 1.795523352878316e-21, 0.0, 2.094833201173838e-31, 1.1210387714598537e-44, 9.39824573720216e-08, 2.621268907366003e-41, 1.812044020962249e-36, 1.7958953145508896e-26, 1.0303199375379585e-35, 0.0, 0.0, 1.437483837953395e-24, 4.794625372296757e-39, 1.8937423312952262e-18, 4.3230057624420607e-42, 8.907410092313345e-25, 4.864929531271656e-13, 9.165514533664213e-25, 6.579459978072217e-29, 7.651694508134701e-21, 0.0, 0.0, 8.057466169867698e-43, 0.0, 4.559551109830164e-34, 2.1074049304430008e-27, 0.0, 4.203895392974451e-45, 1.4847864149118706e-14, 0.0, 5.8797751748959315e-36, 1.3008214297394183e-11, 5.452328010380477e-25]], "matchingNumbers": [], "labels": [1, 2, 3, 4, 5, 6, 7, 8, 9, 10, 11, 12, 13, 14, 15, 16, 17, 18, 19, 20, 21, 22, 23, 24, 25, 26, 27, 28, 29, 30, 31, 32, 33, 34, 35, 36, 37, 38, 39, 40, 41, 42, 43, 44, 45, 46, 47, 48, 49, 50]}