date;model;symbol;predicted_bin;actual_bin;return;hit_exact;hit_adjacent;hit_direction;pnl;pnl_cash
2026-03-15;Autoencoder Model;BTC;4;8;0.09870699;0;0;0;0.00000000;0.0000
2026-03-15;Autoencoder Model;ETH;5;8;0.11735275;0;0;1;0.11635275;12.2392
2026-03-15;Autoencoder Model;BNB;4;8;0.09618920;0;0;0;0.00000000;0.0000
2026-03-15;Autoencoder Model;XRP;3;8;0.07799699;0;0;0;0.00000000;0.0000
2026-03-15;Autoencoder Model;SOL;3;8;0.12333744;0;0;0;0.00000000;0.0000
2026-03-15;CatBoost Model;BTC;4;8;0.09870699;0;0;0;0.00000000;0.0000
2026-03-15;CatBoost Model;ETH;5;8;0.11735275;0;0;1;0.11635275;12.2392
2026-03-15;CatBoost Model;BNB;3;8;0.09618920;0;0;0;0.00000000;0.0000
2026-03-15;CatBoost Model;XRP;3;8;0.07799699;0;0;0;0.00000000;0.0000
2026-03-15;CatBoost Model;SOL;5;8;0.12333744;0;0;1;0.12233744;12.9135
2026-03-15;GARCH Model;BTC;7;8;0.09870699;0;1;1;0.09770699;10.1639
2026-03-15;GARCH Model;ETH;6;8;0.11735275;0;0;1;0.11635275;12.2392
2026-03-15;GARCH Model;BNB;5;8;0.09618920;0;0;1;0.09518920;9.8866
2026-03-15;GARCH Model;XRP;5;8;0.07799699;0;0;1;0.07699699;7.9038
2026-03-15;GARCH Model;SOL;5;8;0.12333744;0;0;1;0.12233744;12.9135
2026-03-15;GNN Model;BTC;4;8;0.09870699;0;0;0;0.00000000;0.0000
2026-03-15;GNN Model;ETH;5;8;0.11735275;0;0;1;0.11635275;12.2392
2026-03-15;GNN Model;BNB;4;8;0.09618920;0;0;0;0.00000000;0.0000
2026-03-15;GNN Model;XRP;3;8;0.07799699;0;0;0;0.00000000;0.0000
2026-03-15;GNN Model;SOL;3;8;0.12333744;0;0;0;0.00000000;0.0000
2026-03-15;LaplaceMonteCarlo Model;BTC;5;8;0.09870699;0;0;1;0.09770699;10.1639
2026-03-15;LaplaceMonteCarlo Model;ETH;2;8;0.11735275;0;0;0;0.00000000;0.0000
2026-03-15;LaplaceMonteCarlo Model;BNB;3;8;0.09618920;0;0;0;0.00000000;0.0000
2026-03-15;LaplaceMonteCarlo Model;XRP;5;8;0.07799699;0;0;1;0.07699699;7.9038
2026-03-15;LaplaceMonteCarlo Model;SOL;3;8;0.12333744;0;0;0;0.00000000;0.0000
2026-03-15;LightGBM Model;BTC;4;8;0.09870699;0;0;0;0.00000000;0.0000
2026-03-15;LightGBM Model;ETH;5;8;0.11735275;0;0;1;0.11635275;12.2392
2026-03-15;LightGBM Model;BNB;3;8;0.09618920;0;0;0;0.00000000;0.0000
2026-03-15;LightGBM Model;XRP;3;8;0.07799699;0;0;0;0.00000000;0.0000
2026-03-15;LightGBM Model;SOL;5;8;0.12333744;0;0;1;0.12233744;12.9135
2026-03-15;Markov Model;BTC;4;8;0.09870699;0;0;0;0.00000000;0.0000
2026-03-15;Markov Model;ETH;5;8;0.11735275;0;0;1;0.11635275;12.2392
2026-03-15;Markov Model;BNB;4;8;0.09618920;0;0;0;0.00000000;0.0000
2026-03-15;Markov Model;XRP;3;8;0.07799699;0;0;0;0.00000000;0.0000
2026-03-15;Markov Model;SOL;5;8;0.12333744;0;0;1;0.12233744;12.9135
2026-03-15;MarkovMonteCarlo Model;BTC;4;8;0.09870699;0;0;0;0.00000000;0.0000
2026-03-15;MarkovMonteCarlo Model;ETH;5;8;0.11735275;0;0;1;0.11635275;12.2392
2026-03-15;MarkovMonteCarlo Model;BNB;4;8;0.09618920;0;0;0;0.00000000;0.0000
2026-03-15;MarkovMonteCarlo Model;XRP;3;8;0.07799699;0;0;0;0.00000000;0.0000
2026-03-15;MarkovMonteCarlo Model;SOL;5;8;0.12333744;0;0;1;0.12233744;12.9135
2026-03-15;OrderStatistics Baseline;BTC;4;8;0.09870699;0;0;0;0.00000000;0.0000
2026-03-15;OrderStatistics Baseline;ETH;5;8;0.11735275;0;0;1;0.11635275;12.2392
2026-03-15;OrderStatistics Baseline;BNB;3;8;0.09618920;0;0;0;0.00000000;0.0000
2026-03-15;OrderStatistics Baseline;XRP;6;8;0.07799699;0;0;1;0.07699699;7.9038
2026-03-15;OrderStatistics Baseline;SOL;7;8;0.12333744;0;1;1;0.12233744;12.9135
2026-03-15;PoissonMonteCarlo Model;BTC;1;8;0.09870699;0;0;0;0.00000000;0.0000
2026-03-15;PoissonMonteCarlo Model;ETH;1;8;0.11735275;0;0;0;0.00000000;0.0000
2026-03-15;PoissonMonteCarlo Model;BNB;5;8;0.09618920;0;0;1;0.09518920;9.8866
2026-03-15;PoissonMonteCarlo Model;XRP;3;8;0.07799699;0;0;0;0.00000000;0.0000
2026-03-15;PoissonMonteCarlo Model;SOL;5;8;0.12333744;0;0;1;0.12233744;12.9135
2026-03-15;RL Position Model;BTC;4;8;0.09870699;0;0;0;0.00000000;0.0000
2026-03-15;RL Position Model;ETH;5;8;0.11735275;0;0;1;0.11635275;12.2392
2026-03-15;RL Position Model;BNB;3;8;0.09618920;0;0;0;0.00000000;0.0000
2026-03-15;RL Position Model;XRP;3;8;0.07799699;0;0;0;0.00000000;0.0000
2026-03-15;RL Position Model;SOL;5;8;0.12333744;0;0;1;0.12233744;12.9135
2026-03-15;Regime HMM Model;BTC;1;8;0.09870699;0;0;0;0.00000000;0.0000
2026-03-15;Regime HMM Model;ETH;9;8;0.11735275;0;1;1;0.11635275;12.2392
2026-03-15;Regime HMM Model;BNB;7;8;0.09618920;0;1;1;0.09518920;9.8866
2026-03-15;Regime HMM Model;XRP;8;8;0.07799699;1;1;1;0.07699699;7.9038
2026-03-15;Regime HMM Model;SOL;8;8;0.12333744;1;1;1;0.12233744;12.9135
2026-03-15;Regime HMM Single Model;BTC;1;8;0.09870699;0;0;0;0.00000000;0.0000
2026-03-15;Regime HMM Single Model;ETH;6;8;0.11735275;0;0;1;0.11635275;12.2392
2026-03-15;Regime HMM Single Model;BNB;1;8;0.09618920;0;0;0;0.00000000;0.0000
2026-03-15;Regime HMM Single Model;XRP;8;8;0.07799699;1;1;1;0.07699699;7.9038
2026-03-15;Regime HMM Single Model;SOL;8;8;0.12333744;1;1;1;0.12233744;12.9135
2026-03-15;Regime HMM ZeroMean Model;BTC;1;8;0.09870699;0;0;0;0.00000000;0.0000
2026-03-15;Regime HMM ZeroMean Model;ETH;2;8;0.11735275;0;0;0;0.00000000;0.0000
2026-03-15;Regime HMM ZeroMean Model;BNB;1;8;0.09618920;0;0;0;0.00000000;0.0000
2026-03-15;Regime HMM ZeroMean Model;XRP;5;8;0.07799699;0;0;1;0.07699699;7.9038
2026-03-15;Regime HMM ZeroMean Model;SOL;5;8;0.12333744;0;0;1;0.12233744;12.9135
2026-03-15;Transformer Model;BTC;4;8;0.09870699;0;0;0;0.00000000;0.0000
2026-03-15;Transformer Model;ETH;5;8;0.11735275;0;0;1;0.11635275;12.2392
2026-03-15;Transformer Model;BNB;4;8;0.09618920;0;0;0;0.00000000;0.0000
2026-03-15;Transformer Model;XRP;2;8;0.07799699;0;0;0;0.00000000;0.0000
2026-03-15;Transformer Model;SOL;3;8;0.12333744;0;0;0;0.00000000;0.0000
2026-03-15;WeightedEnsemble Model;BTC;4;8;0.09870699;0;0;0;0.00000000;0.0000
2026-03-15;WeightedEnsemble Model;ETH;5;8;0.11735275;0;0;1;0.11635275;12.2392
2026-03-15;WeightedEnsemble Model;BNB;3;8;0.09618920;0;0;0;0.00000000;0.0000
2026-03-15;WeightedEnsemble Model;XRP;3;8;0.07799699;0;0;0;0.00000000;0.0000
2026-03-15;WeightedEnsemble Model;SOL;5;8;0.12333744;0;0;1;0.12233744;12.9135
2026-03-15;XGBoost Model;BTC;4;8;0.09870699;0;0;0;0.00000000;0.0000
2026-03-15;XGBoost Model;ETH;5;8;0.11735275;0;0;1;0.11635275;12.2392
2026-03-15;XGBoost Model;BNB;3;8;0.09618920;0;0;0;0.00000000;0.0000
2026-03-15;XGBoost Model;XRP;3;8;0.07799699;0;0;0;0.00000000;0.0000
2026-03-15;XGBoost Model;SOL;3;8;0.12333744;0;0;0;0.00000000;0.0000
2026-03-22;Autoencoder Model;BTC;4;1;-0.07049325;0;0;1;0.00000000;0.0000
2026-03-22;Autoencoder Model;ETH;5;2;-0.05880920;0;0;0;-0.05980920;-5.9056
2026-03-22;Autoencoder Model;BNB;4;1;-0.07288370;0;0;1;0.00000000;0.0000
2026-03-22;Autoencoder Model;XRP;3;3;-0.04511088;1;1;1;0.00000000;0.0000
2026-03-22;Autoencoder Model;SOL;3;2;-0.06837396;0;1;1;0.00000000;0.0000
2026-03-22;CatBoost Model;BTC;4;1;-0.07049325;0;0;1;0.00000000;0.0000
2026-03-22;CatBoost Model;ETH;4;2;-0.05880920;0;0;1;0.00000000;0.0000
2026-03-22;CatBoost Model;BNB;5;1;-0.07288370;0;0;0;-0.07388370;-7.2221
2026-03-22;CatBoost Model;XRP;3;3;-0.04511088;1;1;1;0.00000000;0.0000
2026-03-22;CatBoost Model;SOL;4;2;-0.06837396;0;0;1;0.00000000;0.0000
2026-03-22;GARCH Model;BTC;7;1;-0.07049325;0;0;0;-0.07149325;-6.9998
2026-03-22;GARCH Model;ETH;6;2;-0.05880920;0;0;0;-0.05980920;-5.9056
2026-03-22;GARCH Model;BNB;5;1;-0.07288370;0;0;0;-0.07388370;-7.2221
2026-03-22;GARCH Model;XRP;5;3;-0.04511088;0;0;0;-0.04611088;-4.6064
2026-03-22;GARCH Model;SOL;5;2;-0.06837396;0;0;0;-0.06937396;-6.8023
2026-03-22;GNN Model;BTC;4;1;-0.07049325;0;0;1;0.00000000;0.0000
2026-03-22;GNN Model;ETH;5;2;-0.05880920;0;0;0;-0.05980920;-5.9056
2026-03-22;GNN Model;BNB;4;1;-0.07288370;0;0;1;0.00000000;0.0000
2026-03-22;GNN Model;XRP;3;3;-0.04511088;1;1;1;0.00000000;0.0000
2026-03-22;GNN Model;SOL;3;2;-0.06837396;0;1;1;0.00000000;0.0000
2026-03-22;LaplaceMonteCarlo Model;BTC;3;1;-0.07049325;0;0;1;0.00000000;0.0000
2026-03-22;LaplaceMonteCarlo Model;ETH;2;2;-0.05880920;1;1;1;0.00000000;0.0000
2026-03-22;LaplaceMonteCarlo Model;BNB;4;1;-0.07288370;0;0;1;0.00000000;0.0000
2026-03-22;LaplaceMonteCarlo Model;XRP;5;3;-0.04511088;0;0;0;-0.04611088;-4.6064
2026-03-22;LaplaceMonteCarlo Model;SOL;5;2;-0.06837396;0;0;0;-0.06937396;-6.8023
2026-03-22;LightGBM Model;BTC;5;1;-0.07049325;0;0;0;-0.07149325;-6.9998
2026-03-22;LightGBM Model;ETH;3;2;-0.05880920;0;1;1;0.00000000;0.0000
2026-03-22;LightGBM Model;BNB;5;1;-0.07288370;0;0;0;-0.07388370;-7.2221
2026-03-22;LightGBM Model;XRP;3;3;-0.04511088;1;1;1;0.00000000;0.0000
2026-03-22;LightGBM Model;SOL;4;2;-0.06837396;0;0;1;0.00000000;0.0000
2026-03-22;Markov Model;BTC;4;1;-0.07049325;0;0;1;0.00000000;0.0000
2026-03-22;Markov Model;ETH;4;2;-0.05880920;0;0;1;0.00000000;0.0000
2026-03-22;Markov Model;BNB;5;1;-0.07288370;0;0;0;-0.07388370;-7.2221
2026-03-22;Markov Model;XRP;3;3;-0.04511088;1;1;1;0.00000000;0.0000
2026-03-22;Markov Model;SOL;5;2;-0.06837396;0;0;0;-0.06937396;-6.8023
2026-03-22;MarkovMonteCarlo Model;BTC;4;1;-0.07049325;0;0;1;0.00000000;0.0000
2026-03-22;MarkovMonteCarlo Model;ETH;5;2;-0.05880920;0;0;0;-0.05980920;-5.9056
2026-03-22;MarkovMonteCarlo Model;BNB;4;1;-0.07288370;0;0;1;0.00000000;0.0000
2026-03-22;MarkovMonteCarlo Model;XRP;3;3;-0.04511088;1;1;1;0.00000000;0.0000
2026-03-22;MarkovMonteCarlo Model;SOL;5;2;-0.06837396;0;0;0;-0.06937396;-6.8023
2026-03-22;OrderStatistics Baseline;BTC;4;1;-0.07049325;0;0;1;0.00000000;0.0000
2026-03-22;OrderStatistics Baseline;ETH;5;2;-0.05880920;0;0;0;-0.05980920;-5.9056
2026-03-22;OrderStatistics Baseline;BNB;3;1;-0.07288370;0;0;1;0.00000000;0.0000
2026-03-22;OrderStatistics Baseline;XRP;6;3;-0.04511088;0;0;0;-0.04611088;-4.6064
2026-03-22;OrderStatistics Baseline;SOL;7;2;-0.06837396;0;0;0;-0.06937396;-6.8023
2026-03-22;PoissonMonteCarlo Model;BTC;1;1;-0.07049325;1;1;1;0.00000000;0.0000
2026-03-22;PoissonMonteCarlo Model;ETH;1;2;-0.05880920;0;1;1;0.00000000;0.0000
2026-03-22;PoissonMonteCarlo Model;BNB;5;1;-0.07288370;0;0;0;-0.07388370;-7.2221
2026-03-22;PoissonMonteCarlo Model;XRP;6;3;-0.04511088;0;0;0;-0.04611088;-4.6064
2026-03-22;PoissonMonteCarlo Model;SOL;5;2;-0.06837396;0;0;0;-0.06937396;-6.8023
2026-03-22;RL Position Model;BTC;4;1;-0.07049325;0;0;1;0.00000000;0.0000
2026-03-22;RL Position Model;ETH;2;2;-0.05880920;1;1;1;0.00000000;0.0000
2026-03-22;RL Position Model;BNB;5;1;-0.07288370;0;0;0;-0.07388370;-7.2221
2026-03-22;RL Position Model;XRP;3;3;-0.04511088;1;1;1;0.00000000;0.0000
2026-03-22;RL Position Model;SOL;5;2;-0.06837396;0;0;0;-0.06937396;-6.8023
2026-03-22;Regime HMM Model;BTC;1;1;-0.07049325;1;1;1;0.00000000;0.0000
2026-03-22;Regime HMM Model;ETH;2;2;-0.05880920;1;1;1;0.00000000;0.0000
2026-03-22;Regime HMM Model;BNB;1;1;-0.07288370;1;1;1;0.00000000;0.0000
2026-03-22;Regime HMM Model;XRP;8;3;-0.04511088;0;0;0;-0.04611088;-4.6064
2026-03-22;Regime HMM Model;SOL;8;2;-0.06837396;0;0;0;-0.06937396;-6.8023
2026-03-22;Regime HMM Single Model;BTC;1;1;-0.07049325;1;1;1;0.00000000;0.0000
2026-03-22;Regime HMM Single Model;ETH;2;2;-0.05880920;1;1;1;0.00000000;0.0000
2026-03-22;Regime HMM Single Model;BNB;1;1;-0.07288370;1;1;1;0.00000000;0.0000
2026-03-22;Regime HMM Single Model;XRP;8;3;-0.04511088;0;0;0;-0.04611088;-4.6064
2026-03-22;Regime HMM Single Model;SOL;8;2;-0.06837396;0;0;0;-0.06937396;-6.8023
2026-03-22;Regime HMM ZeroMean Model;BTC;1;1;-0.07049325;1;1;1;0.00000000;0.0000
2026-03-22;Regime HMM ZeroMean Model;ETH;2;2;-0.05880920;1;1;1;0.00000000;0.0000
2026-03-22;Regime HMM ZeroMean Model;BNB;1;1;-0.07288370;1;1;1;0.00000000;0.0000
2026-03-22;Regime HMM ZeroMean Model;XRP;5;3;-0.04511088;0;0;0;-0.04611088;-4.6064
2026-03-22;Regime HMM ZeroMean Model;SOL;5;2;-0.06837396;0;0;0;-0.06937396;-6.8023
2026-03-22;Transformer Model;BTC;4;1;-0.07049325;0;0;1;0.00000000;0.0000
2026-03-22;Transformer Model;ETH;1;2;-0.05880920;0;1;1;0.00000000;0.0000
2026-03-22;Transformer Model;BNB;4;1;-0.07288370;0;0;1;0.00000000;0.0000
2026-03-22;Transformer Model;XRP;6;3;-0.04511088;0;0;0;-0.04611088;-4.6064
2026-03-22;Transformer Model;SOL;3;2;-0.06837396;0;1;1;0.00000000;0.0000
2026-03-22;WeightedEnsemble Model;BTC;4;1;-0.07049325;0;0;1;0.00000000;0.0000
2026-03-22;WeightedEnsemble Model;ETH;3;2;-0.05880920;0;1;1;0.00000000;0.0000
2026-03-22;WeightedEnsemble Model;BNB;5;1;-0.07288370;0;0;0;-0.07388370;-7.2221
2026-03-22;WeightedEnsemble Model;XRP;3;3;-0.04511088;1;1;1;0.00000000;0.0000
2026-03-22;WeightedEnsemble Model;SOL;5;2;-0.06837396;0;0;0;-0.06937396;-6.8023
2026-03-22;XGBoost Model;BTC;3;1;-0.07049325;0;0;1;0.00000000;0.0000
2026-03-22;XGBoost Model;ETH;3;2;-0.05880920;0;1;1;0.00000000;0.0000
2026-03-22;XGBoost Model;BNB;5;1;-0.07288370;0;0;0;-0.07388370;-7.2221
2026-03-22;XGBoost Model;XRP;3;3;-0.04511088;1;1;1;0.00000000;0.0000
2026-03-22;XGBoost Model;SOL;4;2;-0.06837396;0;0;1;0.00000000;0.0000
2026-03-29;Autoencoder Model;BTC;4;2;-0.02761169;0;0;1;0.00000000;0.0000
2026-03-29;Autoencoder Model;ETH;5;3;-0.03429802;0;0;0;-0.03529802;-3.5683
2026-03-29;Autoencoder Model;BNB;4;2;-0.03297662;0;0;1;0.00000000;0.0000
2026-03-29;Autoencoder Model;XRP;3;3;-0.04203229;1;1;1;0.00000000;0.0000
2026-03-29;Autoencoder Model;SOL;5;3;-0.05680362;0;0;0;-0.05780362;-5.7165
2026-03-29;CatBoost Model;BTC;4;2;-0.02761169;0;0;1;0.00000000;0.0000
2026-03-29;CatBoost Model;ETH;4;3;-0.03429802;0;1;1;0.00000000;0.0000
2026-03-29;CatBoost Model;BNB;6;2;-0.03297662;0;0;0;-0.03397662;-3.4406
2026-03-29;CatBoost Model;XRP;8;3;-0.04203229;0;0;0;-0.04303229;-4.3120
2026-03-29;CatBoost Model;SOL;5;3;-0.05680362;0;0;0;-0.05780362;-5.7165
2026-03-29;GARCH Model;BTC;7;2;-0.02761169;0;0;0;-0.02861169;-2.9207
2026-03-29;GARCH Model;ETH;6;3;-0.03429802;0;0;0;-0.03529802;-3.5683
2026-03-29;GARCH Model;BNB;5;2;-0.03297662;0;0;0;-0.03397662;-3.4406
2026-03-29;GARCH Model;XRP;5;3;-0.04203229;0;0;0;-0.04303229;-4.3120
2026-03-29;GARCH Model;SOL;5;3;-0.05680362;0;0;0;-0.05780362;-5.7165
2026-03-29;GNN Model;BTC;4;2;-0.02761169;0;0;1;0.00000000;0.0000
2026-03-29;GNN Model;ETH;5;3;-0.03429802;0;0;0;-0.03529802;-3.5683
2026-03-29;GNN Model;BNB;4;2;-0.03297662;0;0;1;0.00000000;0.0000
2026-03-29;GNN Model;XRP;3;3;-0.04203229;1;1;1;0.00000000;0.0000
2026-03-29;GNN Model;SOL;5;3;-0.05680362;0;0;0;-0.05780362;-5.7165
2026-03-29;LaplaceMonteCarlo Model;BTC;5;2;-0.02761169;0;0;0;-0.02861169;-2.9207
2026-03-29;LaplaceMonteCarlo Model;ETH;3;3;-0.03429802;1;1;1;0.00000000;0.0000
2026-03-29;LaplaceMonteCarlo Model;BNB;3;2;-0.03297662;0;1;1;0.00000000;0.0000
2026-03-29;LaplaceMonteCarlo Model;XRP;4;3;-0.04203229;0;1;1;0.00000000;0.0000
2026-03-29;LaplaceMonteCarlo Model;SOL;4;3;-0.05680362;0;1;1;0.00000000;0.0000
2026-03-29;LightGBM Model;BTC;4;2;-0.02761169;0;0;1;0.00000000;0.0000
2026-03-29;LightGBM Model;ETH;4;3;-0.03429802;0;1;1;0.00000000;0.0000
2026-03-29;LightGBM Model;BNB;3;2;-0.03297662;0;1;1;0.00000000;0.0000
2026-03-29;LightGBM Model;XRP;3;3;-0.04203229;1;1;1;0.00000000;0.0000
2026-03-29;LightGBM Model;SOL;5;3;-0.05680362;0;0;0;-0.05780362;-5.7165
2026-03-29;Markov Model;BTC;4;2;-0.02761169;0;0;1;0.00000000;0.0000
2026-03-29;Markov Model;ETH;5;3;-0.03429802;0;0;0;-0.03529802;-3.5683
2026-03-29;Markov Model;BNB;4;2;-0.03297662;0;0;1;0.00000000;0.0000
2026-03-29;Markov Model;XRP;3;3;-0.04203229;1;1;1;0.00000000;0.0000
2026-03-29;Markov Model;SOL;5;3;-0.05680362;0;0;0;-0.05780362;-5.7165
2026-03-29;MarkovMonteCarlo Model;BTC;4;2;-0.02761169;0;0;1;0.00000000;0.0000
2026-03-29;MarkovMonteCarlo Model;ETH;5;3;-0.03429802;0;0;0;-0.03529802;-3.5683
2026-03-29;MarkovMonteCarlo Model;BNB;4;2;-0.03297662;0;0;1;0.00000000;0.0000
2026-03-29;MarkovMonteCarlo Model;XRP;3;3;-0.04203229;1;1;1;0.00000000;0.0000
2026-03-29;MarkovMonteCarlo Model;SOL;5;3;-0.05680362;0;0;0;-0.05780362;-5.7165
2026-03-29;OrderStatistics Baseline;BTC;4;2;-0.02761169;0;0;1;0.00000000;0.0000
2026-03-29;OrderStatistics Baseline;ETH;5;3;-0.03429802;0;0;0;-0.03529802;-3.5683
2026-03-29;OrderStatistics Baseline;BNB;3;2;-0.03297662;0;1;1;0.00000000;0.0000
2026-03-29;OrderStatistics Baseline;XRP;6;3;-0.04203229;0;0;0;-0.04303229;-4.3120
2026-03-29;OrderStatistics Baseline;SOL;7;3;-0.05680362;0;0;0;-0.05780362;-5.7165
2026-03-29;PoissonMonteCarlo Model;BTC;2;2;-0.02761169;1;1;1;0.00000000;0.0000
2026-03-29;PoissonMonteCarlo Model;ETH;1;3;-0.03429802;0;0;1;0.00000000;0.0000
2026-03-29;PoissonMonteCarlo Model;BNB;5;2;-0.03297662;0;0;0;-0.03397662;-3.4406
2026-03-29;PoissonMonteCarlo Model;XRP;3;3;-0.04203229;1;1;1;0.00000000;0.0000
2026-03-29;PoissonMonteCarlo Model;SOL;5;3;-0.05680362;0;0;0;-0.05780362;-5.7165
2026-03-29;RL Position Model;BTC;4;2;-0.02761169;0;0;1;-0.02861169;0.0000
2026-03-29;RL Position Model;ETH;5;3;-0.03429802;0;0;0;-0.03529802;-3.5683
2026-03-29;RL Position Model;BNB;3;2;-0.03297662;0;1;1;-0.03397662;0.0000
2026-03-29;RL Position Model;XRP;3;3;-0.04203229;1;1;1;-0.04303229;0.0000
2026-03-29;RL Position Model;SOL;5;3;-0.05680362;0;0;0;-0.02890181;-5.7165
2026-03-29;Regime HMM Model;BTC;1;2;-0.02761169;0;1;1;0.00000000;0.0000
2026-03-29;Regime HMM Model;ETH;0;3;-0.03429802;0;0;1;0.00000000;0.0000
2026-03-29;Regime HMM Model;BNB;1;2;-0.03297662;0;1;1;0.00000000;0.0000
2026-03-29;Regime HMM Model;XRP;0;3;-0.04203229;0;0;1;0.00000000;0.0000
2026-03-29;Regime HMM Model;SOL;1;3;-0.05680362;0;0;1;0.00000000;0.0000
2026-03-29;Regime HMM Single Model;BTC;1;2;-0.02761169;0;1;1;0.00000000;0.0000
2026-03-29;Regime HMM Single Model;ETH;6;3;-0.03429802;0;0;0;-0.03529802;-3.5683
2026-03-29;Regime HMM Single Model;BNB;1;2;-0.03297662;0;1;1;0.00000000;0.0000
2026-03-29;Regime HMM Single Model;XRP;8;3;-0.04203229;0;0;0;-0.04303229;-4.3120
2026-03-29;Regime HMM Single Model;SOL;8;3;-0.05680362;0;0;0;-0.05780362;-5.7165
2026-03-29;Regime HMM ZeroMean Model;BTC;1;2;-0.02761169;0;1;1;0.00000000;0.0000
2026-03-29;Regime HMM ZeroMean Model;ETH;2;3;-0.03429802;0;1;1;0.00000000;0.0000
2026-03-29;Regime HMM ZeroMean Model;BNB;1;2;-0.03297662;0;1;1;0.00000000;0.0000
2026-03-29;Regime HMM ZeroMean Model;XRP;8;3;-0.04203229;0;0;0;-0.04303229;-4.3120
2026-03-29;Regime HMM ZeroMean Model;SOL;5;3;-0.05680362;0;0;0;-0.05780362;-5.7165
2026-03-29;Transformer Model;BTC;2;2;-0.02761169;1;1;1;0.00000000;0.0000
2026-03-29;Transformer Model;ETH;5;3;-0.03429802;0;0;0;-0.03529802;-3.5683
2026-03-29;Transformer Model;BNB;4;2;-0.03297662;0;0;1;0.00000000;0.0000
2026-03-29;Transformer Model;XRP;8;3;-0.04203229;0;0;0;-0.04303229;-4.3120
2026-03-29;Transformer Model;SOL;7;3;-0.05680362;0;0;0;-0.05780362;-5.7165
2026-03-29;WeightedEnsemble Model;BTC;4;2;-0.02761169;0;0;1;0.00000000;0.0000
2026-03-29;WeightedEnsemble Model;ETH;4;3;-0.03429802;0;1;1;0.00000000;0.0000
2026-03-29;WeightedEnsemble Model;BNB;3;2;-0.03297662;0;1;1;0.00000000;0.0000
2026-03-29;WeightedEnsemble Model;XRP;3;3;-0.04203229;1;1;1;0.00000000;0.0000
2026-03-29;WeightedEnsemble Model;SOL;5;3;-0.05680362;0;0;0;-0.05780362;-5.7165
2026-03-29;XGBoost Model;BTC;4;2;-0.02761169;0;0;1;0.00000000;0.0000
2026-03-29;XGBoost Model;ETH;4;3;-0.03429802;0;1;1;0.00000000;0.0000
2026-03-29;XGBoost Model;BNB;3;2;-0.03297662;0;1;1;0.00000000;0.0000
2026-03-29;XGBoost Model;XRP;3;3;-0.04203229;1;1;1;0.00000000;0.0000
2026-03-29;XGBoost Model;SOL;5;3;-0.05680362;0;0;0;-0.05780362;-5.7165
2026-04-05;Autoencoder Model;BTC;4;7;0.04478141;0;0;0;0.00000000;0.0000
2026-04-05;Autoencoder Model;ETH;5;7;0.06133098;0;0;1;0.06033098;6.1188
2026-04-05;Autoencoder Model;BNB;4;4;-0.00760195;1;1;1;0.00000000;0.0000
2026-04-05;Autoencoder Model;XRP;3;5;-0.00113033;0;0;1;0.00000000;0.0000
2026-04-05;Autoencoder Model;SOL;3;5;0.00551033;0;0;0;0.00000000;0.0000
2026-04-05;CatBoost Model;BTC;6;7;0.04478141;0;1;1;0.04378141;4.3753
2026-04-05;CatBoost Model;ETH;7;7;0.06133098;1;1;1;0.06033098;6.1188
2026-04-05;CatBoost Model;BNB;5;4;-0.00760195;0;1;0;-0.00860195;-0.9566
2026-04-05;CatBoost Model;XRP;3;5;-0.00113033;0;0;1;0.00000000;0.0000
2026-04-05;CatBoost Model;SOL;5;5;0.00551033;1;1;1;0.00451033;0.3520
2026-04-05;GARCH Model;BTC;7;7;0.04478141;1;1;1;0.04378141;4.3753
2026-04-05;GARCH Model;ETH;6;7;0.06133098;0;1;1;0.06033098;6.1188
2026-04-05;GARCH Model;BNB;5;4;-0.00760195;0;1;0;-0.00860195;-0.9566
2026-04-05;GARCH Model;XRP;5;5;-0.00113033;1;1;0;-0.00213033;-0.3129
2026-04-05;GARCH Model;SOL;5;5;0.00551033;1;1;1;0.00451033;0.3520
2026-04-05;GNN Model;BTC;4;7;0.04478141;0;0;0;0.00000000;0.0000
2026-04-05;GNN Model;ETH;5;7;0.06133098;0;0;1;0.06033098;6.1188
2026-04-05;GNN Model;BNB;4;4;-0.00760195;1;1;1;0.00000000;0.0000
2026-04-05;GNN Model;XRP;3;5;-0.00113033;0;0;1;0.00000000;0.0000
2026-04-05;GNN Model;SOL;3;5;0.00551033;0;0;0;0.00000000;0.0000
2026-04-05;LaplaceMonteCarlo Model;BTC;5;7;0.04478141;0;0;1;0.04378141;4.3753
2026-04-05;LaplaceMonteCarlo Model;ETH;3;7;0.06133098;0;0;0;0.00000000;0.0000
2026-04-05;LaplaceMonteCarlo Model;BNB;5;4;-0.00760195;0;1;0;-0.00860195;-0.9566
2026-04-05;LaplaceMonteCarlo Model;XRP;3;5;-0.00113033;0;0;1;0.00000000;0.0000
2026-04-05;LaplaceMonteCarlo Model;SOL;4;5;0.00551033;0;1;0;0.00000000;0.0000
2026-04-05;LightGBM Model;BTC;4;7;0.04478141;0;0;0;0.00000000;0.0000
2026-04-05;LightGBM Model;ETH;7;7;0.06133098;1;1;1;0.06033098;6.1188
2026-04-05;LightGBM Model;BNB;6;4;-0.00760195;0;0;0;-0.00860195;-0.9566
2026-04-05;LightGBM Model;XRP;3;5;-0.00113033;0;0;1;0.00000000;0.0000
2026-04-05;LightGBM Model;SOL;6;5;0.00551033;0;1;1;0.00451033;0.3520
2026-04-05;Markov Model;BTC;4;7;0.04478141;0;0;0;0.00000000;0.0000
2026-04-05;Markov Model;ETH;4;7;0.06133098;0;0;0;0.00000000;0.0000
2026-04-05;Markov Model;BNB;5;4;-0.00760195;0;1;0;-0.00860195;-0.9566
2026-04-05;Markov Model;XRP;3;5;-0.00113033;0;0;1;0.00000000;0.0000
2026-04-05;Markov Model;SOL;5;5;0.00551033;1;1;1;0.00451033;0.3520
2026-04-05;MarkovMonteCarlo Model;BTC;4;7;0.04478141;0;0;0;0.00000000;0.0000
2026-04-05;MarkovMonteCarlo Model;ETH;5;7;0.06133098;0;0;1;0.06033098;6.1188
2026-04-05;MarkovMonteCarlo Model;BNB;4;4;-0.00760195;1;1;1;0.00000000;0.0000
2026-04-05;MarkovMonteCarlo Model;XRP;3;5;-0.00113033;0;0;1;0.00000000;0.0000
2026-04-05;MarkovMonteCarlo Model;SOL;5;5;0.00551033;1;1;1;0.00451033;0.3520
2026-04-05;OrderStatistics Baseline;BTC;4;7;0.04478141;0;0;0;0.00000000;0.0000
2026-04-05;OrderStatistics Baseline;ETH;5;7;0.06133098;0;0;1;0.06033098;6.1188
2026-04-05;OrderStatistics Baseline;BNB;3;4;-0.00760195;0;1;1;0.00000000;0.0000
2026-04-05;OrderStatistics Baseline;XRP;6;5;-0.00113033;0;1;0;-0.00213033;-0.3129
2026-04-05;OrderStatistics Baseline;SOL;7;5;0.00551033;0;0;1;0.00451033;0.3520
2026-04-05;PoissonMonteCarlo Model;BTC;1;7;0.04478141;0;0;0;0.00000000;0.0000
2026-04-05;PoissonMonteCarlo Model;ETH;1;7;0.06133098;0;0;0;0.00000000;0.0000
2026-04-05;PoissonMonteCarlo Model;BNB;8;4;-0.00760195;0;0;0;-0.00860195;-0.9566
2026-04-05;PoissonMonteCarlo Model;XRP;8;5;-0.00113033;0;0;0;-0.00213033;-0.3129
2026-04-05;PoissonMonteCarlo Model;SOL;5;5;0.00551033;1;1;1;0.00451033;0.3520
2026-04-05;RL Position Model;BTC;4;7;0.04478141;0;0;0;0.00000000;0.0000
2026-04-05;RL Position Model;ETH;5;7;0.06133098;0;0;1;0.03016549;6.1188
2026-04-05;RL Position Model;BNB;5;4;-0.00760195;0;1;0;-0.00430098;-0.9566
2026-04-05;RL Position Model;XRP;3;5;-0.00113033;0;0;1;0.00000000;0.0000
2026-04-05;RL Position Model;SOL;5;5;0.00551033;1;1;1;0.00225517;0.3520
2026-04-05;Regime HMM Model;BTC;1;7;0.04478141;0;0;0;0.00000000;0.0000
2026-04-05;Regime HMM Model;ETH;0;7;0.06133098;0;0;0;0.00000000;0.0000
2026-04-05;Regime HMM Model;BNB;0;4;-0.00760195;0;0;1;0.00000000;0.0000
2026-04-05;Regime HMM Model;XRP;1;5;-0.00113033;0;0;1;0.00000000;0.0000
2026-04-05;Regime HMM Model;SOL;5;5;0.00551033;1;1;1;0.00451033;0.3520
2026-04-05;Regime HMM Single Model;BTC;1;7;0.04478141;0;0;0;0.00000000;0.0000
2026-04-05;Regime HMM Single Model;ETH;6;7;0.06133098;0;1;1;0.06033098;6.1188
2026-04-05;Regime HMM Single Model;BNB;1;4;-0.00760195;0;0;1;0.00000000;0.0000
2026-04-05;Regime HMM Single Model;XRP;8;5;-0.00113033;0;0;0;-0.00213033;-0.3129
2026-04-05;Regime HMM Single Model;SOL;8;5;0.00551033;0;0;1;0.00451033;0.3520
2026-04-05;Regime HMM ZeroMean Model;BTC;1;7;0.04478141;0;0;0;0.00000000;0.0000
2026-04-05;Regime HMM ZeroMean Model;ETH;2;7;0.06133098;0;0;0;0.00000000;0.0000
2026-04-05;Regime HMM ZeroMean Model;BNB;0;4;-0.00760195;0;0;1;0.00000000;0.0000
2026-04-05;Regime HMM ZeroMean Model;XRP;5;5;-0.00113033;1;1;0;-0.00213033;-0.3129
2026-04-05;Regime HMM ZeroMean Model;SOL;5;5;0.00551033;1;1;1;0.00451033;0.3520
2026-04-05;Transformer Model;BTC;4;7;0.04478141;0;0;0;0.00000000;0.0000
2026-04-05;Transformer Model;ETH;5;7;0.06133098;0;0;1;0.06033098;6.1188
2026-04-05;Transformer Model;BNB;4;4;-0.00760195;1;1;1;0.00000000;0.0000
2026-04-05;Transformer Model;XRP;8;5;-0.00113033;0;0;0;-0.00213033;-0.3129
2026-04-05;Transformer Model;SOL;7;5;0.00551033;0;0;1;0.00451033;0.3520
2026-04-05;WeightedEnsemble Model;BTC;4;7;0.04478141;0;0;0;0.00000000;0.0000
2026-04-05;WeightedEnsemble Model;ETH;7;7;0.06133098;1;1;1;0.06033098;6.1188
2026-04-05;WeightedEnsemble Model;BNB;5;4;-0.00760195;0;1;0;-0.00860195;-0.9566
2026-04-05;WeightedEnsemble Model;XRP;3;5;-0.00113033;0;0;1;0.00000000;0.0000
2026-04-05;WeightedEnsemble Model;SOL;5;5;0.00551033;1;1;1;0.00451033;0.3520
2026-04-05;XGBoost Model;BTC;2;7;0.04478141;0;0;0;0.00000000;0.0000
2026-04-05;XGBoost Model;ETH;7;7;0.06133098;1;1;1;0.06033098;6.1188
2026-04-05;XGBoost Model;BNB;6;4;-0.00760195;0;0;0;-0.00860195;-0.9566
2026-04-05;XGBoost Model;XRP;3;5;-0.00113033;0;0;1;0.00000000;0.0000
2026-04-05;XGBoost Model;SOL;6;5;0.00551033;0;1;1;0.00451033;0.3520
2026-04-12;Autoencoder Model;BTC;4;6;0.02442329;0;0;0;0.00000000;0.0000
2026-04-12;Autoencoder Model;ETH;5;6;0.03788617;0;1;1;0.03688617;3.6574
2026-04-12;Autoencoder Model;BNB;4;3;-0.01559901;0;1;1;0.00000000;0.0000
2026-04-12;Autoencoder Model;XRP;3;5;-0.00120709;0;0;1;0.00000000;0.0000
2026-04-12;Autoencoder Model;SOL;3;5;-0.00440583;0;0;1;0.00000000;0.0000
2026-04-12;CatBoost Model;BTC;4;6;0.02442329;0;0;0;0.00000000;0.0000
2026-04-12;CatBoost Model;ETH;7;6;0.03788617;0;1;1;0.03688617;3.6574
2026-04-12;CatBoost Model;BNB;6;3;-0.01559901;0;0;0;-0.01659901;-1.7462
2026-04-12;CatBoost Model;XRP;3;5;-0.00120709;0;0;1;0.00000000;0.0000
2026-04-12;CatBoost Model;SOL;5;5;-0.00440583;1;1;0;-0.00540583;-0.6392
2026-04-12;GARCH Model;BTC;7;6;0.02442329;0;1;1;0.02342329;2.2699
2026-04-12;GARCH Model;ETH;6;6;0.03788617;1;1;1;0.03688617;3.6574
2026-04-12;GARCH Model;BNB;5;3;-0.01559901;0;0;0;-0.01659901;-1.7462
2026-04-12;GARCH Model;XRP;5;5;-0.00120709;1;1;0;-0.00220709;-0.3205
2026-04-12;GARCH Model;SOL;5;5;-0.00440583;1;1;0;-0.00540583;-0.6392
2026-04-12;GNN Model;BTC;4;6;0.02442329;0;0;0;0.00000000;0.0000
2026-04-12;GNN Model;ETH;5;6;0.03788617;0;1;1;0.03688617;3.6574
2026-04-12;GNN Model;BNB;4;3;-0.01559901;0;1;1;0.00000000;0.0000
2026-04-12;GNN Model;XRP;3;5;-0.00120709;0;0;1;0.00000000;0.0000
2026-04-12;GNN Model;SOL;5;5;-0.00440583;1;1;0;-0.00540583;-0.6392
2026-04-12;LaplaceMonteCarlo Model;BTC;5;6;0.02442329;0;1;1;0.02342329;2.2699
2026-04-12;LaplaceMonteCarlo Model;ETH;3;6;0.03788617;0;0;0;0.00000000;0.0000
2026-04-12;LaplaceMonteCarlo Model;BNB;5;3;-0.01559901;0;0;0;-0.01659901;-1.7462
2026-04-12;LaplaceMonteCarlo Model;XRP;3;5;-0.00120709;0;0;1;0.00000000;0.0000
2026-04-12;LaplaceMonteCarlo Model;SOL;3;5;-0.00440583;0;0;1;0.00000000;0.0000
2026-04-12;LightGBM Model;BTC;8;6;0.02442329;0;0;1;0.02342329;2.2699
2026-04-12;LightGBM Model;ETH;5;6;0.03788617;0;1;1;0.03688617;3.6574
2026-04-12;LightGBM Model;BNB;8;3;-0.01559901;0;0;0;-0.01659901;-1.7462
2026-04-12;LightGBM Model;XRP;3;5;-0.00120709;0;0;1;0.00000000;0.0000
2026-04-12;LightGBM Model;SOL;4;5;-0.00440583;0;1;1;0.00000000;0.0000
2026-04-12;Markov Model;BTC;3;6;0.02442329;0;0;0;0.00000000;0.0000
2026-04-12;Markov Model;ETH;5;6;0.03788617;0;1;1;0.03688617;3.6574
2026-04-12;Markov Model;BNB;5;3;-0.01559901;0;0;0;-0.01659901;-1.7462
2026-04-12;Markov Model;XRP;3;5;-0.00120709;0;0;1;0.00000000;0.0000
2026-04-12;Markov Model;SOL;4;5;-0.00440583;0;1;1;0.00000000;0.0000
2026-04-12;MarkovMonteCarlo Model;BTC;4;6;0.02442329;0;0;0;0.00000000;0.0000
2026-04-12;MarkovMonteCarlo Model;ETH;5;6;0.03788617;0;1;1;0.03688617;3.6574
2026-04-12;MarkovMonteCarlo Model;BNB;4;3;-0.01559901;0;1;1;0.00000000;0.0000
2026-04-12;MarkovMonteCarlo Model;XRP;3;5;-0.00120709;0;0;1;0.00000000;0.0000
2026-04-12;MarkovMonteCarlo Model;SOL;5;5;-0.00440583;1;1;0;-0.00540583;-0.6392
2026-04-12;OrderStatistics Baseline;BTC;4;6;0.02442329;0;0;0;0.00000000;0.0000
2026-04-12;OrderStatistics Baseline;ETH;5;6;0.03788617;0;1;1;0.03688617;3.6574
2026-04-12;OrderStatistics Baseline;BNB;3;3;-0.01559901;1;1;1;0.00000000;0.0000
2026-04-12;OrderStatistics Baseline;XRP;6;5;-0.00120709;0;1;0;-0.00220709;-0.3205
2026-04-12;OrderStatistics Baseline;SOL;2;5;-0.00440583;0;0;1;0.00000000;0.0000
2026-04-12;PoissonMonteCarlo Model;BTC;1;6;0.02442329;0;0;0;0.00000000;0.0000
2026-04-12;PoissonMonteCarlo Model;ETH;1;6;0.03788617;0;0;0;0.00000000;0.0000
2026-04-12;PoissonMonteCarlo Model;BNB;8;3;-0.01559901;0;0;0;-0.01659901;-1.7462
2026-04-12;PoissonMonteCarlo Model;XRP;3;5;-0.00120709;0;0;1;0.00000000;0.0000
2026-04-12;PoissonMonteCarlo Model;SOL;5;5;-0.00440583;1;1;0;-0.00540583;-0.6392
2026-04-12;RL Position Model;BTC;4;6;0.02442329;0;0;0;0.00000000;0.0000
2026-04-12;RL Position Model;ETH;5;6;0.03788617;0;1;1;0.01844309;3.6574
2026-04-12;RL Position Model;BNB;4;3;-0.01559901;0;1;1;-0.00829950;0.0000
2026-04-12;RL Position Model;XRP;3;5;-0.00120709;0;0;1;-0.00110355;0.0000
2026-04-12;RL Position Model;SOL;5;5;-0.00440583;1;1;0;-0.00270292;-0.6392
2026-04-12;Regime HMM Model;BTC;1;6;0.02442329;0;0;0;0.00000000;0.0000
2026-04-12;Regime HMM Model;ETH;0;6;0.03788617;0;0;0;0.00000000;0.0000
2026-04-12;Regime HMM Model;BNB;1;3;-0.01559901;0;0;1;0.00000000;0.0000
2026-04-12;Regime HMM Model;XRP;8;5;-0.00120709;0;0;0;-0.00220709;-0.3205
2026-04-12;Regime HMM Model;SOL;5;5;-0.00440583;1;1;0;-0.00540583;-0.6392
2026-04-12;Regime HMM Single Model;BTC;1;6;0.02442329;0;0;0;0.00000000;0.0000
2026-04-12;Regime HMM Single Model;ETH;2;6;0.03788617;0;0;0;0.00000000;0.0000
2026-04-12;Regime HMM Single Model;BNB;1;3;-0.01559901;0;0;1;0.00000000;0.0000
2026-04-12;Regime HMM Single Model;XRP;8;5;-0.00120709;0;0;0;-0.00220709;-0.3205
2026-04-12;Regime HMM Single Model;SOL;0;5;-0.00440583;0;0;1;0.00000000;0.0000
2026-04-12;Regime HMM ZeroMean Model;BTC;1;6;0.02442329;0;0;0;0.00000000;0.0000
2026-04-12;Regime HMM ZeroMean Model;ETH;2;6;0.03788617;0;0;0;0.00000000;0.0000
2026-04-12;Regime HMM ZeroMean Model;BNB;0;3;-0.01559901;0;0;1;0.00000000;0.0000
2026-04-12;Regime HMM ZeroMean Model;XRP;5;5;-0.00120709;1;1;0;-0.00220709;-0.3205
2026-04-12;Regime HMM ZeroMean Model;SOL;5;5;-0.00440583;1;1;0;-0.00540583;-0.6392
2026-04-12;Transformer Model;BTC;4;6;0.02442329;0;0;0;0.00000000;0.0000
2026-04-12;Transformer Model;ETH;5;6;0.03788617;0;1;1;0.03688617;3.6574
2026-04-12;Transformer Model;BNB;4;3;-0.01559901;0;1;1;0.00000000;0.0000
2026-04-12;Transformer Model;XRP;8;5;-0.00120709;0;0;0;-0.00220709;-0.3205
2026-04-12;Transformer Model;SOL;5;5;-0.00440583;1;1;0;-0.00540583;-0.6392
2026-04-12;WeightedEnsemble Model;BTC;4;6;0.02442329;0;0;0;0.00000000;0.0000
2026-04-12;WeightedEnsemble Model;ETH;5;6;0.03788617;0;1;1;0.03688617;3.6574
2026-04-12;WeightedEnsemble Model;BNB;8;3;-0.01559901;0;0;0;-0.01659901;-1.7462
2026-04-12;WeightedEnsemble Model;XRP;3;5;-0.00120709;0;0;1;0.00000000;0.0000
2026-04-12;WeightedEnsemble Model;SOL;4;5;-0.00440583;0;1;1;0.00000000;0.0000
2026-04-12;XGBoost Model;BTC;8;6;0.02442329;0;0;1;0.02342329;2.2699
2026-04-12;XGBoost Model;ETH;3;6;0.03788617;0;0;0;0.00000000;0.0000
2026-04-12;XGBoost Model;BNB;8;3;-0.01559901;0;0;0;-0.01659901;-1.7462
2026-04-12;XGBoost Model;XRP;3;5;-0.00120709;0;0;1;0.00000000;0.0000
2026-04-12;XGBoost Model;SOL;4;5;-0.00440583;0;1;1;0.00000000;0.0000
2026-04-19;Autoencoder Model;BTC;4;7;0.04235795;0;0;0;0.00000000;0.0000
2026-04-19;Autoencoder Model;ETH;5;6;0.03215599;0;1;1;0.03115599;3.0646
2026-04-19;Autoencoder Model;BNB;4;6;0.03951683;0;0;0;0.00000000;0.0000
2026-04-19;Autoencoder Model;XRP;3;7;0.05113476;0;0;0;0.00000000;0.0000
2026-04-19;Autoencoder Model;SOL;3;5;0.02351624;0;0;0;0.00000000;0.0000
2026-04-19;CatBoost Model;BTC;6;7;0.04235795;0;1;1;0.04135795;4.1225
2026-04-19;CatBoost Model;ETH;7;6;0.03215599;0;1;1;0.03115599;3.0646
2026-04-19;CatBoost Model;BNB;6;6;0.03951683;1;1;1;0.03851683;3.8268
2026-04-19;CatBoost Model;XRP;4;7;0.05113476;0;0;0;0.00000000;0.0000
2026-04-19;CatBoost Model;SOL;7;5;0.02351624;0;0;1;0.02251624;2.1771
2026-04-19;GARCH Model;BTC;7;7;0.04235795;1;1;1;0.04135795;4.1225
2026-04-19;GARCH Model;ETH;6;6;0.03215599;1;1;1;0.03115599;3.0646
2026-04-19;GARCH Model;BNB;5;6;0.03951683;0;1;1;0.03851683;3.8268
2026-04-19;GARCH Model;XRP;5;7;0.05113476;0;0;1;0.05013476;5.0412
2026-04-19;GARCH Model;SOL;5;5;0.02351624;1;1;1;0.02251624;2.1771
2026-04-19;GNN Model;BTC;4;7;0.04235795;0;0;0;0.00000000;0.0000
2026-04-19;GNN Model;ETH;5;6;0.03215599;0;1;1;0.03115599;3.0646
2026-04-19;GNN Model;BNB;4;6;0.03951683;0;0;0;0.00000000;0.0000
2026-04-19;GNN Model;XRP;3;7;0.05113476;0;0;0;0.00000000;0.0000
2026-04-19;GNN Model;SOL;5;5;0.02351624;1;1;1;0.02251624;2.1771
2026-04-19;LaplaceMonteCarlo Model;BTC;3;7;0.04235795;0;0;0;0.00000000;0.0000
2026-04-19;LaplaceMonteCarlo Model;ETH;3;6;0.03215599;0;0;0;0.00000000;0.0000
2026-04-19;LaplaceMonteCarlo Model;BNB;5;6;0.03951683;0;1;1;0.03851683;3.8268
2026-04-19;LaplaceMonteCarlo Model;XRP;4;7;0.05113476;0;0;0;0.00000000;0.0000
2026-04-19;LaplaceMonteCarlo Model;SOL;5;5;0.02351624;1;1;1;0.02251624;2.1771
2026-04-19;LightGBM Model;BTC;1;7;0.04235795;0;0;0;0.00000000;0.0000
2026-04-19;LightGBM Model;ETH;4;6;0.03215599;0;0;0;0.00000000;0.0000
2026-04-19;LightGBM Model;BNB;6;6;0.03951683;1;1;1;0.03851683;3.8268
2026-04-19;LightGBM Model;XRP;6;7;0.05113476;0;1;1;0.05013476;5.0412
2026-04-19;LightGBM Model;SOL;7;5;0.02351624;0;0;1;0.02251624;2.1771
2026-04-19;Markov Model;BTC;4;7;0.04235795;0;0;0;0.00000000;0.0000
2026-04-19;Markov Model;ETH;4;6;0.03215599;0;0;0;0.00000000;0.0000
2026-04-19;Markov Model;BNB;4;6;0.03951683;0;0;0;0.00000000;0.0000
2026-04-19;Markov Model;XRP;3;7;0.05113476;0;0;0;0.00000000;0.0000
2026-04-19;Markov Model;SOL;5;5;0.02351624;1;1;1;0.02251624;2.1771
2026-04-19;MarkovMonteCarlo Model;BTC;4;7;0.04235795;0;0;0;0.00000000;0.0000
2026-04-19;MarkovMonteCarlo Model;ETH;5;6;0.03215599;0;1;1;0.03115599;3.0646
2026-04-19;MarkovMonteCarlo Model;BNB;4;6;0.03951683;0;0;0;0.00000000;0.0000
2026-04-19;MarkovMonteCarlo Model;XRP;3;7;0.05113476;0;0;0;0.00000000;0.0000
2026-04-19;MarkovMonteCarlo Model;SOL;5;5;0.02351624;1;1;1;0.02251624;2.1771
2026-04-19;OrderStatistics Baseline;BTC;4;7;0.04235795;0;0;0;0.00000000;0.0000
2026-04-19;OrderStatistics Baseline;ETH;5;6;0.03215599;0;1;1;0.03115599;3.0646
2026-04-19;OrderStatistics Baseline;BNB;3;6;0.03951683;0;0;0;0.00000000;0.0000
2026-04-19;OrderStatistics Baseline;XRP;6;7;0.05113476;0;1;1;0.05013476;5.0412
2026-04-19;OrderStatistics Baseline;SOL;7;5;0.02351624;0;0;1;0.02251624;2.1771
2026-04-19;PoissonMonteCarlo Model;BTC;8;7;0.04235795;0;1;1;0.04135795;4.1225
2026-04-19;PoissonMonteCarlo Model;ETH;1;6;0.03215599;0;0;0;0.00000000;0.0000
2026-04-19;PoissonMonteCarlo Model;BNB;5;6;0.03951683;0;1;1;0.03851683;3.8268
2026-04-19;PoissonMonteCarlo Model;XRP;8;7;0.05113476;0;1;1;0.05013476;5.0412
2026-04-19;PoissonMonteCarlo Model;SOL;5;5;0.02351624;1;1;1;0.02251624;2.1771
2026-04-19;RL Position Model;BTC;1;7;0.04235795;0;0;0;0.00000000;0.0000
2026-04-19;RL Position Model;ETH;5;6;0.03215599;0;1;1;0.00000000;3.0646
2026-04-19;RL Position Model;BNB;4;6;0.03951683;0;0;0;0.01925842;0.0000
2026-04-19;RL Position Model;XRP;3;7;0.05113476;0;0;0;0.02506738;0.0000
2026-04-19;RL Position Model;SOL;5;5;0.02351624;1;1;1;0.01125812;2.1771
2026-04-19;Regime HMM Model;BTC;1;7;0.04235795;0;0;0;0.00000000;0.0000
2026-04-19;Regime HMM Model;ETH;0;6;0.03215599;0;0;0;0.00000000;0.0000
2026-04-19;Regime HMM Model;BNB;1;6;0.03951683;0;0;0;0.00000000;0.0000
2026-04-19;Regime HMM Model;XRP;1;7;0.05113476;0;0;0;0.00000000;0.0000
2026-04-19;Regime HMM Model;SOL;1;5;0.02351624;0;0;0;0.00000000;0.0000
2026-04-19;Regime HMM Single Model;BTC;1;7;0.04235795;0;0;0;0.00000000;0.0000
2026-04-19;Regime HMM Single Model;ETH;6;6;0.03215599;1;1;1;0.03115599;3.0646
2026-04-19;Regime HMM Single Model;BNB;1;6;0.03951683;0;0;0;0.00000000;0.0000
2026-04-19;Regime HMM Single Model;XRP;8;7;0.05113476;0;1;1;0.05013476;5.0412
2026-04-19;Regime HMM Single Model;SOL;8;5;0.02351624;0;0;1;0.02251624;2.1771
2026-04-19;Regime HMM ZeroMean Model;BTC;1;7;0.04235795;0;0;0;0.00000000;0.0000
2026-04-19;Regime HMM ZeroMean Model;ETH;2;6;0.03215599;0;0;0;0.00000000;0.0000
2026-04-19;Regime HMM ZeroMean Model;BNB;1;6;0.03951683;0;0;0;0.00000000;0.0000
2026-04-19;Regime HMM ZeroMean Model;XRP;5;7;0.05113476;0;0;1;0.05013476;5.0412
2026-04-19;Regime HMM ZeroMean Model;SOL;5;5;0.02351624;1;1;1;0.02251624;2.1771
2026-04-19;Transformer Model;BTC;4;7;0.04235795;0;0;0;0.00000000;0.0000
2026-04-19;Transformer Model;ETH;5;6;0.03215599;0;1;1;0.03115599;3.0646
2026-04-19;Transformer Model;BNB;4;6;0.03951683;0;0;0;0.00000000;0.0000
2026-04-19;Transformer Model;XRP;8;7;0.05113476;0;1;1;0.05013476;5.0412
2026-04-19;Transformer Model;SOL;5;5;0.02351624;1;1;1;0.02251624;2.1771
2026-04-19;WeightedEnsemble Model;BTC;1;7;0.04235795;0;0;0;0.00000000;0.0000
2026-04-19;WeightedEnsemble Model;ETH;4;6;0.03215599;0;0;0;0.00000000;0.0000
2026-04-19;WeightedEnsemble Model;BNB;6;6;0.03951683;1;1;1;0.03851683;3.8268
2026-04-19;WeightedEnsemble Model;XRP;3;7;0.05113476;0;0;0;0.00000000;0.0000
2026-04-19;WeightedEnsemble Model;SOL;5;5;0.02351624;1;1;1;0.02251624;2.1771
2026-04-19;XGBoost Model;BTC;1;7;0.04235795;0;0;0;0.00000000;0.0000
2026-04-19;XGBoost Model;ETH;4;6;0.03215599;0;0;0;0.00000000;0.0000
2026-04-19;XGBoost Model;BNB;6;6;0.03951683;1;1;1;0.03851683;3.8268
2026-04-19;XGBoost Model;XRP;6;7;0.05113476;0;1;1;0.05013476;5.0412
2026-04-19;XGBoost Model;SOL;7;5;0.02351624;0;0;1;0.02251624;2.1771
2026-04-26;Autoencoder Model;BTC;4;7;0.06372063;0;0;0;0.00000000;0.0000
2026-04-26;Autoencoder Model;ETH;5;6;0.04584297;0;1;1;0.04484297;4.4863
2026-04-26;Autoencoder Model;BNB;4;6;0.03147677;0;0;0;0.00000000;0.0000
2026-04-26;Autoencoder Model;XRP;3;6;0.02584306;0;0;0;0.00000000;0.0000
2026-04-26;Autoencoder Model;SOL;3;6;0.04061591;0;0;0;0.00000000;0.0000
2026-04-26;CatBoost Model;BTC;0;7;0.06372063;0;0;0;0.00000000;0.0000
2026-04-26;CatBoost Model;ETH;4;6;0.04584297;0;0;0;0.00000000;0.0000
2026-04-26;CatBoost Model;BNB;6;6;0.03147677;1;1;1;0.03047677;2.9945
2026-04-26;CatBoost Model;XRP;0;6;0.02584306;0;0;0;0.00000000;0.0000
2026-04-26;CatBoost Model;SOL;1;6;0.04061591;0;0;0;0.00000000;0.0000
2026-04-26;GARCH Model;BTC;7;7;0.06372063;1;1;1;0.06272063;6.3729
2026-04-26;GARCH Model;ETH;6;6;0.04584297;1;1;1;0.04484297;4.4863
2026-04-26;GARCH Model;BNB;5;6;0.03147677;0;1;1;0.03047677;2.9945
2026-04-26;GARCH Model;XRP;5;6;0.02584306;0;1;1;0.02484306;2.4154
2026-04-26;GARCH Model;SOL;5;6;0.04061591;0;1;1;0.03961591;3.9411
2026-04-26;GNN Model;BTC;4;7;0.06372063;0;0;0;0.00000000;0.0000
2026-04-26;GNN Model;ETH;5;6;0.04584297;0;1;1;0.04484297;4.4863
2026-04-26;GNN Model;BNB;4;6;0.03147677;0;0;0;0.00000000;0.0000
2026-04-26;GNN Model;XRP;3;6;0.02584306;0;0;0;0.00000000;0.0000
2026-04-26;GNN Model;SOL;5;6;0.04061591;0;1;1;0.03961591;3.9411
2026-04-26;LaplaceMonteCarlo Model;BTC;5;7;0.06372063;0;0;1;0.06272063;6.3729
2026-04-26;LaplaceMonteCarlo Model;ETH;5;6;0.04584297;0;1;1;0.04484297;4.4863
2026-04-26;LaplaceMonteCarlo Model;BNB;5;6;0.03147677;0;1;1;0.03047677;2.9945
2026-04-26;LaplaceMonteCarlo Model;XRP;3;6;0.02584306;0;0;0;0.00000000;0.0000
2026-04-26;LaplaceMonteCarlo Model;SOL;5;6;0.04061591;0;1;1;0.03961591;3.9411
2026-04-26;LightGBM Model;BTC;4;7;0.06372063;0;0;0;0.00000000;0.0000
2026-04-26;LightGBM Model;ETH;4;6;0.04584297;0;0;0;0.00000000;0.0000
2026-04-26;LightGBM Model;BNB;3;6;0.03147677;0;0;0;0.00000000;0.0000
2026-04-26;LightGBM Model;XRP;4;6;0.02584306;0;0;0;0.00000000;0.0000
2026-04-26;LightGBM Model;SOL;3;6;0.04061591;0;0;0;0.00000000;0.0000
2026-04-26;Markov Model;BTC;4;7;0.06372063;0;0;0;0.00000000;0.0000
2026-04-26;Markov Model;ETH;1;6;0.04584297;0;0;0;0.00000000;0.0000
2026-04-26;Markov Model;BNB;4;6;0.03147677;0;0;0;0.00000000;0.0000
2026-04-26;Markov Model;XRP;3;6;0.02584306;0;0;0;0.00000000;0.0000
2026-04-26;Markov Model;SOL;5;6;0.04061591;0;1;1;0.03961591;3.9411
2026-04-26;MarkovMonteCarlo Model;BTC;4;7;0.06372063;0;0;0;0.00000000;0.0000
2026-04-26;MarkovMonteCarlo Model;ETH;5;6;0.04584297;0;1;1;0.04484297;4.4863
2026-04-26;MarkovMonteCarlo Model;BNB;4;6;0.03147677;0;0;0;0.00000000;0.0000
2026-04-26;MarkovMonteCarlo Model;XRP;3;6;0.02584306;0;0;0;0.00000000;0.0000
2026-04-26;MarkovMonteCarlo Model;SOL;5;6;0.04061591;0;1;1;0.03961591;3.9411
2026-04-26;OrderStatistics Baseline;BTC;4;7;0.06372063;0;0;0;0.00000000;0.0000
2026-04-26;OrderStatistics Baseline;ETH;5;6;0.04584297;0;1;1;0.04484297;4.4863
2026-04-26;OrderStatistics Baseline;BNB;3;6;0.03147677;0;0;0;0.00000000;0.0000
2026-04-26;OrderStatistics Baseline;XRP;6;6;0.02584306;1;1;1;0.02484306;2.4154
2026-04-26;OrderStatistics Baseline;SOL;7;6;0.04061591;0;1;1;0.03961591;3.9411
2026-04-26;PoissonMonteCarlo Model;BTC;1;7;0.06372063;0;0;0;0.00000000;0.0000
2026-04-26;PoissonMonteCarlo Model;ETH;1;6;0.04584297;0;0;0;0.00000000;0.0000
2026-04-26;PoissonMonteCarlo Model;BNB;5;6;0.03147677;0;1;1;0.03047677;2.9945
2026-04-26;PoissonMonteCarlo Model;XRP;3;6;0.02584306;0;0;0;0.00000000;0.0000
2026-04-26;PoissonMonteCarlo Model;SOL;5;6;0.04061591;0;1;1;0.03961591;3.9411
2026-04-26;RL Position Model;BTC;4;7;0.06372063;0;0;0;0.00000000;0.0000
2026-04-26;RL Position Model;ETH;5;6;0.04584297;0;1;1;0.00000000;4.4863
2026-04-26;RL Position Model;BNB;4;6;0.03147677;0;0;0;0.00000000;0.0000
2026-04-26;RL Position Model;XRP;3;6;0.02584306;0;0;0;0.00000000;0.0000
2026-04-26;RL Position Model;SOL;5;6;0.04061591;0;1;1;0.01980796;3.9411
2026-04-26;Regime HMM Model;BTC;1;7;0.06372063;0;0;0;0.00000000;0.0000
2026-04-26;Regime HMM Model;ETH;0;6;0.04584297;0;0;0;0.00000000;0.0000
2026-04-26;Regime HMM Model;BNB;1;6;0.03147677;0;0;0;0.00000000;0.0000
2026-04-26;Regime HMM Model;XRP;1;6;0.02584306;0;0;0;0.00000000;0.0000
2026-04-26;Regime HMM Model;SOL;1;6;0.04061591;0;0;0;0.00000000;0.0000
2026-04-26;Regime HMM Single Model;BTC;1;7;0.06372063;0;0;0;0.00000000;0.0000
2026-04-26;Regime HMM Single Model;ETH;2;6;0.04584297;0;0;0;0.00000000;0.0000
2026-04-26;Regime HMM Single Model;BNB;1;6;0.03147677;0;0;0;0.00000000;0.0000
2026-04-26;Regime HMM Single Model;XRP;8;6;0.02584306;0;0;1;0.02484306;2.4154
2026-04-26;Regime HMM Single Model;SOL;0;6;0.04061591;0;0;0;0.00000000;0.0000
2026-04-26;Regime HMM ZeroMean Model;BTC;1;7;0.06372063;0;0;0;0.00000000;0.0000
2026-04-26;Regime HMM ZeroMean Model;ETH;2;6;0.04584297;0;0;0;0.00000000;0.0000
2026-04-26;Regime HMM ZeroMean Model;BNB;1;6;0.03147677;0;0;0;0.00000000;0.0000
2026-04-26;Regime HMM ZeroMean Model;XRP;5;6;0.02584306;0;1;1;0.02484306;2.4154
2026-04-26;Regime HMM ZeroMean Model;SOL;5;6;0.04061591;0;1;1;0.03961591;3.9411
2026-04-26;Transformer Model;BTC;4;7;0.06372063;0;0;0;0.00000000;0.0000
2026-04-26;Transformer Model;ETH;5;6;0.04584297;0;1;1;0.04484297;4.4863
2026-04-26;Transformer Model;BNB;4;6;0.03147677;0;0;0;0.00000000;0.0000
2026-04-26;Transformer Model;XRP;8;6;0.02584306;0;0;1;0.02484306;2.4154
2026-04-26;Transformer Model;SOL;6;6;0.04061591;1;1;1;0.03961591;3.9411
2026-04-26;WeightedEnsemble Model;BTC;4;7;0.06372063;0;0;0;0.00000000;0.0000
2026-04-26;WeightedEnsemble Model;ETH;1;6;0.04584297;0;0;0;0.00000000;0.0000
2026-04-26;WeightedEnsemble Model;BNB;4;6;0.03147677;0;0;0;0.00000000;0.0000
2026-04-26;WeightedEnsemble Model;XRP;3;6;0.02584306;0;0;0;0.00000000;0.0000
2026-04-26;WeightedEnsemble Model;SOL;5;6;0.04061591;0;1;1;0.03961591;3.9411
2026-04-26;XGBoost Model;BTC;4;7;0.06372063;0;0;0;0.00000000;0.0000
2026-04-26;XGBoost Model;ETH;0;6;0.04584297;0;0;0;0.00000000;0.0000
2026-04-26;XGBoost Model;BNB;6;6;0.03147677;1;1;1;0.03047677;2.9945
2026-04-26;XGBoost Model;XRP;4;6;0.02584306;0;0;0;0.00000000;0.0000
2026-04-26;XGBoost Model;SOL;1;6;0.04061591;0;0;0;0.00000000;0.0000
2026-05-03;Autoencoder Model;BTC;4;4;-0.00113187;1;1;1;0.00000000;0.0000
2026-05-03;Autoencoder Model;ETH;5;3;-0.01994487;0;0;0;-0.02094487;-2.1728
2026-05-03;Autoencoder Model;BNB;4;2;-0.02951460;0;0;1;0.00000000;0.0000
2026-05-03;Autoencoder Model;XRP;3;3;-0.03029997;1;1;1;0.00000000;0.0000
2026-05-03;Autoencoder Model;SOL;5;3;-0.03535840;0;0;0;-0.03635840;-3.6706
2026-05-03;CatBoost Model;BTC;7;4;-0.00113187;0;0;0;-0.00213187;-0.3130
2026-05-03;CatBoost Model;ETH;4;3;-0.01994487;0;1;1;0.00000000;0.0000
2026-05-03;CatBoost Model;BNB;5;2;-0.02951460;0;0;0;-0.03051460;-3.1054
2026-05-03;CatBoost Model;XRP;5;3;-0.03029997;0;0;0;-0.03129997;-3.1816
2026-05-03;CatBoost Model;SOL;4;3;-0.03535840;0;1;1;0.00000000;0.0000
2026-05-03;GARCH Model;BTC;6;4;-0.00113187;0;0;0;-0.00213187;-0.3130
2026-05-03;GARCH Model;ETH;5;3;-0.01994487;0;0;0;-0.02094487;-2.1728
2026-05-03;GARCH Model;BNB;5;2;-0.02951460;0;0;0;-0.03051460;-3.1054
2026-05-03;GARCH Model;XRP;5;3;-0.03029997;0;0;0;-0.03129997;-3.1816
2026-05-03;GARCH Model;SOL;5;3;-0.03535840;0;0;0;-0.03635840;-3.6706
2026-05-03;GNN Model;BTC;4;4;-0.00113187;1;1;1;0.00000000;0.0000
2026-05-03;GNN Model;ETH;5;3;-0.01994487;0;0;0;-0.02094487;-2.1728
2026-05-03;GNN Model;BNB;4;2;-0.02951460;0;0;1;0.00000000;0.0000
2026-05-03;GNN Model;XRP;3;3;-0.03029997;1;1;1;0.00000000;0.0000
2026-05-03;GNN Model;SOL;5;3;-0.03535840;0;0;0;-0.03635840;-3.6706
2026-05-03;LaplaceMonteCarlo Model;BTC;3;4;-0.00113187;0;1;1;0.00000000;0.0000
2026-05-03;LaplaceMonteCarlo Model;ETH;5;3;-0.01994487;0;0;0;-0.02094487;-2.1728
2026-05-03;LaplaceMonteCarlo Model;BNB;3;2;-0.02951460;0;1;1;0.00000000;0.0000
2026-05-03;LaplaceMonteCarlo Model;XRP;3;3;-0.03029997;1;1;1;0.00000000;0.0000
2026-05-03;LaplaceMonteCarlo Model;SOL;5;3;-0.03535840;0;0;0;-0.03635840;-3.6706
2026-05-03;LightGBM Model;BTC;3;4;-0.00113187;0;1;1;0.00000000;0.0000
2026-05-03;LightGBM Model;ETH;0;3;-0.01994487;0;0;1;0.00000000;0.0000
2026-05-03;LightGBM Model;BNB;2;2;-0.02951460;1;1;1;0.00000000;0.0000
2026-05-03;LightGBM Model;XRP;3;3;-0.03029997;1;1;1;0.00000000;0.0000
2026-05-03;LightGBM Model;SOL;4;3;-0.03535840;0;1;1;0.00000000;0.0000
2026-05-03;Markov Model;BTC;4;4;-0.00113187;1;1;1;0.00000000;0.0000
2026-05-03;Markov Model;ETH;4;3;-0.01994487;0;1;1;0.00000000;0.0000
2026-05-03;Markov Model;BNB;4;2;-0.02951460;0;0;1;0.00000000;0.0000
2026-05-03;Markov Model;XRP;3;3;-0.03029997;1;1;1;0.00000000;0.0000
2026-05-03;Markov Model;SOL;5;3;-0.03535840;0;0;0;-0.03635840;-3.6706
2026-05-03;MarkovMonteCarlo Model;BTC;4;4;-0.00113187;1;1;1;0.00000000;0.0000
2026-05-03;MarkovMonteCarlo Model;ETH;5;3;-0.01994487;0;0;0;-0.02094487;-2.1728
2026-05-03;MarkovMonteCarlo Model;BNB;4;2;-0.02951460;0;0;1;0.00000000;0.0000
2026-05-03;MarkovMonteCarlo Model;XRP;3;3;-0.03029997;1;1;1;0.00000000;0.0000
2026-05-03;MarkovMonteCarlo Model;SOL;5;3;-0.03535840;0;0;0;-0.03635840;-3.6706
2026-05-03;OrderStatistics Baseline;BTC;4;4;-0.00113187;1;1;1;0.00000000;0.0000
2026-05-03;OrderStatistics Baseline;ETH;5;3;-0.01994487;0;0;0;-0.02094487;-2.1728
2026-05-03;OrderStatistics Baseline;BNB;3;2;-0.02951460;0;1;1;0.00000000;0.0000
2026-05-03;OrderStatistics Baseline;XRP;6;3;-0.03029997;0;0;0;-0.03129997;-3.1816
2026-05-03;OrderStatistics Baseline;SOL;7;3;-0.03535840;0;0;0;-0.03635840;-3.6706
2026-05-03;PoissonMonteCarlo Model;BTC;1;4;-0.00113187;0;0;1;0.00000000;0.0000
2026-05-03;PoissonMonteCarlo Model;ETH;1;3;-0.01994487;0;0;1;0.00000000;0.0000
2026-05-03;PoissonMonteCarlo Model;BNB;8;2;-0.02951460;0;0;0;-0.03051460;-3.1054
2026-05-03;PoissonMonteCarlo Model;XRP;3;3;-0.03029997;1;1;1;0.00000000;0.0000
2026-05-03;PoissonMonteCarlo Model;SOL;5;3;-0.03535840;0;0;0;-0.03635840;-3.6706
2026-05-03;RL Position Model;BTC;4;4;-0.00113187;1;1;1;0.00000000;0.0000
2026-05-03;RL Position Model;ETH;5;3;-0.01994487;0;0;0;0.00000000;-2.1728
2026-05-03;RL Position Model;BNB;4;2;-0.02951460;0;0;1;0.00000000;0.0000
2026-05-03;RL Position Model;XRP;3;3;-0.03029997;1;1;1;-0.01564999;0.0000
2026-05-03;RL Position Model;SOL;5;3;-0.03535840;0;0;0;-0.01817920;-3.6706
2026-05-03;Regime HMM Model;BTC;1;4;-0.00113187;0;0;1;0.00000000;0.0000
2026-05-03;Regime HMM Model;ETH;0;3;-0.01994487;0;0;1;0.00000000;0.0000
2026-05-03;Regime HMM Model;BNB;1;2;-0.02951460;0;1;1;0.00000000;0.0000
2026-05-03;Regime HMM Model;XRP;1;3;-0.03029997;0;0;1;0.00000000;0.0000
2026-05-03;Regime HMM Model;SOL;1;3;-0.03535840;0;0;1;0.00000000;0.0000
2026-05-03;Regime HMM Single Model;BTC;1;4;-0.00113187;0;0;1;0.00000000;0.0000
2026-05-03;Regime HMM Single Model;ETH;2;3;-0.01994487;0;1;1;0.00000000;0.0000
2026-05-03;Regime HMM Single Model;BNB;1;2;-0.02951460;0;1;1;0.00000000;0.0000
2026-05-03;Regime HMM Single Model;XRP;8;3;-0.03029997;0;0;0;-0.03129997;-3.1816
2026-05-03;Regime HMM Single Model;SOL;8;3;-0.03535840;0;0;0;-0.03635840;-3.6706
2026-05-03;Regime HMM ZeroMean Model;BTC;1;4;-0.00113187;0;0;1;0.00000000;0.0000
2026-05-03;Regime HMM ZeroMean Model;ETH;2;3;-0.01994487;0;1;1;0.00000000;0.0000
2026-05-03;Regime HMM ZeroMean Model;BNB;1;2;-0.02951460;0;1;1;0.00000000;0.0000
2026-05-03;Regime HMM ZeroMean Model;XRP;8;3;-0.03029997;0;0;0;-0.03129997;-3.1816
2026-05-03;Regime HMM ZeroMean Model;SOL;8;3;-0.03535840;0;0;0;-0.03635840;-3.6706
2026-05-03;Transformer Model;BTC;4;4;-0.00113187;1;1;1;0.00000000;0.0000
2026-05-03;Transformer Model;ETH;5;3;-0.01994487;0;0;0;-0.02094487;-2.1728
2026-05-03;Transformer Model;BNB;4;2;-0.02951460;0;0;1;0.00000000;0.0000
2026-05-03;Transformer Model;XRP;8;3;-0.03029997;0;0;0;-0.03129997;-3.1816
2026-05-03;Transformer Model;SOL;6;3;-0.03535840;0;0;0;-0.03635840;-3.6706
2026-05-03;WeightedEnsemble Model;BTC;4;4;-0.00113187;1;1;1;0.00000000;0.0000
2026-05-03;WeightedEnsemble Model;ETH;4;3;-0.01994487;0;1;1;0.00000000;0.0000
2026-05-03;WeightedEnsemble Model;BNB;2;2;-0.02951460;1;1;1;0.00000000;0.0000
2026-05-03;WeightedEnsemble Model;XRP;3;3;-0.03029997;1;1;1;0.00000000;0.0000
2026-05-03;WeightedEnsemble Model;SOL;5;3;-0.03535840;0;0;0;-0.03635840;-3.6706
2026-05-03;XGBoost Model;BTC;4;4;-0.00113187;1;1;1;0.00000000;0.0000
2026-05-03;XGBoost Model;ETH;2;3;-0.01994487;0;1;1;0.00000000;0.0000
2026-05-03;XGBoost Model;BNB;2;2;-0.02951460;1;1;1;0.00000000;0.0000
2026-05-03;XGBoost Model;XRP;5;3;-0.03029997;0;0;0;-0.03129997;-3.1816
2026-05-03;XGBoost Model;SOL;0;3;-0.03535840;0;0;1;0.00000000;0.0000
2026-05-10;Autoencoder Model;BTC;4;7;0.04530605;0;0;0;0.00000000;0.0000
2026-05-10;Autoencoder Model;ETH;5;5;0.02071690;1;1;1;0.01971690;1.8912
2026-05-10;Autoencoder Model;BNB;4;7;0.07229768;0;0;0;0.00000000;0.0000
2026-05-10;Autoencoder Model;XRP;3;7;0.05970879;0;0;0;0.00000000;0.0000
2026-05-10;Autoencoder Model;SOL;5;8;0.13948728;0;0;1;0.13848728;14.7535
2026-05-10;CatBoost Model;BTC;2;7;0.04530605;0;0;0;0.00000000;0.0000
2026-05-10;CatBoost Model;ETH;2;5;0.02071690;0;0;0;0.00000000;0.0000
2026-05-10;CatBoost Model;BNB;6;7;0.07229768;0;1;1;0.07129768;7.2900
2026-05-10;CatBoost Model;XRP;3;7;0.05970879;0;0;0;0.00000000;0.0000
2026-05-10;CatBoost Model;SOL;8;8;0.13948728;1;1;1;0.13848728;14.7535
2026-05-10;GARCH Model;BTC;6;7;0.04530605;0;1;1;0.04430605;4.4302
2026-05-10;GARCH Model;ETH;5;5;0.02071690;1;1;1;0.01971690;1.8912
2026-05-10;GARCH Model;BNB;5;7;0.07229768;0;0;1;0.07129768;7.2900
2026-05-10;GARCH Model;XRP;5;7;0.05970879;0;0;1;0.05870879;5.9466
2026-05-10;GARCH Model;SOL;5;8;0.13948728;0;0;1;0.13848728;14.7535
2026-05-10;GNN Model;BTC;4;7;0.04530605;0;0;0;0.00000000;0.0000
2026-05-10;GNN Model;ETH;5;5;0.02071690;1;1;1;0.01971690;1.8912
2026-05-10;GNN Model;BNB;4;7;0.07229768;0;0;0;0.00000000;0.0000
2026-05-10;GNN Model;XRP;3;7;0.05970879;0;0;0;0.00000000;0.0000
2026-05-10;GNN Model;SOL;5;8;0.13948728;0;0;1;0.13848728;14.7535
2026-05-10;LaplaceMonteCarlo Model;BTC;3;7;0.04530605;0;0;0;0.00000000;0.0000
2026-05-10;LaplaceMonteCarlo Model;ETH;4;5;0.02071690;0;1;0;0.00000000;0.0000
2026-05-10;LaplaceMonteCarlo Model;BNB;5;7;0.07229768;0;0;1;0.07129768;7.2900
2026-05-10;LaplaceMonteCarlo Model;XRP;5;7;0.05970879;0;0;1;0.05870879;5.9466
2026-05-10;LaplaceMonteCarlo Model;SOL;4;8;0.13948728;0;0;0;0.00000000;0.0000
2026-05-10;LightGBM Model;BTC;5;7;0.04530605;0;0;1;0.04430605;4.4302
2026-05-10;LightGBM Model;ETH;4;5;0.02071690;0;1;0;0.00000000;0.0000
2026-05-10;LightGBM Model;BNB;8;7;0.07229768;0;1;1;0.07129768;7.2900
2026-05-10;LightGBM Model;XRP;3;7;0.05970879;0;0;0;0.00000000;0.0000
2026-05-10;LightGBM Model;SOL;4;8;0.13948728;0;0;0;0.00000000;0.0000
2026-05-10;Markov Model;BTC;1;7;0.04530605;0;0;0;0.00000000;0.0000
2026-05-10;Markov Model;ETH;2;5;0.02071690;0;0;0;0.00000000;0.0000
2026-05-10;Markov Model;BNB;4;7;0.07229768;0;0;0;0.00000000;0.0000
2026-05-10;Markov Model;XRP;3;7;0.05970879;0;0;0;0.00000000;0.0000
2026-05-10;Markov Model;SOL;4;8;0.13948728;0;0;0;0.00000000;0.0000
2026-05-10;MarkovMonteCarlo Model;BTC;4;7;0.04530605;0;0;0;0.00000000;0.0000
2026-05-10;MarkovMonteCarlo Model;ETH;5;5;0.02071690;1;1;1;0.01971690;1.8912
2026-05-10;MarkovMonteCarlo Model;BNB;4;7;0.07229768;0;0;0;0.00000000;0.0000
2026-05-10;MarkovMonteCarlo Model;XRP;3;7;0.05970879;0;0;0;0.00000000;0.0000
2026-05-10;MarkovMonteCarlo Model;SOL;5;8;0.13948728;0;0;1;0.13848728;14.7535
2026-05-10;OrderStatistics Baseline;BTC;4;7;0.04530605;0;0;0;0.00000000;0.0000
2026-05-10;OrderStatistics Baseline;ETH;5;5;0.02071690;1;1;1;0.01971690;1.8912
2026-05-10;OrderStatistics Baseline;BNB;3;7;0.07229768;0;0;0;0.00000000;0.0000
2026-05-10;OrderStatistics Baseline;XRP;6;7;0.05970879;0;1;1;0.05870879;5.9466
2026-05-10;OrderStatistics Baseline;SOL;7;8;0.13948728;0;1;1;0.13848728;14.7535
2026-05-10;PoissonMonteCarlo Model;BTC;1;7;0.04530605;0;0;0;0.00000000;0.0000
2026-05-10;PoissonMonteCarlo Model;ETH;5;5;0.02071690;1;1;1;0.01971690;1.8912
2026-05-10;PoissonMonteCarlo Model;BNB;5;7;0.07229768;0;0;1;0.07129768;7.2900
2026-05-10;PoissonMonteCarlo Model;XRP;3;7;0.05970879;0;0;0;0.00000000;0.0000
2026-05-10;PoissonMonteCarlo Model;SOL;5;8;0.13948728;0;0;1;0.13848728;14.7535
2026-05-10;RL Position Model;BTC;1;7;0.04530605;0;0;0;0.00000000;0.0000
2026-05-10;RL Position Model;ETH;5;5;0.02071690;1;1;1;0.00985845;1.8912
2026-05-10;RL Position Model;BNB;4;7;0.07229768;0;0;0;0.03564884;0.0000
2026-05-10;RL Position Model;XRP;3;7;0.05970879;0;0;0;0.00000000;0.0000
2026-05-10;RL Position Model;SOL;5;8;0.13948728;0;0;1;0.06924364;14.7535
2026-05-10;Regime HMM Model;BTC;1;7;0.04530605;0;0;0;0.00000000;0.0000
2026-05-10;Regime HMM Model;ETH;2;5;0.02071690;0;0;0;0.00000000;0.0000
2026-05-10;Regime HMM Model;BNB;1;7;0.07229768;0;0;0;0.00000000;0.0000
2026-05-10;Regime HMM Model;XRP;1;7;0.05970879;0;0;0;0.00000000;0.0000
2026-05-10;Regime HMM Model;SOL;0;8;0.13948728;0;0;0;0.00000000;0.0000
2026-05-10;Regime HMM Single Model;BTC;1;7;0.04530605;0;0;0;0.00000000;0.0000
2026-05-10;Regime HMM Single Model;ETH;2;5;0.02071690;0;0;0;0.00000000;0.0000
2026-05-10;Regime HMM Single Model;BNB;1;7;0.07229768;0;0;0;0.00000000;0.0000
2026-05-10;Regime HMM Single Model;XRP;8;7;0.05970879;0;1;1;0.05870879;5.9466
2026-05-10;Regime HMM Single Model;SOL;8;8;0.13948728;1;1;1;0.13848728;14.7535
2026-05-10;Regime HMM ZeroMean Model;BTC;1;7;0.04530605;0;0;0;0.00000000;0.0000
2026-05-10;Regime HMM ZeroMean Model;ETH;2;5;0.02071690;0;0;0;0.00000000;0.0000
2026-05-10;Regime HMM ZeroMean Model;BNB;1;7;0.07229768;0;0;0;0.00000000;0.0000
2026-05-10;Regime HMM ZeroMean Model;XRP;0;7;0.05970879;0;0;0;0.00000000;0.0000
2026-05-10;Regime HMM ZeroMean Model;SOL;8;8;0.13948728;1;1;1;0.13848728;14.7535
2026-05-10;Transformer Model;BTC;2;7;0.04530605;0;0;0;0.00000000;0.0000
2026-05-10;Transformer Model;ETH;5;5;0.02071690;1;1;1;0.01971690;1.8912
2026-05-10;Transformer Model;BNB;4;7;0.07229768;0;0;0;0.00000000;0.0000
2026-05-10;Transformer Model;XRP;9;7;0.05970879;0;0;1;0.05870879;5.9466
2026-05-10;Transformer Model;SOL;5;8;0.13948728;0;0;1;0.13848728;14.7535
2026-05-10;WeightedEnsemble Model;BTC;1;7;0.04530605;0;0;0;0.00000000;0.0000
2026-05-10;WeightedEnsemble Model;ETH;4;5;0.02071690;0;1;0;0.00000000;0.0000
2026-05-10;WeightedEnsemble Model;BNB;4;7;0.07229768;0;0;0;0.00000000;0.0000
2026-05-10;WeightedEnsemble Model;XRP;3;7;0.05970879;0;0;0;0.00000000;0.0000
2026-05-10;WeightedEnsemble Model;SOL;4;8;0.13948728;0;0;0;0.00000000;0.0000
2026-05-10;XGBoost Model;BTC;5;7;0.04530605;0;0;1;0.04430605;4.4302
2026-05-10;XGBoost Model;ETH;4;5;0.02071690;0;1;0;0.00000000;0.0000
2026-05-10;XGBoost Model;BNB;8;7;0.07229768;0;1;1;0.07129768;7.2900
2026-05-10;XGBoost Model;XRP;3;7;0.05970879;0;0;0;0.00000000;0.0000
2026-05-10;XGBoost Model;SOL;4;8;0.13948728;0;0;0;0.00000000;0.0000
2026-05-17;Autoencoder Model;BTC;4;1;-0.05954621;0;0;1;0.00000000;0.0000
2026-05-17;Autoencoder Model;ETH;5;1;-0.10683432;0;0;0;-0.10783432;-10.3224
2026-05-17;Autoencoder Model;BNB;4;3;-0.02143217;0;1;1;0.00000000;0.0000
2026-05-17;Autoencoder Model;XRP;3;2;-0.04995821;0;1;1;0.00000000;0.0000
2026-05-17;Autoencoder Model;SOL;3;1;-0.12376127;0;0;1;0.00000000;0.0000
2026-05-17;CatBoost Model;BTC;2;1;-0.05954621;0;1;1;0.00000000;0.0000
2026-05-17;CatBoost Model;ETH;3;1;-0.10683432;0;0;1;0.00000000;0.0000
2026-05-17;CatBoost Model;BNB;1;3;-0.02143217;0;0;1;0.00000000;0.0000
2026-05-17;CatBoost Model;XRP;3;2;-0.04995821;0;1;1;0.00000000;0.0000
2026-05-17;CatBoost Model;SOL;3;1;-0.12376127;0;0;1;0.00000000;0.0000
2026-05-17;GARCH Model;BTC;6;1;-0.05954621;0;0;0;-0.06054621;-5.9750
2026-05-17;GARCH Model;ETH;5;1;-0.10683432;0;0;0;-0.10783432;-10.3224
2026-05-17;GARCH Model;BNB;5;3;-0.02143217;0;0;0;-0.02243217;-2.3183
2026-05-17;GARCH Model;XRP;5;2;-0.04995821;0;0;0;-0.05095821;-5.0682
2026-05-17;GARCH Model;SOL;5;1;-0.12376127;0;0;0;-0.12476127;-11.8293
2026-05-17;GNN Model;BTC;4;1;-0.05954621;0;0;1;0.00000000;0.0000
2026-05-17;GNN Model;ETH;5;1;-0.10683432;0;0;0;-0.10783432;-10.3224
2026-05-17;GNN Model;BNB;4;3;-0.02143217;0;1;1;0.00000000;0.0000
2026-05-17;GNN Model;XRP;3;2;-0.04995821;0;1;1;0.00000000;0.0000
2026-05-17;GNN Model;SOL;5;1;-0.12376127;0;0;0;-0.12476127;-11.8293
2026-05-17;LaplaceMonteCarlo Model;BTC;4;1;-0.05954621;0;0;1;0.00000000;0.0000
2026-05-17;LaplaceMonteCarlo Model;ETH;2;1;-0.10683432;0;1;1;0.00000000;0.0000
2026-05-17;LaplaceMonteCarlo Model;BNB;4;3;-0.02143217;0;1;1;0.00000000;0.0000
2026-05-17;LaplaceMonteCarlo Model;XRP;5;2;-0.04995821;0;0;0;-0.05095821;-5.0682
2026-05-17;LaplaceMonteCarlo Model;SOL;4;1;-0.12376127;0;0;1;0.00000000;0.0000
2026-05-17;LightGBM Model;BTC;2;1;-0.05954621;0;1;1;0.00000000;0.0000
2026-05-17;LightGBM Model;ETH;5;1;-0.10683432;0;0;0;-0.10783432;-10.3224
2026-05-17;LightGBM Model;BNB;4;3;-0.02143217;0;1;1;0.00000000;0.0000
2026-05-17;LightGBM Model;XRP;3;2;-0.04995821;0;1;1;0.00000000;0.0000
2026-05-17;LightGBM Model;SOL;0;1;-0.12376127;0;1;1;0.00000000;0.0000
2026-05-17;Markov Model;BTC;4;1;-0.05954621;0;0;1;0.00000000;0.0000
2026-05-17;Markov Model;ETH;4;1;-0.10683432;0;0;1;0.00000000;0.0000
2026-05-17;Markov Model;BNB;4;3;-0.02143217;0;1;1;0.00000000;0.0000
2026-05-17;Markov Model;XRP;3;2;-0.04995821;0;1;1;0.00000000;0.0000
2026-05-17;Markov Model;SOL;5;1;-0.12376127;0;0;0;-0.12476127;-11.8293
2026-05-17;MarkovMonteCarlo Model;BTC;4;1;-0.05954621;0;0;1;0.00000000;0.0000
2026-05-17;MarkovMonteCarlo Model;ETH;5;1;-0.10683432;0;0;0;-0.10783432;-10.3224
2026-05-17;MarkovMonteCarlo Model;BNB;4;3;-0.02143217;0;1;1;0.00000000;0.0000
2026-05-17;MarkovMonteCarlo Model;XRP;3;2;-0.04995821;0;1;1;0.00000000;0.0000
2026-05-17;MarkovMonteCarlo Model;SOL;5;1;-0.12376127;0;0;0;-0.12476127;-11.8293
2026-05-17;OrderStatistics Baseline;BTC;4;1;-0.05954621;0;0;1;0.00000000;0.0000
2026-05-17;OrderStatistics Baseline;ETH;5;1;-0.10683432;0;0;0;-0.10783432;-10.3224
2026-05-17;OrderStatistics Baseline;BNB;3;3;-0.02143217;1;1;1;0.00000000;0.0000
2026-05-17;OrderStatistics Baseline;XRP;6;2;-0.04995821;0;0;0;-0.05095821;-5.0682
2026-05-17;OrderStatistics Baseline;SOL;7;1;-0.12376127;0;0;0;-0.12476127;-11.8293
2026-05-17;PoissonMonteCarlo Model;BTC;1;1;-0.05954621;1;1;1;0.00000000;0.0000
2026-05-17;PoissonMonteCarlo Model;ETH;1;1;-0.10683432;1;1;1;0.00000000;0.0000
2026-05-17;PoissonMonteCarlo Model;BNB;5;3;-0.02143217;0;0;0;-0.02243217;-2.3183
2026-05-17;PoissonMonteCarlo Model;XRP;3;2;-0.04995821;0;1;1;0.00000000;0.0000
2026-05-17;PoissonMonteCarlo Model;SOL;5;1;-0.12376127;0;0;0;-0.12476127;-11.8293
2026-05-17;RL Position Model;BTC;4;1;-0.05954621;0;0;1;0.00000000;0.0000
2026-05-17;RL Position Model;ETH;5;1;-0.10683432;0;0;0;-0.05391716;-10.3224
2026-05-17;RL Position Model;BNB;4;3;-0.02143217;0;1;1;0.00000000;0.0000
2026-05-17;RL Position Model;XRP;3;2;-0.04995821;0;1;1;-0.02547911;0.0000
2026-05-17;RL Position Model;SOL;5;1;-0.12376127;0;0;0;-0.06238064;-11.8293
2026-05-17;Regime HMM Model;BTC;1;1;-0.05954621;1;1;1;0.00000000;0.0000
2026-05-17;Regime HMM Model;ETH;2;1;-0.10683432;0;1;1;0.00000000;0.0000
2026-05-17;Regime HMM Model;BNB;1;3;-0.02143217;0;0;1;0.00000000;0.0000
2026-05-17;Regime HMM Model;XRP;8;2;-0.04995821;0;0;0;-0.05095821;-5.0682
2026-05-17;Regime HMM Model;SOL;0;1;-0.12376127;0;1;1;0.00000000;0.0000
2026-05-17;Regime HMM Single Model;BTC;1;1;-0.05954621;1;1;1;0.00000000;0.0000
2026-05-17;Regime HMM Single Model;ETH;2;1;-0.10683432;0;1;1;0.00000000;0.0000
2026-05-17;Regime HMM Single Model;BNB;1;3;-0.02143217;0;0;1;0.00000000;0.0000
2026-05-17;Regime HMM Single Model;XRP;8;2;-0.04995821;0;0;0;-0.05095821;-5.0682
2026-05-17;Regime HMM Single Model;SOL;8;1;-0.12376127;0;0;0;-0.12476127;-11.8293
2026-05-17;Regime HMM ZeroMean Model;BTC;1;1;-0.05954621;1;1;1;0.00000000;0.0000
2026-05-17;Regime HMM ZeroMean Model;ETH;2;1;-0.10683432;0;1;1;0.00000000;0.0000
2026-05-17;Regime HMM ZeroMean Model;BNB;1;3;-0.02143217;0;0;1;0.00000000;0.0000
2026-05-17;Regime HMM ZeroMean Model;XRP;5;2;-0.04995821;0;0;0;-0.05095821;-5.0682
2026-05-17;Regime HMM ZeroMean Model;SOL;5;1;-0.12376127;0;0;0;-0.12476127;-11.8293
2026-05-17;Transformer Model;BTC;4;1;-0.05954621;0;0;1;0.00000000;0.0000
2026-05-17;Transformer Model;ETH;5;1;-0.10683432;0;0;0;-0.10783432;-10.3224
2026-05-17;Transformer Model;BNB;4;3;-0.02143217;0;1;1;0.00000000;0.0000
2026-05-17;Transformer Model;XRP;3;2;-0.04995821;0;1;1;0.00000000;0.0000
2026-05-17;Transformer Model;SOL;7;1;-0.12376127;0;0;0;-0.12476127;-11.8293
2026-05-17;WeightedEnsemble Model;BTC;2;1;-0.05954621;0;1;1;0.00000000;0.0000
2026-05-17;WeightedEnsemble Model;ETH;5;1;-0.10683432;0;0;0;-0.10783432;-10.3224
2026-05-17;WeightedEnsemble Model;BNB;4;3;-0.02143217;0;1;1;0.00000000;0.0000
2026-05-17;WeightedEnsemble Model;XRP;3;2;-0.04995821;0;1;1;0.00000000;0.0000
2026-05-17;WeightedEnsemble Model;SOL;5;1;-0.12376127;0;0;0;-0.12476127;-11.8293
2026-05-17;XGBoost Model;BTC;2;1;-0.05954621;0;1;1;0.00000000;0.0000
2026-05-17;XGBoost Model;ETH;5;1;-0.10683432;0;0;0;-0.10783432;-10.3224
2026-05-17;XGBoost Model;BNB;4;3;-0.02143217;0;1;1;0.00000000;0.0000
2026-05-17;XGBoost Model;XRP;3;2;-0.04995821;0;1;1;0.00000000;0.0000
2026-05-17;XGBoost Model;SOL;0;1;-0.12376127;0;1;1;0.00000000;0.0000
2026-05-24;Autoencoder Model;BTC;4;4;-0.00508289;1;1;1;0.00000000;0.0000
2026-05-24;Autoencoder Model;ETH;5;3;-0.01472544;0;0;0;-0.01572544;-1.6603
2026-05-24;Autoencoder Model;BNB;4;5;0.01085727;0;1;0;0.00000000;0.0000
2026-05-24;Autoencoder Model;XRP;3;3;-0.03676938;1;1;1;0.00000000;0.0000
2026-05-24;Autoencoder Model;SOL;5;5;0.00035189;1;1;1;-0.00064811;-0.1648
2026-05-24;CatBoost Model;BTC;3;4;-0.00508289;0;1;1;0.00000000;0.0000
2026-05-24;CatBoost Model;ETH;5;3;-0.01472544;0;0;0;-0.01572544;-1.6603
2026-05-24;CatBoost Model;BNB;4;5;0.01085727;0;1;0;0.00000000;0.0000
2026-05-24;CatBoost Model;XRP;2;3;-0.03676938;0;1;1;0.00000000;0.0000
2026-05-24;CatBoost Model;SOL;7;5;0.00035189;0;0;1;-0.00064811;-0.1648
2026-05-24;GARCH Model;BTC;6;4;-0.00508289;0;0;0;-0.00608289;-0.7065
2026-05-24;GARCH Model;ETH;5;3;-0.01472544;0;0;0;-0.01572544;-1.6603
2026-05-24;GARCH Model;BNB;5;5;0.01085727;1;1;1;0.00985727;0.8906
2026-05-24;GARCH Model;XRP;5;3;-0.03676938;0;0;0;-0.03776938;-3.8065
2026-05-24;GARCH Model;SOL;5;5;0.00035189;1;1;1;-0.00064811;-0.1648
2026-05-24;GNN Model;BTC;4;4;-0.00508289;1;1;1;0.00000000;0.0000
2026-05-24;GNN Model;ETH;5;3;-0.01472544;0;0;0;-0.01572544;-1.6603
2026-05-24;GNN Model;BNB;4;5;0.01085727;0;1;0;0.00000000;0.0000
2026-05-24;GNN Model;XRP;3;3;-0.03676938;1;1;1;0.00000000;0.0000
2026-05-24;GNN Model;SOL;5;5;0.00035189;1;1;1;-0.00064811;-0.1648
2026-05-24;LaplaceMonteCarlo Model;BTC;5;4;-0.00508289;0;1;0;-0.00608289;-0.7065
2026-05-24;LaplaceMonteCarlo Model;ETH;4;3;-0.01472544;0;1;1;0.00000000;0.0000
2026-05-24;LaplaceMonteCarlo Model;BNB;4;5;0.01085727;0;1;0;0.00000000;0.0000
2026-05-24;LaplaceMonteCarlo Model;XRP;5;3;-0.03676938;0;0;0;-0.03776938;-3.8065
2026-05-24;LaplaceMonteCarlo Model;SOL;4;5;0.00035189;0;1;0;0.00000000;0.0000
2026-05-24;LightGBM Model;BTC;3;4;-0.00508289;0;1;1;0.00000000;0.0000
2026-05-24;LightGBM Model;ETH;7;3;-0.01472544;0;0;0;-0.01572544;-1.6603
2026-05-24;LightGBM Model;BNB;5;5;0.01085727;1;1;1;0.00985727;0.8906
2026-05-24;LightGBM Model;XRP;6;3;-0.03676938;0;0;0;-0.03776938;-3.8065
2026-05-24;LightGBM Model;SOL;4;5;0.00035189;0;1;0;0.00000000;0.0000
2026-05-24;Markov Model;BTC;4;4;-0.00508289;1;1;1;0.00000000;0.0000
2026-05-24;Markov Model;ETH;7;3;-0.01472544;0;0;0;-0.01572544;-1.6603
2026-05-24;Markov Model;BNB;4;5;0.01085727;0;1;0;0.00000000;0.0000
2026-05-24;Markov Model;XRP;3;3;-0.03676938;1;1;1;0.00000000;0.0000
2026-05-24;Markov Model;SOL;5;5;0.00035189;1;1;1;-0.00064811;-0.1648
2026-05-24;MarkovMonteCarlo Model;BTC;4;4;-0.00508289;1;1;1;0.00000000;0.0000
2026-05-24;MarkovMonteCarlo Model;ETH;5;3;-0.01472544;0;0;0;-0.01572544;-1.6603
2026-05-24;MarkovMonteCarlo Model;BNB;4;5;0.01085727;0;1;0;0.00000000;0.0000
2026-05-24;MarkovMonteCarlo Model;XRP;3;3;-0.03676938;1;1;1;0.00000000;0.0000
2026-05-24;MarkovMonteCarlo Model;SOL;5;5;0.00035189;1;1;1;-0.00064811;-0.1648
2026-05-24;OrderStatistics Baseline;BTC;4;4;-0.00508289;1;1;1;0.00000000;0.0000
2026-05-24;OrderStatistics Baseline;ETH;5;3;-0.01472544;0;0;0;-0.01572544;-1.6603
2026-05-24;OrderStatistics Baseline;BNB;3;5;0.01085727;0;0;0;0.00000000;0.0000
2026-05-24;OrderStatistics Baseline;XRP;6;3;-0.03676938;0;0;0;-0.03776938;-3.8065
2026-05-24;OrderStatistics Baseline;SOL;7;5;0.00035189;0;0;1;-0.00064811;-0.1648
2026-05-24;PoissonMonteCarlo Model;BTC;1;4;-0.00508289;0;0;1;0.00000000;0.0000
2026-05-24;PoissonMonteCarlo Model;ETH;5;3;-0.01472544;0;0;0;-0.01572544;-1.6603
2026-05-24;PoissonMonteCarlo Model;BNB;1;5;0.01085727;0;0;0;0.00000000;0.0000
2026-05-24;PoissonMonteCarlo Model;XRP;8;3;-0.03676938;0;0;0;-0.03776938;-3.8065
2026-05-24;PoissonMonteCarlo Model;SOL;5;5;0.00035189;1;1;1;-0.00064811;-0.1648
2026-05-24;RL Position Model;BTC;4;4;-0.00508289;1;1;1;0.00000000;0.0000
2026-05-24;RL Position Model;ETH;5;3;-0.01472544;0;0;0;-0.00786272;-1.6603
2026-05-24;RL Position Model;BNB;4;5;0.01085727;0;1;0;0.00492864;0.0000
2026-05-24;RL Position Model;XRP;3;3;-0.03676938;1;1;1;-0.01888469;0.0000
2026-05-24;RL Position Model;SOL;5;5;0.00035189;1;1;1;-0.00032406;-0.1648
2026-05-24;Regime HMM Model;BTC;1;4;-0.00508289;0;0;1;0.00000000;0.0000
2026-05-24;Regime HMM Model;ETH;2;3;-0.01472544;0;1;1;0.00000000;0.0000
2026-05-24;Regime HMM Model;BNB;5;5;0.01085727;1;1;1;0.00985727;0.8906
2026-05-24;Regime HMM Model;XRP;5;3;-0.03676938;0;0;0;-0.03776938;-3.8065
2026-05-24;Regime HMM Model;SOL;5;5;0.00035189;1;1;1;-0.00064811;-0.1648
2026-05-24;Regime HMM Single Model;BTC;1;4;-0.00508289;0;0;1;0.00000000;0.0000
2026-05-24;Regime HMM Single Model;ETH;2;3;-0.01472544;0;1;1;0.00000000;0.0000
2026-05-24;Regime HMM Single Model;BNB;1;5;0.01085727;0;0;0;0.00000000;0.0000
2026-05-24;Regime HMM Single Model;XRP;8;3;-0.03676938;0;0;0;-0.03776938;-3.8065
2026-05-24;Regime HMM Single Model;SOL;8;5;0.00035189;0;0;1;-0.00064811;-0.1648
2026-05-24;Regime HMM ZeroMean Model;BTC;1;4;-0.00508289;0;0;1;0.00000000;0.0000
2026-05-24;Regime HMM ZeroMean Model;ETH;2;3;-0.01472544;0;1;1;0.00000000;0.0000
2026-05-24;Regime HMM ZeroMean Model;BNB;1;5;0.01085727;0;0;0;0.00000000;0.0000
2026-05-24;Regime HMM ZeroMean Model;XRP;0;3;-0.03676938;0;0;1;0.00000000;0.0000
2026-05-24;Regime HMM ZeroMean Model;SOL;5;5;0.00035189;1;1;1;-0.00064811;-0.1648
2026-05-24;Transformer Model;BTC;2;4;-0.00508289;0;0;1;0.00000000;0.0000
2026-05-24;Transformer Model;ETH;3;3;-0.01472544;1;1;1;0.00000000;0.0000
2026-05-24;Transformer Model;BNB;4;5;0.01085727;0;1;0;0.00000000;0.0000
2026-05-24;Transformer Model;XRP;3;3;-0.03676938;1;1;1;0.00000000;0.0000
2026-05-24;Transformer Model;SOL;7;5;0.00035189;0;0;1;-0.00064811;-0.1648
2026-05-24;WeightedEnsemble Model;BTC;3;4;-0.00508289;0;1;1;0.00000000;0.0000
2026-05-24;WeightedEnsemble Model;ETH;5;3;-0.01472544;0;0;0;-0.01572544;-1.6603
2026-05-24;WeightedEnsemble Model;BNB;4;5;0.01085727;0;1;0;0.00000000;0.0000
2026-05-24;WeightedEnsemble Model;XRP;3;3;-0.03676938;1;1;1;0.00000000;0.0000
2026-05-24;WeightedEnsemble Model;SOL;4;5;0.00035189;0;1;0;0.00000000;0.0000
2026-05-24;XGBoost Model;BTC;3;4;-0.00508289;0;1;1;0.00000000;0.0000
2026-05-24;XGBoost Model;ETH;7;3;-0.01472544;0;0;0;-0.01572544;-1.6603
2026-05-24;XGBoost Model;BNB;7;5;0.01085727;0;0;1;0.00985727;0.8906
2026-05-24;XGBoost Model;XRP;6;3;-0.03676938;0;0;0;-0.03776938;-3.8065
2026-05-24;XGBoost Model;SOL;4;5;0.00035189;0;1;0;0.00000000;0.0000
2026-05-31;Autoencoder Model;BTC;4;1;-0.04499345;0;0;1;0.00000000;0.0000
2026-05-31;Autoencoder Model;ETH;5;2;-0.04521986;0;0;0;-0.04621986;-4.6168
2026-05-31;Autoencoder Model;BNB;4;8;0.07901000;0;0;0;0.00000000;0.0000
2026-05-31;Autoencoder Model;XRP;3;4;-0.01341302;0;1;1;0.00000000;0.0000
2026-05-31;Autoencoder Model;SOL;5;3;-0.03375194;0;0;0;-0.03475194;-3.5156
2026-05-31;CatBoost Model;BTC;2;1;-0.04499345;0;1;1;0.00000000;0.0000
2026-05-31;CatBoost Model;ETH;7;2;-0.04521986;0;0;0;-0.04621986;-4.6168
2026-05-31;CatBoost Model;BNB;7;8;0.07901000;0;1;1;0.07801000;8.0133
2026-05-31;CatBoost Model;XRP;3;4;-0.01341302;0;1;1;0.00000000;0.0000
2026-05-31;CatBoost Model;SOL;6;3;-0.03375194;0;0;0;-0.03475194;-3.5156
2026-05-31;GARCH Model;BTC;6;1;-0.04499345;0;0;0;-0.04599345;-4.5952
2026-05-31;GARCH Model;ETH;2;2;-0.04521986;1;1;1;0.00000000;0.0000
2026-05-31;GARCH Model;BNB;5;8;0.07901000;0;0;1;0.07801000;8.0133
2026-05-31;GARCH Model;XRP;5;4;-0.01341302;0;1;0;-0.01441302;-1.5310
2026-05-31;GARCH Model;SOL;5;3;-0.03375194;0;0;0;-0.03475194;-3.5156
2026-05-31;GNN Model;BTC;4;1;-0.04499345;0;0;1;0.00000000;0.0000
2026-05-31;GNN Model;ETH;5;2;-0.04521986;0;0;0;-0.04621986;-4.6168
2026-05-31;GNN Model;BNB;4;8;0.07901000;0;0;0;0.00000000;0.0000
2026-05-31;GNN Model;XRP;3;4;-0.01341302;0;1;1;0.00000000;0.0000
2026-05-31;GNN Model;SOL;5;3;-0.03375194;0;0;0;-0.03475194;-3.5156
2026-05-31;LaplaceMonteCarlo Model;BTC;5;1;-0.04499345;0;0;0;-0.04599345;-4.5952
2026-05-31;LaplaceMonteCarlo Model;ETH;3;2;-0.04521986;0;1;1;0.00000000;0.0000
2026-05-31;LaplaceMonteCarlo Model;BNB;3;8;0.07901000;0;0;0;0.00000000;0.0000
2026-05-31;LaplaceMonteCarlo Model;XRP;3;4;-0.01341302;0;1;1;0.00000000;0.0000
2026-05-31;LaplaceMonteCarlo Model;SOL;4;3;-0.03375194;0;1;1;0.00000000;0.0000
2026-05-31;LightGBM Model;BTC;2;1;-0.04499345;0;1;1;0.00000000;0.0000
2026-05-31;LightGBM Model;ETH;7;2;-0.04521986;0;0;0;-0.04621986;-4.6168
2026-05-31;LightGBM Model;BNB;7;8;0.07901000;0;1;1;0.07801000;8.0133
2026-05-31;LightGBM Model;XRP;5;4;-0.01341302;0;1;0;-0.01441302;-1.5310
2026-05-31;LightGBM Model;SOL;6;3;-0.03375194;0;0;0;-0.03475194;-3.5156
2026-05-31;Markov Model;BTC;4;1;-0.04499345;0;0;1;0.00000000;0.0000
2026-05-31;Markov Model;ETH;7;2;-0.04521986;0;0;0;-0.04621986;-4.6168
2026-05-31;Markov Model;BNB;4;8;0.07901000;0;0;0;0.00000000;0.0000
2026-05-31;Markov Model;XRP;3;4;-0.01341302;0;1;1;0.00000000;0.0000
2026-05-31;Markov Model;SOL;6;3;-0.03375194;0;0;0;-0.03475194;-3.5156
2026-05-31;MarkovMonteCarlo Model;BTC;4;1;-0.04499345;0;0;1;0.00000000;0.0000
2026-05-31;MarkovMonteCarlo Model;ETH;5;2;-0.04521986;0;0;0;-0.04621986;-4.6168
2026-05-31;MarkovMonteCarlo Model;BNB;4;8;0.07901000;0;0;0;0.00000000;0.0000
2026-05-31;MarkovMonteCarlo Model;XRP;3;4;-0.01341302;0;1;1;0.00000000;0.0000
2026-05-31;MarkovMonteCarlo Model;SOL;5;3;-0.03375194;0;0;0;-0.03475194;-3.5156
2026-05-31;OrderStatistics Baseline;BTC;4;1;-0.04499345;0;0;1;0.00000000;0.0000
2026-05-31;OrderStatistics Baseline;ETH;5;2;-0.04521986;0;0;0;-0.04621986;-4.6168
2026-05-31;OrderStatistics Baseline;BNB;3;8;0.07901000;0;0;0;0.00000000;0.0000
2026-05-31;OrderStatistics Baseline;XRP;6;4;-0.01341302;0;0;0;-0.01441302;-1.5310
2026-05-31;OrderStatistics Baseline;SOL;7;3;-0.03375194;0;0;0;-0.03475194;-3.5156
2026-05-31;PoissonMonteCarlo Model;BTC;1;1;-0.04499345;1;1;1;0.00000000;0.0000
2026-05-31;PoissonMonteCarlo Model;ETH;1;2;-0.04521986;0;1;1;0.00000000;0.0000
2026-05-31;PoissonMonteCarlo Model;BNB;5;8;0.07901000;0;0;1;0.07801000;8.0133
2026-05-31;PoissonMonteCarlo Model;XRP;8;4;-0.01341302;0;0;0;-0.01441302;-1.5310
2026-05-31;PoissonMonteCarlo Model;SOL;5;3;-0.03375194;0;0;0;-0.03475194;-3.5156
2026-05-31;RL Position Model;BTC;4;1;-0.04499345;0;0;1;0.00000000;0.0000
2026-05-31;RL Position Model;ETH;7;2;-0.04521986;0;0;0;-0.02310993;-4.6168
2026-05-31;RL Position Model;BNB;4;8;0.07901000;0;0;0;0.03900500;0.0000
2026-05-31;RL Position Model;XRP;3;4;-0.01341302;0;1;1;-0.00720651;0.0000
2026-05-31;RL Position Model;SOL;5;3;-0.03375194;0;0;0;-0.01737597;-3.5156
2026-05-31;Regime HMM Model;BTC;1;1;-0.04499345;1;1;1;0.00000000;0.0000
2026-05-31;Regime HMM Model;ETH;0;2;-0.04521986;0;0;1;0.00000000;0.0000
2026-05-31;Regime HMM Model;BNB;1;8;0.07901000;0;0;0;0.00000000;0.0000
2026-05-31;Regime HMM Model;XRP;1;4;-0.01341302;0;0;1;0.00000000;0.0000
2026-05-31;Regime HMM Model;SOL;5;3;-0.03375194;0;0;0;-0.03475194;-3.5156
2026-05-31;Regime HMM Single Model;BTC;1;1;-0.04499345;1;1;1;0.00000000;0.0000
2026-05-31;Regime HMM Single Model;ETH;2;2;-0.04521986;1;1;1;0.00000000;0.0000
2026-05-31;Regime HMM Single Model;BNB;1;8;0.07901000;0;0;0;0.00000000;0.0000
2026-05-31;Regime HMM Single Model;XRP;8;4;-0.01341302;0;0;0;-0.01441302;-1.5310
2026-05-31;Regime HMM Single Model;SOL;0;3;-0.03375194;0;0;1;0.00000000;0.0000
2026-05-31;Regime HMM ZeroMean Model;BTC;1;1;-0.04499345;1;1;1;0.00000000;0.0000
2026-05-31;Regime HMM ZeroMean Model;ETH;2;2;-0.04521986;1;1;1;0.00000000;0.0000
2026-05-31;Regime HMM ZeroMean Model;BNB;1;8;0.07901000;0;0;0;0.00000000;0.0000
2026-05-31;Regime HMM ZeroMean Model;XRP;8;4;-0.01341302;0;0;0;-0.01441302;-1.5310
2026-05-31;Regime HMM ZeroMean Model;SOL;5;3;-0.03375194;0;0;0;-0.03475194;-3.5156
2026-05-31;Transformer Model;BTC;7;1;-0.04499345;0;0;0;-0.04599345;-4.5952
2026-05-31;Transformer Model;ETH;7;2;-0.04521986;0;0;0;-0.04621986;-4.6168
2026-05-31;Transformer Model;BNB;4;8;0.07901000;0;0;0;0.00000000;0.0000
2026-05-31;Transformer Model;XRP;2;4;-0.01341302;0;0;1;0.00000000;0.0000
2026-05-31;Transformer Model;SOL;3;3;-0.03375194;1;1;1;0.00000000;0.0000
2026-05-31;WeightedEnsemble Model;BTC;2;1;-0.04499345;0;1;1;0.00000000;0.0000
2026-05-31;WeightedEnsemble Model;ETH;7;2;-0.04521986;0;0;0;-0.04621986;-4.6168
2026-05-31;WeightedEnsemble Model;BNB;7;8;0.07901000;0;1;1;0.07801000;8.0133
2026-05-31;WeightedEnsemble Model;XRP;3;4;-0.01341302;0;1;1;0.00000000;0.0000
2026-05-31;WeightedEnsemble Model;SOL;6;3;-0.03375194;0;0;0;-0.03475194;-3.5156
2026-05-31;XGBoost Model;BTC;8;1;-0.04499345;0;0;0;-0.04599345;-4.5952
2026-05-31;XGBoost Model;ETH;7;2;-0.04521986;0;0;0;-0.04621986;-4.6168
2026-05-31;XGBoost Model;BNB;7;8;0.07901000;0;1;1;0.07801000;8.0133
2026-05-31;XGBoost Model;XRP;7;4;-0.01341302;0;0;0;-0.01441302;-1.5310
2026-05-31;XGBoost Model;SOL;6;3;-0.03375194;0;0;0;-0.03475194;-3.5156
2026-06-07;Autoencoder Model;BTC;4;0;-0.15126436;0;0;1;0.00000000;0.0000
2026-06-07;Autoencoder Model;ETH;5;0;-0.17161579;0;0;0;-0.17261579;-15.9540
2026-06-07;Autoencoder Model;BNB;4;0;-0.16173691;0;0;1;0.00000000;0.0000
2026-06-07;Autoencoder Model;XRP;3;0;-0.14281235;0;0;1;0.00000000;0.0000
2026-06-07;Autoencoder Model;SOL;5;0;-0.21486881;0;0;0;-0.21586881;-19.5159
2026-06-07;CatBoost Model;BTC;7;0;-0.15126436;0;0;0;-0.15226436;-14.2239
2026-06-07;CatBoost Model;ETH;4;0;-0.17161579;0;0;1;0.00000000;0.0000
2026-06-07;CatBoost Model;BNB;4;0;-0.16173691;0;0;1;0.00000000;0.0000
2026-06-07;CatBoost Model;XRP;8;0;-0.14281235;0;0;0;-0.14381235;-13.4950
2026-06-07;CatBoost Model;SOL;7;0;-0.21486881;0;0;0;-0.21586881;-19.5159
2026-06-07;GARCH Model;BTC;6;0;-0.15126436;0;0;0;-0.15226436;-14.2239
2026-06-07;GARCH Model;ETH;5;0;-0.17161579;0;0;0;-0.17261579;-15.9540
2026-06-07;GARCH Model;BNB;5;0;-0.16173691;0;0;0;-0.16273691;-15.1186
2026-06-07;GARCH Model;XRP;5;0;-0.14281235;0;0;0;-0.14381235;-13.4950
2026-06-07;GARCH Model;SOL;5;0;-0.21486881;0;0;0;-0.21586881;-19.5159
2026-06-07;GNN Model;BTC;4;0;-0.15126436;0;0;1;0.00000000;0.0000
2026-06-07;GNN Model;ETH;5;0;-0.17161579;0;0;0;-0.17261579;-15.9540
2026-06-07;GNN Model;BNB;4;0;-0.16173691;0;0;1;0.00000000;0.0000
2026-06-07;GNN Model;XRP;3;0;-0.14281235;0;0;1;0.00000000;0.0000
2026-06-07;GNN Model;SOL;5;0;-0.21486881;0;0;0;-0.21586881;-19.5159
2026-06-07;LaplaceMonteCarlo Model;BTC;3;0;-0.15126436;0;0;1;0.00000000;0.0000
2026-06-07;LaplaceMonteCarlo Model;ETH;4;0;-0.17161579;0;0;1;0.00000000;0.0000
2026-06-07;LaplaceMonteCarlo Model;BNB;3;0;-0.16173691;0;0;1;0.00000000;0.0000
2026-06-07;LaplaceMonteCarlo Model;XRP;3;0;-0.14281235;0;0;1;0.00000000;0.0000
2026-06-07;LaplaceMonteCarlo Model;SOL;5;0;-0.21486881;0;0;0;-0.21586881;-19.5159
2026-06-07;LightGBM Model;BTC;7;0;-0.15126436;0;0;0;-0.15226436;-14.2239
2026-06-07;LightGBM Model;ETH;7;0;-0.17161579;0;0;0;-0.17261579;-15.9540
2026-06-07;LightGBM Model;BNB;4;0;-0.16173691;0;0;1;0.00000000;0.0000
2026-06-07;LightGBM Model;XRP;8;0;-0.14281235;0;0;0;-0.14381235;-13.4950
2026-06-07;LightGBM Model;SOL;7;0;-0.21486881;0;0;0;-0.21586881;-19.5159
2026-06-07;Markov Model;BTC;4;0;-0.15126436;0;0;1;0.00000000;0.0000
2026-06-07;Markov Model;ETH;4;0;-0.17161579;0;0;1;0.00000000;0.0000
2026-06-07;Markov Model;BNB;5;0;-0.16173691;0;0;0;-0.16273691;-15.1186
2026-06-07;Markov Model;XRP;3;0;-0.14281235;0;0;1;0.00000000;0.0000
2026-06-07;Markov Model;SOL;5;0;-0.21486881;0;0;0;-0.21586881;-19.5159
2026-06-07;MarkovMonteCarlo Model;BTC;4;0;-0.15126436;0;0;1;0.00000000;0.0000
2026-06-07;MarkovMonteCarlo Model;ETH;5;0;-0.17161579;0;0;0;-0.17261579;-15.9540
2026-06-07;MarkovMonteCarlo Model;BNB;4;0;-0.16173691;0;0;1;0.00000000;0.0000
2026-06-07;MarkovMonteCarlo Model;XRP;3;0;-0.14281235;0;0;1;0.00000000;0.0000
2026-06-07;MarkovMonteCarlo Model;SOL;5;0;-0.21486881;0;0;0;-0.21586881;-19.5159
2026-06-07;OrderStatistics Baseline;BTC;4;0;-0.15126436;0;0;1;0.00000000;0.0000
2026-06-07;OrderStatistics Baseline;ETH;5;0;-0.17161579;0;0;0;-0.17261579;-15.9540
2026-06-07;OrderStatistics Baseline;BNB;3;0;-0.16173691;0;0;1;0.00000000;0.0000
2026-06-07;OrderStatistics Baseline;XRP;6;0;-0.14281235;0;0;0;-0.14381235;-13.4950
2026-06-07;OrderStatistics Baseline;SOL;7;0;-0.21486881;0;0;0;-0.21586881;-19.5159
2026-06-07;PoissonMonteCarlo Model;BTC;1;0;-0.15126436;0;1;1;0.00000000;0.0000
2026-06-07;PoissonMonteCarlo Model;ETH;1;0;-0.17161579;0;1;1;0.00000000;0.0000
2026-06-07;PoissonMonteCarlo Model;BNB;0;0;-0.16173691;1;1;1;0.00000000;0.0000
2026-06-07;PoissonMonteCarlo Model;XRP;3;0;-0.14281235;0;0;1;0.00000000;0.0000
2026-06-07;PoissonMonteCarlo Model;SOL;5;0;-0.21486881;0;0;0;-0.21586881;-19.5159
2026-06-07;RL Position Model;BTC;4;0;-0.15126436;0;0;1;-0.07613218;0.0000
2026-06-07;RL Position Model;ETH;5;0;-0.17161579;0;0;0;-0.08630790;-15.9540
2026-06-07;RL Position Model;BNB;4;0;-0.16173691;0;0;1;0.00000000;0.0000
2026-06-07;RL Position Model;XRP;3;0;-0.14281235;0;0;1;-0.07190618;0.0000
2026-06-07;RL Position Model;SOL;5;0;-0.21486881;0;0;0;-0.10793440;-19.5159
2026-06-07;Regime HMM Model;BTC;1;0;-0.15126436;0;1;1;0.00000000;0.0000
2026-06-07;Regime HMM Model;ETH;8;0;-0.17161579;0;0;0;-0.17261579;-15.9540
2026-06-07;Regime HMM Model;BNB;1;0;-0.16173691;0;1;1;0.00000000;0.0000
2026-06-07;Regime HMM Model;XRP;8;0;-0.14281235;0;0;0;-0.14381235;-13.4950
2026-06-07;Regime HMM Model;SOL;5;0;-0.21486881;0;0;0;-0.21586881;-19.5159
2026-06-07;Regime HMM Single Model;BTC;1;0;-0.15126436;0;1;1;0.00000000;0.0000
2026-06-07;Regime HMM Single Model;ETH;2;0;-0.17161579;0;0;1;0.00000000;0.0000
2026-06-07;Regime HMM Single Model;BNB;1;0;-0.16173691;0;1;1;0.00000000;0.0000
2026-06-07;Regime HMM Single Model;XRP;8;0;-0.14281235;0;0;0;-0.14381235;-13.4950
2026-06-07;Regime HMM Single Model;SOL;8;0;-0.21486881;0;0;0;-0.21586881;-19.5159
2026-06-07;Regime HMM ZeroMean Model;BTC;1;0;-0.15126436;0;1;1;0.00000000;0.0000
2026-06-07;Regime HMM ZeroMean Model;ETH;2;0;-0.17161579;0;0;1;0.00000000;0.0000
2026-06-07;Regime HMM ZeroMean Model;BNB;1;0;-0.16173691;0;1;1;0.00000000;0.0000
2026-06-07;Regime HMM ZeroMean Model;XRP;5;0;-0.14281235;0;0;0;-0.14381235;-13.4950
2026-06-07;Regime HMM ZeroMean Model;SOL;5;0;-0.21486881;0;0;0;-0.21586881;-19.5159
2026-06-07;Transformer Model;BTC;6;0;-0.15126436;0;0;0;-0.15226436;-14.2239
2026-06-07;Transformer Model;ETH;8;0;-0.17161579;0;0;0;-0.17261579;-15.9540
2026-06-07;Transformer Model;BNB;7;0;-0.16173691;0;0;0;-0.16273691;-15.1186
2026-06-07;Transformer Model;XRP;9;0;-0.14281235;0;0;0;-0.14381235;-13.4950
2026-06-07;Transformer Model;SOL;6;0;-0.21486881;0;0;0;-0.21586881;-19.5159
2026-06-07;WeightedEnsemble Model;BTC;7;0;-0.15126436;0;0;0;-0.15226436;-14.2239
2026-06-07;WeightedEnsemble Model;ETH;4;0;-0.17161579;0;0;1;0.00000000;0.0000
2026-06-07;WeightedEnsemble Model;BNB;4;0;-0.16173691;0;0;1;0.00000000;0.0000
2026-06-07;WeightedEnsemble Model;XRP;3;0;-0.14281235;0;0;1;0.00000000;0.0000
2026-06-07;WeightedEnsemble Model;SOL;5;0;-0.21486881;0;0;0;-0.21586881;-19.5159
2026-06-07;XGBoost Model;BTC;7;0;-0.15126436;0;0;0;-0.15226436;-14.2239
2026-06-07;XGBoost Model;ETH;7;0;-0.17161579;0;0;0;-0.17261579;-15.9540
2026-06-07;XGBoost Model;BNB;4;0;-0.16173691;0;0;1;0.00000000;0.0000
2026-06-07;XGBoost Model;XRP;8;0;-0.14281235;0;0;0;-0.14381235;-13.4950
2026-06-07;XGBoost Model;SOL;7;0;-0.21486881;0;0;0;-0.21586881;-19.5159
2026-06-14;Autoencoder Model;BTC;4;7;0.03741479;0;0;0;0.00000000;0.0000
2026-06-14;Autoencoder Model;ETH;5;5;0.02055615;1;1;1;0.01955615;1.8748
2026-06-14;Autoencoder Model;BNB;2;5;0.02022620;0;0;0;0.00000000;0.0000
2026-06-14;Autoencoder Model;XRP;3;6;0.02605092;0;0;0;0.00000000;0.0000
2026-06-14;Autoencoder Model;SOL;5;7;0.06941384;0;0;1;0.06841384;6.9808
2026-06-14;CatBoost Model;BTC;2;7;0.03741479;0;0;0;0.00000000;0.0000
2026-06-14;CatBoost Model;ETH;2;5;0.02055615;0;0;0;0.00000000;0.0000
2026-06-14;CatBoost Model;BNB;4;5;0.02022620;0;1;0;0.00000000;0.0000
2026-06-14;CatBoost Model;XRP;5;6;0.02605092;0;1;1;0.02505092;2.4367
2026-06-14;CatBoost Model;SOL;7;7;0.06941384;1;1;1;0.06841384;6.9808
2026-06-14;GARCH Model;BTC;6;7;0.03741479;0;1;1;0.03641479;3.6085
2026-06-14;GARCH Model;ETH;5;5;0.02055615;1;1;1;0.01955615;1.8748
2026-06-14;GARCH Model;BNB;5;5;0.02022620;1;1;1;0.01922620;1.8412
2026-06-14;GARCH Model;XRP;5;6;0.02605092;0;1;1;0.02505092;2.4367
2026-06-14;GARCH Model;SOL;5;7;0.06941384;0;0;1;0.06841384;6.9808
2026-06-14;GNN Model;BTC;4;7;0.03741479;0;0;0;0.00000000;0.0000
2026-06-14;GNN Model;ETH;5;5;0.02055615;1;1;1;0.01955615;1.8748
2026-06-14;GNN Model;BNB;4;5;0.02022620;0;1;0;0.00000000;0.0000
2026-06-14;GNN Model;XRP;3;6;0.02605092;0;0;0;0.00000000;0.0000
2026-06-14;GNN Model;SOL;5;7;0.06941384;0;0;1;0.06841384;6.9808
2026-06-14;LaplaceMonteCarlo Model;BTC;3;7;0.03741479;0;0;0;0.00000000;0.0000
2026-06-14;LaplaceMonteCarlo Model;ETH;4;5;0.02055615;0;1;0;0.00000000;0.0000
2026-06-14;LaplaceMonteCarlo Model;BNB;5;5;0.02022620;1;1;1;0.01922620;1.8412
2026-06-14;LaplaceMonteCarlo Model;XRP;4;6;0.02605092;0;0;0;0.00000000;0.0000
2026-06-14;LaplaceMonteCarlo Model;SOL;4;7;0.06941384;0;0;0;0.00000000;0.0000
2026-06-14;LightGBM Model;BTC;2;7;0.03741479;0;0;0;0.00000000;0.0000
2026-06-14;LightGBM Model;ETH;2;5;0.02055615;0;0;0;0.00000000;0.0000
2026-06-14;LightGBM Model;BNB;4;5;0.02022620;0;1;0;0.00000000;0.0000
2026-06-14;LightGBM Model;XRP;5;6;0.02605092;0;1;1;0.02505092;2.4367
2026-06-14;LightGBM Model;SOL;4;7;0.06941384;0;0;0;0.00000000;0.0000
2026-06-14;Markov Model;BTC;4;7;0.03741479;0;0;0;0.00000000;0.0000
2026-06-14;Markov Model;ETH;4;5;0.02055615;0;1;0;0.00000000;0.0000
2026-06-14;Markov Model;BNB;4;5;0.02022620;0;1;0;0.00000000;0.0000
2026-06-14;Markov Model;XRP;3;6;0.02605092;0;0;0;0.00000000;0.0000
2026-06-14;Markov Model;SOL;6;7;0.06941384;0;1;1;0.06841384;6.9808
2026-06-14;MarkovMonteCarlo Model;BTC;4;7;0.03741479;0;0;0;0.00000000;0.0000
2026-06-14;MarkovMonteCarlo Model;ETH;5;5;0.02055615;1;1;1;0.01955615;1.8748
2026-06-14;MarkovMonteCarlo Model;BNB;4;5;0.02022620;0;1;0;0.00000000;0.0000
2026-06-14;MarkovMonteCarlo Model;XRP;3;6;0.02605092;0;0;0;0.00000000;0.0000
2026-06-14;MarkovMonteCarlo Model;SOL;5;7;0.06941384;0;0;1;0.06841384;6.9808
2026-06-14;OrderStatistics Baseline;BTC;4;7;0.03741479;0;0;0;0.00000000;0.0000
2026-06-14;OrderStatistics Baseline;ETH;5;5;0.02055615;1;1;1;0.01955615;1.8748
2026-06-14;OrderStatistics Baseline;BNB;3;5;0.02022620;0;0;0;0.00000000;0.0000
2026-06-14;OrderStatistics Baseline;XRP;6;6;0.02605092;1;1;1;0.02505092;2.4367
2026-06-14;OrderStatistics Baseline;SOL;7;7;0.06941384;1;1;1;0.06841384;6.9808
2026-06-14;PoissonMonteCarlo Model;BTC;1;7;0.03741479;0;0;0;0.00000000;0.0000
2026-06-14;PoissonMonteCarlo Model;ETH;5;5;0.02055615;1;1;1;0.01955615;1.8748
2026-06-14;PoissonMonteCarlo Model;BNB;5;5;0.02022620;1;1;1;0.01922620;1.8412
2026-06-14;PoissonMonteCarlo Model;XRP;3;6;0.02605092;0;0;0;0.00000000;0.0000
2026-06-14;PoissonMonteCarlo Model;SOL;5;7;0.06941384;0;0;1;0.06841384;6.9808
2026-06-14;RL Position Model;BTC;4;7;0.03741479;0;0;0;0.00000000;0.0000
2026-06-14;RL Position Model;ETH;2;5;0.02055615;0;0;0;0.00000000;0.0000
2026-06-14;RL Position Model;BNB;4;5;0.02022620;0;1;0;0.00000000;0.0000
2026-06-14;RL Position Model;XRP;3;6;0.02605092;0;0;0;0.01252546;0.0000
2026-06-14;RL Position Model;SOL;5;7;0.06941384;0;0;1;0.03420692;6.9808
2026-06-14;Regime HMM Model;BTC;1;7;0.03741479;0;0;0;0.00000000;0.0000
2026-06-14;Regime HMM Model;ETH;2;5;0.02055615;0;0;0;0.00000000;0.0000
2026-06-14;Regime HMM Model;BNB;1;5;0.02022620;0;0;0;0.00000000;0.0000
2026-06-14;Regime HMM Model;XRP;5;6;0.02605092;0;1;1;0.02505092;2.4367
2026-06-14;Regime HMM Model;SOL;5;7;0.06941384;0;0;1;0.06841384;6.9808
2026-06-14;Regime HMM Single Model;BTC;1;7;0.03741479;0;0;0;0.00000000;0.0000
2026-06-14;Regime HMM Single Model;ETH;2;5;0.02055615;0;0;0;0.00000000;0.0000
2026-06-14;Regime HMM Single Model;BNB;1;5;0.02022620;0;0;0;0.00000000;0.0000
2026-06-14;Regime HMM Single Model;XRP;8;6;0.02605092;0;0;1;0.02505092;2.4367
2026-06-14;Regime HMM Single Model;SOL;0;7;0.06941384;0;0;0;0.00000000;0.0000
2026-06-14;Regime HMM ZeroMean Model;BTC;1;7;0.03741479;0;0;0;0.00000000;0.0000
2026-06-14;Regime HMM ZeroMean Model;ETH;2;5;0.02055615;0;0;0;0.00000000;0.0000
2026-06-14;Regime HMM ZeroMean Model;BNB;1;5;0.02022620;0;0;0;0.00000000;0.0000
2026-06-14;Regime HMM ZeroMean Model;XRP;5;6;0.02605092;0;1;1;0.02505092;2.4367
2026-06-14;Regime HMM ZeroMean Model;SOL;5;7;0.06941384;0;0;1;0.06841384;6.9808
2026-06-14;Transformer Model;BTC;3;7;0.03741479;0;0;0;0.00000000;0.0000
2026-06-14;Transformer Model;ETH;8;5;0.02055615;0;0;1;0.01955615;1.8748
2026-06-14;Transformer Model;BNB;8;5;0.02022620;0;0;1;0.01922620;1.8412
2026-06-14;Transformer Model;XRP;3;6;0.02605092;0;0;0;0.00000000;0.0000
2026-06-14;Transformer Model;SOL;4;7;0.06941384;0;0;0;0.00000000;0.0000
2026-06-14;WeightedEnsemble Model;BTC;2;7;0.03741479;0;0;0;0.00000000;0.0000
2026-06-14;WeightedEnsemble Model;ETH;2;5;0.02055615;0;0;0;0.00000000;0.0000
2026-06-14;WeightedEnsemble Model;BNB;4;5;0.02022620;0;1;0;0.00000000;0.0000
2026-06-14;WeightedEnsemble Model;XRP;3;6;0.02605092;0;0;0;0.00000000;0.0000
2026-06-14;WeightedEnsemble Model;SOL;4;7;0.06941384;0;0;0;0.00000000;0.0000
2026-06-14;XGBoost Model;BTC;2;7;0.03741479;0;0;0;0.00000000;0.0000
2026-06-14;XGBoost Model;ETH;2;5;0.02055615;0;0;0;0.00000000;0.0000
2026-06-14;XGBoost Model;BNB;8;5;0.02022620;0;0;1;0.01922620;1.8412
2026-06-14;XGBoost Model;XRP;3;6;0.02605092;0;0;0;0.00000000;0.0000
2026-06-14;XGBoost Model;SOL;4;7;0.06941384;0;0;0;0.00000000;0.0000
2026-06-21;Autoencoder Model;BTC;4;2;-0.03773095;0;0;1;0.00000000;0.0000
2026-06-21;Autoencoder Model;ETH;5;4;-0.01088411;0;1;0;-0.01188411;-1.2814
2026-06-21;Autoencoder Model;BNB;4;1;-0.05423387;0;0;1;0.00000000;0.0000
2026-06-21;Autoencoder Model;XRP;3;2;-0.05306537;0;1;1;0.00000000;0.0000
2026-06-21;Autoencoder Model;SOL;5;5;0.01641890;1;1;1;0.01541890;1.4538
2026-06-21;CatBoost Model;BTC;1;2;-0.03773095;0;1;1;0.00000000;0.0000
2026-06-21;CatBoost Model;ETH;1;4;-0.01088411;0;0;1;0.00000000;0.0000
2026-06-21;CatBoost Model;BNB;5;1;-0.05423387;0;0;0;-0.05523387;-5.4737
2026-06-21;CatBoost Model;XRP;7;2;-0.05306537;0;0;0;-0.05406537;-5.3630
2026-06-21;CatBoost Model;SOL;1;5;0.01641890;0;0;0;0.00000000;0.0000
2026-06-21;GARCH Model;BTC;1;2;-0.03773095;0;1;1;0.00000000;0.0000
2026-06-21;GARCH Model;ETH;2;4;-0.01088411;0;0;1;0.00000000;0.0000
2026-06-21;GARCH Model;BNB;0;1;-0.05423387;0;1;1;0.00000000;0.0000
2026-06-21;GARCH Model;XRP;5;2;-0.05306537;0;0;0;-0.05406537;-5.3630
2026-06-21;GARCH Model;SOL;5;5;0.01641890;1;1;1;0.01541890;1.4538
2026-06-21;GNN Model;BTC;4;2;-0.03773095;0;0;1;0.00000000;0.0000
2026-06-21;GNN Model;ETH;5;4;-0.01088411;0;1;0;-0.01188411;-1.2814
2026-06-21;GNN Model;BNB;4;1;-0.05423387;0;0;1;0.00000000;0.0000
2026-06-21;GNN Model;XRP;3;2;-0.05306537;0;1;1;0.00000000;0.0000
2026-06-21;GNN Model;SOL;5;5;0.01641890;1;1;1;0.01541890;1.4538
2026-06-21;LaplaceMonteCarlo Model;BTC;3;2;-0.03773095;0;1;1;0.00000000;0.0000
2026-06-21;LaplaceMonteCarlo Model;ETH;3;4;-0.01088411;0;1;1;0.00000000;0.0000
2026-06-21;LaplaceMonteCarlo Model;BNB;4;1;-0.05423387;0;0;1;0.00000000;0.0000
2026-06-21;LaplaceMonteCarlo Model;XRP;4;2;-0.05306537;0;0;1;0.00000000;0.0000
2026-06-21;LaplaceMonteCarlo Model;SOL;4;5;0.01641890;0;1;0;0.00000000;0.0000
2026-06-21;LightGBM Model;BTC;1;2;-0.03773095;0;1;1;0.00000000;0.0000
2026-06-21;LightGBM Model;ETH;3;4;-0.01088411;0;1;1;0.00000000;0.0000
2026-06-21;LightGBM Model;BNB;5;1;-0.05423387;0;0;0;-0.05523387;-5.4737
2026-06-21;LightGBM Model;XRP;1;2;-0.05306537;0;1;1;0.00000000;0.0000
2026-06-21;LightGBM Model;SOL;1;5;0.01641890;0;0;0;0.00000000;0.0000
2026-06-21;Markov Model;BTC;4;2;-0.03773095;0;0;1;0.00000000;0.0000
2026-06-21;Markov Model;ETH;2;4;-0.01088411;0;0;1;0.00000000;0.0000
2026-06-21;Markov Model;BNB;5;1;-0.05423387;0;0;0;-0.05523387;-5.4737
2026-06-21;Markov Model;XRP;3;2;-0.05306537;0;1;1;0.00000000;0.0000
2026-06-21;Markov Model;SOL;5;5;0.01641890;1;1;1;0.01541890;1.4538
2026-06-21;MarkovMonteCarlo Model;BTC;4;2;-0.03773095;0;0;1;0.00000000;0.0000
2026-06-21;MarkovMonteCarlo Model;ETH;5;4;-0.01088411;0;1;0;-0.01188411;-1.2814
2026-06-21;MarkovMonteCarlo Model;BNB;4;1;-0.05423387;0;0;1;0.00000000;0.0000
2026-06-21;MarkovMonteCarlo Model;XRP;3;2;-0.05306537;0;1;1;0.00000000;0.0000
2026-06-21;MarkovMonteCarlo Model;SOL;5;5;0.01641890;1;1;1;0.01541890;1.4538
2026-06-21;OrderStatistics Baseline;BTC;4;2;-0.03773095;0;0;1;0.00000000;0.0000
2026-06-21;OrderStatistics Baseline;ETH;5;4;-0.01088411;0;1;0;-0.01188411;-1.2814
2026-06-21;OrderStatistics Baseline;BNB;3;1;-0.05423387;0;0;1;0.00000000;0.0000
2026-06-21;OrderStatistics Baseline;XRP;6;2;-0.05306537;0;0;0;-0.05406537;-5.3630
2026-06-21;OrderStatistics Baseline;SOL;7;5;0.01641890;0;0;1;0.01541890;1.4538
2026-06-21;PoissonMonteCarlo Model;BTC;1;2;-0.03773095;0;1;1;0.00000000;0.0000
2026-06-21;PoissonMonteCarlo Model;ETH;1;4;-0.01088411;0;0;1;0.00000000;0.0000
2026-06-21;PoissonMonteCarlo Model;BNB;8;1;-0.05423387;0;0;0;-0.05523387;-5.4737
2026-06-21;PoissonMonteCarlo Model;XRP;8;2;-0.05306537;0;0;0;-0.05406537;-5.3630
2026-06-21;PoissonMonteCarlo Model;SOL;5;5;0.01641890;1;1;1;0.01541890;1.4538
2026-06-21;RL Position Model;BTC;1;2;-0.03773095;0;1;1;0.00000000;0.0000
2026-06-21;RL Position Model;ETH;2;4;-0.01088411;0;0;1;0.00000000;0.0000
2026-06-21;RL Position Model;BNB;1;1;-0.05423387;1;1;1;-0.02761693;0.0000
2026-06-21;RL Position Model;XRP;3;2;-0.05306537;0;1;1;-0.02703269;0.0000
2026-06-21;RL Position Model;SOL;5;5;0.01641890;1;1;1;0.00000000;1.4538
2026-06-21;Regime HMM Model;BTC;1;2;-0.03773095;0;1;1;0.00000000;0.0000
2026-06-21;Regime HMM Model;ETH;2;4;-0.01088411;0;0;1;0.00000000;0.0000
2026-06-21;Regime HMM Model;BNB;1;1;-0.05423387;1;1;1;0.00000000;0.0000
2026-06-21;Regime HMM Model;XRP;5;2;-0.05306537;0;0;0;-0.05406537;-5.3630
2026-06-21;Regime HMM Model;SOL;0;5;0.01641890;0;0;0;0.00000000;0.0000
2026-06-21;Regime HMM Single Model;BTC;1;2;-0.03773095;0;1;1;0.00000000;0.0000
2026-06-21;Regime HMM Single Model;ETH;2;4;-0.01088411;0;0;1;0.00000000;0.0000
2026-06-21;Regime HMM Single Model;BNB;1;1;-0.05423387;1;1;1;0.00000000;0.0000
2026-06-21;Regime HMM Single Model;XRP;8;2;-0.05306537;0;0;0;-0.05406537;-5.3630
2026-06-21;Regime HMM Single Model;SOL;0;5;0.01641890;0;0;0;0.00000000;0.0000
2026-06-21;Regime HMM ZeroMean Model;BTC;1;2;-0.03773095;0;1;1;0.00000000;0.0000
2026-06-21;Regime HMM ZeroMean Model;ETH;2;4;-0.01088411;0;0;1;0.00000000;0.0000
2026-06-21;Regime HMM ZeroMean Model;BNB;1;1;-0.05423387;1;1;1;0.00000000;0.0000
2026-06-21;Regime HMM ZeroMean Model;XRP;8;2;-0.05306537;0;0;0;-0.05406537;-5.3630
2026-06-21;Regime HMM ZeroMean Model;SOL;8;5;0.01641890;0;0;1;0.01541890;1.4538
2026-06-21;Transformer Model;BTC;2;2;-0.03773095;1;1;1;0.00000000;0.0000
2026-06-21;Transformer Model;ETH;1;4;-0.01088411;0;0;1;0.00000000;0.0000
2026-06-21;Transformer Model;BNB;8;1;-0.05423387;0;0;0;-0.05523387;-5.4737
2026-06-21;Transformer Model;XRP;8;2;-0.05306537;0;0;0;-0.05406537;-5.3630
2026-06-21;Transformer Model;SOL;6;5;0.01641890;0;1;1;0.01541890;1.4538
2026-06-21;WeightedEnsemble Model;BTC;1;2;-0.03773095;0;1;1;0.00000000;0.0000
2026-06-21;WeightedEnsemble Model;ETH;3;4;-0.01088411;0;1;1;0.00000000;0.0000
2026-06-21;WeightedEnsemble Model;BNB;5;1;-0.05423387;0;0;0;-0.05523387;-5.4737
2026-06-21;WeightedEnsemble Model;XRP;1;2;-0.05306537;0;1;1;0.00000000;0.0000
2026-06-21;WeightedEnsemble Model;SOL;1;5;0.01641890;0;0;0;0.00000000;0.0000
2026-06-21;XGBoost Model;BTC;4;2;-0.03773095;0;0;1;0.00000000;0.0000
2026-06-21;XGBoost Model;ETH;3;4;-0.01088411;0;1;1;0.00000000;0.0000
2026-06-21;XGBoost Model;BNB;1;1;-0.05423387;1;1;1;0.00000000;0.0000
2026-06-21;XGBoost Model;XRP;1;2;-0.05306537;0;1;1;0.00000000;0.0000
2026-06-21;XGBoost Model;SOL;1;5;0.01641890;0;0;0;0.00000000;0.0000
2026-06-28;Autoencoder Model;BTC;4;1;-0.06080497;0;0;1;0.00000000;0.0000
2026-06-28;Autoencoder Model;ETH;5;1;-0.08237905;0;0;0;-0.08337905;-8.0998
2026-06-28;Autoencoder Model;BNB;2;1;-0.05843290;0;1;1;0.00000000;0.0000
2026-06-28;Autoencoder Model;XRP;3;1;-0.07024467;0;0;1;0.00000000;0.0000
2026-06-28;Autoencoder Model;SOL;5;4;-0.01501697;0;1;0;-0.01601697;-1.6890
2026-06-28;CatBoost Model;BTC;4;1;-0.06080497;0;0;1;0.00000000;0.0000
2026-06-28;CatBoost Model;ETH;4;1;-0.08237905;0;0;1;0.00000000;0.0000
2026-06-28;CatBoost Model;BNB;5;1;-0.05843290;0;0;0;-0.05943290;-5.8702
2026-06-28;CatBoost Model;XRP;6;1;-0.07024467;0;0;0;-0.07124467;-6.9766
2026-06-28;CatBoost Model;SOL;4;4;-0.01501697;1;1;1;0.00000000;0.0000
2026-06-28;GARCH Model;BTC;6;1;-0.06080497;0;0;0;-0.06180497;-6.0934
2026-06-28;GARCH Model;ETH;2;1;-0.08237905;0;1;1;0.00000000;0.0000
2026-06-28;GARCH Model;BNB;6;1;-0.05843290;0;0;0;-0.05943290;-5.8702
2026-06-28;GARCH Model;XRP;5;1;-0.07024467;0;0;0;-0.07124467;-6.9766
2026-06-28;GARCH Model;SOL;5;4;-0.01501697;0;1;0;-0.01601697;-1.6890
2026-06-28;GNN Model;BTC;4;1;-0.06080497;0;0;1;0.00000000;0.0000
2026-06-28;GNN Model;ETH;5;1;-0.08237905;0;0;0;-0.08337905;-8.0998
2026-06-28;GNN Model;BNB;4;1;-0.05843290;0;0;1;0.00000000;0.0000
2026-06-28;GNN Model;XRP;3;1;-0.07024467;0;0;1;0.00000000;0.0000
2026-06-28;GNN Model;SOL;5;4;-0.01501697;0;1;0;-0.01601697;-1.6890
2026-06-28;LaplaceMonteCarlo Model;BTC;4;1;-0.06080497;0;0;1;0.00000000;0.0000
2026-06-28;LaplaceMonteCarlo Model;ETH;3;1;-0.08237905;0;0;1;0.00000000;0.0000
2026-06-28;LaplaceMonteCarlo Model;BNB;4;1;-0.05843290;0;0;1;0.00000000;0.0000
2026-06-28;LaplaceMonteCarlo Model;XRP;4;1;-0.07024467;0;0;1;0.00000000;0.0000
2026-06-28;LaplaceMonteCarlo Model;SOL;4;4;-0.01501697;1;1;1;0.00000000;0.0000
2026-06-28;LightGBM Model;BTC;4;1;-0.06080497;0;0;1;0.00000000;0.0000
2026-06-28;LightGBM Model;ETH;9;1;-0.08237905;0;0;0;-0.08337905;-8.0998
2026-06-28;LightGBM Model;BNB;5;1;-0.05843290;0;0;0;-0.05943290;-5.8702
2026-06-28;LightGBM Model;XRP;6;1;-0.07024467;0;0;0;-0.07124467;-6.9766
2026-06-28;LightGBM Model;SOL;4;4;-0.01501697;1;1;1;0.00000000;0.0000
2026-06-28;Markov Model;BTC;4;1;-0.06080497;0;0;1;0.00000000;0.0000
2026-06-28;Markov Model;ETH;4;1;-0.08237905;0;0;1;0.00000000;0.0000
2026-06-28;Markov Model;BNB;5;1;-0.05843290;0;0;0;-0.05943290;-5.8702
2026-06-28;Markov Model;XRP;3;1;-0.07024467;0;0;1;0.00000000;0.0000
2026-06-28;Markov Model;SOL;5;4;-0.01501697;0;1;0;-0.01601697;-1.6890
2026-06-28;MarkovMonteCarlo Model;BTC;4;1;-0.06080497;0;0;1;0.00000000;0.0000
2026-06-28;MarkovMonteCarlo Model;ETH;5;1;-0.08237905;0;0;0;-0.08337905;-8.0998
2026-06-28;MarkovMonteCarlo Model;BNB;4;1;-0.05843290;0;0;1;0.00000000;0.0000
2026-06-28;MarkovMonteCarlo Model;XRP;3;1;-0.07024467;0;0;1;0.00000000;0.0000
2026-06-28;MarkovMonteCarlo Model;SOL;5;4;-0.01501697;0;1;0;-0.01601697;-1.6890
2026-06-28;OrderStatistics Baseline;BTC;4;1;-0.06080497;0;0;1;0.00000000;0.0000
2026-06-28;OrderStatistics Baseline;ETH;5;1;-0.08237905;0;0;0;-0.08337905;-8.0998
2026-06-28;OrderStatistics Baseline;BNB;3;1;-0.05843290;0;0;1;0.00000000;0.0000
2026-06-28;OrderStatistics Baseline;XRP;6;1;-0.07024467;0;0;0;-0.07124467;-6.9766
2026-06-28;OrderStatistics Baseline;SOL;7;4;-0.01501697;0;0;0;-0.01601697;-1.6890
2026-06-28;PoissonMonteCarlo Model;BTC;7;1;-0.06080497;0;0;0;-0.06180497;-6.0934
2026-06-28;PoissonMonteCarlo Model;ETH;1;1;-0.08237905;1;1;1;0.00000000;0.0000
2026-06-28;PoissonMonteCarlo Model;BNB;5;1;-0.05843290;0;0;0;-0.05943290;-5.8702
2026-06-28;PoissonMonteCarlo Model;XRP;3;1;-0.07024467;0;0;1;0.00000000;0.0000
2026-06-28;PoissonMonteCarlo Model;SOL;5;4;-0.01501697;0;1;0;-0.01601697;-1.6890
2026-06-28;RL Position Model;BTC;4;1;-0.06080497;0;0;1;0.00000000;0.0000
2026-06-28;RL Position Model;ETH;5;1;-0.08237905;0;0;0;0.00000000;-8.0998
2026-06-28;RL Position Model;BNB;5;1;-0.05843290;0;0;0;-0.02971645;-5.8702
2026-06-28;RL Position Model;XRP;3;1;-0.07024467;0;0;1;-0.03562234;0.0000
2026-06-28;RL Position Model;SOL;5;4;-0.01501697;0;1;0;-0.00800848;-1.6890
2026-06-28;Regime HMM Model;BTC;1;1;-0.06080497;1;1;1;0.00000000;0.0000
2026-06-28;Regime HMM Model;ETH;2;1;-0.08237905;0;1;1;0.00000000;0.0000
2026-06-28;Regime HMM Model;BNB;1;1;-0.05843290;1;1;1;0.00000000;0.0000
2026-06-28;Regime HMM Model;XRP;5;1;-0.07024467;0;0;0;-0.07124467;-6.9766
2026-06-28;Regime HMM Model;SOL;5;4;-0.01501697;0;1;0;-0.01601697;-1.6890
2026-06-28;Regime HMM Single Model;BTC;1;1;-0.06080497;1;1;1;0.00000000;0.0000
2026-06-28;Regime HMM Single Model;ETH;2;1;-0.08237905;0;1;1;0.00000000;0.0000
2026-06-28;Regime HMM Single Model;BNB;1;1;-0.05843290;1;1;1;0.00000000;0.0000
2026-06-28;Regime HMM Single Model;XRP;8;1;-0.07024467;0;0;0;-0.07124467;-6.9766
2026-06-28;Regime HMM Single Model;SOL;0;4;-0.01501697;0;0;1;0.00000000;0.0000
2026-06-28;Regime HMM ZeroMean Model;BTC;1;1;-0.06080497;1;1;1;0.00000000;0.0000
2026-06-28;Regime HMM ZeroMean Model;ETH;2;1;-0.08237905;0;1;1;0.00000000;0.0000
2026-06-28;Regime HMM ZeroMean Model;BNB;1;1;-0.05843290;1;1;1;0.00000000;0.0000
2026-06-28;Regime HMM ZeroMean Model;XRP;8;1;-0.07024467;0;0;0;-0.07124467;-6.9766
2026-06-28;Regime HMM ZeroMean Model;SOL;8;4;-0.01501697;0;0;0;-0.01601697;-1.6890
2026-06-28;Transformer Model;BTC;4;1;-0.06080497;0;0;1;0.00000000;0.0000
2026-06-28;Transformer Model;ETH;5;1;-0.08237905;0;0;0;-0.08337905;-8.0998
2026-06-28;Transformer Model;BNB;8;1;-0.05843290;0;0;0;-0.05943290;-5.8702
2026-06-28;Transformer Model;XRP;8;1;-0.07024467;0;0;0;-0.07124467;-6.9766
2026-06-28;Transformer Model;SOL;5;4;-0.01501697;0;1;0;-0.01601697;-1.6890
2026-06-28;WeightedEnsemble Model;BTC;4;1;-0.06080497;0;0;1;0.00000000;0.0000
2026-06-28;WeightedEnsemble Model;ETH;1;1;-0.08237905;1;1;1;0.00000000;0.0000
2026-06-28;WeightedEnsemble Model;BNB;5;1;-0.05843290;0;0;0;-0.05943290;-5.8702
2026-06-28;WeightedEnsemble Model;XRP;3;1;-0.07024467;0;0;1;0.00000000;0.0000
2026-06-28;WeightedEnsemble Model;SOL;4;4;-0.01501697;1;1;1;0.00000000;0.0000
2026-06-28;XGBoost Model;BTC;4;1;-0.06080497;0;0;1;0.00000000;0.0000
2026-06-28;XGBoost Model;ETH;1;1;-0.08237905;1;1;1;0.00000000;0.0000
2026-06-28;XGBoost Model;BNB;5;1;-0.05843290;0;0;0;-0.05943290;-5.8702
2026-06-28;XGBoost Model;XRP;6;1;-0.07024467;0;0;0;-0.07124467;-6.9766
2026-06-28;XGBoost Model;SOL;4;4;-0.01501697;1;1;1;0.00000000;0.0000
2026-07-05;Autoencoder Model;BTC;4;8;0.06612956;0;0;0;0.00000000;0.0000
2026-07-05;Autoencoder Model;ETH;5;8;0.12745925;0;0;1;0.12645925;13.3803
2026-07-05;Autoencoder Model;BNB;4;7;0.06804033;0;0;0;0.00000000;0.0000
2026-07-05;Autoencoder Model;XRP;3;8;0.09864272;0;0;0;0.00000000;0.0000
2026-07-05;Autoencoder Model;SOL;5;8;0.13368899;0;0;1;0.13268899;14.0894
2026-07-05;CatBoost Model;BTC;4;8;0.06612956;0;0;0;0.00000000;0.0000
2026-07-05;CatBoost Model;ETH;4;8;0.12745925;0;0;0;0.00000000;0.0000
2026-07-05;CatBoost Model;BNB;2;7;0.06804033;0;0;0;0.00000000;0.0000
2026-07-05;CatBoost Model;XRP;3;8;0.09864272;0;0;0;0.00000000;0.0000
2026-07-05;CatBoost Model;SOL;4;8;0.13368899;0;0;0;0.00000000;0.0000
2026-07-05;GARCH Model;BTC;6;8;0.06612956;0;0;1;0.06512956;6.6297
2026-07-05;GARCH Model;ETH;6;8;0.12745925;0;0;1;0.12645925;13.3803
2026-07-05;GARCH Model;BNB;6;7;0.06804033;0;1;1;0.06704033;6.8338
2026-07-05;GARCH Model;XRP;5;8;0.09864272;0;0;1;0.09764272;10.1568
2026-07-05;GARCH Model;SOL;5;8;0.13368899;0;0;1;0.13268899;14.0894
2026-07-05;GNN Model;BTC;4;8;0.06612956;0;0;0;0.00000000;0.0000
2026-07-05;GNN Model;ETH;5;8;0.12745925;0;0;1;0.12645925;13.3803
2026-07-05;GNN Model;BNB;4;7;0.06804033;0;0;0;0.00000000;0.0000
2026-07-05;GNN Model;XRP;3;8;0.09864272;0;0;0;0.00000000;0.0000
2026-07-05;GNN Model;SOL;5;8;0.13368899;0;0;1;0.13268899;14.0894
2026-07-05;LaplaceMonteCarlo Model;BTC;4;8;0.06612956;0;0;0;0.00000000;0.0000
2026-07-05;LaplaceMonteCarlo Model;ETH;4;8;0.12745925;0;0;0;0.00000000;0.0000
2026-07-05;LaplaceMonteCarlo Model;BNB;4;7;0.06804033;0;0;0;0.00000000;0.0000
2026-07-05;LaplaceMonteCarlo Model;XRP;3;8;0.09864272;0;0;0;0.00000000;0.0000
2026-07-05;LaplaceMonteCarlo Model;SOL;5;8;0.13368899;0;0;1;0.13268899;14.0894
2026-07-05;LightGBM Model;BTC;4;8;0.06612956;0;0;0;0.00000000;0.0000
2026-07-05;LightGBM Model;ETH;2;8;0.12745925;0;0;0;0.00000000;0.0000
2026-07-05;LightGBM Model;BNB;3;7;0.06804033;0;0;0;0.00000000;0.0000
2026-07-05;LightGBM Model;XRP;0;8;0.09864272;0;0;0;0.00000000;0.0000
2026-07-05;LightGBM Model;SOL;1;8;0.13368899;0;0;0;0.00000000;0.0000
2026-07-05;Markov Model;BTC;4;8;0.06612956;0;0;0;0.00000000;0.0000
2026-07-05;Markov Model;ETH;2;8;0.12745925;0;0;0;0.00000000;0.0000
2026-07-05;Markov Model;BNB;5;7;0.06804033;0;0;1;0.06704033;6.8338
2026-07-05;Markov Model;XRP;3;8;0.09864272;0;0;0;0.00000000;0.0000
2026-07-05;Markov Model;SOL;5;8;0.13368899;0;0;1;0.13268899;14.0894
2026-07-05;MarkovMonteCarlo Model;BTC;4;8;0.06612956;0;0;0;0.00000000;0.0000
2026-07-05;MarkovMonteCarlo Model;ETH;5;8;0.12745925;0;0;1;0.12645925;13.3803
2026-07-05;MarkovMonteCarlo Model;BNB;4;7;0.06804033;0;0;0;0.00000000;0.0000
2026-07-05;MarkovMonteCarlo Model;XRP;3;8;0.09864272;0;0;0;0.00000000;0.0000
2026-07-05;MarkovMonteCarlo Model;SOL;5;8;0.13368899;0;0;1;0.13268899;14.0894
2026-07-05;OrderStatistics Baseline;BTC;4;8;0.06612956;0;0;0;0.00000000;0.0000
2026-07-05;OrderStatistics Baseline;ETH;5;8;0.12745925;0;0;1;0.12645925;13.3803
2026-07-05;OrderStatistics Baseline;BNB;3;7;0.06804033;0;0;0;0.00000000;0.0000
2026-07-05;OrderStatistics Baseline;XRP;6;8;0.09864272;0;0;1;0.09764272;10.1568
2026-07-05;OrderStatistics Baseline;SOL;7;8;0.13368899;0;1;1;0.13268899;14.0894
2026-07-05;PoissonMonteCarlo Model;BTC;7;8;0.06612956;0;1;1;0.06512956;6.6297
2026-07-05;PoissonMonteCarlo Model;ETH;5;8;0.12745925;0;0;1;0.12645925;13.3803
2026-07-05;PoissonMonteCarlo Model;BNB;5;7;0.06804033;0;0;1;0.06704033;6.8338
2026-07-05;PoissonMonteCarlo Model;XRP;3;8;0.09864272;0;0;0;0.00000000;0.0000
2026-07-05;PoissonMonteCarlo Model;SOL;5;8;0.13368899;0;0;1;0.13268899;14.0894
2026-07-05;RL Position Model;BTC;4;8;0.06612956;0;0;0;0.00000000;0.0000
2026-07-05;RL Position Model;ETH;2;8;0.12745925;0;0;0;0.00000000;0.0000
2026-07-05;RL Position Model;BNB;4;7;0.06804033;0;0;0;0.00000000;0.0000
2026-07-05;RL Position Model;XRP;3;8;0.09864272;0;0;0;0.00000000;0.0000
2026-07-05;RL Position Model;SOL;5;8;0.13368899;0;0;1;0.06634449;14.0894
2026-07-05;Regime HMM Model;BTC;1;8;0.06612956;0;0;0;0.00000000;0.0000
2026-07-05;Regime HMM Model;ETH;2;8;0.12745925;0;0;0;0.00000000;0.0000
2026-07-05;Regime HMM Model;BNB;1;7;0.06804033;0;0;0;0.00000000;0.0000
2026-07-05;Regime HMM Model;XRP;1;8;0.09864272;0;0;0;0.00000000;0.0000
2026-07-05;Regime HMM Model;SOL;5;8;0.13368899;0;0;1;0.13268899;14.0894
2026-07-05;Regime HMM Single Model;BTC;1;8;0.06612956;0;0;0;0.00000000;0.0000
2026-07-05;Regime HMM Single Model;ETH;2;8;0.12745925;0;0;0;0.00000000;0.0000
2026-07-05;Regime HMM Single Model;BNB;1;7;0.06804033;0;0;0;0.00000000;0.0000
2026-07-05;Regime HMM Single Model;XRP;8;8;0.09864272;1;1;1;0.09764272;10.1568
2026-07-05;Regime HMM Single Model;SOL;0;8;0.13368899;0;0;0;0.00000000;0.0000
2026-07-05;Regime HMM ZeroMean Model;BTC;1;8;0.06612956;0;0;0;0.00000000;0.0000
2026-07-05;Regime HMM ZeroMean Model;ETH;2;8;0.12745925;0;0;0;0.00000000;0.0000
2026-07-05;Regime HMM ZeroMean Model;BNB;1;7;0.06804033;0;0;0;0.00000000;0.0000
2026-07-05;Regime HMM ZeroMean Model;XRP;5;8;0.09864272;0;0;1;0.09764272;10.1568
2026-07-05;Regime HMM ZeroMean Model;SOL;5;8;0.13368899;0;0;1;0.13268899;14.0894
2026-07-05;Transformer Model;BTC;4;8;0.06612956;0;0;0;0.00000000;0.0000
2026-07-05;Transformer Model;ETH;0;8;0.12745925;0;0;0;0.00000000;0.0000
2026-07-05;Transformer Model;BNB;8;7;0.06804033;0;1;1;0.06704033;6.8338
2026-07-05;Transformer Model;XRP;8;8;0.09864272;1;1;1;0.09764272;10.1568
2026-07-05;Transformer Model;SOL;5;8;0.13368899;0;0;1;0.13268899;14.0894
2026-07-05;WeightedEnsemble Model;BTC;4;8;0.06612956;0;0;0;0.00000000;0.0000
2026-07-05;WeightedEnsemble Model;ETH;2;8;0.12745925;0;0;0;0.00000000;0.0000
2026-07-05;WeightedEnsemble Model;BNB;4;7;0.06804033;0;0;0;0.00000000;0.0000
2026-07-05;WeightedEnsemble Model;XRP;3;8;0.09864272;0;0;0;0.00000000;0.0000
2026-07-05;WeightedEnsemble Model;SOL;5;8;0.13368899;0;0;1;0.13268899;14.0894
2026-07-05;XGBoost Model;BTC;4;8;0.06612956;0;0;0;0.00000000;0.0000
2026-07-05;XGBoost Model;ETH;2;8;0.12745925;0;0;0;0.00000000;0.0000
2026-07-05;XGBoost Model;BNB;7;7;0.06804033;1;1;1;0.06704033;6.8338
2026-07-05;XGBoost Model;XRP;3;8;0.09864272;0;0;0;0.00000000;0.0000
2026-07-05;XGBoost Model;SOL;3;8;0.13368899;0;0;0;0.00000000;0.0000
2026-07-12;Autoencoder Model;BTC;4;5;0.00204034;0;1;0;0.00000000;0.0000
2026-07-12;Autoencoder Model;ETH;5;5;0.01177483;1;1;1;0.01077483;0.9833
2026-07-12;Autoencoder Model;BNB;4;3;-0.02742958;0;1;1;0.00000000;0.0000
2026-07-12;Autoencoder Model;XRP;3;2;-0.06368625;0;1;1;0.00000000;0.0000
2026-07-12;Autoencoder Model;SOL;5;3;-0.05894078;0;0;0;-0.05994078;-5.9180
2026-07-12;CatBoost Model;BTC;4;5;0.00204034;0;1;0;0.00000000;0.0000
2026-07-12;CatBoost Model;ETH;5;5;0.01177483;1;1;1;0.01077483;0.9833
2026-07-12;CatBoost Model;BNB;5;3;-0.02742958;0;0;0;-0.02842958;-2.9030
2026-07-12;CatBoost Model;XRP;3;2;-0.06368625;0;1;1;0.00000000;0.0000
2026-07-12;CatBoost Model;SOL;4;3;-0.05894078;0;1;1;0.00000000;0.0000
2026-07-12;GARCH Model;BTC;6;5;0.00204034;0;1;1;0.00104034;0.0040
2026-07-12;GARCH Model;ETH;6;5;0.01177483;0;1;1;0.01077483;0.9833
2026-07-12;GARCH Model;BNB;5;3;-0.02742958;0;0;0;-0.02842958;-2.9030
2026-07-12;GARCH Model;XRP;5;2;-0.06368625;0;0;0;-0.06468625;-6.3639
2026-07-12;GARCH Model;SOL;5;3;-0.05894078;0;0;0;-0.05994078;-5.9180
2026-07-12;GNN Model;BTC;4;5;0.00204034;0;1;0;0.00000000;0.0000
2026-07-12;GNN Model;ETH;5;5;0.01177483;1;1;1;0.01077483;0.9833
2026-07-12;GNN Model;BNB;4;3;-0.02742958;0;1;1;0.00000000;0.0000
2026-07-12;GNN Model;XRP;3;2;-0.06368625;0;1;1;0.00000000;0.0000
2026-07-12;GNN Model;SOL;5;3;-0.05894078;0;0;0;-0.05994078;-5.9180
2026-07-12;LaplaceMonteCarlo Model;BTC;5;5;0.00204034;1;1;1;0.00104034;0.0040
2026-07-12;LaplaceMonteCarlo Model;ETH;4;5;0.01177483;0;1;0;0.00000000;0.0000
2026-07-12;LaplaceMonteCarlo Model;BNB;4;3;-0.02742958;0;1;1;0.00000000;0.0000
2026-07-12;LaplaceMonteCarlo Model;XRP;4;2;-0.06368625;0;0;1;0.00000000;0.0000
2026-07-12;LaplaceMonteCarlo Model;SOL;4;3;-0.05894078;0;1;1;0.00000000;0.0000
2026-07-12;LightGBM Model;BTC;4;5;0.00204034;0;1;0;0.00000000;0.0000
2026-07-12;LightGBM Model;ETH;5;5;0.01177483;1;1;1;0.01077483;0.9833
2026-07-12;LightGBM Model;BNB;8;3;-0.02742958;0;0;0;-0.02842958;-2.9030
2026-07-12;LightGBM Model;XRP;3;2;-0.06368625;0;1;1;0.00000000;0.0000
2026-07-12;LightGBM Model;SOL;5;3;-0.05894078;0;0;0;-0.05994078;-5.9180
2026-07-12;Markov Model;BTC;4;5;0.00204034;0;1;0;0.00000000;0.0000
2026-07-12;Markov Model;ETH;4;5;0.01177483;0;1;0;0.00000000;0.0000
2026-07-12;Markov Model;BNB;4;3;-0.02742958;0;1;1;0.00000000;0.0000
2026-07-12;Markov Model;XRP;3;2;-0.06368625;0;1;1;0.00000000;0.0000
2026-07-12;Markov Model;SOL;5;3;-0.05894078;0;0;0;-0.05994078;-5.9180
2026-07-12;MarkovMonteCarlo Model;BTC;4;5;0.00204034;0;1;0;0.00000000;0.0000
2026-07-12;MarkovMonteCarlo Model;ETH;5;5;0.01177483;1;1;1;0.01077483;0.9833
2026-07-12;MarkovMonteCarlo Model;BNB;4;3;-0.02742958;0;1;1;0.00000000;0.0000
2026-07-12;MarkovMonteCarlo Model;XRP;3;2;-0.06368625;0;1;1;0.00000000;0.0000
2026-07-12;MarkovMonteCarlo Model;SOL;5;3;-0.05894078;0;0;0;-0.05994078;-5.9180
2026-07-12;OrderStatistics Baseline;BTC;4;5;0.00204034;0;1;0;0.00000000;0.0000
2026-07-12;OrderStatistics Baseline;ETH;5;5;0.01177483;1;1;1;0.01077483;0.9833
2026-07-12;OrderStatistics Baseline;BNB;3;3;-0.02742958;1;1;1;0.00000000;0.0000
2026-07-12;OrderStatistics Baseline;XRP;6;2;-0.06368625;0;0;0;-0.06468625;-6.3639
2026-07-12;OrderStatistics Baseline;SOL;7;3;-0.05894078;0;0;0;-0.05994078;-5.9180
2026-07-12;PoissonMonteCarlo Model;BTC;1;5;0.00204034;0;0;0;0.00000000;0.0000
2026-07-12;PoissonMonteCarlo Model;ETH;5;5;0.01177483;1;1;1;0.01077483;0.9833
2026-07-12;PoissonMonteCarlo Model;BNB;8;3;-0.02742958;0;0;0;-0.02842958;-2.9030
2026-07-12;PoissonMonteCarlo Model;XRP;3;2;-0.06368625;0;1;1;0.00000000;0.0000
2026-07-12;PoissonMonteCarlo Model;SOL;5;3;-0.05894078;0;0;0;-0.05994078;-5.9180
2026-07-12;RL Position Model;BTC;4;5;0.00204034;0;1;0;0.00000000;0.0000
2026-07-12;RL Position Model;ETH;5;5;0.01177483;1;1;1;0.00538742;0.9833
2026-07-12;RL Position Model;BNB;4;3;-0.02742958;0;1;1;0.00000000;0.0000
2026-07-12;RL Position Model;XRP;3;2;-0.06368625;0;1;1;0.00000000;0.0000
2026-07-12;RL Position Model;SOL;5;3;-0.05894078;0;0;0;-0.02997039;-5.9180
2026-07-12;Regime HMM Model;BTC;1;5;0.00204034;0;0;0;0.00000000;0.0000
2026-07-12;Regime HMM Model;ETH;0;5;0.01177483;0;0;0;0.00000000;0.0000
2026-07-12;Regime HMM Model;BNB;1;3;-0.02742958;0;0;1;0.00000000;0.0000
2026-07-12;Regime HMM Model;XRP;0;2;-0.06368625;0;0;1;0.00000000;0.0000
2026-07-12;Regime HMM Model;SOL;0;3;-0.05894078;0;0;1;0.00000000;0.0000
2026-07-12;Regime HMM Single Model;BTC;1;5;0.00204034;0;0;0;0.00000000;0.0000
2026-07-12;Regime HMM Single Model;ETH;2;5;0.01177483;0;0;0;0.00000000;0.0000
2026-07-12;Regime HMM Single Model;BNB;1;3;-0.02742958;0;0;1;0.00000000;0.0000
2026-07-12;Regime HMM Single Model;XRP;8;2;-0.06368625;0;0;0;-0.06468625;-6.3639
2026-07-12;Regime HMM Single Model;SOL;0;3;-0.05894078;0;0;1;0.00000000;0.0000
2026-07-12;Regime HMM ZeroMean Model;BTC;1;5;0.00204034;0;0;0;0.00000000;0.0000
2026-07-12;Regime HMM ZeroMean Model;ETH;2;5;0.01177483;0;0;0;0.00000000;0.0000
2026-07-12;Regime HMM ZeroMean Model;BNB;1;3;-0.02742958;0;0;1;0.00000000;0.0000
2026-07-12;Regime HMM ZeroMean Model;XRP;8;2;-0.06368625;0;0;0;-0.06468625;-6.3639
2026-07-12;Regime HMM ZeroMean Model;SOL;5;3;-0.05894078;0;0;0;-0.05994078;-5.9180
2026-07-12;Transformer Model;BTC;1;5;0.00204034;0;0;0;0.00000000;0.0000
2026-07-12;Transformer Model;ETH;0;5;0.01177483;0;0;0;0.00000000;0.0000
2026-07-12;Transformer Model;BNB;3;3;-0.02742958;1;1;1;0.00000000;0.0000
2026-07-12;Transformer Model;XRP;8;2;-0.06368625;0;0;0;-0.06468625;-6.3639
2026-07-12;Transformer Model;SOL;5;3;-0.05894078;0;0;0;-0.05994078;-5.9180
2026-07-12;WeightedEnsemble Model;BTC;4;5;0.00204034;0;1;0;0.00000000;0.0000
2026-07-12;WeightedEnsemble Model;ETH;5;5;0.01177483;1;1;1;0.01077483;0.9833
2026-07-12;WeightedEnsemble Model;BNB;4;3;-0.02742958;0;1;1;0.00000000;0.0000
2026-07-12;WeightedEnsemble Model;XRP;3;2;-0.06368625;0;1;1;0.00000000;0.0000
2026-07-12;WeightedEnsemble Model;SOL;5;3;-0.05894078;0;0;0;-0.05994078;-5.9180
2026-07-12;XGBoost Model;BTC;4;5;0.00204034;0;1;0;0.00000000;0.0000
2026-07-12;XGBoost Model;ETH;7;5;0.01177483;0;0;1;0.01077483;0.9833
2026-07-12;XGBoost Model;BNB;1;3;-0.02742958;0;0;1;0.00000000;0.0000
2026-07-12;XGBoost Model;XRP;3;2;-0.06368625;0;1;1;0.00000000;0.0000
2026-07-12;XGBoost Model;SOL;5;3;-0.05894078;0;0;0;-0.05994078;-5.9180
2026-07-19;Autoencoder Model;BTC;4;5;0.01466986;0;1;0;0.00000000;0.0000
2026-07-19;Autoencoder Model;ETH;5;6;0.03557291;0;1;1;0.03457291;3.4177
2026-07-19;Autoencoder Model;BNB;4;4;-0.00497831;1;1;1;0.00000000;0.0000
2026-07-19;Autoencoder Model;XRP;3;5;0.01099113;0;0;0;0.00000000;0.0000
2026-07-19;Autoencoder Model;SOL;5;4;-0.00704504;0;1;0;-0.00804504;-0.9013
2026-07-19;CatBoost Model;BTC;5;5;0.01466986;1;1;1;0.01366986;1.2763
2026-07-19;CatBoost Model;ETH;4;6;0.03557291;0;0;0;0.00000000;0.0000
2026-07-19;CatBoost Model;BNB;2;4;-0.00497831;0;0;1;0.00000000;0.0000
2026-07-19;CatBoost Model;XRP;2;5;0.01099113;0;0;0;0.00000000;0.0000
2026-07-19;CatBoost Model;SOL;5;4;-0.00704504;0;1;0;-0.00804504;-0.9013
2026-07-19;GARCH Model;BTC;6;5;0.01466986;0;1;1;0.01366986;1.2763
2026-07-19;GARCH Model;ETH;2;6;0.03557291;0;0;0;0.00000000;0.0000
2026-07-19;GARCH Model;BNB;5;4;-0.00497831;0;1;0;-0.00597831;-0.6961
2026-07-19;GARCH Model;XRP;5;5;0.01099113;1;1;1;0.00999113;0.9041
2026-07-19;GARCH Model;SOL;5;4;-0.00704504;0;1;0;-0.00804504;-0.9013
2026-07-19;GNN Model;BTC;4;5;0.01466986;0;1;0;0.00000000;0.0000
2026-07-19;GNN Model;ETH;5;6;0.03557291;0;1;1;0.03457291;3.4177
2026-07-19;GNN Model;BNB;4;4;-0.00497831;1;1;1;0.00000000;0.0000
2026-07-19;GNN Model;XRP;3;5;0.01099113;0;0;0;0.00000000;0.0000
2026-07-19;GNN Model;SOL;5;4;-0.00704504;0;1;0;-0.00804504;-0.9013
2026-07-19;LaplaceMonteCarlo Model;BTC;5;5;0.01466986;1;1;1;0.01366986;1.2763
2026-07-19;LaplaceMonteCarlo Model;ETH;3;6;0.03557291;0;0;0;0.00000000;0.0000
2026-07-19;LaplaceMonteCarlo Model;BNB;5;4;-0.00497831;0;1;0;-0.00597831;-0.6961
2026-07-19;LaplaceMonteCarlo Model;XRP;5;5;0.01099113;1;1;1;0.00999113;0.9041
2026-07-19;LaplaceMonteCarlo Model;SOL;4;4;-0.00704504;1;1;1;0.00000000;0.0000
2026-07-19;LightGBM Model;BTC;5;5;0.01466986;1;1;1;0.01366986;1.2763
2026-07-19;LightGBM Model;ETH;7;6;0.03557291;0;1;1;0.03457291;3.4177
2026-07-19;LightGBM Model;BNB;4;4;-0.00497831;1;1;1;0.00000000;0.0000
2026-07-19;LightGBM Model;XRP;2;5;0.01099113;0;0;0;0.00000000;0.0000
2026-07-19;LightGBM Model;SOL;5;4;-0.00704504;0;1;0;-0.00804504;-0.9013
2026-07-19;Markov Model;BTC;4;5;0.01466986;0;1;0;0.00000000;0.0000
2026-07-19;Markov Model;ETH;5;6;0.03557291;0;1;1;0.03457291;3.4177
2026-07-19;Markov Model;BNB;4;4;-0.00497831;1;1;1;0.00000000;0.0000
2026-07-19;Markov Model;XRP;3;5;0.01099113;0;0;0;0.00000000;0.0000
2026-07-19;Markov Model;SOL;5;4;-0.00704504;0;1;0;-0.00804504;-0.9013
2026-07-19;MarkovMonteCarlo Model;BTC;4;5;0.01466986;0;1;0;0.00000000;0.0000
2026-07-19;MarkovMonteCarlo Model;ETH;5;6;0.03557291;0;1;1;0.03457291;3.4177
2026-07-19;MarkovMonteCarlo Model;BNB;4;4;-0.00497831;1;1;1;0.00000000;0.0000
2026-07-19;MarkovMonteCarlo Model;XRP;3;5;0.01099113;0;0;0;0.00000000;0.0000
2026-07-19;MarkovMonteCarlo Model;SOL;5;4;-0.00704504;0;1;0;-0.00804504;-0.9013
2026-07-19;OrderStatistics Baseline;BTC;4;5;0.01466986;0;1;0;0.00000000;0.0000
2026-07-19;OrderStatistics Baseline;ETH;5;6;0.03557291;0;1;1;0.03457291;3.4177
2026-07-19;OrderStatistics Baseline;BNB;3;4;-0.00497831;0;1;1;0.00000000;0.0000
2026-07-19;OrderStatistics Baseline;XRP;6;5;0.01099113;0;1;1;0.00999113;0.9041
2026-07-19;OrderStatistics Baseline;SOL;7;4;-0.00704504;0;0;0;-0.00804504;-0.9013
2026-07-19;PoissonMonteCarlo Model;BTC;1;5;0.01466986;0;0;0;0.00000000;0.0000
2026-07-19;PoissonMonteCarlo Model;ETH;1;6;0.03557291;0;0;0;0.00000000;0.0000
2026-07-19;PoissonMonteCarlo Model;BNB;5;4;-0.00497831;0;1;0;-0.00597831;-0.6961
2026-07-19;PoissonMonteCarlo Model;XRP;8;5;0.01099113;0;0;1;0.00999113;0.9041
2026-07-19;PoissonMonteCarlo Model;SOL;5;4;-0.00704504;0;1;0;-0.00804504;-0.9013
2026-07-19;RL Position Model;BTC;1;5;0.01466986;0;0;0;0.00000000;0.0000
2026-07-19;RL Position Model;ETH;5;6;0.03557291;0;1;1;0.00000000;3.4177
2026-07-19;RL Position Model;BNB;4;4;-0.00497831;1;1;1;0.00000000;0.0000
2026-07-19;RL Position Model;XRP;2;5;0.01099113;0;0;0;0.00000000;0.0000
2026-07-19;RL Position Model;SOL;5;4;-0.00704504;0;1;0;-0.00402252;-0.9013
2026-07-19;Regime HMM Model;BTC;1;5;0.01466986;0;0;0;0.00000000;0.0000
2026-07-19;Regime HMM Model;ETH;0;6;0.03557291;0;0;0;0.00000000;0.0000
2026-07-19;Regime HMM Model;BNB;1;4;-0.00497831;0;0;1;0.00000000;0.0000
2026-07-19;Regime HMM Model;XRP;1;5;0.01099113;0;0;0;0.00000000;0.0000
2026-07-19;Regime HMM Model;SOL;5;4;-0.00704504;0;1;0;-0.00804504;-0.9013
2026-07-19;Regime HMM Single Model;BTC;1;5;0.01466986;0;0;0;0.00000000;0.0000
2026-07-19;Regime HMM Single Model;ETH;2;6;0.03557291;0;0;0;0.00000000;0.0000
2026-07-19;Regime HMM Single Model;BNB;1;4;-0.00497831;0;0;1;0.00000000;0.0000
2026-07-19;Regime HMM Single Model;XRP;8;5;0.01099113;0;0;1;0.00999113;0.9041
2026-07-19;Regime HMM Single Model;SOL;0;4;-0.00704504;0;0;1;0.00000000;0.0000
2026-07-19;Regime HMM ZeroMean Model;BTC;1;5;0.01466986;0;0;0;0.00000000;0.0000
2026-07-19;Regime HMM ZeroMean Model;ETH;2;6;0.03557291;0;0;0;0.00000000;0.0000
2026-07-19;Regime HMM ZeroMean Model;BNB;1;4;-0.00497831;0;0;1;0.00000000;0.0000
2026-07-19;Regime HMM ZeroMean Model;XRP;5;5;0.01099113;1;1;1;0.00999113;0.9041
2026-07-19;Regime HMM ZeroMean Model;SOL;5;4;-0.00704504;0;1;0;-0.00804504;-0.9013
2026-07-19;Transformer Model;BTC;1;5;0.01466986;0;0;0;0.00000000;0.0000
2026-07-19;Transformer Model;ETH;0;6;0.03557291;0;0;0;0.00000000;0.0000
2026-07-19;Transformer Model;BNB;3;4;-0.00497831;0;1;1;0.00000000;0.0000
2026-07-19;Transformer Model;XRP;8;5;0.01099113;0;0;1;0.00999113;0.9041
2026-07-19;Transformer Model;SOL;0;4;-0.00704504;0;0;1;0.00000000;0.0000
2026-07-19;WeightedEnsemble Model;BTC;5;5;0.01466986;1;1;1;0.01366986;1.2763
2026-07-19;WeightedEnsemble Model;ETH;1;6;0.03557291;0;0;0;0.00000000;0.0000
2026-07-19;WeightedEnsemble Model;BNB;4;4;-0.00497831;1;1;1;0.00000000;0.0000
2026-07-19;WeightedEnsemble Model;XRP;2;5;0.01099113;0;0;0;0.00000000;0.0000
2026-07-19;WeightedEnsemble Model;SOL;5;4;-0.00704504;0;1;0;-0.00804504;-0.9013
2026-07-19;XGBoost Model;BTC;5;5;0.01466986;1;1;1;0.01366986;1.2763
2026-07-19;XGBoost Model;ETH;1;6;0.03557291;0;0;0;0.00000000;0.0000
2026-07-19;XGBoost Model;BNB;4;4;-0.00497831;1;1;1;0.00000000;0.0000
2026-07-19;XGBoost Model;XRP;2;5;0.01099113;0;0;0;0.00000000;0.0000
2026-07-19;XGBoost Model;SOL;5;4;-0.00704504;0;1;0;-0.00804504;-0.9013
2026-07-26;Autoencoder Model;BTC;4;5;0.01041259;0;1;0;0.00000000;0.0000
2026-07-26;Autoencoder Model;ETH;4;6;0.04311673;0;0;0;0.00000000;0.0000
2026-07-26;Autoencoder Model;BNB;4;5;0.00743212;0;1;0;0.00000000;0.0000
2026-07-26;Autoencoder Model;XRP;3;5;0.01384074;0;0;0;0.00000000;0.0000
2026-07-26;Autoencoder Model;SOL;5;5;0.00496279;1;1;1;0.00396279;0.2970
2026-07-26;CatBoost Model;BTC;1;5;0.01041259;0;0;0;0.00000000;0.0000
2026-07-26;CatBoost Model;ETH;3;6;0.04311673;0;0;0;0.00000000;0.0000
2026-07-26;CatBoost Model;BNB;7;5;0.00743212;0;0;1;0.00643212;0.5452
2026-07-26;CatBoost Model;XRP;3;5;0.01384074;0;0;0;0.00000000;0.0000
2026-07-26;CatBoost Model;SOL;5;5;0.00496279;1;1;1;0.00396279;0.2970
2026-07-26;GARCH Model;BTC;6;5;0.01041259;0;1;1;0.00941259;0.8457
2026-07-26;GARCH Model;ETH;6;6;0.04311673;1;1;1;0.04211673;4.2016
2026-07-26;GARCH Model;BNB;5;5;0.00743212;1;1;1;0.00643212;0.5452
2026-07-26;GARCH Model;XRP;5;5;0.01384074;1;1;1;0.01284074;1.1923
2026-07-26;GARCH Model;SOL;5;5;0.00496279;1;1;1;0.00396279;0.2970
2026-07-26;GNN Model;BTC;4;5;0.01041259;0;1;0;0.00000000;0.0000
2026-07-26;GNN Model;ETH;5;6;0.04311673;0;1;1;0.04211673;4.2016
2026-07-26;GNN Model;BNB;4;5;0.00743212;0;1;0;0.00000000;0.0000
2026-07-26;GNN Model;XRP;3;5;0.01384074;0;0;0;0.00000000;0.0000
2026-07-26;GNN Model;SOL;5;5;0.00496279;1;1;1;0.00396279;0.2970
2026-07-26;LaplaceMonteCarlo Model;BTC;3;5;0.01041259;0;0;0;0.00000000;0.0000
2026-07-26;LaplaceMonteCarlo Model;ETH;5;6;0.04311673;0;1;1;0.04211673;4.2016
2026-07-26;LaplaceMonteCarlo Model;BNB;4;5;0.00743212;0;1;0;0.00000000;0.0000
2026-07-26;LaplaceMonteCarlo Model;XRP;4;5;0.01384074;0;1;0;0.00000000;0.0000
2026-07-26;LaplaceMonteCarlo Model;SOL;4;5;0.00496279;0;1;0;0.00000000;0.0000
2026-07-26;LightGBM Model;BTC;8;5;0.01041259;0;0;1;0.00941259;0.8457
2026-07-26;LightGBM Model;ETH;1;6;0.04311673;0;0;0;0.00000000;0.0000
2026-07-26;LightGBM Model;BNB;3;5;0.00743212;0;0;0;0.00000000;0.0000
2026-07-26;LightGBM Model;XRP;3;5;0.01384074;0;0;0;0.00000000;0.0000
2026-07-26;LightGBM Model;SOL;5;5;0.00496279;1;1;1;0.00396279;0.2970
2026-07-26;Markov Model;BTC;4;5;0.01041259;0;1;0;0.00000000;0.0000
2026-07-26;Markov Model;ETH;5;6;0.04311673;0;1;1;0.04211673;4.2016
2026-07-26;Markov Model;BNB;5;5;0.00743212;1;1;1;0.00643212;0.5452
2026-07-26;Markov Model;XRP;3;5;0.01384074;0;0;0;0.00000000;0.0000
2026-07-26;Markov Model;SOL;5;5;0.00496279;1;1;1;0.00396279;0.2970
2026-07-26;MarkovMonteCarlo Model;BTC;4;5;0.01041259;0;1;0;0.00000000;0.0000
2026-07-26;MarkovMonteCarlo Model;ETH;5;6;0.04311673;0;1;1;0.04211673;4.2016
2026-07-26;MarkovMonteCarlo Model;BNB;4;5;0.00743212;0;1;0;0.00000000;0.0000
2026-07-26;MarkovMonteCarlo Model;XRP;3;5;0.01384074;0;0;0;0.00000000;0.0000
2026-07-26;MarkovMonteCarlo Model;SOL;5;5;0.00496279;1;1;1;0.00396279;0.2970
2026-07-26;OrderStatistics Baseline;BTC;4;5;0.01041259;0;1;0;0.00000000;0.0000
2026-07-26;OrderStatistics Baseline;ETH;5;6;0.04311673;0;1;1;0.04211673;4.2016
2026-07-26;OrderStatistics Baseline;BNB;3;5;0.00743212;0;0;0;0.00000000;0.0000
2026-07-26;OrderStatistics Baseline;XRP;6;5;0.01384074;0;1;1;0.01284074;1.1923
2026-07-26;OrderStatistics Baseline;SOL;7;5;0.00496279;0;0;1;0.00396279;0.2970
2026-07-26;PoissonMonteCarlo Model;BTC;7;5;0.01041259;0;0;1;0.00941259;0.8457
2026-07-26;PoissonMonteCarlo Model;ETH;1;6;0.04311673;0;0;0;0.00000000;0.0000
2026-07-26;PoissonMonteCarlo Model;BNB;5;5;0.00743212;1;1;1;0.00643212;0.5452
2026-07-26;PoissonMonteCarlo Model;XRP;3;5;0.01384074;0;0;0;0.00000000;0.0000
2026-07-26;PoissonMonteCarlo Model;SOL;5;5;0.00496279;1;1;1;0.00396279;0.2970
2026-07-26;RL Position Model;BTC;4;5;0.01041259;0;1;0;0.00000000;0.0000
2026-07-26;RL Position Model;ETH;5;6;0.04311673;0;1;1;0.00000000;4.2016
2026-07-26;RL Position Model;BNB;3;5;0.00743212;0;0;0;0.00000000;0.0000
2026-07-26;RL Position Model;XRP;3;5;0.01384074;0;0;0;0.00000000;0.0000
2026-07-26;RL Position Model;SOL;5;5;0.00496279;1;1;1;0.00198139;0.2970
2026-07-26;Regime HMM Model;BTC;1;5;0.01041259;0;0;0;0.00000000;0.0000
2026-07-26;Regime HMM Model;ETH;2;6;0.04311673;0;0;0;0.00000000;0.0000
2026-07-26;Regime HMM Model;BNB;1;5;0.00743212;0;0;0;0.00000000;0.0000
2026-07-26;Regime HMM Model;XRP;1;5;0.01384074;0;0;0;0.00000000;0.0000
2026-07-26;Regime HMM Model;SOL;5;5;0.00496279;1;1;1;0.00396279;0.2970
2026-07-26;Regime HMM Single Model;BTC;1;5;0.01041259;0;0;0;0.00000000;0.0000
2026-07-26;Regime HMM Single Model;ETH;2;6;0.04311673;0;0;0;0.00000000;0.0000
2026-07-26;Regime HMM Single Model;BNB;1;5;0.00743212;0;0;0;0.00000000;0.0000
2026-07-26;Regime HMM Single Model;XRP;8;5;0.01384074;0;0;1;0.01284074;1.1923
2026-07-26;Regime HMM Single Model;SOL;0;5;0.00496279;0;0;0;0.00000000;0.0000
2026-07-26;Regime HMM ZeroMean Model;BTC;1;5;0.01041259;0;0;0;0.00000000;0.0000
2026-07-26;Regime HMM ZeroMean Model;ETH;2;6;0.04311673;0;0;0;0.00000000;0.0000
2026-07-26;Regime HMM ZeroMean Model;BNB;1;5;0.00743212;0;0;0;0.00000000;0.0000
2026-07-26;Regime HMM ZeroMean Model;XRP;5;5;0.01384074;1;1;1;0.01284074;1.1923
2026-07-26;Regime HMM ZeroMean Model;SOL;5;5;0.00496279;1;1;1;0.00396279;0.2970
2026-07-26;Transformer Model;BTC;4;5;0.01041259;0;1;0;0.00000000;0.0000
2026-07-26;Transformer Model;ETH;0;6;0.04311673;0;0;0;0.00000000;0.0000
2026-07-26;Transformer Model;BNB;6;5;0.00743212;0;1;1;0.00643212;0.5452
2026-07-26;Transformer Model;XRP;8;5;0.01384074;0;0;1;0.01284074;1.1923
2026-07-26;Transformer Model;SOL;5;5;0.00496279;1;1;1;0.00396279;0.2970
2026-07-26;WeightedEnsemble Model;BTC;4;5;0.01041259;0;1;0;0.00000000;0.0000
2026-07-26;WeightedEnsemble Model;ETH;1;6;0.04311673;0;0;0;0.00000000;0.0000
2026-07-26;WeightedEnsemble Model;BNB;3;5;0.00743212;0;0;0;0.00000000;0.0000
2026-07-26;WeightedEnsemble Model;XRP;3;5;0.01384074;0;0;0;0.00000000;0.0000
2026-07-26;WeightedEnsemble Model;SOL;5;5;0.00496279;1;1;1;0.00396279;0.2970
2026-07-26;XGBoost Model;BTC;8;5;0.01041259;0;0;1;0.00941259;0.8457
2026-07-26;XGBoost Model;ETH;1;6;0.04311673;0;0;0;0.00000000;0.0000
2026-07-26;XGBoost Model;BNB;3;5;0.00743212;0;0;0;0.00000000;0.0000
2026-07-26;XGBoost Model;XRP;5;5;0.01384074;1;1;1;0.01284074;1.1923
2026-07-26;XGBoost Model;SOL;5;5;0.00496279;1;1;1;0.00396279;0.2970
2026-08-02;Autoencoder Model;BTC;4;2;-0.02838044;0;0;1;0.00000000;0.0000
2026-08-02;Autoencoder Model;ETH;5;2;-0.03612818;0;0;0;-0.03712818;-3.7448
2026-08-02;Autoencoder Model;BNB;4;6;0.02258255;0;0;0;0.00000000;0.0000
2026-08-02;Autoencoder Model;XRP;3;4;-0.02381931;0;1;1;0.00000000;0.0000
2026-08-02;Autoencoder Model;SOL;5;3;-0.04163112;0;0;0;-0.04263112;-4.2736
2026-08-02;CatBoost Model;BTC;7;2;-0.02838044;0;0;0;-0.02938044;-2.9954
2026-08-02;CatBoost Model;ETH;5;2;-0.03612818;0;0;0;-0.03712818;-3.7448
2026-08-02;CatBoost Model;BNB;5;6;0.02258255;0;1;1;0.02158255;2.0817
2026-08-02;CatBoost Model;XRP;3;4;-0.02381931;0;1;1;0.00000000;0.0000
2026-08-02;CatBoost Model;SOL;4;3;-0.04163112;0;1;1;0.00000000;0.0000
2026-08-02;GARCH Model;BTC;6;2;-0.02838044;0;0;0;-0.02938044;-2.9954
2026-08-02;GARCH Model;ETH;2;2;-0.03612818;1;1;1;0.00000000;0.0000
2026-08-02;GARCH Model;BNB;5;6;0.02258255;0;1;1;0.02158255;2.0817
2026-08-02;GARCH Model;XRP;5;4;-0.02381931;0;1;0;-0.02481931;-2.5514
2026-08-02;GARCH Model;SOL;5;3;-0.04163112;0;0;0;-0.04263112;-4.2736
2026-08-02;GNN Model;BTC;4;2;-0.02838044;0;0;1;0.00000000;0.0000
2026-08-02;GNN Model;ETH;5;2;-0.03612818;0;0;0;-0.03712818;-3.7448
2026-08-02;GNN Model;BNB;4;6;0.02258255;0;0;0;0.00000000;0.0000
2026-08-02;GNN Model;XRP;3;4;-0.02381931;0;1;1;0.00000000;0.0000
2026-08-02;GNN Model;SOL;5;3;-0.04163112;0;0;0;-0.04263112;-4.2736
2026-08-02;LaplaceMonteCarlo Model;BTC;4;2;-0.02838044;0;0;1;0.00000000;0.0000
2026-08-02;LaplaceMonteCarlo Model;ETH;2;2;-0.03612818;1;1;1;0.00000000;0.0000
2026-08-02;LaplaceMonteCarlo Model;BNB;3;6;0.02258255;0;0;0;0.00000000;0.0000
2026-08-02;LaplaceMonteCarlo Model;XRP;4;4;-0.02381931;1;1;1;0.00000000;0.0000
2026-08-02;LaplaceMonteCarlo Model;SOL;4;3;-0.04163112;0;1;1;0.00000000;0.0000
2026-08-02;LightGBM Model;BTC;3;2;-0.02838044;0;1;1;0.00000000;0.0000
2026-08-02;LightGBM Model;ETH;5;2;-0.03612818;0;0;0;-0.03712818;-3.7448
2026-08-02;LightGBM Model;BNB;5;6;0.02258255;0;1;1;0.02158255;2.0817
2026-08-02;LightGBM Model;XRP;8;4;-0.02381931;0;0;0;-0.02481931;-2.5514
2026-08-02;LightGBM Model;SOL;4;3;-0.04163112;0;1;1;0.00000000;0.0000
2026-08-02;Markov Model;BTC;4;2;-0.02838044;0;0;1;0.00000000;0.0000
2026-08-02;Markov Model;ETH;5;2;-0.03612818;0;0;0;-0.03712818;-3.7448
2026-08-02;Markov Model;BNB;4;6;0.02258255;0;0;0;0.00000000;0.0000
2026-08-02;Markov Model;XRP;3;4;-0.02381931;0;1;1;0.00000000;0.0000
2026-08-02;Markov Model;SOL;5;3;-0.04163112;0;0;0;-0.04263112;-4.2736
2026-08-02;MarkovMonteCarlo Model;BTC;4;2;-0.02838044;0;0;1;0.00000000;0.0000
2026-08-02;MarkovMonteCarlo Model;ETH;5;2;-0.03612818;0;0;0;-0.03712818;-3.7448
2026-08-02;MarkovMonteCarlo Model;BNB;4;6;0.02258255;0;0;0;0.00000000;0.0000
2026-08-02;MarkovMonteCarlo Model;XRP;3;4;-0.02381931;0;1;1;0.00000000;0.0000
2026-08-02;MarkovMonteCarlo Model;SOL;5;3;-0.04163112;0;0;0;-0.04263112;-4.2736
2026-08-02;OrderStatistics Baseline;BTC;4;2;-0.02838044;0;0;1;0.00000000;0.0000
2026-08-02;OrderStatistics Baseline;ETH;5;2;-0.03612818;0;0;0;-0.03712818;-3.7448
2026-08-02;OrderStatistics Baseline;BNB;3;6;0.02258255;0;0;0;0.00000000;0.0000
2026-08-02;OrderStatistics Baseline;XRP;6;4;-0.02381931;0;0;0;-0.02481931;-2.5514
2026-08-02;OrderStatistics Baseline;SOL;7;3;-0.04163112;0;0;0;-0.04263112;-4.2736
2026-08-02;PoissonMonteCarlo Model;BTC;1;2;-0.02838044;0;1;1;0.00000000;0.0000
2026-08-02;PoissonMonteCarlo Model;ETH;1;2;-0.03612818;0;1;1;0.00000000;0.0000
2026-08-02;PoissonMonteCarlo Model;BNB;5;6;0.02258255;0;1;1;0.02158255;2.0817
2026-08-02;PoissonMonteCarlo Model;XRP;3;4;-0.02381931;0;1;1;0.00000000;0.0000
2026-08-02;PoissonMonteCarlo Model;SOL;5;3;-0.04163112;0;0;0;-0.04263112;-4.2736
2026-08-02;RL Position Model;BTC;4;2;-0.02838044;0;0;1;0.00000000;0.0000
2026-08-02;RL Position Model;ETH;5;2;-0.03612818;0;0;0;-0.01856409;-3.7448
2026-08-02;RL Position Model;BNB;5;6;0.02258255;0;1;1;0.01079127;2.0817
2026-08-02;RL Position Model;XRP;3;4;-0.02381931;0;1;1;0.00000000;0.0000
2026-08-02;RL Position Model;SOL;5;3;-0.04163112;0;0;0;-0.02131556;-4.2736
2026-08-02;Regime HMM Model;BTC;1;2;-0.02838044;0;1;1;0.00000000;0.0000
2026-08-02;Regime HMM Model;ETH;2;2;-0.03612818;1;1;1;0.00000000;0.0000
2026-08-02;Regime HMM Model;BNB;1;6;0.02258255;0;0;0;0.00000000;0.0000
2026-08-02;Regime HMM Model;XRP;1;4;-0.02381931;0;0;1;0.00000000;0.0000
2026-08-02;Regime HMM Model;SOL;5;3;-0.04163112;0;0;0;-0.04263112;-4.2736
2026-08-02;Regime HMM Single Model;BTC;1;2;-0.02838044;0;1;1;0.00000000;0.0000
2026-08-02;Regime HMM Single Model;ETH;2;2;-0.03612818;1;1;1;0.00000000;0.0000
2026-08-02;Regime HMM Single Model;BNB;1;6;0.02258255;0;0;0;0.00000000;0.0000
2026-08-02;Regime HMM Single Model;XRP;8;4;-0.02381931;0;0;0;-0.02481931;-2.5514
2026-08-02;Regime HMM Single Model;SOL;0;3;-0.04163112;0;0;1;0.00000000;0.0000
2026-08-02;Regime HMM ZeroMean Model;BTC;1;2;-0.02838044;0;1;1;0.00000000;0.0000
2026-08-02;Regime HMM ZeroMean Model;ETH;2;2;-0.03612818;1;1;1;0.00000000;0.0000
2026-08-02;Regime HMM ZeroMean Model;BNB;1;6;0.02258255;0;0;0;0.00000000;0.0000
2026-08-02;Regime HMM ZeroMean Model;XRP;5;4;-0.02381931;0;1;0;-0.02481931;-2.5514
2026-08-02;Regime HMM ZeroMean Model;SOL;5;3;-0.04163112;0;0;0;-0.04263112;-4.2736
2026-08-02;Transformer Model;BTC;4;2;-0.02838044;0;0;1;0.00000000;0.0000
2026-08-02;Transformer Model;ETH;0;2;-0.03612818;0;0;1;0.00000000;0.0000
2026-08-02;Transformer Model;BNB;6;6;0.02258255;1;1;1;0.02158255;2.0817
2026-08-02;Transformer Model;XRP;8;4;-0.02381931;0;0;0;-0.02481931;-2.5514
2026-08-02;Transformer Model;SOL;5;3;-0.04163112;0;0;0;-0.04263112;-4.2736
2026-08-02;WeightedEnsemble Model;BTC;4;2;-0.02838044;0;0;1;0.00000000;0.0000
2026-08-02;WeightedEnsemble Model;ETH;5;2;-0.03612818;0;0;0;-0.03712818;-3.7448
2026-08-02;WeightedEnsemble Model;BNB;5;6;0.02258255;0;1;1;0.02158255;2.0817
2026-08-02;WeightedEnsemble Model;XRP;3;4;-0.02381931;0;1;1;0.00000000;0.0000
2026-08-02;WeightedEnsemble Model;SOL;4;3;-0.04163112;0;1;1;0.00000000;0.0000
2026-08-02;XGBoost Model;BTC;3;2;-0.02838044;0;1;1;0.00000000;0.0000
2026-08-02;XGBoost Model;ETH;5;2;-0.03612818;0;0;0;-0.03712818;-3.7448
2026-08-02;XGBoost Model;BNB;5;6;0.02258255;0;1;1;0.02158255;2.0817
2026-08-02;XGBoost Model;XRP;8;4;-0.02381931;0;0;0;-0.02481931;-2.5514
2026-08-02;XGBoost Model;SOL;4;3;-0.04163112;0;1;1;0.00000000;0.0000
2026-08-09;Autoencoder Model;BTC;4;6;0.02073046;0;0;0;0.00000000;0.0000
2026-08-09;Autoencoder Model;ETH;5;5;0.01332471;1;1;1;0.01232471;1.1400
2026-08-09;Autoencoder Model;BNB;4;6;0.02313048;0;0;0;0.00000000;0.0000
2026-08-09;Autoencoder Model;XRP;3;2;-0.05386790;0;1;1;0.00000000;0.0000
2026-08-09;Autoencoder Model;SOL;5;5;0.03522712;1;1;1;0.03422712;3.3819
2026-08-09;CatBoost Model;BTC;5;6;0.02073046;0;1;1;0.01973046;1.8926
2026-08-09;CatBoost Model;ETH;3;5;0.01332471;0;0;0;0.00000000;0.0000
2026-08-09;CatBoost Model;BNB;6;6;0.02313048;1;1;1;0.02213048;2.1377
2026-08-09;CatBoost Model;XRP;3;2;-0.05386790;0;1;1;0.00000000;0.0000
2026-08-09;CatBoost Model;SOL;5;5;0.03522712;1;1;1;0.03422712;3.3819
2026-08-09;GARCH Model;BTC;6;6;0.02073046;1;1;1;0.01973046;1.8926
2026-08-09;GARCH Model;ETH;2;5;0.01332471;0;0;0;0.00000000;0.0000
2026-08-09;GARCH Model;BNB;5;6;0.02313048;0;1;1;0.02213048;2.1377
2026-08-09;GARCH Model;XRP;5;2;-0.05386790;0;0;0;-0.05486790;-5.4390
2026-08-09;GARCH Model;SOL;5;5;0.03522712;1;1;1;0.03422712;3.3819
2026-08-09;GNN Model;BTC;4;6;0.02073046;0;0;0;0.00000000;0.0000
2026-08-09;GNN Model;ETH;5;5;0.01332471;1;1;1;0.01232471;1.1400
2026-08-09;GNN Model;BNB;4;6;0.02313048;0;0;0;0.00000000;0.0000
2026-08-09;GNN Model;XRP;3;2;-0.05386790;0;1;1;0.00000000;0.0000
2026-08-09;GNN Model;SOL;5;5;0.03522712;1;1;1;0.03422712;3.3819
2026-08-09;LaplaceMonteCarlo Model;BTC;5;6;0.02073046;0;1;1;0.01973046;1.8926
2026-08-09;LaplaceMonteCarlo Model;ETH;2;5;0.01332471;0;0;0;0.00000000;0.0000
2026-08-09;LaplaceMonteCarlo Model;BNB;4;6;0.02313048;0;0;0;0.00000000;0.0000
2026-08-09;LaplaceMonteCarlo Model;XRP;4;2;-0.05386790;0;0;1;0.00000000;0.0000
2026-08-09;LaplaceMonteCarlo Model;SOL;4;5;0.03522712;0;1;0;0.00000000;0.0000
2026-08-09;LightGBM Model;BTC;5;6;0.02073046;0;1;1;0.01973046;1.8926
2026-08-09;LightGBM Model;ETH;6;5;0.01332471;0;1;1;0.01232471;1.1400
2026-08-09;LightGBM Model;BNB;2;6;0.02313048;0;0;0;0.00000000;0.0000
2026-08-09;LightGBM Model;XRP;3;2;-0.05386790;0;1;1;0.00000000;0.0000
2026-08-09;LightGBM Model;SOL;5;5;0.03522712;1;1;1;0.03422712;3.3819
2026-08-09;Markov Model;BTC;4;6;0.02073046;0;0;0;0.00000000;0.0000
2026-08-09;Markov Model;ETH;5;5;0.01332471;1;1;1;0.01232471;1.1400
2026-08-09;Markov Model;BNB;4;6;0.02313048;0;0;0;0.00000000;0.0000
2026-08-09;Markov Model;XRP;3;2;-0.05386790;0;1;1;0.00000000;0.0000
2026-08-09;Markov Model;SOL;5;5;0.03522712;1;1;1;0.03422712;3.3819
2026-08-09;MarkovMonteCarlo Model;BTC;4;6;0.02073046;0;0;0;0.00000000;0.0000
2026-08-09;MarkovMonteCarlo Model;ETH;5;5;0.01332471;1;1;1;0.01232471;1.1400
2026-08-09;MarkovMonteCarlo Model;BNB;4;6;0.02313048;0;0;0;0.00000000;0.0000
2026-08-09;MarkovMonteCarlo Model;XRP;3;2;-0.05386790;0;1;1;0.00000000;0.0000
2026-08-09;MarkovMonteCarlo Model;SOL;5;5;0.03522712;1;1;1;0.03422712;3.3819
2026-08-09;OrderStatistics Baseline;BTC;4;6;0.02073046;0;0;0;0.00000000;0.0000
2026-08-09;OrderStatistics Baseline;ETH;5;5;0.01332471;1;1;1;0.01232471;1.1400
2026-08-09;OrderStatistics Baseline;BNB;3;6;0.02313048;0;0;0;0.00000000;0.0000
2026-08-09;OrderStatistics Baseline;XRP;6;2;-0.05386790;0;0;0;-0.05486790;-5.4390
2026-08-09;OrderStatistics Baseline;SOL;7;5;0.03522712;0;0;1;0.03422712;3.3819
2026-08-09;PoissonMonteCarlo Model;BTC;1;6;0.02073046;0;0;0;0.00000000;0.0000
2026-08-09;PoissonMonteCarlo Model;ETH;5;5;0.01332471;1;1;1;0.01232471;1.1400
2026-08-09;PoissonMonteCarlo Model;BNB;5;6;0.02313048;0;1;1;0.02213048;2.1377
2026-08-09;PoissonMonteCarlo Model;XRP;2;2;-0.05386790;1;1;1;0.00000000;0.0000
2026-08-09;PoissonMonteCarlo Model;SOL;5;5;0.03522712;1;1;1;0.03422712;3.3819
2026-08-09;RL Position Model;BTC;4;6;0.02073046;0;0;0;0.00986523;0.0000
2026-08-09;RL Position Model;ETH;5;5;0.01332471;1;1;1;0.00616236;1.1400
2026-08-09;RL Position Model;BNB;4;6;0.02313048;0;0;0;0.00000000;0.0000
2026-08-09;RL Position Model;XRP;3;2;-0.05386790;0;1;1;-0.02743395;0.0000
2026-08-09;RL Position Model;SOL;5;5;0.03522712;1;1;1;0.01711356;3.3819
2026-08-09;Regime HMM Model;BTC;1;6;0.02073046;0;0;0;0.00000000;0.0000
2026-08-09;Regime HMM Model;ETH;2;5;0.01332471;0;0;0;0.00000000;0.0000
2026-08-09;Regime HMM Model;BNB;1;6;0.02313048;0;0;0;0.00000000;0.0000
2026-08-09;Regime HMM Model;XRP;5;2;-0.05386790;0;0;0;-0.05486790;-5.4390
2026-08-09;Regime HMM Model;SOL;5;5;0.03522712;1;1;1;0.03422712;3.3819
2026-08-09;Regime HMM Single Model;BTC;1;6;0.02073046;0;0;0;0.00000000;0.0000
2026-08-09;Regime HMM Single Model;ETH;2;5;0.01332471;0;0;0;0.00000000;0.0000
2026-08-09;Regime HMM Single Model;BNB;1;6;0.02313048;0;0;0;0.00000000;0.0000
2026-08-09;Regime HMM Single Model;XRP;8;2;-0.05386790;0;0;0;-0.05486790;-5.4390
2026-08-09;Regime HMM Single Model;SOL;0;5;0.03522712;0;0;0;0.00000000;0.0000
2026-08-09;Regime HMM ZeroMean Model;BTC;1;6;0.02073046;0;0;0;0.00000000;0.0000
2026-08-09;Regime HMM ZeroMean Model;ETH;2;5;0.01332471;0;0;0;0.00000000;0.0000
2026-08-09;Regime HMM ZeroMean Model;BNB;1;6;0.02313048;0;0;0;0.00000000;0.0000
2026-08-09;Regime HMM ZeroMean Model;XRP;8;2;-0.05386790;0;0;0;-0.05486790;-5.4390
2026-08-09;Regime HMM ZeroMean Model;SOL;0;5;0.03522712;0;0;0;0.00000000;0.0000
2026-08-09;Transformer Model;BTC;4;6;0.02073046;0;0;0;0.00000000;0.0000
2026-08-09;Transformer Model;ETH;4;5;0.01332471;0;1;0;0.00000000;0.0000
2026-08-09;Transformer Model;BNB;8;6;0.02313048;0;0;1;0.02213048;2.1377
2026-08-09;Transformer Model;XRP;7;2;-0.05386790;0;0;0;-0.05486790;-5.4390
2026-08-09;Transformer Model;SOL;3;5;0.03522712;0;0;0;0.00000000;0.0000
2026-08-09;WeightedEnsemble Model;BTC;5;6;0.02073046;0;1;1;0.01973046;1.8926
2026-08-09;WeightedEnsemble Model;ETH;5;5;0.01332471;1;1;1;0.01232471;1.1400
2026-08-09;WeightedEnsemble Model;BNB;4;6;0.02313048;0;0;0;0.00000000;0.0000
2026-08-09;WeightedEnsemble Model;XRP;3;2;-0.05386790;0;1;1;0.00000000;0.0000
2026-08-09;WeightedEnsemble Model;SOL;5;5;0.03522712;1;1;1;0.03422712;3.3819
2026-08-09;XGBoost Model;BTC;5;6;0.02073046;0;1;1;0.01973046;1.8926
2026-08-09;XGBoost Model;ETH;6;5;0.01332471;0;1;1;0.01232471;1.1400
2026-08-09;XGBoost Model;BNB;2;6;0.02313048;0;0;0;0.00000000;0.0000
2026-08-09;XGBoost Model;XRP;3;2;-0.05386790;0;1;1;0.00000000;0.0000
2026-08-09;XGBoost Model;SOL;5;5;0.03522712;1;1;1;0.03422712;3.3819
2026-08-16;Autoencoder Model;BTC;4;2;-0.03132596;0;0;1;0.00000000;0.0000
2026-08-16;Autoencoder Model;ETH;5;3;-0.01830165;0;0;0;-0.01930165;-2.0117
2026-08-16;Autoencoder Model;BNB;4;4;0.00124460;1;1;0;0.00000000;0.0000
2026-08-16;Autoencoder Model;XRP;3;3;-0.03588228;1;1;1;0.00000000;0.0000
2026-08-16;Autoencoder Model;SOL;3;4;-0.02200513;0;1;1;0.00000000;0.0000
2026-08-16;CatBoost Model;BTC;7;2;-0.03132596;0;0;0;-0.03232596;-3.2810
2026-08-16;CatBoost Model;ETH;7;3;-0.01830165;0;0;0;-0.01930165;-2.0117
2026-08-16;CatBoost Model;BNB;4;4;0.00124460;1;1;0;0.00000000;0.0000
2026-08-16;CatBoost Model;XRP;6;3;-0.03588228;0;0;0;-0.03688228;-3.7211
2026-08-16;CatBoost Model;SOL;1;4;-0.02200513;0;0;1;0.00000000;0.0000
2026-08-16;GARCH Model;BTC;6;2;-0.03132596;0;0;0;-0.03232596;-3.2810
2026-08-16;GARCH Model;ETH;2;3;-0.01830165;0;1;1;0.00000000;0.0000
2026-08-16;GARCH Model;BNB;5;4;0.00124460;0;1;1;0.00024460;-0.0756
2026-08-16;GARCH Model;XRP;5;3;-0.03588228;0;0;0;-0.03688228;-3.7211
2026-08-16;GARCH Model;SOL;5;4;-0.02200513;0;1;0;-0.02300513;-2.3743
2026-08-16;GNN Model;BTC;4;2;-0.03132596;0;0;1;0.00000000;0.0000
2026-08-16;GNN Model;ETH;5;3;-0.01830165;0;0;0;-0.01930165;-2.0117
2026-08-16;GNN Model;BNB;4;4;0.00124460;1;1;0;0.00000000;0.0000
2026-08-16;GNN Model;XRP;3;3;-0.03588228;1;1;1;0.00000000;0.0000
2026-08-16;GNN Model;SOL;5;4;-0.02200513;0;1;0;-0.02300513;-2.3743
2026-08-16;LaplaceMonteCarlo Model;BTC;5;2;-0.03132596;0;0;0;-0.03232596;-3.2810
2026-08-16;LaplaceMonteCarlo Model;ETH;3;3;-0.01830165;1;1;1;0.00000000;0.0000
2026-08-16;LaplaceMonteCarlo Model;BNB;3;4;0.00124460;0;1;0;0.00000000;0.0000
2026-08-16;LaplaceMonteCarlo Model;XRP;3;3;-0.03588228;1;1;1;0.00000000;0.0000
2026-08-16;LaplaceMonteCarlo Model;SOL;3;4;-0.02200513;0;1;1;0.00000000;0.0000
2026-08-16;LightGBM Model;BTC;7;2;-0.03132596;0;0;0;-0.03232596;-3.2810
2026-08-16;LightGBM Model;ETH;7;3;-0.01830165;0;0;0;-0.01930165;-2.0117
2026-08-16;LightGBM Model;BNB;4;4;0.00124460;1;1;0;0.00000000;0.0000
2026-08-16;LightGBM Model;XRP;7;3;-0.03588228;0;0;0;-0.03688228;-3.7211
2026-08-16;LightGBM Model;SOL;8;4;-0.02200513;0;0;0;-0.02300513;-2.3743
2026-08-16;Markov Model;BTC;7;2;-0.03132596;0;0;0;-0.03232596;-3.2810
2026-08-16;Markov Model;ETH;5;3;-0.01830165;0;0;0;-0.01930165;-2.0117
2026-08-16;Markov Model;BNB;5;4;0.00124460;0;1;1;0.00024460;-0.0756
2026-08-16;Markov Model;XRP;3;3;-0.03588228;1;1;1;0.00000000;0.0000
2026-08-16;Markov Model;SOL;5;4;-0.02200513;0;1;0;-0.02300513;-2.3743
2026-08-16;MarkovMonteCarlo Model;BTC;4;2;-0.03132596;0;0;1;0.00000000;0.0000
2026-08-16;MarkovMonteCarlo Model;ETH;5;3;-0.01830165;0;0;0;-0.01930165;-2.0117
2026-08-16;MarkovMonteCarlo Model;BNB;4;4;0.00124460;1;1;0;0.00000000;0.0000
2026-08-16;MarkovMonteCarlo Model;XRP;3;3;-0.03588228;1;1;1;0.00000000;0.0000
2026-08-16;MarkovMonteCarlo Model;SOL;5;4;-0.02200513;0;1;0;-0.02300513;-2.3743
2026-08-16;OrderStatistics Baseline;BTC;4;2;-0.03132596;0;0;1;0.00000000;0.0000
2026-08-16;OrderStatistics Baseline;ETH;5;3;-0.01830165;0;0;0;-0.01930165;-2.0117
2026-08-16;OrderStatistics Baseline;BNB;3;4;0.00124460;0;1;0;0.00000000;0.0000
2026-08-16;OrderStatistics Baseline;XRP;6;3;-0.03588228;0;0;0;-0.03688228;-3.7211
2026-08-16;OrderStatistics Baseline;SOL;7;4;-0.02200513;0;0;0;-0.02300513;-2.3743
2026-08-16;PoissonMonteCarlo Model;BTC;1;2;-0.03132596;0;1;1;0.00000000;0.0000
2026-08-16;PoissonMonteCarlo Model;ETH;1;3;-0.01830165;0;0;1;0.00000000;0.0000
2026-08-16;PoissonMonteCarlo Model;BNB;5;4;0.00124460;0;1;1;0.00024460;-0.0756
2026-08-16;PoissonMonteCarlo Model;XRP;3;3;-0.03588228;1;1;1;0.00000000;0.0000
2026-08-16;PoissonMonteCarlo Model;SOL;6;4;-0.02200513;0;0;0;-0.02300513;-2.3743
2026-08-16;RL Position Model;BTC;7;2;-0.03132596;0;0;0;-0.01616298;-3.2810
2026-08-16;RL Position Model;ETH;5;3;-0.01830165;0;0;0;-0.00965082;-2.0117
2026-08-16;RL Position Model;BNB;4;4;0.00124460;1;1;0;0.00000000;0.0000
2026-08-16;RL Position Model;XRP;3;3;-0.03588228;1;1;1;-0.01844114;0.0000
2026-08-16;RL Position Model;SOL;5;4;-0.02200513;0;1;0;-0.01150256;-2.3743
2026-08-16;Regime HMM Model;BTC;1;2;-0.03132596;0;1;1;0.00000000;0.0000
2026-08-16;Regime HMM Model;ETH;2;3;-0.01830165;0;1;1;0.00000000;0.0000
2026-08-16;Regime HMM Model;BNB;1;4;0.00124460;0;0;0;0.00000000;0.0000
2026-08-16;Regime HMM Model;XRP;5;3;-0.03588228;0;0;0;-0.03688228;-3.7211
2026-08-16;Regime HMM Model;SOL;5;4;-0.02200513;0;1;0;-0.02300513;-2.3743
2026-08-16;Regime HMM Single Model;BTC;1;2;-0.03132596;0;1;1;0.00000000;0.0000
2026-08-16;Regime HMM Single Model;ETH;2;3;-0.01830165;0;1;1;0.00000000;0.0000
2026-08-16;Regime HMM Single Model;BNB;1;4;0.00124460;0;0;0;0.00000000;0.0000
2026-08-16;Regime HMM Single Model;XRP;8;3;-0.03588228;0;0;0;-0.03688228;-3.7211
2026-08-16;Regime HMM Single Model;SOL;0;4;-0.02200513;0;0;1;0.00000000;0.0000
2026-08-16;Regime HMM ZeroMean Model;BTC;1;2;-0.03132596;0;1;1;0.00000000;0.0000
2026-08-16;Regime HMM ZeroMean Model;ETH;2;3;-0.01830165;0;1;1;0.00000000;0.0000
2026-08-16;Regime HMM ZeroMean Model;BNB;1;4;0.00124460;0;0;0;0.00000000;0.0000
2026-08-16;Regime HMM ZeroMean Model;XRP;5;3;-0.03588228;0;0;0;-0.03688228;-3.7211
2026-08-16;Regime HMM ZeroMean Model;SOL;5;4;-0.02200513;0;1;0;-0.02300513;-2.3743
2026-08-16;Transformer Model;BTC;2;2;-0.03132596;1;1;1;0.00000000;0.0000
2026-08-16;Transformer Model;ETH;1;3;-0.01830165;0;0;1;0.00000000;0.0000
2026-08-16;Transformer Model;BNB;6;4;0.00124460;0;0;1;0.00024460;-0.0756
2026-08-16;Transformer Model;XRP;7;3;-0.03588228;0;0;0;-0.03688228;-3.7211
2026-08-16;Transformer Model;SOL;7;4;-0.02200513;0;0;0;-0.02300513;-2.3743
2026-08-16;WeightedEnsemble Model;BTC;7;2;-0.03132596;0;0;0;-0.03232596;-3.2810
2026-08-16;WeightedEnsemble Model;ETH;7;3;-0.01830165;0;0;0;-0.01930165;-2.0117
2026-08-16;WeightedEnsemble Model;BNB;4;4;0.00124460;1;1;0;0.00000000;0.0000
2026-08-16;WeightedEnsemble Model;XRP;3;3;-0.03588228;1;1;1;0.00000000;0.0000
2026-08-16;WeightedEnsemble Model;SOL;5;4;-0.02200513;0;1;0;-0.02300513;-2.3743
2026-08-16;XGBoost Model;BTC;7;2;-0.03132596;0;0;0;-0.03232596;-3.2810
2026-08-16;XGBoost Model;ETH;7;3;-0.01830165;0;0;0;-0.01930165;-2.0117
2026-08-16;XGBoost Model;BNB;4;4;0.00124460;1;1;0;0.00000000;0.0000
2026-08-16;XGBoost Model;XRP;7;3;-0.03588228;0;0;0;-0.03688228;-3.7211
2026-08-16;XGBoost Model;SOL;8;4;-0.02200513;0;0;0;-0.02300513;-2.3743
2026-08-23;Autoencoder Model;BTC;4;9;0.21174658;0;0;0;0.00000000;0.0000
2026-08-23;Autoencoder Model;ETH;5;9;0.27240472;0;0;1;0.27140472;31.0805
2026-08-23;Autoencoder Model;BNB;4;9;0.15257630;0;0;0;0.00000000;0.0000
2026-08-23;Autoencoder Model;XRP;3;9;0.42539403;0;0;0;0.00000000;0.0000
2026-08-23;Autoencoder Model;SOL;5;9;0.24611845;0;0;1;0.24511845;27.6772
2026-08-23;CatBoost Model;BTC;3;9;0.21174658;0;0;0;0.00000000;0.0000
2026-08-23;CatBoost Model;ETH;6;9;0.27240472;0;0;1;0.27140472;31.0805
2026-08-23;CatBoost Model;BNB;5;9;0.15257630;0;0;1;0.15157630;16.2667
2026-08-23;CatBoost Model;XRP;5;9;0.42539403;0;0;1;0.42439403;52.7663
2026-08-23;CatBoost Model;SOL;4;9;0.24611845;0;0;0;0.00000000;0.0000
2026-08-23;GARCH Model;BTC;6;9;0.21174658;0;0;1;0.21074658;23.3599
2026-08-23;GARCH Model;ETH;6;9;0.27240472;0;0;1;0.27140472;31.0805
2026-08-23;GARCH Model;BNB;5;9;0.15257630;0;0;1;0.15157630;16.2667
2026-08-23;GARCH Model;XRP;5;9;0.42539403;0;0;1;0.42439403;52.7663
2026-08-23;GARCH Model;SOL;5;9;0.24611845;0;0;1;0.24511845;27.6772
2026-08-23;GNN Model;BTC;4;9;0.21174658;0;0;0;0.00000000;0.0000
2026-08-23;GNN Model;ETH;5;9;0.27240472;0;0;1;0.27140472;31.0805
2026-08-23;GNN Model;BNB;4;9;0.15257630;0;0;0;0.00000000;0.0000
2026-08-23;GNN Model;XRP;3;9;0.42539403;0;0;0;0.00000000;0.0000
2026-08-23;GNN Model;SOL;5;9;0.24611845;0;0;1;0.24511845;27.6772
2026-08-23;LaplaceMonteCarlo Model;BTC;5;9;0.21174658;0;0;1;0.21074658;23.3599
2026-08-23;LaplaceMonteCarlo Model;ETH;3;9;0.27240472;0;0;0;0.00000000;0.0000
2026-08-23;LaplaceMonteCarlo Model;BNB;5;9;0.15257630;0;0;1;0.15157630;16.2667
2026-08-23;LaplaceMonteCarlo Model;XRP;4;9;0.42539403;0;0;0;0.00000000;0.0000
2026-08-23;LaplaceMonteCarlo Model;SOL;4;9;0.24611845;0;0;0;0.00000000;0.0000
2026-08-23;LightGBM Model;BTC;4;9;0.21174658;0;0;0;0.00000000;0.0000
2026-08-23;LightGBM Model;ETH;4;9;0.27240472;0;0;0;0.00000000;0.0000
2026-08-23;LightGBM Model;BNB;4;9;0.15257630;0;0;0;0.00000000;0.0000
2026-08-23;LightGBM Model;XRP;2;9;0.42539403;0;0;0;0.00000000;0.0000
2026-08-23;LightGBM Model;SOL;4;9;0.24611845;0;0;0;0.00000000;0.0000
2026-08-23;Markov Model;BTC;4;9;0.21174658;0;0;0;0.00000000;0.0000
2026-08-23;Markov Model;ETH;5;9;0.27240472;0;0;1;0.27140472;31.0805
2026-08-23;Markov Model;BNB;4;9;0.15257630;0;0;0;0.00000000;0.0000
2026-08-23;Markov Model;XRP;3;9;0.42539403;0;0;0;0.00000000;0.0000
2026-08-23;Markov Model;SOL;5;9;0.24611845;0;0;1;0.24511845;27.6772
2026-08-23;MarkovMonteCarlo Model;BTC;4;9;0.21174658;0;0;0;0.00000000;0.0000
2026-08-23;MarkovMonteCarlo Model;ETH;5;9;0.27240472;0;0;1;0.27140472;31.0805
2026-08-23;MarkovMonteCarlo Model;BNB;4;9;0.15257630;0;0;0;0.00000000;0.0000
2026-08-23;MarkovMonteCarlo Model;XRP;3;9;0.42539403;0;0;0;0.00000000;0.0000
2026-08-23;MarkovMonteCarlo Model;SOL;5;9;0.24611845;0;0;1;0.24511845;27.6772
2026-08-23;OrderStatistics Baseline;BTC;4;9;0.21174658;0;0;0;0.00000000;0.0000
2026-08-23;OrderStatistics Baseline;ETH;5;9;0.27240472;0;0;1;0.27140472;31.0805
2026-08-23;OrderStatistics Baseline;BNB;3;9;0.15257630;0;0;0;0.00000000;0.0000
2026-08-23;OrderStatistics Baseline;XRP;6;9;0.42539403;0;0;1;0.42439403;52.7663
2026-08-23;OrderStatistics Baseline;SOL;7;9;0.24611845;0;0;1;0.24511845;27.6772
2026-08-23;PoissonMonteCarlo Model;BTC;2;9;0.21174658;0;0;0;0.00000000;0.0000
2026-08-23;PoissonMonteCarlo Model;ETH;5;9;0.27240472;0;0;1;0.27140472;31.0805
2026-08-23;PoissonMonteCarlo Model;BNB;5;9;0.15257630;0;0;1;0.15157630;16.2667
2026-08-23;PoissonMonteCarlo Model;XRP;3;9;0.42539403;0;0;0;0.00000000;0.0000
2026-08-23;PoissonMonteCarlo Model;SOL;5;9;0.24611845;0;0;1;0.24511845;27.6772
2026-08-23;RL Position Model;BTC;4;9;0.21174658;0;0;0;0.00000000;0.0000
2026-08-23;RL Position Model;ETH;5;9;0.27240472;0;0;1;0.13570236;31.0805
2026-08-23;RL Position Model;BNB;4;9;0.15257630;0;0;0;0.00000000;0.0000
2026-08-23;RL Position Model;XRP;3;9;0.42539403;0;0;0;0.00000000;0.0000
2026-08-23;RL Position Model;SOL;5;9;0.24611845;0;0;1;0.12255922;27.6772
2026-08-23;Regime HMM Model;BTC;1;9;0.21174658;0;0;0;0.00000000;0.0000
2026-08-23;Regime HMM Model;ETH;0;9;0.27240472;0;0;0;0.00000000;0.0000
2026-08-23;Regime HMM Model;BNB;1;9;0.15257630;0;0;0;0.00000000;0.0000
2026-08-23;Regime HMM Model;XRP;0;9;0.42539403;0;0;0;0.00000000;0.0000
2026-08-23;Regime HMM Model;SOL;0;9;0.24611845;0;0;0;0.00000000;0.0000
2026-08-23;Regime HMM Single Model;BTC;1;9;0.21174658;0;0;0;0.00000000;0.0000
2026-08-23;Regime HMM Single Model;ETH;2;9;0.27240472;0;0;0;0.00000000;0.0000
2026-08-23;Regime HMM Single Model;BNB;1;9;0.15257630;0;0;0;0.00000000;0.0000
2026-08-23;Regime HMM Single Model;XRP;8;9;0.42539403;0;1;1;0.42439403;52.7663
2026-08-23;Regime HMM Single Model;SOL;0;9;0.24611845;0;0;0;0.00000000;0.0000
2026-08-23;Regime HMM ZeroMean Model;BTC;1;9;0.21174658;0;0;0;0.00000000;0.0000
2026-08-23;Regime HMM ZeroMean Model;ETH;2;9;0.27240472;0;0;0;0.00000000;0.0000
2026-08-23;Regime HMM ZeroMean Model;BNB;1;9;0.15257630;0;0;0;0.00000000;0.0000
2026-08-23;Regime HMM ZeroMean Model;XRP;8;9;0.42539403;0;1;1;0.42439403;52.7663
2026-08-23;Regime HMM ZeroMean Model;SOL;0;9;0.24611845;0;0;0;0.00000000;0.0000
2026-08-23;Transformer Model;BTC;8;9;0.21174658;0;1;1;0.21074658;23.3599
2026-08-23;Transformer Model;ETH;1;9;0.27240472;0;0;0;0.00000000;0.0000
2026-08-23;Transformer Model;BNB;7;9;0.15257630;0;0;1;0.15157630;16.2667
2026-08-23;Transformer Model;XRP;9;9;0.42539403;1;1;1;0.42439403;52.7663
2026-08-23;Transformer Model;SOL;6;9;0.24611845;0;0;1;0.24511845;27.6772
2026-08-23;WeightedEnsemble Model;BTC;4;9;0.21174658;0;0;0;0.00000000;0.0000
2026-08-23;WeightedEnsemble Model;ETH;5;9;0.27240472;0;0;1;0.27140472;31.0805
2026-08-23;WeightedEnsemble Model;BNB;4;9;0.15257630;0;0;0;0.00000000;0.0000
2026-08-23;WeightedEnsemble Model;XRP;3;9;0.42539403;0;0;0;0.00000000;0.0000
2026-08-23;WeightedEnsemble Model;SOL;4;9;0.24611845;0;0;0;0.00000000;0.0000
2026-08-23;XGBoost Model;BTC;4;9;0.21174658;0;0;0;0.00000000;0.0000
2026-08-23;XGBoost Model;ETH;0;9;0.27240472;0;0;0;0.00000000;0.0000
2026-08-23;XGBoost Model;BNB;4;9;0.15257630;0;0;0;0.00000000;0.0000
2026-08-23;XGBoost Model;XRP;4;9;0.42539403;0;0;0;0.00000000;0.0000
2026-08-23;XGBoost Model;SOL;4;9;0.24611845;0;0;0;0.00000000;0.0000
2026-08-30;Autoencoder Model;BTC;4;4;-0.00066917;1;1;1;0.00000000;0.0000
2026-08-30;Autoencoder Model;ETH;5;3;-0.01906912;0;0;0;-0.02006912;-2.0870
2026-08-30;Autoencoder Model;BNB;4;3;-0.02542113;0;1;1;0.00000000;0.0000
2026-08-30;Autoencoder Model;XRP;3;1;-0.11332869;0;0;1;0.00000000;0.0000
2026-08-30;Autoencoder Model;SOL;5;7;0.06412583;0;0;1;0.06312583;6.4160
2026-08-30;CatBoost Model;BTC;4;4;-0.00066917;1;1;1;0.00000000;0.0000
2026-08-30;CatBoost Model;ETH;6;3;-0.01906912;0;0;0;-0.02006912;-2.0870
2026-08-30;CatBoost Model;BNB;6;3;-0.02542113;0;0;0;-0.02642113;-2.7076
2026-08-30;CatBoost Model;XRP;3;1;-0.11332869;0;0;1;0.00000000;0.0000
2026-08-30;CatBoost Model;SOL;5;7;0.06412583;0;0;1;0.06312583;6.4160
2026-08-30;GARCH Model;BTC;7;4;-0.00066917;0;0;0;-0.00166917;-0.2668
2026-08-30;GARCH Model;ETH;6;3;-0.01906912;0;0;0;-0.02006912;-2.0870
2026-08-30;GARCH Model;BNB;5;3;-0.02542113;0;0;0;-0.02642113;-2.7076
2026-08-30;GARCH Model;XRP;5;1;-0.11332869;0;0;0;-0.11432869;-10.9036
2026-08-30;GARCH Model;SOL;5;7;0.06412583;0;0;1;0.06312583;6.4160
2026-08-30;GNN Model;BTC;4;4;-0.00066917;1;1;1;0.00000000;0.0000
2026-08-30;GNN Model;ETH;5;3;-0.01906912;0;0;0;-0.02006912;-2.0870
2026-08-30;GNN Model;BNB;4;3;-0.02542113;0;1;1;0.00000000;0.0000
2026-08-30;GNN Model;XRP;3;1;-0.11332869;0;0;1;0.00000000;0.0000
2026-08-30;GNN Model;SOL;5;7;0.06412583;0;0;1;0.06312583;6.4160
2026-08-30;LaplaceMonteCarlo Model;BTC;3;4;-0.00066917;0;1;1;0.00000000;0.0000
2026-08-30;LaplaceMonteCarlo Model;ETH;5;3;-0.01906912;0;0;0;-0.02006912;-2.0870
2026-08-30;LaplaceMonteCarlo Model;BNB;5;3;-0.02542113;0;0;0;-0.02642113;-2.7076
2026-08-30;LaplaceMonteCarlo Model;XRP;3;1;-0.11332869;0;0;1;0.00000000;0.0000
2026-08-30;LaplaceMonteCarlo Model;SOL;5;7;0.06412583;0;0;1;0.06312583;6.4160
2026-08-30;LightGBM Model;BTC;0;4;-0.00066917;0;0;1;0.00000000;0.0000
2026-08-30;LightGBM Model;ETH;2;3;-0.01906912;0;1;1;0.00000000;0.0000
2026-08-30;LightGBM Model;BNB;6;3;-0.02542113;0;0;0;-0.02642113;-2.7076
2026-08-30;LightGBM Model;XRP;3;1;-0.11332869;0;0;1;0.00000000;0.0000
2026-08-30;LightGBM Model;SOL;3;7;0.06412583;0;0;0;0.00000000;0.0000
2026-08-30;Markov Model;BTC;4;4;-0.00066917;1;1;1;0.00000000;0.0000
2026-08-30;Markov Model;ETH;4;3;-0.01906912;0;1;1;0.00000000;0.0000
2026-08-30;Markov Model;BNB;8;3;-0.02542113;0;0;0;-0.02642113;-2.7076
2026-08-30;Markov Model;XRP;3;1;-0.11332869;0;0;1;0.00000000;0.0000
2026-08-30;Markov Model;SOL;5;7;0.06412583;0;0;1;0.06312583;6.4160
2026-08-30;MarkovMonteCarlo Model;BTC;4;4;-0.00066917;1;1;1;0.00000000;0.0000
2026-08-30;MarkovMonteCarlo Model;ETH;5;3;-0.01906912;0;0;0;-0.02006912;-2.0870
2026-08-30;MarkovMonteCarlo Model;BNB;4;3;-0.02542113;0;1;1;0.00000000;0.0000
2026-08-30;MarkovMonteCarlo Model;XRP;3;1;-0.11332869;0;0;1;0.00000000;0.0000
2026-08-30;MarkovMonteCarlo Model;SOL;5;7;0.06412583;0;0;1;0.06312583;6.4160
2026-08-30;OrderStatistics Baseline;BTC;4;4;-0.00066917;1;1;1;0.00000000;0.0000
2026-08-30;OrderStatistics Baseline;ETH;5;3;-0.01906912;0;0;0;-0.02006912;-2.0870
2026-08-30;OrderStatistics Baseline;BNB;3;3;-0.02542113;1;1;1;0.00000000;0.0000
2026-08-30;OrderStatistics Baseline;XRP;6;1;-0.11332869;0;0;0;-0.11432869;-10.9036
2026-08-30;OrderStatistics Baseline;SOL;2;7;0.06412583;0;0;0;0.00000000;0.0000
2026-08-30;PoissonMonteCarlo Model;BTC;1;4;-0.00066917;0;0;1;0.00000000;0.0000
2026-08-30;PoissonMonteCarlo Model;ETH;5;3;-0.01906912;0;0;0;-0.02006912;-2.0870
2026-08-30;PoissonMonteCarlo Model;BNB;5;3;-0.02542113;0;0;0;-0.02642113;-2.7076
2026-08-30;PoissonMonteCarlo Model;XRP;3;1;-0.11332869;0;0;1;0.00000000;0.0000
2026-08-30;PoissonMonteCarlo Model;SOL;5;7;0.06412583;0;0;1;0.06312583;6.4160
2026-08-30;RL Position Model;BTC;4;4;-0.00066917;1;1;1;0.00000000;0.0000
2026-08-30;RL Position Model;ETH;5;3;-0.01906912;0;0;0;-0.01003456;-2.0870
2026-08-30;RL Position Model;BNB;6;3;-0.02542113;0;0;0;-0.01321056;-2.7076
2026-08-30;RL Position Model;XRP;3;1;-0.11332869;0;0;1;0.00000000;0.0000
2026-08-30;RL Position Model;SOL;5;7;0.06412583;0;0;1;0.03156291;6.4160
2026-08-30;Regime HMM Model;BTC;1;4;-0.00066917;0;0;1;0.00000000;0.0000
2026-08-30;Regime HMM Model;ETH;2;3;-0.01906912;0;1;1;0.00000000;0.0000
2026-08-30;Regime HMM Model;BNB;1;3;-0.02542113;0;0;1;0.00000000;0.0000
2026-08-30;Regime HMM Model;XRP;0;1;-0.11332869;0;1;1;0.00000000;0.0000
2026-08-30;Regime HMM Model;SOL;0;7;0.06412583;0;0;0;0.00000000;0.0000
2026-08-30;Regime HMM Single Model;BTC;1;4;-0.00066917;0;0;1;0.00000000;0.0000
2026-08-30;Regime HMM Single Model;ETH;2;3;-0.01906912;0;1;1;0.00000000;0.0000
2026-08-30;Regime HMM Single Model;BNB;1;3;-0.02542113;0;0;1;0.00000000;0.0000
2026-08-30;Regime HMM Single Model;XRP;8;1;-0.11332869;0;0;0;-0.11432869;-10.9036
2026-08-30;Regime HMM Single Model;SOL;0;7;0.06412583;0;0;0;0.00000000;0.0000
2026-08-30;Regime HMM ZeroMean Model;BTC;1;4;-0.00066917;0;0;1;0.00000000;0.0000
2026-08-30;Regime HMM ZeroMean Model;ETH;0;3;-0.01906912;0;0;1;0.00000000;0.0000
2026-08-30;Regime HMM ZeroMean Model;BNB;1;3;-0.02542113;0;0;1;0.00000000;0.0000
2026-08-30;Regime HMM ZeroMean Model;XRP;8;1;-0.11332869;0;0;0;-0.11432869;-10.9036
2026-08-30;Regime HMM ZeroMean Model;SOL;0;7;0.06412583;0;0;0;0.00000000;0.0000
2026-08-30;Transformer Model;BTC;2;4;-0.00066917;0;0;1;0.00000000;0.0000
2026-08-30;Transformer Model;ETH;1;3;-0.01906912;0;0;1;0.00000000;0.0000
2026-08-30;Transformer Model;BNB;3;3;-0.02542113;1;1;1;0.00000000;0.0000
2026-08-30;Transformer Model;XRP;8;1;-0.11332869;0;0;0;-0.11432869;-10.9036
2026-08-30;Transformer Model;SOL;6;7;0.06412583;0;1;1;0.06312583;6.4160
2026-08-30;WeightedEnsemble Model;BTC;4;4;-0.00066917;1;1;1;0.00000000;0.0000
2026-08-30;WeightedEnsemble Model;ETH;5;3;-0.01906912;0;0;0;-0.02006912;-2.0870
2026-08-30;WeightedEnsemble Model;BNB;6;3;-0.02542113;0;0;0;-0.02642113;-2.7076
2026-08-30;WeightedEnsemble Model;XRP;3;1;-0.11332869;0;0;1;0.00000000;0.0000
2026-08-30;WeightedEnsemble Model;SOL;5;7;0.06412583;0;0;1;0.06312583;6.4160
2026-08-30;XGBoost Model;BTC;0;4;-0.00066917;0;0;1;0.00000000;0.0000
2026-08-30;XGBoost Model;ETH;2;3;-0.01906912;0;1;1;0.00000000;0.0000
2026-08-30;XGBoost Model;BNB;6;3;-0.02542113;0;0;0;-0.02642113;-2.7076
2026-08-30;XGBoost Model;XRP;3;1;-0.11332869;0;0;1;0.00000000;0.0000
2026-08-30;XGBoost Model;SOL;3;7;0.06412583;0;0;0;0.00000000;0.0000
2026-09-06;Autoencoder Model;BTC;4;6;0.03366684;0;0;0;0.00000000;0.0000
2026-09-06;Autoencoder Model;ETH;4;6;0.03958857;0;0;0;0.00000000;0.0000
2026-09-06;Autoencoder Model;BNB;4;8;0.09502602;0;0;0;0.00000000;0.0000
2026-09-06;Autoencoder Model;XRP;3;7;0.04747385;0;0;0;0.00000000;0.0000
2026-09-06;Autoencoder Model;SOL;5;6;0.04609553;0;1;1;0.04509553;4.5127
2026-09-06;CatBoost Model;BTC;8;6;0.03366684;0;0;1;0.03266684;3.2206
2026-09-06;CatBoost Model;ETH;7;6;0.03958857;0;1;1;0.03858857;3.8342
2026-09-06;CatBoost Model;BNB;4;8;0.09502602;0;0;0;0.00000000;0.0000
2026-09-06;CatBoost Model;XRP;6;7;0.04747385;0;1;1;0.04647385;4.6570
2026-09-06;CatBoost Model;SOL;5;6;0.04609553;0;1;1;0.04509553;4.5127
2026-09-06;GARCH Model;BTC;1;6;0.03366684;0;0;0;0.00000000;0.0000
2026-09-06;GARCH Model;ETH;2;6;0.03958857;0;0;0;0.00000000;0.0000
2026-09-06;GARCH Model;BNB;0;8;0.09502602;0;0;0;0.00000000;0.0000
2026-09-06;GARCH Model;XRP;0;7;0.04747385;0;0;0;0.00000000;0.0000
2026-09-06;GARCH Model;SOL;5;6;0.04609553;0;1;1;0.04509553;4.5127
2026-09-06;GNN Model;BTC;4;6;0.03366684;0;0;0;0.00000000;0.0000
2026-09-06;GNN Model;ETH;5;6;0.03958857;0;1;1;0.03858857;3.8342
2026-09-06;GNN Model;BNB;4;8;0.09502602;0;0;0;0.00000000;0.0000
2026-09-06;GNN Model;XRP;3;7;0.04747385;0;0;0;0.00000000;0.0000
2026-09-06;GNN Model;SOL;5;6;0.04609553;0;1;1;0.04509553;4.5127
2026-09-06;LaplaceMonteCarlo Model;BTC;4;6;0.03366684;0;0;0;0.00000000;0.0000
2026-09-06;LaplaceMonteCarlo Model;ETH;4;6;0.03958857;0;0;0;0.00000000;0.0000
2026-09-06;LaplaceMonteCarlo Model;BNB;4;8;0.09502602;0;0;0;0.00000000;0.0000
2026-09-06;LaplaceMonteCarlo Model;XRP;4;7;0.04747385;0;0;0;0.00000000;0.0000
2026-09-06;LaplaceMonteCarlo Model;SOL;4;6;0.04609553;0;0;0;0.00000000;0.0000
2026-09-06;LightGBM Model;BTC;1;6;0.03366684;0;0;0;0.00000000;0.0000
2026-09-06;LightGBM Model;ETH;6;6;0.03958857;1;1;1;0.03858857;3.8342
2026-09-06;LightGBM Model;BNB;4;8;0.09502602;0;0;0;0.00000000;0.0000
2026-09-06;LightGBM Model;XRP;7;7;0.04747385;1;1;1;0.04647385;4.6570
2026-09-06;LightGBM Model;SOL;7;6;0.04609553;0;1;1;0.04509553;4.5127
2026-09-06;Markov Model;BTC;4;6;0.03366684;0;0;0;0.00000000;0.0000
2026-09-06;Markov Model;ETH;5;6;0.03958857;0;1;1;0.03858857;3.8342
2026-09-06;Markov Model;BNB;4;8;0.09502602;0;0;0;0.00000000;0.0000
2026-09-06;Markov Model;XRP;3;7;0.04747385;0;0;0;0.00000000;0.0000
2026-09-06;Markov Model;SOL;5;6;0.04609553;0;1;1;0.04509553;4.5127
2026-09-06;MarkovMonteCarlo Model;BTC;4;6;0.03366684;0;0;0;0.00000000;0.0000
2026-09-06;MarkovMonteCarlo Model;ETH;5;6;0.03958857;0;1;1;0.03858857;3.8342
2026-09-06;MarkovMonteCarlo Model;BNB;4;8;0.09502602;0;0;0;0.00000000;0.0000
2026-09-06;MarkovMonteCarlo Model;XRP;3;7;0.04747385;0;0;0;0.00000000;0.0000
2026-09-06;MarkovMonteCarlo Model;SOL;5;6;0.04609553;0;1;1;0.04509553;4.5127
2026-09-06;OrderStatistics Baseline;BTC;4;6;0.03366684;0;0;0;0.00000000;0.0000
2026-09-06;OrderStatistics Baseline;ETH;5;6;0.03958857;0;1;1;0.03858857;3.8342
2026-09-06;OrderStatistics Baseline;BNB;3;8;0.09502602;0;0;0;0.00000000;0.0000
2026-09-06;OrderStatistics Baseline;XRP;6;7;0.04747385;0;1;1;0.04647385;4.6570
2026-09-06;OrderStatistics Baseline;SOL;2;6;0.04609553;0;0;0;0.00000000;0.0000
2026-09-06;PoissonMonteCarlo Model;BTC;1;6;0.03366684;0;0;0;0.00000000;0.0000
2026-09-06;PoissonMonteCarlo Model;ETH;1;6;0.03958857;0;0;0;0.00000000;0.0000
2026-09-06;PoissonMonteCarlo Model;BNB;6;8;0.09502602;0;0;1;0.09402602;9.7588
2026-09-06;PoissonMonteCarlo Model;XRP;3;7;0.04747385;0;0;0;0.00000000;0.0000
2026-09-06;PoissonMonteCarlo Model;SOL;5;6;0.04609553;0;1;1;0.04509553;4.5127
2026-09-06;RL Position Model;BTC;1;6;0.03366684;0;0;0;0.00000000;0.0000
2026-09-06;RL Position Model;ETH;5;6;0.03958857;0;1;1;0.00000000;3.8342
2026-09-06;RL Position Model;BNB;4;8;0.09502602;0;0;0;0.00000000;0.0000
2026-09-06;RL Position Model;XRP;3;7;0.04747385;0;0;0;0.00000000;0.0000
2026-09-06;RL Position Model;SOL;5;6;0.04609553;0;1;1;0.02254777;4.5127
2026-09-06;Regime HMM Model;BTC;1;6;0.03366684;0;0;0;0.00000000;0.0000
2026-09-06;Regime HMM Model;ETH;0;6;0.03958857;0;0;0;0.00000000;0.0000
2026-09-06;Regime HMM Model;BNB;1;8;0.09502602;0;0;0;0.00000000;0.0000
2026-09-06;Regime HMM Model;XRP;0;7;0.04747385;0;0;0;0.00000000;0.0000
2026-09-06;Regime HMM Model;SOL;0;6;0.04609553;0;0;0;0.00000000;0.0000
2026-09-06;Regime HMM Single Model;BTC;1;6;0.03366684;0;0;0;0.00000000;0.0000
2026-09-06;Regime HMM Single Model;ETH;2;6;0.03958857;0;0;0;0.00000000;0.0000
2026-09-06;Regime HMM Single Model;BNB;1;8;0.09502602;0;0;0;0.00000000;0.0000
2026-09-06;Regime HMM Single Model;XRP;8;7;0.04747385;0;1;1;0.04647385;4.6570
2026-09-06;Regime HMM Single Model;SOL;0;6;0.04609553;0;0;0;0.00000000;0.0000
2026-09-06;Regime HMM ZeroMean Model;BTC;1;6;0.03366684;0;0;0;0.00000000;0.0000
2026-09-06;Regime HMM ZeroMean Model;ETH;0;6;0.03958857;0;0;0;0.00000000;0.0000
2026-09-06;Regime HMM ZeroMean Model;BNB;1;8;0.09502602;0;0;0;0.00000000;0.0000
2026-09-06;Regime HMM ZeroMean Model;XRP;8;7;0.04747385;0;1;1;0.04647385;4.6570
2026-09-06;Regime HMM ZeroMean Model;SOL;5;6;0.04609553;0;1;1;0.04509553;4.5127
2026-09-06;Transformer Model;BTC;2;6;0.03366684;0;0;0;0.00000000;0.0000
2026-09-06;Transformer Model;ETH;1;6;0.03958857;0;0;0;0.00000000;0.0000
2026-09-06;Transformer Model;BNB;5;8;0.09502602;0;0;1;0.09402602;9.7588
2026-09-06;Transformer Model;XRP;8;7;0.04747385;0;1;1;0.04647385;4.6570
2026-09-06;Transformer Model;SOL;6;6;0.04609553;1;1;1;0.04509553;4.5127
2026-09-06;WeightedEnsemble Model;BTC;1;6;0.03366684;0;0;0;0.00000000;0.0000
2026-09-06;WeightedEnsemble Model;ETH;5;6;0.03958857;0;1;1;0.03858857;3.8342
2026-09-06;WeightedEnsemble Model;BNB;4;8;0.09502602;0;0;0;0.00000000;0.0000
2026-09-06;WeightedEnsemble Model;XRP;3;7;0.04747385;0;0;0;0.00000000;0.0000
2026-09-06;WeightedEnsemble Model;SOL;5;6;0.04609553;0;1;1;0.04509553;4.5127
2026-09-06;XGBoost Model;BTC;1;6;0.03366684;0;0;0;0.00000000;0.0000
2026-09-06;XGBoost Model;ETH;6;6;0.03958857;1;1;1;0.03858857;3.8342
2026-09-06;XGBoost Model;BNB;4;8;0.09502602;0;0;0;0.00000000;0.0000
2026-09-06;XGBoost Model;XRP;7;7;0.04747385;1;1;1;0.04647385;4.6570
2026-09-06;XGBoost Model;SOL;1;6;0.04609553;0;0;0;0.00000000;0.0000
2026-09-13;Autoencoder Model;BTC;4;1;-0.04453891;0;0;1;0.00000000;0.0000
2026-09-13;Autoencoder Model;ETH;5;3;-0.01497750;0;0;0;-0.01597750;-1.6851
2026-09-13;Autoencoder Model;BNB;4;2;-0.04981260;0;0;1;0.00000000;0.0000
2026-09-13;Autoencoder Model;XRP;3;2;-0.05955389;0;1;1;0.00000000;0.0000
2026-09-13;Autoencoder Model;SOL;3;2;-0.07046879;0;1;1;0.00000000;0.0000
2026-09-13;CatBoost Model;BTC;0;1;-0.04453891;0;1;1;0.00000000;0.0000
2026-09-13;CatBoost Model;ETH;5;3;-0.01497750;0;0;0;-0.01597750;-1.6851
2026-09-13;CatBoost Model;BNB;4;2;-0.04981260;0;0;1;0.00000000;0.0000
2026-09-13;CatBoost Model;XRP;0;2;-0.05955389;0;0;1;0.00000000;0.0000
2026-09-13;CatBoost Model;SOL;6;2;-0.07046879;0;0;0;-0.07146879;-6.9975
2026-09-13;GARCH Model;BTC;1;1;-0.04453891;1;1;1;0.00000000;0.0000
2026-09-13;GARCH Model;ETH;2;3;-0.01497750;0;1;1;0.00000000;0.0000
2026-09-13;GARCH Model;BNB;5;2;-0.04981260;0;0;0;-0.05081260;-5.0544
2026-09-13;GARCH Model;XRP;0;2;-0.05955389;0;0;1;0.00000000;0.0000
2026-09-13;GARCH Model;SOL;5;2;-0.07046879;0;0;0;-0.07146879;-6.9975
2026-09-13;GNN Model;BTC;4;1;-0.04453891;0;0;1;0.00000000;0.0000
2026-09-13;GNN Model;ETH;5;3;-0.01497750;0;0;0;-0.01597750;-1.6851
2026-09-13;GNN Model;BNB;4;2;-0.04981260;0;0;1;0.00000000;0.0000
2026-09-13;GNN Model;XRP;3;2;-0.05955389;0;1;1;0.00000000;0.0000
2026-09-13;GNN Model;SOL;5;2;-0.07046879;0;0;0;-0.07146879;-6.9975
2026-09-13;LaplaceMonteCarlo Model;BTC;5;1;-0.04453891;0;0;0;-0.04553891;-4.5518
2026-09-13;LaplaceMonteCarlo Model;ETH;5;3;-0.01497750;0;0;0;-0.01597750;-1.6851
2026-09-13;LaplaceMonteCarlo Model;BNB;4;2;-0.04981260;0;0;1;0.00000000;0.0000
2026-09-13;LaplaceMonteCarlo Model;XRP;5;2;-0.05955389;0;0;0;-0.06055389;-5.9757
2026-09-13;LaplaceMonteCarlo Model;SOL;3;2;-0.07046879;0;1;1;0.00000000;0.0000
2026-09-13;LightGBM Model;BTC;0;1;-0.04453891;0;1;1;0.00000000;0.0000
2026-09-13;LightGBM Model;ETH;1;3;-0.01497750;0;0;1;0.00000000;0.0000
2026-09-13;LightGBM Model;BNB;6;2;-0.04981260;0;0;0;-0.05081260;-5.0544
2026-09-13;LightGBM Model;XRP;3;2;-0.05955389;0;1;1;0.00000000;0.0000
2026-09-13;LightGBM Model;SOL;5;2;-0.07046879;0;0;0;-0.07146879;-6.9975
2026-09-13;Markov Model;BTC;4;1;-0.04453891;0;0;1;0.00000000;0.0000
2026-09-13;Markov Model;ETH;5;3;-0.01497750;0;0;0;-0.01597750;-1.6851
2026-09-13;Markov Model;BNB;4;2;-0.04981260;0;0;1;0.00000000;0.0000
2026-09-13;Markov Model;XRP;3;2;-0.05955389;0;1;1;0.00000000;0.0000
2026-09-13;Markov Model;SOL;4;2;-0.07046879;0;0;1;0.00000000;0.0000
2026-09-13;MarkovMonteCarlo Model;BTC;4;1;-0.04453891;0;0;1;0.00000000;0.0000
2026-09-13;MarkovMonteCarlo Model;ETH;5;3;-0.01497750;0;0;0;-0.01597750;-1.6851
2026-09-13;MarkovMonteCarlo Model;BNB;4;2;-0.04981260;0;0;1;0.00000000;0.0000
2026-09-13;MarkovMonteCarlo Model;XRP;3;2;-0.05955389;0;1;1;0.00000000;0.0000
2026-09-13;MarkovMonteCarlo Model;SOL;5;2;-0.07046879;0;0;0;-0.07146879;-6.9975
2026-09-13;OrderStatistics Baseline;BTC;4;1;-0.04453891;0;0;1;0.00000000;0.0000
2026-09-13;OrderStatistics Baseline;ETH;5;3;-0.01497750;0;0;0;-0.01597750;-1.6851
2026-09-13;OrderStatistics Baseline;BNB;3;2;-0.04981260;0;1;1;0.00000000;0.0000
2026-09-13;OrderStatistics Baseline;XRP;6;2;-0.05955389;0;0;0;-0.06055389;-5.9757
2026-09-13;OrderStatistics Baseline;SOL;7;2;-0.07046879;0;0;0;-0.07146879;-6.9975
2026-09-13;PoissonMonteCarlo Model;BTC;1;1;-0.04453891;1;1;1;0.00000000;0.0000
2026-09-13;PoissonMonteCarlo Model;ETH;1;3;-0.01497750;0;0;1;0.00000000;0.0000
2026-09-13;PoissonMonteCarlo Model;BNB;5;2;-0.04981260;0;0;0;-0.05081260;-5.0544
2026-09-13;PoissonMonteCarlo Model;XRP;3;2;-0.05955389;0;1;1;0.00000000;0.0000
2026-09-13;PoissonMonteCarlo Model;SOL;5;2;-0.07046879;0;0;0;-0.07146879;-6.9975
2026-09-13;RL Position Model;BTC;1;1;-0.04453891;1;1;1;0.00000000;0.0000
2026-09-13;RL Position Model;ETH;5;3;-0.01497750;0;0;0;0.00000000;-1.6851
2026-09-13;RL Position Model;BNB;4;2;-0.04981260;0;0;1;0.00000000;0.0000
2026-09-13;RL Position Model;XRP;3;2;-0.05955389;0;1;1;0.00000000;0.0000
2026-09-13;RL Position Model;SOL;5;2;-0.07046879;0;0;0;-0.03573439;-6.9975
2026-09-13;Regime HMM Model;BTC;1;1;-0.04453891;1;1;1;0.00000000;0.0000
2026-09-13;Regime HMM Model;ETH;0;3;-0.01497750;0;0;1;0.00000000;0.0000
2026-09-13;Regime HMM Model;BNB;1;2;-0.04981260;0;1;1;0.00000000;0.0000
2026-09-13;Regime HMM Model;XRP;0;2;-0.05955389;0;0;1;0.00000000;0.0000
2026-09-13;Regime HMM Model;SOL;0;2;-0.07046879;0;0;1;0.00000000;0.0000
2026-09-13;Regime HMM Single Model;BTC;1;1;-0.04453891;1;1;1;0.00000000;0.0000
2026-09-13;Regime HMM Single Model;ETH;2;3;-0.01497750;0;1;1;0.00000000;0.0000
2026-09-13;Regime HMM Single Model;BNB;1;2;-0.04981260;0;1;1;0.00000000;0.0000
2026-09-13;Regime HMM Single Model;XRP;8;2;-0.05955389;0;0;0;-0.06055389;-5.9757
2026-09-13;Regime HMM Single Model;SOL;0;2;-0.07046879;0;0;1;0.00000000;0.0000
2026-09-13;Regime HMM ZeroMean Model;BTC;1;1;-0.04453891;1;1;1;0.00000000;0.0000
2026-09-13;Regime HMM ZeroMean Model;ETH;0;3;-0.01497750;0;0;1;0.00000000;0.0000
2026-09-13;Regime HMM ZeroMean Model;BNB;1;2;-0.04981260;0;1;1;0.00000000;0.0000
2026-09-13;Regime HMM ZeroMean Model;XRP;0;2;-0.05955389;0;0;1;0.00000000;0.0000
2026-09-13;Regime HMM ZeroMean Model;SOL;5;2;-0.07046879;0;0;0;-0.07146879;-6.9975
2026-09-13;Transformer Model;BTC;2;1;-0.04453891;0;1;1;0.00000000;0.0000
2026-09-13;Transformer Model;ETH;3;3;-0.01497750;1;1;1;0.00000000;0.0000
2026-09-13;Transformer Model;BNB;4;2;-0.04981260;0;0;1;0.00000000;0.0000
2026-09-13;Transformer Model;XRP;3;2;-0.05955389;0;1;1;0.00000000;0.0000
2026-09-13;Transformer Model;SOL;2;2;-0.07046879;1;1;1;0.00000000;0.0000
2026-09-13;WeightedEnsemble Model;BTC;0;1;-0.04453891;0;1;1;0.00000000;0.0000
2026-09-13;WeightedEnsemble Model;ETH;5;3;-0.01497750;0;0;0;-0.01597750;-1.6851
2026-09-13;WeightedEnsemble Model;BNB;4;2;-0.04981260;0;0;1;0.00000000;0.0000
2026-09-13;WeightedEnsemble Model;XRP;3;2;-0.05955389;0;1;1;0.00000000;0.0000
2026-09-13;WeightedEnsemble Model;SOL;5;2;-0.07046879;0;0;0;-0.07146879;-6.9975
2026-09-13;XGBoost Model;BTC;0;1;-0.04453891;0;1;1;0.00000000;0.0000
2026-09-13;XGBoost Model;ETH;1;3;-0.01497750;0;0;1;0.00000000;0.0000
2026-09-13;XGBoost Model;BNB;4;2;-0.04981260;0;0;1;0.00000000;0.0000
2026-09-13;XGBoost Model;XRP;2;2;-0.05955389;1;1;1;0.00000000;0.0000
2026-09-13;XGBoost Model;SOL;6;2;-0.07046879;0;0;0;-0.07146879;-6.9975
2026-09-20;Autoencoder Model;BTC;4;7;0.05489278;0;0;0;0.00000000;0.0000
2026-09-20;Autoencoder Model;ETH;5;7;0.06566194;0;0;1;0.06466194;6.5798
2026-09-20;Autoencoder Model;BNB;4;8;0.07545705;0;0;0;0.00000000;0.0000
2026-09-20;Autoencoder Model;XRP;3;7;0.05037952;0;0;0;0.00000000;0.0000
2026-09-20;Autoencoder Model;SOL;5;7;0.11291499;0;0;1;0.11191499;11.7417
2026-09-20;CatBoost Model;BTC;3;7;0.05489278;0;0;0;0.00000000;0.0000
2026-09-20;CatBoost Model;ETH;4;7;0.06566194;0;0;0;0.00000000;0.0000
2026-09-20;CatBoost Model;BNB;7;8;0.07545705;0;1;1;0.07445705;7.6299
2026-09-20;CatBoost Model;XRP;9;7;0.05037952;0;0;1;0.04937952;4.9618
2026-09-20;CatBoost Model;SOL;1;7;0.11291499;0;0;0;0.00000000;0.0000
2026-09-20;GARCH Model;BTC;1;7;0.05489278;0;0;0;0.00000000;0.0000
2026-09-20;GARCH Model;ETH;2;7;0.06566194;0;0;0;0.00000000;0.0000
2026-09-20;GARCH Model;BNB;6;8;0.07545705;0;0;1;0.07445705;7.6299
2026-09-20;GARCH Model;XRP;0;7;0.05037952;0;0;0;0.00000000;0.0000
2026-09-20;GARCH Model;SOL;5;7;0.11291499;0;0;1;0.11191499;11.7417
2026-09-20;GNN Model;BTC;4;7;0.05489278;0;0;0;0.00000000;0.0000
2026-09-20;GNN Model;ETH;5;7;0.06566194;0;0;1;0.06466194;6.5798
2026-09-20;GNN Model;BNB;4;8;0.07545705;0;0;0;0.00000000;0.0000
2026-09-20;GNN Model;XRP;3;7;0.05037952;0;0;0;0.00000000;0.0000
2026-09-20;GNN Model;SOL;5;7;0.11291499;0;0;1;0.11191499;11.7417
2026-09-20;LaplaceMonteCarlo Model;BTC;3;7;0.05489278;0;0;0;0.00000000;0.0000
2026-09-20;LaplaceMonteCarlo Model;ETH;5;7;0.06566194;0;0;1;0.06466194;6.5798
2026-09-20;LaplaceMonteCarlo Model;BNB;4;8;0.07545705;0;0;0;0.00000000;0.0000
2026-09-20;LaplaceMonteCarlo Model;XRP;4;7;0.05037952;0;0;0;0.00000000;0.0000
2026-09-20;LaplaceMonteCarlo Model;SOL;3;7;0.11291499;0;0;0;0.00000000;0.0000
2026-09-20;LightGBM Model;BTC;1;7;0.05489278;0;0;0;0.00000000;0.0000
2026-09-20;LightGBM Model;ETH;8;7;0.06566194;0;1;1;0.06466194;6.5798
2026-09-20;LightGBM Model;BNB;4;8;0.07545705;0;0;0;0.00000000;0.0000
2026-09-20;LightGBM Model;XRP;6;7;0.05037952;0;1;1;0.04937952;4.9618
2026-09-20;LightGBM Model;SOL;3;7;0.11291499;0;0;0;0.00000000;0.0000
2026-09-20;Markov Model;BTC;4;7;0.05489278;0;0;0;0.00000000;0.0000
2026-09-20;Markov Model;ETH;5;7;0.06566194;0;0;1;0.06466194;6.5798
2026-09-20;Markov Model;BNB;4;8;0.07545705;0;0;0;0.00000000;0.0000
2026-09-20;Markov Model;XRP;3;7;0.05037952;0;0;0;0.00000000;0.0000
2026-09-20;Markov Model;SOL;5;7;0.11291499;0;0;1;0.11191499;11.7417
2026-09-20;MarkovMonteCarlo Model;BTC;4;7;0.05489278;0;0;0;0.00000000;0.0000
2026-09-20;MarkovMonteCarlo Model;ETH;5;7;0.06566194;0;0;1;0.06466194;6.5798
2026-09-20;MarkovMonteCarlo Model;BNB;4;8;0.07545705;0;0;0;0.00000000;0.0000
2026-09-20;MarkovMonteCarlo Model;XRP;3;7;0.05037952;0;0;0;0.00000000;0.0000
2026-09-20;MarkovMonteCarlo Model;SOL;5;7;0.11291499;0;0;1;0.11191499;11.7417
2026-09-20;OrderStatistics Baseline;BTC;4;7;0.05489278;0;0;0;0.00000000;0.0000
2026-09-20;OrderStatistics Baseline;ETH;5;7;0.06566194;0;0;1;0.06466194;6.5798
2026-09-20;OrderStatistics Baseline;BNB;3;8;0.07545705;0;0;0;0.00000000;0.0000
2026-09-20;OrderStatistics Baseline;XRP;6;7;0.05037952;0;1;1;0.04937952;4.9618
2026-09-20;OrderStatistics Baseline;SOL;7;7;0.11291499;1;1;1;0.11191499;11.7417
2026-09-20;PoissonMonteCarlo Model;BTC;1;7;0.05489278;0;0;0;0.00000000;0.0000
2026-09-20;PoissonMonteCarlo Model;ETH;1;7;0.06566194;0;0;0;0.00000000;0.0000
2026-09-20;PoissonMonteCarlo Model;BNB;3;8;0.07545705;0;0;0;0.00000000;0.0000
2026-09-20;PoissonMonteCarlo Model;XRP;3;7;0.05037952;0;0;0;0.00000000;0.0000
2026-09-20;PoissonMonteCarlo Model;SOL;5;7;0.11291499;0;0;1;0.11191499;11.7417
2026-09-20;RL Position Model;BTC;1;7;0.05489278;0;0;0;0.00000000;0.0000
2026-09-20;RL Position Model;ETH;5;7;0.06566194;0;0;1;0.03233097;6.5798
2026-09-20;RL Position Model;BNB;4;8;0.07545705;0;0;0;0.00000000;0.0000
2026-09-20;RL Position Model;XRP;3;7;0.05037952;0;0;0;0.02468976;0.0000
2026-09-20;RL Position Model;SOL;5;7;0.11291499;0;0;1;0.00000000;11.7417
2026-09-20;Regime HMM Model;BTC;1;7;0.05489278;0;0;0;0.00000000;0.0000
2026-09-20;Regime HMM Model;ETH;0;7;0.06566194;0;0;0;0.00000000;0.0000
2026-09-20;Regime HMM Model;BNB;1;8;0.07545705;0;0;0;0.00000000;0.0000
2026-09-20;Regime HMM Model;XRP;9;7;0.05037952;0;0;1;0.04937952;4.9618
2026-09-20;Regime HMM Model;SOL;0;7;0.11291499;0;0;0;0.00000000;0.0000
2026-09-20;Regime HMM Single Model;BTC;1;7;0.05489278;0;0;0;0.00000000;0.0000
2026-09-20;Regime HMM Single Model;ETH;2;7;0.06566194;0;0;0;0.00000000;0.0000
2026-09-20;Regime HMM Single Model;BNB;1;8;0.07545705;0;0;0;0.00000000;0.0000
2026-09-20;Regime HMM Single Model;XRP;8;7;0.05037952;0;1;1;0.04937952;4.9618
2026-09-20;Regime HMM Single Model;SOL;0;7;0.11291499;0;0;0;0.00000000;0.0000
2026-09-20;Regime HMM ZeroMean Model;BTC;1;7;0.05489278;0;0;0;0.00000000;0.0000
2026-09-20;Regime HMM ZeroMean Model;ETH;0;7;0.06566194;0;0;0;0.00000000;0.0000
2026-09-20;Regime HMM ZeroMean Model;BNB;1;8;0.07545705;0;0;0;0.00000000;0.0000
2026-09-20;Regime HMM ZeroMean Model;XRP;0;7;0.05037952;0;0;0;0.00000000;0.0000
2026-09-20;Regime HMM ZeroMean Model;SOL;5;7;0.11291499;0;0;1;0.11191499;11.7417
2026-09-20;Transformer Model;BTC;2;7;0.05489278;0;0;0;0.00000000;0.0000
2026-09-20;Transformer Model;ETH;3;7;0.06566194;0;0;0;0.00000000;0.0000
2026-09-20;Transformer Model;BNB;4;8;0.07545705;0;0;0;0.00000000;0.0000
2026-09-20;Transformer Model;XRP;3;7;0.05037952;0;0;0;0.00000000;0.0000
2026-09-20;Transformer Model;SOL;2;7;0.11291499;0;0;0;0.00000000;0.0000
2026-09-20;WeightedEnsemble Model;BTC;1;7;0.05489278;0;0;0;0.00000000;0.0000
2026-09-20;WeightedEnsemble Model;ETH;5;7;0.06566194;0;0;1;0.06466194;6.5798
2026-09-20;WeightedEnsemble Model;BNB;4;8;0.07545705;0;0;0;0.00000000;0.0000
2026-09-20;WeightedEnsemble Model;XRP;3;7;0.05037952;0;0;0;0.00000000;0.0000
2026-09-20;WeightedEnsemble Model;SOL;3;7;0.11291499;0;0;0;0.00000000;0.0000
2026-09-20;XGBoost Model;BTC;1;7;0.05489278;0;0;0;0.00000000;0.0000
2026-09-20;XGBoost Model;ETH;8;7;0.06566194;0;1;1;0.06466194;6.5798
2026-09-20;XGBoost Model;BNB;4;8;0.07545705;0;0;0;0.00000000;0.0000
2026-09-20;XGBoost Model;XRP;6;7;0.05037952;0;1;1;0.04937952;4.9618
2026-09-20;XGBoost Model;SOL;3;7;0.11291499;0;0;0;0.00000000;0.0000
2026-09-27;Autoencoder Model;BTC;4;7;0.03977584;0;0;0;0.00000000;0.0000
2026-09-27;Autoencoder Model;ETH;5;5;0.01628875;1;1;1;0.01528875;1.4406
2026-09-27;Autoencoder Model;BNB;4;5;0.00817299;0;1;0;0.00000000;0.0000
2026-09-27;Autoencoder Model;XRP;3;8;0.07259267;0;0;0;0.00000000;0.0000
2026-09-27;Autoencoder Model;SOL;5;7;0.09287851;0;0;1;0.09187851;9.5231
2026-09-27;CatBoost Model;BTC;7;7;0.03977584;1;1;1;0.03877584;3.8537
2026-09-27;CatBoost Model;ETH;2;5;0.01628875;0;0;0;0.00000000;0.0000
2026-09-27;CatBoost Model;BNB;2;5;0.00817299;0;0;0;0.00000000;0.0000
2026-09-27;CatBoost Model;XRP;3;8;0.07259267;0;0;0;0.00000000;0.0000
2026-09-27;CatBoost Model;SOL;5;7;0.09287851;0;0;1;0.09187851;9.5231
2026-09-27;GARCH Model;BTC;7;7;0.03977584;1;1;1;0.03877584;3.8537
2026-09-27;GARCH Model;ETH;2;5;0.01628875;0;0;0;0.00000000;0.0000
2026-09-27;GARCH Model;BNB;5;5;0.00817299;1;1;1;0.00717299;0.6198
2026-09-27;GARCH Model;XRP;0;8;0.07259267;0;0;0;0.00000000;0.0000
2026-09-27;GARCH Model;SOL;5;7;0.09287851;0;0;1;0.09187851;9.5231
2026-09-27;GNN Model;BTC;4;7;0.03977584;0;0;0;0.00000000;0.0000
2026-09-27;GNN Model;ETH;5;5;0.01628875;1;1;1;0.01528875;1.4406
2026-09-27;GNN Model;BNB;4;5;0.00817299;0;1;0;0.00000000;0.0000
2026-09-27;GNN Model;XRP;3;8;0.07259267;0;0;0;0.00000000;0.0000
2026-09-27;GNN Model;SOL;5;7;0.09287851;0;0;1;0.09187851;9.5231
2026-09-27;LaplaceMonteCarlo Model;BTC;2;7;0.03977584;0;0;0;0.00000000;0.0000
2026-09-27;LaplaceMonteCarlo Model;ETH;3;5;0.01628875;0;0;0;0.00000000;0.0000
2026-09-27;LaplaceMonteCarlo Model;BNB;3;5;0.00817299;0;0;0;0.00000000;0.0000
2026-09-27;LaplaceMonteCarlo Model;XRP;3;8;0.07259267;0;0;0;0.00000000;0.0000
2026-09-27;LaplaceMonteCarlo Model;SOL;5;7;0.09287851;0;0;1;0.09187851;9.5231
2026-09-27;LightGBM Model;BTC;2;7;0.03977584;0;0;0;0.00000000;0.0000
2026-09-27;LightGBM Model;ETH;2;5;0.01628875;0;0;0;0.00000000;0.0000
2026-09-27;LightGBM Model;BNB;2;5;0.00817299;0;0;0;0.00000000;0.0000
2026-09-27;LightGBM Model;XRP;6;8;0.07259267;0;0;1;0.07159267;7.3217
2026-09-27;LightGBM Model;SOL;4;7;0.09287851;0;0;0;0.00000000;0.0000
2026-09-27;Markov Model;BTC;4;7;0.03977584;0;0;0;0.00000000;0.0000
2026-09-27;Markov Model;ETH;5;5;0.01628875;1;1;1;0.01528875;1.4406
2026-09-27;Markov Model;BNB;4;5;0.00817299;0;1;0;0.00000000;0.0000
2026-09-27;Markov Model;XRP;3;8;0.07259267;0;0;0;0.00000000;0.0000
2026-09-27;Markov Model;SOL;5;7;0.09287851;0;0;1;0.09187851;9.5231
2026-09-27;MarkovMonteCarlo Model;BTC;4;7;0.03977584;0;0;0;0.00000000;0.0000
2026-09-27;MarkovMonteCarlo Model;ETH;5;5;0.01628875;1;1;1;0.01528875;1.4406
2026-09-27;MarkovMonteCarlo Model;BNB;4;5;0.00817299;0;1;0;0.00000000;0.0000
2026-09-27;MarkovMonteCarlo Model;XRP;3;8;0.07259267;0;0;0;0.00000000;0.0000
2026-09-27;MarkovMonteCarlo Model;SOL;5;7;0.09287851;0;0;1;0.09187851;9.5231
2026-09-27;OrderStatistics Baseline;BTC;4;7;0.03977584;0;0;0;0.00000000;0.0000
2026-09-27;OrderStatistics Baseline;ETH;5;5;0.01628875;1;1;1;0.01528875;1.4406
2026-09-27;OrderStatistics Baseline;BNB;3;5;0.00817299;0;0;0;0.00000000;0.0000
2026-09-27;OrderStatistics Baseline;XRP;6;8;0.07259267;0;0;1;0.07159267;7.3217
2026-09-27;OrderStatistics Baseline;SOL;2;7;0.09287851;0;0;0;0.00000000;0.0000
2026-09-27;PoissonMonteCarlo Model;BTC;7;7;0.03977584;1;1;1;0.03877584;3.8537
2026-09-27;PoissonMonteCarlo Model;ETH;3;5;0.01628875;0;0;0;0.00000000;0.0000
2026-09-27;PoissonMonteCarlo Model;BNB;5;5;0.00817299;1;1;1;0.00717299;0.6198
2026-09-27;PoissonMonteCarlo Model;XRP;2;8;0.07259267;0;0;0;0.00000000;0.0000
2026-09-27;PoissonMonteCarlo Model;SOL;5;7;0.09287851;0;0;1;0.09187851;9.5231
2026-09-27;RL Position Model;BTC;2;7;0.03977584;0;0;0;0.00000000;0.0000
2026-09-27;RL Position Model;ETH;2;5;0.01628875;0;0;0;0.00000000;0.0000
2026-09-27;RL Position Model;BNB;4;5;0.00817299;0;1;0;0.00000000;0.0000
2026-09-27;RL Position Model;XRP;3;8;0.07259267;0;0;0;0.00000000;0.0000
2026-09-27;RL Position Model;SOL;5;7;0.09287851;0;0;1;0.04593926;9.5231
2026-09-27;Regime HMM Model;BTC;1;7;0.03977584;0;0;0;0.00000000;0.0000
2026-09-27;Regime HMM Model;ETH;0;5;0.01628875;0;0;0;0.00000000;0.0000
2026-09-27;Regime HMM Model;BNB;1;5;0.00817299;0;0;0;0.00000000;0.0000
2026-09-27;Regime HMM Model;XRP;0;8;0.07259267;0;0;0;0.00000000;0.0000
2026-09-27;Regime HMM Model;SOL;0;7;0.09287851;0;0;0;0.00000000;0.0000
2026-09-27;Regime HMM Single Model;BTC;1;7;0.03977584;0;0;0;0.00000000;0.0000
2026-09-27;Regime HMM Single Model;ETH;2;5;0.01628875;0;0;0;0.00000000;0.0000
2026-09-27;Regime HMM Single Model;BNB;1;5;0.00817299;0;0;0;0.00000000;0.0000
2026-09-27;Regime HMM Single Model;XRP;8;8;0.07259267;1;1;1;0.07159267;7.3217
2026-09-27;Regime HMM Single Model;SOL;0;7;0.09287851;0;0;0;0.00000000;0.0000
2026-09-27;Regime HMM ZeroMean Model;BTC;1;7;0.03977584;0;0;0;0.00000000;0.0000
2026-09-27;Regime HMM ZeroMean Model;ETH;2;5;0.01628875;0;0;0;0.00000000;0.0000
2026-09-27;Regime HMM ZeroMean Model;BNB;1;5;0.00817299;0;0;0;0.00000000;0.0000
2026-09-27;Regime HMM ZeroMean Model;XRP;8;8;0.07259267;1;1;1;0.07159267;7.3217
2026-09-27;Regime HMM ZeroMean Model;SOL;5;7;0.09287851;0;0;1;0.09187851;9.5231
2026-09-27;Transformer Model;BTC;2;7;0.03977584;0;0;0;0.00000000;0.0000
2026-09-27;Transformer Model;ETH;2;5;0.01628875;0;0;0;0.00000000;0.0000
2026-09-27;Transformer Model;BNB;4;5;0.00817299;0;1;0;0.00000000;0.0000
2026-09-27;Transformer Model;XRP;3;8;0.07259267;0;0;0;0.00000000;0.0000
2026-09-27;Transformer Model;SOL;2;7;0.09287851;0;0;0;0.00000000;0.0000
2026-09-27;WeightedEnsemble Model;BTC;2;7;0.03977584;0;0;0;0.00000000;0.0000
2026-09-27;WeightedEnsemble Model;ETH;2;5;0.01628875;0;0;0;0.00000000;0.0000
2026-09-27;WeightedEnsemble Model;BNB;2;5;0.00817299;0;0;0;0.00000000;0.0000
2026-09-27;WeightedEnsemble Model;XRP;3;8;0.07259267;0;0;0;0.00000000;0.0000
2026-09-27;WeightedEnsemble Model;SOL;5;7;0.09287851;0;0;1;0.09187851;9.5231
2026-09-27;XGBoost Model;BTC;2;7;0.03977584;0;0;0;0.00000000;0.0000
2026-09-27;XGBoost Model;ETH;2;5;0.01628875;0;0;0;0.00000000;0.0000
2026-09-27;XGBoost Model;BNB;8;5;0.00817299;0;0;1;0.00717299;0.6198
2026-09-27;XGBoost Model;XRP;6;8;0.07259267;0;0;1;0.07159267;7.3217
2026-09-27;XGBoost Model;SOL;4;7;0.09287851;0;0;0;0.00000000;0.0000
2026-10-04;Autoencoder Model;BTC;4;6;0.02407106;0;0;0;0.00000000;0.0000
2026-10-04;Autoencoder Model;ETH;5;5;0.01414089;1;1;1;0.01314089;1.2227
2026-10-04;Autoencoder Model;BNB;4;5;0.02100018;0;1;0;0.00000000;0.0000
2026-10-04;Autoencoder Model;XRP;3;5;0.00256807;0;0;0;0.00000000;0.0000
2026-10-04;Autoencoder Model;SOL;5;5;-0.00320210;1;1;0;-0.00420210;-0.5194
2026-10-04;CatBoost Model;BTC;1;6;0.02407106;0;0;0;0.00000000;0.0000
2026-10-04;CatBoost Model;ETH;4;5;0.01414089;0;1;0;0.00000000;0.0000
2026-10-04;CatBoost Model;BNB;4;5;0.02100018;0;1;0;0.00000000;0.0000
2026-10-04;CatBoost Model;XRP;2;5;0.00256807;0;0;0;0.00000000;0.0000
2026-10-04;CatBoost Model;SOL;1;5;-0.00320210;0;0;1;0.00000000;0.0000
2026-10-04;GARCH Model;BTC;1;6;0.02407106;0;0;0;0.00000000;0.0000
2026-10-04;GARCH Model;ETH;2;5;0.01414089;0;0;0;0.00000000;0.0000
2026-10-04;GARCH Model;BNB;5;5;0.02100018;1;1;1;0.02000018;1.9201
2026-10-04;GARCH Model;XRP;5;5;0.00256807;1;1;1;0.00156807;0.0569
2026-10-04;GARCH Model;SOL;5;5;-0.00320210;1;1;0;-0.00420210;-0.5194
2026-10-04;GNN Model;BTC;4;6;0.02407106;0;0;0;0.00000000;0.0000
2026-10-04;GNN Model;ETH;5;5;0.01414089;1;1;1;0.01314089;1.2227
2026-10-04;GNN Model;BNB;4;5;0.02100018;0;1;0;0.00000000;0.0000
2026-10-04;GNN Model;XRP;3;5;0.00256807;0;0;0;0.00000000;0.0000
2026-10-04;GNN Model;SOL;5;5;-0.00320210;1;1;0;-0.00420210;-0.5194
2026-10-04;LaplaceMonteCarlo Model;BTC;4;6;0.02407106;0;0;0;0.00000000;0.0000
2026-10-04;LaplaceMonteCarlo Model;ETH;4;5;0.01414089;0;1;0;0.00000000;0.0000
2026-10-04;LaplaceMonteCarlo Model;BNB;5;5;0.02100018;1;1;1;0.02000018;1.9201
2026-10-04;LaplaceMonteCarlo Model;XRP;5;5;0.00256807;1;1;1;0.00156807;0.0569
2026-10-04;LaplaceMonteCarlo Model;SOL;5;5;-0.00320210;1;1;0;-0.00420210;-0.5194
2026-10-04;LightGBM Model;BTC;1;6;0.02407106;0;0;0;0.00000000;0.0000
2026-10-04;LightGBM Model;ETH;5;5;0.01414089;1;1;1;0.01314089;1.2227
2026-10-04;LightGBM Model;BNB;7;5;0.02100018;0;0;1;0.02000018;1.9201
2026-10-04;LightGBM Model;XRP;2;5;0.00256807;0;0;0;0.00000000;0.0000
2026-10-04;LightGBM Model;SOL;1;5;-0.00320210;0;0;1;0.00000000;0.0000
2026-10-04;Markov Model;BTC;4;6;0.02407106;0;0;0;0.00000000;0.0000
2026-10-04;Markov Model;ETH;7;5;0.01414089;0;0;1;0.01314089;1.2227
2026-10-04;Markov Model;BNB;4;5;0.02100018;0;1;0;0.00000000;0.0000
2026-10-04;Markov Model;XRP;3;5;0.00256807;0;0;0;0.00000000;0.0000
2026-10-04;Markov Model;SOL;5;5;-0.00320210;1;1;0;-0.00420210;-0.5194
2026-10-04;MarkovMonteCarlo Model;BTC;4;6;0.02407106;0;0;0;0.00000000;0.0000
2026-10-04;MarkovMonteCarlo Model;ETH;5;5;0.01414089;1;1;1;0.01314089;1.2227
2026-10-04;MarkovMonteCarlo Model;BNB;4;5;0.02100018;0;1;0;0.00000000;0.0000
2026-10-04;MarkovMonteCarlo Model;XRP;3;5;0.00256807;0;0;0;0.00000000;0.0000
2026-10-04;MarkovMonteCarlo Model;SOL;5;5;-0.00320210;1;1;0;-0.00420210;-0.5194
2026-10-04;OrderStatistics Baseline;BTC;4;6;0.02407106;0;0;0;0.00000000;0.0000
2026-10-04;OrderStatistics Baseline;ETH;5;5;0.01414089;1;1;1;0.01314089;1.2227
2026-10-04;OrderStatistics Baseline;BNB;3;5;0.02100018;0;0;0;0.00000000;0.0000
2026-10-04;OrderStatistics Baseline;XRP;6;5;0.00256807;0;1;1;0.00156807;0.0569
2026-10-04;OrderStatistics Baseline;SOL;7;5;-0.00320210;0;0;0;-0.00420210;-0.5194
2026-10-04;PoissonMonteCarlo Model;BTC;1;6;0.02407106;0;0;0;0.00000000;0.0000
2026-10-04;PoissonMonteCarlo Model;ETH;1;5;0.01414089;0;0;0;0.00000000;0.0000
2026-10-04;PoissonMonteCarlo Model;BNB;4;5;0.02100018;0;1;0;0.00000000;0.0000
2026-10-04;PoissonMonteCarlo Model;XRP;3;5;0.00256807;0;0;0;0.00000000;0.0000
2026-10-04;PoissonMonteCarlo Model;SOL;4;5;-0.00320210;0;1;1;0.00000000;0.0000
2026-10-04;RL Position Model;BTC;1;6;0.02407106;0;0;0;0.00000000;0.0000
2026-10-04;RL Position Model;ETH;5;5;0.01414089;1;1;1;0.00657045;1.2227
2026-10-04;RL Position Model;BNB;4;5;0.02100018;0;1;0;0.01000009;0.0000
2026-10-04;RL Position Model;XRP;3;5;0.00256807;0;0;0;0.00078404;0.0000
2026-10-04;RL Position Model;SOL;5;5;-0.00320210;1;1;0;0.00000000;-0.5194
2026-10-04;Regime HMM Model;BTC;1;6;0.02407106;0;0;0;0.00000000;0.0000
2026-10-04;Regime HMM Model;ETH;2;5;0.01414089;0;0;0;0.00000000;0.0000
2026-10-04;Regime HMM Model;BNB;6;5;0.02100018;0;1;1;0.02000018;1.9201
2026-10-04;Regime HMM Model;XRP;8;5;0.00256807;0;0;1;0.00156807;0.0569
2026-10-04;Regime HMM Model;SOL;5;5;-0.00320210;1;1;0;-0.00420210;-0.5194
2026-10-04;Regime HMM Single Model;BTC;1;6;0.02407106;0;0;0;0.00000000;0.0000
2026-10-04;Regime HMM Single Model;ETH;2;5;0.01414089;0;0;0;0.00000000;0.0000
2026-10-04;Regime HMM Single Model;BNB;7;5;0.02100018;0;0;1;0.02000018;1.9201
2026-10-04;Regime HMM Single Model;XRP;8;5;0.00256807;0;0;1;0.00156807;0.0569
2026-10-04;Regime HMM Single Model;SOL;0;5;-0.00320210;0;0;1;0.00000000;0.0000
2026-10-04;Regime HMM ZeroMean Model;BTC;1;6;0.02407106;0;0;0;0.00000000;0.0000
2026-10-04;Regime HMM ZeroMean Model;ETH;0;5;0.01414089;0;0;0;0.00000000;0.0000
2026-10-04;Regime HMM ZeroMean Model;BNB;1;5;0.02100018;0;0;0;0.00000000;0.0000
2026-10-04;Regime HMM ZeroMean Model;XRP;8;5;0.00256807;0;0;1;0.00156807;0.0569
2026-10-04;Regime HMM ZeroMean Model;SOL;5;5;-0.00320210;1;1;0;-0.00420210;-0.5194
2026-10-04;Transformer Model;BTC;8;6;0.02407106;0;0;1;0.02307106;2.2339
2026-10-04;Transformer Model;ETH;2;5;0.01414089;0;0;0;0.00000000;0.0000
2026-10-04;Transformer Model;BNB;4;5;0.02100018;0;1;0;0.00000000;0.0000
2026-10-04;Transformer Model;XRP;3;5;0.00256807;0;0;0;0.00000000;0.0000
2026-10-04;Transformer Model;SOL;2;5;-0.00320210;0;0;1;0.00000000;0.0000
2026-10-04;WeightedEnsemble Model;BTC;1;6;0.02407106;0;0;0;0.00000000;0.0000
2026-10-04;WeightedEnsemble Model;ETH;5;5;0.01414089;1;1;1;0.01314089;1.2227
2026-10-04;WeightedEnsemble Model;BNB;4;5;0.02100018;0;1;0;0.00000000;0.0000
2026-10-04;WeightedEnsemble Model;XRP;2;5;0.00256807;0;0;0;0.00000000;0.0000
2026-10-04;WeightedEnsemble Model;SOL;1;5;-0.00320210;0;0;1;0.00000000;0.0000
2026-10-04;XGBoost Model;BTC;1;6;0.02407106;0;0;0;0.00000000;0.0000
2026-10-04;XGBoost Model;ETH;5;5;0.01414089;1;1;1;0.01314089;1.2227
2026-10-04;XGBoost Model;BNB;4;5;0.02100018;0;1;0;0.00000000;0.0000
2026-10-04;XGBoost Model;XRP;2;5;0.00256807;0;0;0;0.00000000;0.0000
2026-10-04;XGBoost Model;SOL;1;5;-0.00320210;0;0;1;0.00000000;0.0000
