{"currentPredictionRaw": [], "currentPrediction": [], "realResult": [], "newPrediction": [[3, 6, 9, 14, 23, 37, 1], [2, 3, 12, 13, 22, 38, 2], [1, 5, 11, 12, 25, 35, 5], [4, 2, 13, 15, 21, 39, 3], [5, 4, 10, 9, 24, 40, 4], [6, 1, 14, 16, 20, 34, 40], [7, 7, 8, 11, 27, 33, 39], [8, 8, 7, 18, 26, 32, 6], [10, 10, 6, 10, 19, 36, 35], [9, 9, 15, 17, 18, 5, 37]], "newPredictionRaw": [[0.19345179200172424, 0.2154620885848999, 0.259986013174057, 0.16732369363307953, 0.15925391018390656, 0.004508958663791418, 1.352478466287721e-05, 4.428595712369088e-09, 2.43884940021033e-10, 2.61177662830292e-10, 8.668383393896362e-14, 1.5900108107317484e-13, 4.85986805201402e-15, 4.7263598041287605e-17, 6.0048101233490725e-19, 1.794082460718216e-12, 6.841934992527491e-24, 6.993293734412246e-24, 4.4669489360715886e-24, 1.4218629868715315e-25, 4.751011626859704e-19, 2.6402335947440257e-19, 2.511752212657608e-23, 2.768722750076477e-21, 2.676722961406789e-18, 4.5930223982473856e-23, 3.8853472117894706e-19, 4.684580687242085e-21, 1.1149008095713021e-18, 1.9192391397014076e-18, 1.5022896271079218e-19, 1.6368041511684948e-17, 2.2355306720651465e-18, 1.434907892490022e-17, 4.1009182197633716e-16, 1.6011392871210513e-18, 6.940303154973223e-16, 6.447144955911804e-17, 3.169954099560557e-12, 3.1668678096563596e-11, 3.650540224384331e-14, 1.1087750048611664e-13, 1.1666053323020065e-13, 2.1876089535775162e-14, 1.2532228537255954e-14, 3.111801723416907e-13, 5.816489274951134e-15, 2.0483572452686775e-14, 1.2819271062421492e-14, 3.877613155697443e-14], [0.054657671600580215, 0.17336000502109528, 0.2086619734764099, 0.13093221187591553, 0.20863023400306702, 0.21609987318515778, 0.007618160452693701, 3.8823516661068425e-05, 2.9601805451306973e-09, 9.910944527291576e-07, 1.4038019011120006e-11, 1.1045837855494511e-11, 1.5249199794472581e-15, 4.2563303029132635e-17, 5.314788108637356e-21, 2.017181011798857e-14, 6.953877611148109e-29, 3.8502871262336365e-28, 4.284255235413711e-30, 3.5680376593891935e-32, 4.625557947543323e-27, 1.7859314485760541e-28, 1.3309973246578207e-31, 3.0163053386732605e-30, 4.87197721725377e-27, 2.4077433321438013e-32, 1.8014569717108673e-28, 1.604852361118324e-31, 2.412382051964293e-28, 3.3212970039748984e-27, 1.5860772242876684e-30, 1.2833795488881913e-26, 5.121505130487452e-29, 1.2117597801939693e-27, 9.265159776241117e-27, 6.633287914458518e-28, 6.466421492216919e-27, 3.3159149927453083e-28, 2.120554442616938e-21, 2.9753628472395585e-20, 3.1231307796069435e-19, 6.767035990560462e-20, 5.834128124791232e-20, 4.980454872078563e-21, 9.554665512578422e-21, 2.7879733771211898e-18, 2.1977887972430258e-21, 8.13422030182728e-21, 3.0215954580153104e-20, 2.3679994078648745e-19], [6.609042770833184e-07, 7.251674674080277e-07, 2.7183211841474986e-06, 1.206214506055403e-06, 6.8143222051730845e-06, 8.23837035568431e-05, 0.008504685014486313, 0.025624224916100502, 0.2977750897407532, 0.06989022344350815, 0.19989140331745148, 0.23835836350917816, 0.11651158332824707, 0.043274812400341034, 5.2618474001064897e-05, 2.2450032702181488e-05, 2.398756471233554e-10, 8.16988521279427e-09, 3.3526727401256284e-12, 7.47511522624332e-14, 8.699728163099884e-18, 5.09994536055601e-19, 4.79161616537113e-18, 5.708400290598352e-19, 6.663068874290196e-17, 6.957713425459701e-23, 5.800614385285763e-20, 1.1575764644735758e-24, 4.825514912309966e-25, 1.359831806532215e-19, 6.2514430288485935e-27, 3.1361247328595467e-22, 1.4941557101550614e-26, 7.69498905948041e-25, 2.548800340305356e-26, 5.342770002065729e-23, 2.719639262687446e-26, 4.8641548601916465e-27, 2.6802795655114125e-23, 3.093265604334527e-24, 1.926940894307797e-17, 5.434398780641693e-18, 1.7736987375152032e-17, 2.558502204863134e-19, 1.2780779018290253e-18, 2.1689491261224363e-17, 4.711894772679954e-19, 1.0681348094721213e-18, 2.480459389109496e-17, 4.914050724711738e-17], [8.617649882580736e-08, 1.1729959226158826e-08, 1.186153610888141e-07, 5.344644193883141e-08, 9.714759130474704e-08, 6.969374766185865e-08, 2.6414987587486394e-05, 4.556550629786216e-05, 0.06857622414827347, 0.0017481510294601321, 0.0216390248388052, 0.09838133305311203, 0.3341042399406433, 0.3365655541419983, 0.07251487672328949, 0.06398071348667145, 7.851022382965311e-05, 0.0023308545351028442, 7.862107850087341e-06, 2.440909554479731e-07, 5.505105815650779e-10, 2.0005053169569464e-11, 2.518728281497573e-11, 6.396679518537451e-13, 3.7644812267423333e-10, 1.2977095323351596e-16, 2.1514391220704525e-14, 1.482373315156147e-19, 8.988673438839157e-22, 3.2566237829671036e-15, 3.162887627930075e-23, 2.6998806839864296e-20, 1.4250971440196147e-24, 4.7886747333272146e-23, 1.1697914825528574e-24, 4.2560074258858505e-20, 1.4187939481716725e-24, 3.2422284277387067e-25, 7.90348002690662e-22, 9.797534113709183e-24, 5.514841466555209e-16, 1.786852133482103e-16, 2.0984985834852135e-16, 3.798583441177444e-17, 6.470044623989722e-17, 2.8755273016736e-16, 4.01043597658085e-17, 7.706939705341085e-17, 4.804152765842474e-16, 1.1642365157265504e-15], [2.9492567784651647e-13, 7.072865399405297e-16, 8.853754860337071e-14, 9.942210493470507e-14, 1.4461024202107667e-14, 1.5615901729101057e-20, 1.2839038382808129e-17, 2.2697201147334945e-18, 7.638327633157499e-14, 1.1031782251330629e-16, 1.989242477066621e-14, 2.800034943489793e-12, 7.423077708068604e-09, 9.42794855518514e-08, 3.251443922636099e-05, 1.8810305846272968e-05, 3.1723040592623875e-05, 0.00014795408060308546, 0.0004448222753126174, 0.006759668700397015, 0.09554612636566162, 0.2775343656539917, 0.3578670024871826, 0.06393436342477798, 0.19068920612335205, 0.0034908775705844164, 0.003491729963570833, 1.6680071439623134e-06, 5.112563150611038e-10, 9.006796972244047e-06, 1.985288322625678e-11, 6.055199744392503e-13, 1.0356923838380138e-15, 1.4114608690746103e-15, 8.949222379458129e-18, 3.3688787436786383e-12, 2.895839548795452e-17, 3.4742149244019464e-19, 1.707752664030799e-20, 6.955195381450236e-23, 1.1270749436341279e-17, 4.43465224500622e-17, 2.620276569996477e-18, 7.12525935027665e-18, 3.98637114189209e-18, 1.3790410858554102e-18, 6.874497066039363e-18, 1.3575063691857813e-17, 1.66541725499899e-16, 4.893339941970758e-19], [9.002890874398872e-05, 7.931245636427775e-05, 0.00017886229034047574, 0.00020606073667295277, 0.0002628664078656584, 3.7582805547559e-17, 2.1450584956706797e-17, 1.8529439449459525e-21, 3.895886591392647e-20, 2.1564336036348174e-21, 1.839618784213998e-21, 3.6063749420991235e-22, 4.455736747947952e-17, 1.9188563154248186e-22, 7.020246113872209e-23, 4.0633038781132866e-22, 5.386443886543967e-33, 4.0747776131525445e-28, 1.3339743111210522e-28, 1.8491351241248756e-24, 9.485188101661452e-17, 3.4440304774729924e-11, 5.981537964591666e-13, 5.039103356807573e-09, 1.7432697063668456e-08, 7.042284116964836e-11, 1.8507736285755527e-06, 1.3105676544000744e-06, 7.937567715998739e-06, 4.343005639384501e-05, 3.9949252823134884e-05, 0.0017250424716621637, 0.004763363394886255, 0.02057000808417797, 0.12157950550317764, 0.0009330931352451444, 0.40312182903289795, 0.3458114564418793, 0.06308598816394806, 0.03749799728393555, 4.4992446217534485e-15, 5.3275484718229293e-11, 6.932336649168036e-11, 1.524757560879622e-13, 3.1530604949897567e-12, 2.3538635640250535e-14, 4.9195629530816506e-14, 1.3115900306484053e-14, 4.633777736517963e-11, 1.8797697366778124e-14], [0.21835948526859283, 0.21760153770446777, 0.19947494566440582, 0.15720009803771973, 0.20736336708068848, 1.0808296480036006e-09, 7.825360368376999e-13, 1.1254249664662683e-17, 6.364712271967832e-18, 1.087437586053929e-18, 1.0459873562646323e-23, 2.4302499438294318e-23, 9.235072186209895e-23, 1.1099595529725321e-27, 1.337667893272172e-26, 4.3164501207058626e-17, 2.3488707455144313e-34, 8.222615310096549e-32, 1.9422775443241214e-31, 9.601555994698702e-32, 4.199989046158807e-17, 1.093922044961837e-14, 2.4469386118237444e-23, 1.6213903228775745e-18, 6.779325093918959e-14, 2.4355715982338753e-20, 1.711383483115215e-14, 8.717079169803246e-16, 2.0073771136541567e-14, 1.8741682739163018e-13, 