{"currentPredictionRaw": [], "currentPrediction": [{"name": "MarkovBayesian Model", "predictions": [[4, 6, 7, 8, 9, 10, 11, 13, 14, 16, 18, 19, 21, 22, 26, 31, 32, 33, 34, 40], [14, 21, 40, 45, 50], [8, 14, 21, 40, 45, 50], [4, 8, 14, 21, 40, 45, 50], [4, 8, 14, 21, 22, 40, 45, 50], [4, 8, 14, 21, 22, 40, 45, 50, 51], [4, 8, 14, 21, 22, 40, 45, 50, 51, 57]]}, {"name": "PoissonMonteCarlo Model", "predictions": [[1, 3, 9, 11, 16, 17, 21, 28, 34, 35, 37, 42, 47, 48, 50, 56, 58, 62, 66, 70], [3, 11, 47, 48, 50], [1, 9, 17, 34, 48, 50], [11, 17, 21, 35, 37, 48, 56], [9, 16, 17, 28, 47, 48, 62, 66], [3, 11, 17, 21, 34, 48, 50, 58, 62], [3, 9, 11, 17, 21, 34, 35, 48, 50, 56]]}], "realResult": [1, 3, 10, 14, 16, 18, 19, 20, 29, 30, 33, 48, 51, 54, 56, 58, 59, 60, 61, 64], "newPrediction": [{"name": "MarkovBayesian Model", "predictions": [[1, 3, 9, 10, 13, 14, 16, 18, 19, 20, 23, 25, 28, 29, 30, 33, 35, 36, 45, 47], [14, 45, 50, 56, 70], [14, 36, 45, 50, 56, 70], [14, 35, 36, 45, 50, 56, 70], [14, 35, 36, 45, 48, 50, 56, 70], [14, 29, 35, 36, 45, 48, 50, 56, 70], [14, 20, 29, 35, 36, 45, 48, 50, 56, 70]]}, {"name": "PoissonMonteCarlo Model", "predictions": [[1, 5, 8, 11, 15, 17, 24, 27, 28, 32, 34, 38, 45, 46, 50, 54, 60, 63, 66, 70], [8, 11, 17, 34, 60], [5, 8, 15, 28, 32, 45], [15, 17, 32, 34, 46, 54, 60], [1, 5, 15, 17, 27, 34, 38, 46], [17, 27, 28, 34, 38, 45, 50, 60, 70], [1, 8, 15, 24, 27, 28, 38, 50, 54, 70]]}], "newPredictionRaw": [], "matchingNumbers": {"model": "MarkovBayesian Model", "prediction": [4, 6, 7, 8, 9, 10, 11, 13, 14, 16, 18, 19, 21, 22, 26, 31, 32, 33, 34, 40], "matching_numbers": [33, 10, 14, 16, 18, 19], "match_count": 6}, "labels": [], "numberFrequency": {"1": 0.014402504783440599, "5": 0.014385110453991998, "6": 0.014593842407375195, "8": 0.014019829535571404, "11": 0.014385110453991998, "16": 0.0143764132892677, "17": 0.014028526700295703, "26": 0.014811271525482693, "27": 0.013819794746912507, "32": 0.014724299878239694, "35": 0.014045921029744304, "37": 0.0143764132892677, "43": 0.014115498347538702, "44": 0.014228561488954601, "49": 0.0143068359714733, "52": 0.014150287006435901, "56": 0.014002435206122803, "57": 0.014167681335884502, "59": 0.014385110453991998, "66": 0.014367716124543399, "7": 0.014350321795094798, "9": 0.014254652983127501, "10": 0.014559053748477995, "15": 0.014576448077926596, "20": 0.014132892676987302, "24": 0.0143329274656462, "30": 0.0143155331361976, "31": 0.014359018959819099, "34": 0.014576448077926596, "50": 0.013932857888328406, "54": 0.014402504783440599, "58": 0.014219864324230301, "67": 0.014498173595407896, "69": 0.014854757349104191, "70": 0.013950252217777005, "2": 0.014141589841711603, "3": 0.014567750913202296, "25": 0.014150287006435901, "38": 0.013724125934945208, "39": 0.014202469994781702, "40": 0.013741520264393807, "42": 0.014715602713515394, "55": 0.014454687771786398, "62": 0.014402504783440599, "4": 0.014045921029744304, "28": 0.014515567924856497, "36": 0.014011132370847104, "41": 0.014124195512263002, "51": 0.014167681335884502, "60": 0.014776482866585493, "64": 0.014185075665333101, "12": 0.014080709688641503, "13": 0.014393807618716298, "23": 0.014454687771786398, "47": 0.014385110453991998, "48": 0.014072012523917203, "61": 0.014350321795094798, "14": 0.013880674899982605, "29": 0.014124195512263002, "53": 0.013776308923291007, "19": 0.014324230300921899, "65": 0.014524265089580797, "22": 0.014072012523917203, "33": 0.014228561488954601, "68": 0.014637328230996696, "18": 0.014515567924856497, "46": 0.0142894416420247, "63": 0.014141589841711603, "21": 0.013732823099669507, "45": 0.013776308923291007, "74": 8.697164724299878e-05, "76": 0.00015654896503739782, "80": 0.0001217603061401983, "71": 0.0001217603061401983, "77": 0.00014785180031309794, "72": 0.00015654896503739782, "75": 0.00015654896503739782, "78": 0.00013915463558879804, "79": 0.00010436597669159854, "73": 0.00011306314141589841}}