{"currentPredictionRaw": [], "currentPrediction": [], "realResult": [1, 3, 10, 14, 16, 18, 19, 20, 29, 30, 33, 48, 51, 54, 56, 58, 59, 60, 61, 64], "newPrediction": [{"name": "MarkovBayesian Model", "predictions": [[1, 3, 7, 8, 10, 11, 15, 16, 17, 19, 22, 24, 26, 32, 33, 34, 37, 38, 39, 40], [8, 38, 40, 56, 70], [8, 17, 38, 40, 56, 70], [8, 17, 22, 38, 40, 56, 70], [8, 17, 22, 38, 40, 52, 56, 70], [8, 17, 22, 38, 40, 51, 52, 56, 70], [8, 17, 22, 38, 40, 51, 52, 56, 64, 70]]}, {"name": "PoissonMonteCarlo Model", "predictions": [[1, 3, 9, 11, 18, 22, 24, 25, 28, 32, 38, 39, 45, 49, 50, 56, 61, 64, 66, 70], [18, 22, 38, 49, 70], [1, 9, 32, 50, 56, 64], [3, 11, 18, 25, 50, 56, 70], [3, 11, 18, 24, 28, 56, 64, 66], [3, 9, 11, 18, 22, 24, 25, 32, 64], [1, 11, 22, 24, 25, 28, 32, 38, 39, 66]]}, {"name": "xgboost", "predictions": [[1, 6, 13, 10, 19, 29, 25, 27, 34, 28, 37, 36, 42, 50, 52, 56, 55, 63, 65, 70], [52, 3, 10, 18, 20], [52, 3, 10, 18, 20, 26], [52, 3, 10, 18, 20, 26, 34], [52, 3, 10, 18, 20, 26, 34, 36], [52, 3, 10, 18, 20, 26, 34, 36, 41], [52, 3, 10, 18, 20, 26, 34, 36, 41, 42]]}], "newPredictionRaw": [], "matchingNumbers": {"model": null, "prediction": null, "matching_numbers": [], "match_count": 0}, "labels": [1, 2, 3, 4, 5, 6, 7, 8, 9, 10, 11, 12, 13, 14, 15, 16, 17, 18, 19, 20, 21, 22, 23, 24, 25, 26, 27, 28, 29, 30, 31, 32, 33, 34, 35, 36, 37, 38, 39, 40, 41, 42, 43, 44, 45, 46, 47, 48, 49, 50, 51, 52, 53, 54, 55, 56, 57, 58, 59, 60, 61, 62, 63, 64, 65, 66, 67, 68, 69, 70, 71, 72, 73, 74, 75, 76, 77, 78, 79, 80], "numberFrequency": {"1": 0.0144, "4": 0.014043478260869565, "7": 0.014347826086956521, "11": 0.014391304347826086, "18": 0.01451304347826087, "20": 0.014130434782608696, "21": 0.013730434782608696, "24": 0.01433913043478261, "27": 0.01382608695652174, "28": 0.01451304347826087, "35": 0.014043478260869565, "37": 0.014373913043478261, "40": 0.013747826086956521, "45": 0.013773913043478261, "48": 0.014069565217391304, "54": 0.0144, "56": 0.014008695652173914, "58": 0.014217391304347826, "62": 0.0144, "63": 0.014139130434782609, "8": 0.014026086956521739, "13": 0.014391304347826086, "14": 0.01388695652173913, "15": 0.01457391304347826, "19": 0.014321739130434783, "23": 0.014452173913043478, "26": 0.014817391304347826, "32": 0.014721739130434782, "41": 0.014121739130434782, "43": 0.014121739130434782, "46": 0.014286956521739131, "59": 0.014382608695652175, "60": 0.01477391304347826, "70": 0.013947826086956522, "2": 0.014147826086956522, "3": 0.014565217391304348, "6": 0.014591304347826087, "9": 0.014252173913043478, "25": 0.014147826086956522, "30": 0.01431304347826087, "33": 0.01422608695652174, "53": 0.013773913043478261, "66": 0.014365217391304348, "69": 0.01486086956521739, "12": 0.01408695652173913, "16": 0.014382608695652175, "17": 0.014026086956521739, "31": 0.014365217391304348, "42": 0.014713043478260869, "55": 0.014460869565217391, "61": 0.014347826086956521, "65": 0.014521739130434783, "34": 0.01457391304347826, "52": 0.014156521739130434, "38": 0.013721739130434783, "50": 0.013930434782608695, "57": 0.014165217391304347, "22": 0.014078260869565217, "39": 0.0142, "67": 0.014495652173913043, "68": 0.014634782608695652, "29": 0.014121739130434782, "47": 0.014382608695652175, "51": 0.014165217391304347, "5": 0.014382608695652175, "36": 0.014008695652173914, "44": 0.014234782608695653, "64": 0.014191304347826087, "10": 0.014565217391304348, "49": 0.014304347826086956, "74": 8.695652173913044e-05, "76": 0.0001565217391304348, "80": 0.00012173913043478261, "71": 0.00012173913043478261, "77": 0.00014782608695652173, "72": 0.0001565217391304348, "75": 0.0001565217391304348, "78": 0.00013913043478260868, "79": 0.00010434782608695653, "73": 0.00011304347826086957}}