{"currentPredictionRaw": [], "currentPrediction": [{"name": "PoissonMonteCarlo Model", "predictions": [[1, 3, 7, 9, 16, 17, 21, 26, 30, 35, 38, 39, 44, 47, 53, 56, 60, 63, 68, 70], [1, 7, 16, 26, 39], [16, 17, 47, 53, 56, 60], [1, 7, 16, 26, 35, 44, 53]]}, {"name": "xgboost", "predictions": [[3, 5, 14, 7, 18, 27, 21, 29, 33, 33, 32, 40, 47, 45, 49, 57, 60, 56, 66, 68], [3, 5, 33, 49, 57], [33, 3, 5, 49, 57, 60], [33, 3, 5, 49, 57, 60, 56]]}], "realResult": [2, 8, 10, 15, 16, 17, 20, 23, 28, 31, 34, 41, 42, 43, 45, 49, 51, 55, 57, 69], "newPrediction": [{"name": "Markov Model", "predictions": [[10, 14, 21, 25, 27, 29, 32, 34, 36, 47, 48, 50, 54, 55, 61, 62, 64, 68, 70, 78], [21, 36, 54, 55, 61, 64, 68], [10, 14, 21, 29, 47, 54, 61, 68, 70], [10, 14, 27, 32, 34, 50, 54, 61, 64, 78]]}, {"name": "PoissonMonteCarlo Model", "predictions": [[1, 4, 8, 13, 17, 23, 30, 32, 34, 35, 37, 41, 47, 49, 54, 57, 59, 62, 68, 70], [1, 8, 30, 35, 37, 41, 54], [8, 17, 32, 35, 37, 47, 54, 62, 70], [4, 8, 17, 23, 30, 37, 41, 47, 57, 59]]}, {"name": "PoissonMarkov Model", "predictions": [[24, 26, 48, 60, 70, 1, 4, 6, 11, 15, 19, 30, 33, 35, 38, 45, 54, 58, 63, 68], [4, 6, 15, 19, 24, 63, 70], [4, 6, 11, 15, 19, 33, 58, 60, 68], [1, 4, 19, 24, 30, 38, 45, 48, 60, 70]]}], "newPredictionRaw": [], "matchingNumbers": {"model": "xgboost", "prediction": [3, 5, 14, 7, 18, 27, 21, 29, 33, 33, 32, 40, 47, 45, 49, 57, 60, 56, 66, 68], "matching_numbers": [49, 45, 57], "match_count": 3}, "labels": [], "numberFrequency": {"1": 0.014423243712055507, "5": 0.01437987857762359, "6": 0.014570685169124024, "8": 0.014024284475281873, "11": 0.014362532523850825, "16": 0.014388551604509974, "17": 0.01404163052905464, "26": 0.014813529921942759, "27": 0.013842150910667823, "32": 0.014735472679965307, "35": 0.014032957502168257, "37": 0.014362532523850825, "43": 0.014111014744145707, "44": 0.01422376409366869, "49": 0.014293148308759758, "52": 0.014137033824804857, "56": 0.01401561144839549, "57": 0.014163052905464006, "59": 0.014371205550737207, "66": 0.014362532523850825, "7": 0.014362532523850825, "9": 0.014258456201214223, "10": 0.014570685169124024, "15": 0.014588031222896791, "20": 0.014145706851691241, "24": 0.01432784041630529, "30": 0.01430182133564614, "31": 0.014371205550737207, "34": 0.014579358196010408, "50": 0.01391153512575889, "54": 0.01440589765828274, "58": 0.01422376409366869, "67": 0.014475281873373807, "69": 0.014865568083261059, "70": 0.013954900260190807, "2": 0.014171725932350391, "3": 0.014570685169124024, "25": 0.014145706851691241, "38": 0.013720728534258457, "39": 0.014189071986123156, "40": 0.013738074588031222, "42": 0.014726799653078925, "55": 0.014475281873373807, "62": 0.014397224631396357, "4": 0.014032957502168257, "28": 0.014518647007805724, "36": 0.013998265394622723, "41": 0.014128360797918474, "51": 0.014154379878577624, "60": 0.014787510841283607, "64": 0.01422376409366869, "12": 0.014050303555941024, "13": 0.01437987857762359, "23": 0.014492627927146574, "47": 0.014388551604509974, "48": 0.014084995663486557, "61": 0.01432784041630529, "14": 0.01388551604509974, "29": 0.014102341717259324, "53": 0.013772766695576756, "19": 0.014310494362532523, "65": 0.014509973980919341, "22": 0.014084995663486557, "33": 0.014241110147441458, "68": 0.014622723330442325, "18": 0.014527320034692108, "46": 0.014284475281873373, "63": 0.014154379878577624, "21": 0.013712055507372072, "45": 0.013790112749349524, "74": 8.673026886383348e-05, "76": 0.00015611448395490027, "80": 0.00012142237640936687, "71": 0.00012142237640936687, "77": 0.0001474414570685169, "72": 0.00015611448395490027, "75": 0.00015611448395490027, "78": 0.00013876843018213356, "79": 0.00010407632263660017, "73": 0.00011274934952298353}}